strat,desc,mean_pnl_usd,min_pnl_usd,total_pnl_usd,total_taken,stability,fold_pnl_usd,fold_wr,cfg_json
TIME_DECAY_V2,be3m tp50->19->late sl35 t20m,71.64,-38.96,286.54,128,0.75,"[90.45, -38.96, 105.41, 129.65]","[0.531, 0.125, 0.656, 0.562]","{""be_minute"": 3, ""tp_start"": 1.5, ""tp_mid"": 1.2, ""tp_late"": 1.0, ""sl_start"": 0.65, ""timeout_min"": 20}"
TIME_DECAY_V2,be3m tp50->19->late sl35 t30m,71.82,-38.24,287.26,128,0.75,"[90.45, -38.24, 105.41, 129.65]","[0.531, 0.125, 0.656, 0.562]","{""be_minute"": 3, ""tp_start"": 1.5, ""tp_mid"": 1.2, ""tp_late"": 1.0, ""sl_start"": 0.65, ""timeout_min"": 30}"
TIME_DECAY_V2,be3m tp50->19->late sl35 t45m,71.81,-38.24,287.25,128,0.75,"[90.44, -38.24, 105.41, 129.65]","[0.531, 0.125, 0.656, 0.562]","{""be_minute"": 3, ""tp_start"": 1.5, ""tp_mid"": 1.2, ""tp_late"": 1.0, ""sl_start"": 0.65, ""timeout_min"": 45}"
TIME_DECAY_V2,be3m tp50->19->late sl30 t20m,71.64,-38.96,286.54,128,0.75,"[90.45, -38.96, 105.41, 129.65]","[0.531, 0.125, 0.656, 0.562]","{""be_minute"": 3, ""tp_start"": 1.5, ""tp_mid"": 1.2, ""tp_late"": 1.0, ""sl_start"": 0.7, ""timeout_min"": 20}"
TIME_DECAY_V2,be3m tp50->19->late sl30 t30m,71.82,-38.24,287.26,128,0.75,"[90.45, -38.24, 105.41, 129.65]","[0.531, 0.125, 0.656, 0.562]","{""be_minute"": 3, ""tp_start"": 1.5, ""tp_mid"": 1.2, ""tp_late"": 1.0, ""sl_start"": 0.7, ""timeout_min"": 30}"
TIME_DECAY_V2,be3m tp50->19->late sl30 t45m,71.81,-38.24,287.25,128,0.75,"[90.44, -38.24, 105.41, 129.65]","[0.531, 0.125, 0.656, 0.562]","{""be_minute"": 3, ""tp_start"": 1.5, ""tp_mid"": 1.2, ""tp_late"": 1.0, ""sl_start"": 0.7, ""timeout_min"": 45}"
TIME_DECAY_V2,be3m tp50->19->late sl25 t20m,71.64,-38.96,286.54,128,0.75,"[90.45, -38.96, 105.41, 129.65]","[0.531, 0.125, 0.656, 0.562]","{""be_minute"": 3, ""tp_start"": 1.5, ""tp_mid"": 1.2, ""tp_late"": 1.0, ""sl_start"": 0.75, ""timeout_min"": 20}"
TIME_DECAY_V2,be3m tp50->19->late sl25 t30m,71.82,-38.24,287.26,128,0.75,"[90.45, -38.24, 105.41, 129.65]","[0.531, 0.125, 0.656, 0.562]","{""be_minute"": 3, ""tp_start"": 1.5, ""tp_mid"": 1.2, ""tp_late"": 1.0, ""sl_start"": 0.75, ""timeout_min"": 30}"
TIME_DECAY_V2,be3m tp50->19->late sl25 t45m,71.81,-38.24,287.25,128,0.75,"[90.44, -38.24, 105.41, 129.65]","[0.531, 0.125, 0.656, 0.562]","{""be_minute"": 3, ""tp_start"": 1.5, ""tp_mid"": 1.2, ""tp_late"": 1.0, ""sl_start"": 0.75, ""timeout_min"": 45}"
TIME_DECAY_V2,be3m tp50->39->late sl35 t20m,85.28,-76.68,341.13,128,0.75,"[126.17, -76.68, 121.2, 170.43]","[0.531, 0.0, 0.562, 0.562]","{""be_minute"": 3, ""tp_start"": 1.5, ""tp_mid"": 1.4, ""tp_late"": 1.0, ""sl_start"": 0.65, ""timeout_min"": 20}"
TIME_DECAY_V2,be3m tp50->39->late sl35 t30m,86.18,-75.96,344.73,128,0.75,"[126.17, -75.96, 124.08, 170.43]","[0.531, 0.0, 0.562, 0.562]","{""be_minute"": 3, ""tp_start"": 1.5, ""tp_mid"": 1.4, ""tp_late"": 1.0, ""sl_start"": 0.65, ""timeout_min"": 30}"
TIME_DECAY_V2,be3m tp50->39->late sl35 t45m,86.18,-75.96,344.72,128,0.75,"[126.17, -75.96, 124.08, 170.43]","[0.531, 0.0, 0.562, 0.562]","{""be_minute"": 3, ""tp_start"": 1.5, ""tp_mid"": 1.4, ""tp_late"": 1.0, ""sl_start"": 0.65, ""timeout_min"": 45}"
TIME_DECAY_V2,be3m tp50->39->late sl30 t20m,85.28,-76.68,341.13,128,0.75,"[126.17, -76.68, 121.2, 170.43]","[0.531, 0.0, 0.562, 0.562]","{""be_minute"": 3, ""tp_start"": 1.5, ""tp_mid"": 1.4, ""tp_late"": 1.0, ""sl_start"": 0.7, ""timeout_min"": 20}"
TIME_DECAY_V2,be3m tp50->39->late sl30 t30m,86.18,-75.96,344.73,128,0.75,"[126.17, -75.96, 124.08, 170.43]","[0.531, 0.0, 0.562, 0.562]","{""be_minute"": 3, ""tp_start"": 1.5, ""tp_mid"": 1.4, ""tp_late"": 1.0, ""sl_start"": 0.7, ""timeout_min"": 30}"
TIME_DECAY_V2,be3m tp50->39->late sl30 t45m,86.18,-75.96,344.72,128,0.75,"[126.17, -75.96, 124.08, 170.43]","[0.531, 0.0, 0.562, 0.562]","{""be_minute"": 3, ""tp_start"": 1.5, ""tp_mid"": 1.4, ""tp_late"": 1.0, ""sl_start"": 0.7, ""timeout_min"": 45}"
TIME_DECAY_V2,be3m tp50->39->late sl25 t20m,85.28,-76.68,341.13,128,0.75,"[126.17, -76.68, 121.2, 170.43]","[0.531, 0.0, 0.562, 0.562]","{""be_minute"": 3, ""tp_start"": 1.5, ""tp_mid"": 1.4, ""tp_late"": 1.0, ""sl_start"": 0.75, ""timeout_min"": 20}"
TIME_DECAY_V2,be3m tp50->39->late sl25 t30m,86.18,-75.96,344.73,128,0.75,"[126.17, -75.96, 124.08, 170.43]","[0.531, 0.0, 0.562, 0.562]","{""be_minute"": 3, ""tp_start"": 1.5, ""tp_mid"": 1.4, ""tp_late"": 1.0, ""sl_start"": 0.75, ""timeout_min"": 30}"
TIME_DECAY_V2,be3m tp50->39->late sl25 t45m,86.18,-75.96,344.72,128,0.75,"[126.17, -75.96, 124.08, 170.43]","[0.531, 0.0, 0.562, 0.562]","{""be_minute"": 3, ""tp_start"": 1.5, ""tp_mid"": 1.4, ""tp_late"": 1.0, ""sl_start"": 0.75, ""timeout_min"": 45}"
TIME_DECAY_V2,be3m tp80->19->late sl35 t20m,70.12,-38.96,280.49,128,0.75,"[84.39, -38.96, 105.41, 129.66]","[0.531, 0.125, 0.656, 0.562]","{""be_minute"": 3, ""tp_start"": 1.8, ""tp_mid"": 1.2, ""tp_late"": 1.0, ""sl_start"": 0.65, ""timeout_min"": 20}"
TIME_DECAY_V2,be3m tp80->19->late sl35 t30m,70.3,-38.24,281.21,128,0.75,"[84.39, -38.24, 105.41, 129.66]","[0.531, 0.125, 0.656, 0.562]","{""be_minute"": 3, ""tp_start"": 1.8, ""tp_mid"": 1.2, ""tp_late"": 1.0, ""sl_start"": 0.65, ""timeout_min"": 30}"
TIME_DECAY_V2,be3m tp80->19->late sl35 t45m,70.3,-38.24,281.2,128,0.75,"[84.38, -38.24, 105.41, 129.66]","[0.531, 0.125, 0.656, 0.562]","{""be_minute"": 3, ""tp_start"": 1.8, ""tp_mid"": 1.2, ""tp_late"": 1.0, ""sl_start"": 0.65, ""timeout_min"": 45}"
TIME_DECAY_V2,be3m tp80->19->late sl30 t20m,70.12,-38.96,280.49,128,0.75,"[84.39, -38.96, 105.41, 129.66]","[0.531, 0.125, 0.656, 0.562]","{""be_minute"": 3, ""tp_start"": 1.8, ""tp_mid"": 1.2, ""tp_late"": 1.0, ""sl_start"": 0.7, ""timeout_min"": 20}"
TIME_DECAY_V2,be3m tp80->19->late sl30 t30m,70.3,-38.24,281.21,128,0.75,"[84.39, -38.24, 105.41, 129.66]","[0.531, 0.125, 0.656, 0.562]","{""be_minute"": 3, ""tp_start"": 1.8, ""tp_mid"": 1.2, ""tp_late"": 1.0, ""sl_start"": 0.7, ""timeout_min"": 30}"
TIME_DECAY_V2,be3m tp80->19->late sl30 t45m,70.3,-38.24,281.2,128,0.75,"[84.38, -38.24, 105.41, 129.66]","[0.531, 0.125, 0.656, 0.562]","{""be_minute"": 3, ""tp_start"": 1.8, ""tp_mid"": 1.2, ""tp_late"": 1.0, ""sl_start"": 0.7, ""timeout_min"": 45}"
TIME_DECAY_V2,be3m tp80->19->late sl25 t20m,70.12,-38.96,280.49,128,0.75,"[84.39, -38.96, 105.41, 129.66]","[0.531, 0.125, 0.656, 0.562]","{""be_minute"": 3, ""tp_start"": 1.8, ""tp_mid"": 1.2, ""tp_late"": 1.0, ""sl_start"": 0.75, ""timeout_min"": 20}"
TIME_DECAY_V2,be3m tp80->19->late sl25 t30m,70.3,-38.24,281.21,128,0.75,"[84.39, -38.24, 105.41, 129.66]","[0.531, 0.125, 0.656, 0.562]","{""be_minute"": 3, ""tp_start"": 1.8, ""tp_mid"": 1.2, ""tp_late"": 1.0, ""sl_start"": 0.75, ""timeout_min"": 30}"
TIME_DECAY_V2,be3m tp80->19->late sl25 t45m,70.3,-38.24,281.2,128,0.75,"[84.38, -38.24, 105.41, 129.66]","[0.531, 0.125, 0.656, 0.562]","{""be_minute"": 3, ""tp_start"": 1.8, ""tp_mid"": 1.2, ""tp_late"": 1.0, ""sl_start"": 0.75, ""timeout_min"": 45}"
TIME_DECAY_V2,be3m tp80->39->late sl35 t20m,85.28,-76.68,341.13,128,0.75,"[126.17, -76.68, 121.2, 170.43]","[0.531, 0.0, 0.562, 0.562]","{""be_minute"": 3, ""tp_start"": 1.8, ""tp_mid"": 1.4, ""tp_late"": 1.0, ""sl_start"": 0.65, ""timeout_min"": 20}"
TIME_DECAY_V2,be3m tp80->39->late sl35 t30m,86.18,-75.96,344.73,128,0.75,"[126.17, -75.96, 124.08, 170.43]","[0.531, 0.0, 0.562, 0.562]","{""be_minute"": 3, ""tp_start"": 1.8, ""tp_mid"": 1.4, ""tp_late"": 1.0, ""sl_start"": 0.65, ""timeout_min"": 30}"
TIME_DECAY_V2,be3m tp80->39->late sl35 t45m,86.18,-75.96,344.72,128,0.75,"[126.17, -75.96, 124.08, 170.43]","[0.531, 0.0, 0.562, 0.562]","{""be_minute"": 3, ""tp_start"": 1.8, ""tp_mid"": 1.4, ""tp_late"": 1.0, ""sl_start"": 0.65, ""timeout_min"": 45}"
TIME_DECAY_V2,be3m tp80->39->late sl30 t20m,85.28,-76.68,341.13,128,0.75,"[126.17, -76.68, 121.2, 170.43]","[0.531, 0.0, 0.562, 0.562]","{""be_minute"": 3, ""tp_start"": 1.8, ""tp_mid"": 1.4, ""tp_late"": 1.0, ""sl_start"": 0.7, ""timeout_min"": 20}"
TIME_DECAY_V2,be3m tp80->39->late sl30 t30m,86.18,-75.96,344.73,128,0.75,"[126.17, -75.96, 124.08, 170.43]","[0.531, 0.0, 0.562, 0.562]","{""be_minute"": 3, ""tp_start"": 1.8, ""tp_mid"": 1.4, ""tp_late"": 1.0, ""sl_start"": 0.7, ""timeout_min"": 30}"
TIME_DECAY_V2,be3m tp80->39->late sl30 t45m,86.18,-75.96,344.72,128,0.75,"[126.17, -75.96, 124.08, 170.43]","[0.531, 0.0, 0.562, 0.562]","{""be_minute"": 3, ""tp_start"": 1.8, ""tp_mid"": 1.4, ""tp_late"": 1.0, ""sl_start"": 0.7, ""timeout_min"": 45}"
TIME_DECAY_V2,be3m tp80->39->late sl25 t20m,85.28,-76.68,341.13,128,0.75,"[126.17, -76.68, 121.2, 170.43]","[0.531, 0.0, 0.562, 0.562]","{""be_minute"": 3, ""tp_start"": 1.8, ""tp_mid"": 1.4, ""tp_late"": 1.0, ""sl_start"": 0.75, ""timeout_min"": 20}"
TIME_DECAY_V2,be3m tp80->39->late sl25 t30m,86.18,-75.96,344.73,128,0.75,"[126.17, -75.96, 124.08, 170.43]","[0.531, 0.0, 0.562, 0.562]","{""be_minute"": 3, ""tp_start"": 1.8, ""tp_mid"": 1.4, ""tp_late"": 1.0, ""sl_start"": 0.75, ""timeout_min"": 30}"
TIME_DECAY_V2,be3m tp80->39->late sl25 t45m,86.18,-75.96,344.72,128,0.75,"[126.17, -75.96, 124.08, 170.43]","[0.531, 0.0, 0.562, 0.562]","{""be_minute"": 3, ""tp_start"": 1.8, ""tp_mid"": 1.4, ""tp_late"": 1.0, ""sl_start"": 0.75, ""timeout_min"": 45}"
TIME_DECAY_V2,be3m tp100->19->late sl35 t20m,70.12,-38.96,280.5,128,0.75,"[84.39, -38.96, 105.41, 129.66]","[0.531, 0.125, 0.656, 0.562]","{""be_minute"": 3, ""tp_start"": 2.0, ""tp_mid"": 1.2, ""tp_late"": 1.0, ""sl_start"": 0.65, ""timeout_min"": 20}"
TIME_DECAY_V2,be3m tp100->19->late sl35 t30m,70.3,-38.24,281.22,128,0.75,"[84.39, -38.24, 105.41, 129.66]","[0.531, 0.125, 0.656, 0.562]","{""be_minute"": 3, ""tp_start"": 2.0, ""tp_mid"": 1.2, ""tp_late"": 1.0, ""sl_start"": 0.65, ""timeout_min"": 30}"
TIME_DECAY_V2,be3m tp100->19->late sl35 t45m,70.3,-38.24,281.21,128,0.75,"[84.38, -38.24, 105.41, 129.66]","[0.531, 0.125, 0.656, 0.562]","{""be_minute"": 3, ""tp_start"": 2.0, ""tp_mid"": 1.2, ""tp_late"": 1.0, ""sl_start"": 0.65, ""timeout_min"": 45}"
TIME_DECAY_V2,be3m tp100->19->late sl30 t20m,70.12,-38.96,280.5,128,0.75,"[84.39, -38.96, 105.41, 129.66]","[0.531, 0.125, 0.656, 0.562]","{""be_minute"": 3, ""tp_start"": 2.0, ""tp_mid"": 1.2, ""tp_late"": 1.0, ""sl_start"": 0.7, ""timeout_min"": 20}"
TIME_DECAY_V2,be3m tp100->19->late sl30 t30m,70.3,-38.24,281.22,128,0.75,"[84.39, -38.24, 105.41, 129.66]","[0.531, 0.125, 0.656, 0.562]","{""be_minute"": 3, ""tp_start"": 2.0, ""tp_mid"": 1.2, ""tp_late"": 1.0, ""sl_start"": 0.7, ""timeout_min"": 30}"
TIME_DECAY_V2,be3m tp100->19->late sl30 t45m,70.3,-38.24,281.21,128,0.75,"[84.38, -38.24, 105.41, 129.66]","[0.531, 0.125, 0.656, 0.562]","{""be_minute"": 3, ""tp_start"": 2.0, ""tp_mid"": 1.2, ""tp_late"": 1.0, ""sl_start"": 0.7, ""timeout_min"": 45}"
TIME_DECAY_V2,be3m tp100->19->late sl25 t20m,70.12,-38.96,280.5,128,0.75,"[84.39, -38.96, 105.41, 129.66]","[0.531, 0.125, 0.656, 0.562]","{""be_minute"": 3, ""tp_start"": 2.0, ""tp_mid"": 1.2, ""tp_late"": 1.0, ""sl_start"": 0.75, ""timeout_min"": 20}"
TIME_DECAY_V2,be3m tp100->19->late sl25 t30m,70.3,-38.24,281.22,128,0.75,"[84.39, -38.24, 105.41, 129.66]","[0.531, 0.125, 0.656, 0.562]","{""be_minute"": 3, ""tp_start"": 2.0, ""tp_mid"": 1.2, ""tp_late"": 1.0, ""sl_start"": 0.75, ""timeout_min"": 30}"
TIME_DECAY_V2,be3m tp100->19->late sl25 t45m,70.3,-38.24,281.21,128,0.75,"[84.38, -38.24, 105.41, 129.66]","[0.531, 0.125, 0.656, 0.562]","{""be_minute"": 3, ""tp_start"": 2.0, ""tp_mid"": 1.2, ""tp_late"": 1.0, ""sl_start"": 0.75, ""timeout_min"": 45}"
TIME_DECAY_V2,be3m tp100->39->late sl35 t20m,85.28,-76.68,341.13,128,0.75,"[126.17, -76.68, 121.2, 170.43]","[0.531, 0.0, 0.562, 0.562]","{""be_minute"": 3, ""tp_start"": 2.0, ""tp_mid"": 1.4, ""tp_late"": 1.0, ""sl_start"": 0.65, ""timeout_min"": 20}"
TIME_DECAY_V2,be3m tp100->39->late sl35 t30m,86.18,-75.96,344.73,128,0.75,"[126.17, -75.96, 124.08, 170.43]","[0.531, 0.0, 0.562, 0.562]","{""be_minute"": 3, ""tp_start"": 2.0, ""tp_mid"": 1.4, ""tp_late"": 1.0, ""sl_start"": 0.65, ""timeout_min"": 30}"
TIME_DECAY_V2,be3m tp100->39->late sl35 t45m,86.18,-75.96,344.72,128,0.75,"[126.17, -75.96, 124.08, 170.43]","[0.531, 0.0, 0.562, 0.562]","{""be_minute"": 3, ""tp_start"": 2.0, ""tp_mid"": 1.4, ""tp_late"": 1.0, ""sl_start"": 0.65, ""timeout_min"": 45}"
TIME_DECAY_V2,be3m tp100->39->late sl30 t20m,85.28,-76.68,341.13,128,0.75,"[126.17, -76.68, 121.2, 170.43]","[0.531, 0.0, 0.562, 0.562]","{""be_minute"": 3, ""tp_start"": 2.0, ""tp_mid"": 1.4, ""tp_late"": 1.0, ""sl_start"": 0.7, ""timeout_min"": 20}"
TIME_DECAY_V2,be3m tp100->39->late sl30 t30m,86.18,-75.96,344.73,128,0.75,"[126.17, -75.96, 124.08, 170.43]","[0.531, 0.0, 0.562, 0.562]","{""be_minute"": 3, ""tp_start"": 2.0, ""tp_mid"": 1.4, ""tp_late"": 1.0, ""sl_start"": 0.7, ""timeout_min"": 30}"
TIME_DECAY_V2,be3m tp100->39->late sl30 t45m,86.18,-75.96,344.72,128,0.75,"[126.17, -75.96, 124.08, 170.43]","[0.531, 0.0, 0.562, 0.562]","{""be_minute"": 3, ""tp_start"": 2.0, ""tp_mid"": 1.4, ""tp_late"": 1.0, ""sl_start"": 0.7, ""timeout_min"": 45}"
TIME_DECAY_V2,be3m tp100->39->late sl25 t20m,85.28,-76.68,341.13,128,0.75,"[126.17, -76.68, 121.2, 170.43]","[0.531, 0.0, 0.562, 0.562]","{""be_minute"": 3, ""tp_start"": 2.0, ""tp_mid"": 1.4, ""tp_late"": 1.0, ""sl_start"": 0.75, ""timeout_min"": 20}"
TIME_DECAY_V2,be3m tp100->39->late sl25 t30m,86.18,-75.96,344.73,128,0.75,"[126.17, -75.96, 124.08, 170.43]","[0.531, 0.0, 0.562, 0.562]","{""be_minute"": 3, ""tp_start"": 2.0, ""tp_mid"": 1.4, ""tp_late"": 1.0, ""sl_start"": 0.75, ""timeout_min"": 30}"
TIME_DECAY_V2,be3m tp100->39->late sl25 t45m,86.18,-75.96,344.72,128,0.75,"[126.17, -75.96, 124.08, 170.43]","[0.531, 0.0, 0.562, 0.562]","{""be_minute"": 3, ""tp_start"": 2.0, ""tp_mid"": 1.4, ""tp_late"": 1.0, ""sl_start"": 0.75, ""timeout_min"": 45}"
TIME_DECAY_V2,be5m tp50->19->late sl35 t20m,89.05,-48.99,356.21,128,0.75,"[123.88, -48.99, 121.24, 160.07]","[0.594, 0.094, 0.656, 0.562]","{""be_minute"": 5, ""tp_start"": 1.5, ""tp_mid"": 1.2, ""tp_late"": 1.0, ""sl_start"": 0.65, ""timeout_min"": 20}"
TIME_DECAY_V2,be5m tp50->19->late sl35 t30m,89.95,-48.27,359.8,128,0.75,"[123.88, -48.27, 124.12, 160.07]","[0.594, 0.094, 0.656, 0.562]","{""be_minute"": 5, ""tp_start"": 1.5, ""tp_mid"": 1.2, ""tp_late"": 1.0, ""sl_start"": 0.65, ""timeout_min"": 30}"
TIME_DECAY_V2,be5m tp50->19->late sl35 t45m,89.95,-48.27,359.79,128,0.75,"[123.87, -48.27, 124.12, 160.07]","[0.594, 0.094, 0.656, 0.562]","{""be_minute"": 5, ""tp_start"": 1.5, ""tp_mid"": 1.2, ""tp_late"": 1.0, ""sl_start"": 0.65, ""timeout_min"": 45}"
TIME_DECAY_V2,be5m tp50->19->late sl30 t20m,80.3,-83.99,321.21,128,0.75,"[123.88, -83.99, 121.24, 160.07]","[0.594, 0.094, 0.656, 0.562]","{""be_minute"": 5, ""tp_start"": 1.5, ""tp_mid"": 1.2, ""tp_late"": 1.0, ""sl_start"": 0.7, ""timeout_min"": 20}"
TIME_DECAY_V2,be5m tp50->19->late sl30 t30m,81.2,-83.27,324.8,128,0.75,"[123.88, -83.27, 124.12, 160.07]","[0.594, 0.094, 0.656, 0.562]","{""be_minute"": 5, ""tp_start"": 1.5, ""tp_mid"": 1.2, ""tp_late"": 1.0, ""sl_start"": 0.7, ""timeout_min"": 30}"
TIME_DECAY_V2,be5m tp50->19->late sl30 t45m,81.2,-83.27,324.79,128,0.75,"[123.87, -83.27, 124.12, 160.07]","[0.594, 0.094, 0.656, 0.562]","{""be_minute"": 5, ""tp_start"": 1.5, ""tp_mid"": 1.2, ""tp_late"": 1.0, ""sl_start"": 0.7, ""timeout_min"": 45}"
TIME_DECAY_V2,be5m tp50->19->late sl25 t20m,43.92,-139.52,175.67,128,0.75,"[33.88, -139.52, 121.24, 160.07]","[0.594, 0.094, 0.656, 0.562]","{""be_minute"": 5, ""tp_start"": 1.5, ""tp_mid"": 1.2, ""tp_late"": 1.0, ""sl_start"": 0.75, ""timeout_min"": 20}"
TIME_DECAY_V2,be5m tp50->19->late sl25 t30m,44.82,-138.8,179.26,128,0.75,"[33.88, -138.8, 124.12, 160.07]","[0.594, 0.094, 0.656, 0.562]","{""be_minute"": 5, ""tp_start"": 1.5, ""tp_mid"": 1.2, ""tp_late"": 1.0, ""sl_start"": 0.75, ""timeout_min"": 30}"
TIME_DECAY_V2,be5m tp50->19->late sl25 t45m,44.81,-138.8,179.26,128,0.75,"[33.87, -138.8, 124.12, 160.07]","[0.594, 0.094, 0.656, 0.562]","{""be_minute"": 5, ""tp_start"": 1.5, ""tp_mid"": 1.2, ""tp_late"": 1.0, ""sl_start"": 0.75, ""timeout_min"": 45}"
TIME_DECAY_V2,be5m tp50->39->late sl35 t20m,111.22,-76.68,444.89,128,0.75,"[174.81, -76.68, 160.75, 186.01]","[0.594, 0.0, 0.5, 0.562]","{""be_minute"": 5, ""tp_start"": 1.5, ""tp_mid"": 1.4, ""tp_late"": 1.0, ""sl_start"": 0.65, ""timeout_min"": 20}"
TIME_DECAY_V2,be5m tp50->39->late sl35 t30m,112.12,-75.96,448.49,128,0.75,"[174.81, -75.96, 163.62, 186.01]","[0.594, 0.0, 0.5, 0.562]","{""be_minute"": 5, ""tp_start"": 1.5, ""tp_mid"": 1.4, ""tp_late"": 1.0, ""sl_start"": 0.65, ""timeout_min"": 30}"
TIME_DECAY_V2,be5m tp50->39->late sl35 t45m,112.12,-75.96,448.48,128,0.75,"[174.8, -75.96, 163.62, 186.01]","[0.594, 0.0, 0.5, 0.562]","{""be_minute"": 5, ""tp_start"": 1.5, ""tp_mid"": 1.4, ""tp_late"": 1.0, ""sl_start"": 0.65, ""timeout_min"": 45}"
TIME_DECAY_V2,be5m tp50->39->late sl30 t20m,102.47,-111.68,409.89,128,0.75,"[174.81, -111.68, 160.75, 186.01]","[0.594, 0.0, 0.5, 0.562]","{""be_minute"": 5, ""tp_start"": 1.5, ""tp_mid"": 1.4, ""tp_late"": 1.0, ""sl_start"": 0.7, ""timeout_min"": 20}"
TIME_DECAY_V2,be5m tp50->39->late sl30 t30m,103.37,-110.96,413.49,128,0.75,"[174.81, -110.96, 163.62, 186.01]","[0.594, 0.0, 0.5, 0.562]","{""be_minute"": 5, ""tp_start"": 1.5, ""tp_mid"": 1.4, ""tp_late"": 1.0, ""sl_start"": 0.7, ""timeout_min"": 30}"
TIME_DECAY_V2,be5m tp50->39->late sl30 t45m,103.37,-110.96,413.48,128,0.75,"[174.8, -110.96, 163.62, 186.01]","[0.594, 0.0, 0.5, 0.562]","{""be_minute"": 5, ""tp_start"": 1.5, ""tp_mid"": 1.4, ""tp_late"": 1.0, ""sl_start"": 0.7, ""timeout_min"": 45}"
TIME_DECAY_V2,be5m tp50->39->late sl25 t20m,66.09,-167.21,264.36,128,0.75,"[84.81, -167.21, 160.75, 186.01]","[0.594, 0.0, 0.5, 0.562]","{""be_minute"": 5, ""tp_start"": 1.5, ""tp_mid"": 1.4, ""tp_late"": 1.0, ""sl_start"": 0.75, ""timeout_min"": 20}"
TIME_DECAY_V2,be5m tp50->39->late sl25 t30m,66.99,-166.49,267.95,128,0.75,"[84.81, -166.49, 163.62, 186.01]","[0.594, 0.0, 0.5, 0.562]","{""be_minute"": 5, ""tp_start"": 1.5, ""tp_mid"": 1.4, ""tp_late"": 1.0, ""sl_start"": 0.75, ""timeout_min"": 30}"
TIME_DECAY_V2,be5m tp50->39->late sl25 t45m,66.98,-166.49,267.94,128,0.75,"[84.8, -166.49, 163.62, 186.01]","[0.594, 0.0, 0.5, 0.562]","{""be_minute"": 5, ""tp_start"": 1.5, ""tp_mid"": 1.4, ""tp_late"": 1.0, ""sl_start"": 0.75, ""timeout_min"": 45}"
TIME_DECAY_V2,be5m tp80->19->late sl35 t20m,90.26,-48.99,361.04,128,0.75,"[129.03, -48.99, 121.24, 159.75]","[0.594, 0.094, 0.656, 0.562]","{""be_minute"": 5, ""tp_start"": 1.8, ""tp_mid"": 1.2, ""tp_late"": 1.0, ""sl_start"": 0.65, ""timeout_min"": 20}"
TIME_DECAY_V2,be5m tp80->19->late sl35 t30m,91.16,-48.27,364.63,128,0.75,"[129.03, -48.27, 124.12, 159.75]","[0.594, 0.094, 0.656, 0.562]","{""be_minute"": 5, ""tp_start"": 1.8, ""tp_mid"": 1.2, ""tp_late"": 1.0, ""sl_start"": 0.65, ""timeout_min"": 30}"
TIME_DECAY_V2,be5m tp80->19->late sl35 t45m,91.16,-48.27,364.62,128,0.75,"[129.02, -48.27, 124.12, 159.75]","[0.594, 0.094, 0.656, 0.562]","{""be_minute"": 5, ""tp_start"": 1.8, ""tp_mid"": 1.2, ""tp_late"": 1.0, ""sl_start"": 0.65, ""timeout_min"": 45}"
TIME_DECAY_V2,be5m tp80->19->late sl30 t20m,81.51,-83.99,326.04,128,0.75,"[129.03, -83.99, 121.24, 159.75]","[0.594, 0.094, 0.656, 0.562]","{""be_minute"": 5, ""tp_start"": 1.8, ""tp_mid"": 1.2, ""tp_late"": 1.0, ""sl_start"": 0.7, ""timeout_min"": 20}"
TIME_DECAY_V2,be5m tp80->19->late sl30 t30m,82.41,-83.27,329.63,128,0.75,"[129.03, -83.27, 124.12, 159.75]","[0.594, 0.094, 0.656, 0.562]","{""be_minute"": 5, ""tp_start"": 1.8, ""tp_mid"": 1.2, ""tp_late"": 1.0, ""sl_start"": 0.7, ""timeout_min"": 30}"
TIME_DECAY_V2,be5m tp80->19->late sl30 t45m,82.41,-83.27,329.62,128,0.75,"[129.02, -83.27, 124.12, 159.75]","[0.594, 0.094, 0.656, 0.562]","{""be_minute"": 5, ""tp_start"": 1.8, ""tp_mid"": 1.2, ""tp_late"": 1.0, ""sl_start"": 0.7, ""timeout_min"": 45}"
TIME_DECAY_V2,be5m tp80->19->late sl25 t20m,45.12,-139.52,180.5,128,0.75,"[39.03, -139.52, 121.24, 159.75]","[0.594, 0.094, 0.656, 0.562]","{""be_minute"": 5, ""tp_start"": 1.8, ""tp_mid"": 1.2, ""tp_late"": 1.0, ""sl_start"": 0.75, ""timeout_min"": 20}"
TIME_DECAY_V2,be5m tp80->19->late sl25 t30m,46.02,-138.8,184.09,128,0.75,"[39.03, -138.8, 124.12, 159.75]","[0.594, 0.094, 0.656, 0.562]","{""be_minute"": 5, ""tp_start"": 1.8, ""tp_mid"": 1.2, ""tp_late"": 1.0, ""sl_start"": 0.75, ""timeout_min"": 30}"
TIME_DECAY_V2,be5m tp80->19->late sl25 t45m,46.02,-138.8,184.08,128,0.75,"[39.02, -138.8, 124.12, 159.75]","[0.594, 0.094, 0.656, 0.562]","{""be_minute"": 5, ""tp_start"": 1.8, ""tp_mid"": 1.2, ""tp_late"": 1.0, ""sl_start"": 0.75, ""timeout_min"": 45}"
TIME_DECAY_V2,be5m tp80->39->late sl35 t20m,113.34,-76.68,453.37,128,0.75,"[183.28, -76.68, 160.75, 186.01]","[0.594, 0.0, 0.5, 0.562]","{""be_minute"": 5, ""tp_start"": 1.8, ""tp_mid"": 1.4, ""tp_late"": 1.0, ""sl_start"": 0.65, ""timeout_min"": 20}"
TIME_DECAY_V2,be5m tp80->39->late sl35 t30m,114.24,-75.96,456.96,128,0.75,"[183.28, -75.96, 163.62, 186.01]","[0.594, 0.0, 0.5, 0.562]","{""be_minute"": 5, ""tp_start"": 1.8, ""tp_mid"": 1.4, ""tp_late"": 1.0, ""sl_start"": 0.65, ""timeout_min"": 30}"
TIME_DECAY_V2,be5m tp80->39->late sl35 t45m,114.23,-75.96,456.95,128,0.75,"[183.27, -75.96, 163.62, 186.01]","[0.594, 0.0, 0.5, 0.562]","{""be_minute"": 5, ""tp_start"": 1.8, ""tp_mid"": 1.4, ""tp_late"": 1.0, ""sl_start"": 0.65, ""timeout_min"": 45}"
TIME_DECAY_V2,be5m tp80->39->late sl30 t20m,104.59,-111.68,418.37,128,0.75,"[183.28, -111.68, 160.75, 186.01]","[0.594, 0.0, 0.5, 0.562]","{""be_minute"": 5, ""tp_start"": 1.8, ""tp_mid"": 1.4, ""tp_late"": 1.0, ""sl_start"": 0.7, ""timeout_min"": 20}"
TIME_DECAY_V2,be5m tp80->39->late sl30 t30m,105.49,-110.96,421.96,128,0.75,"[183.28, -110.96, 163.62, 186.01]","[0.594, 0.0, 0.5, 0.562]","{""be_minute"": 5, ""tp_start"": 1.8, ""tp_mid"": 1.4, ""tp_late"": 1.0, ""sl_start"": 0.7, ""timeout_min"": 30}"
TIME_DECAY_V2,be5m tp80->39->late sl30 t45m,105.48,-110.96,421.95,128,0.75,"[183.27, -110.96, 163.62, 186.01]","[0.594, 0.0, 0.5, 0.562]","{""be_minute"": 5, ""tp_start"": 1.8, ""tp_mid"": 1.4, ""tp_late"": 1.0, ""sl_start"": 0.7, ""timeout_min"": 45}"
TIME_DECAY_V2,be5m tp80->39->late sl25 t20m,68.21,-167.21,272.83,128,0.75,"[93.28, -167.21, 160.75, 186.01]","[0.594, 0.0, 0.5, 0.562]","{""be_minute"": 5, ""tp_start"": 1.8, ""tp_mid"": 1.4, ""tp_late"": 1.0, ""sl_start"": 0.75, ""timeout_min"": 20}"
TIME_DECAY_V2,be5m tp80->39->late sl25 t30m,69.1,-166.49,276.43,128,0.75,"[93.28, -166.49, 163.62, 186.01]","[0.594, 0.0, 0.5, 0.562]","{""be_minute"": 5, ""tp_start"": 1.8, ""tp_mid"": 1.4, ""tp_late"": 1.0, ""sl_start"": 0.75, ""timeout_min"": 30}"
TIME_DECAY_V2,be5m tp80->39->late sl25 t45m,69.1,-166.49,276.42,128,0.75,"[93.27, -166.49, 163.62, 186.01]","[0.594, 0.0, 0.5, 0.562]","{""be_minute"": 5, ""tp_start"": 1.8, ""tp_mid"": 1.4, ""tp_late"": 1.0, ""sl_start"": 0.75, ""timeout_min"": 45}"
TIME_DECAY_V2,be5m tp100->19->late sl35 t20m,88.77,-48.99,355.09,128,0.75,"[134.68, -48.99, 121.24, 148.15]","[0.594, 0.094, 0.656, 0.562]","{""be_minute"": 5, ""tp_start"": 2.0, ""tp_mid"": 1.2, ""tp_late"": 1.0, ""sl_start"": 0.65, ""timeout_min"": 20}"
TIME_DECAY_V2,be5m tp100->19->late sl35 t30m,89.67,-48.27,358.68,128,0.75,"[134.68, -48.27, 124.12, 148.15]","[0.594, 0.094, 0.656, 0.562]","{""be_minute"": 5, ""tp_start"": 2.0, ""tp_mid"": 1.2, ""tp_late"": 1.0, ""sl_start"": 0.65, ""timeout_min"": 30}"
TIME_DECAY_V2,be5m tp100->19->late sl35 t45m,89.67,-48.27,358.67,128,0.75,"[134.67, -48.27, 124.12, 148.15]","[0.594, 0.094, 0.656, 0.562]","{""be_minute"": 5, ""tp_start"": 2.0, ""tp_mid"": 1.2, ""tp_late"": 1.0, ""sl_start"": 0.65, ""timeout_min"": 45}"
TIME_DECAY_V2,be5m tp100->19->late sl30 t20m,80.02,-83.99,320.09,128,0.75,"[134.68, -83.99, 121.24, 148.15]","[0.594, 0.094, 0.656, 0.562]","{""be_minute"": 5, ""tp_start"": 2.0, ""tp_mid"": 1.2, ""tp_late"": 1.0, ""sl_start"": 0.7, ""timeout_min"": 20}"
TIME_DECAY_V2,be5m tp100->19->late sl30 t30m,80.92,-83.27,323.68,128,0.75,"[134.68, -83.27, 124.12, 148.15]","[0.594, 0.094, 0.656, 0.562]","{""be_minute"": 5, ""tp_start"": 2.0, ""tp_mid"": 1.2, ""tp_late"": 1.0, ""sl_start"": 0.7, ""timeout_min"": 30}"
TIME_DECAY_V2,be5m tp100->19->late sl30 t45m,80.92,-83.27,323.67,128,0.75,"[134.67, -83.27, 124.12, 148.15]","[0.594, 0.094, 0.656, 0.562]","{""be_minute"": 5, ""tp_start"": 2.0, ""tp_mid"": 1.2, ""tp_late"": 1.0, ""sl_start"": 0.7, ""timeout_min"": 45}"
TIME_DECAY_V2,be5m tp100->19->late sl25 t20m,43.64,-139.52,174.55,128,0.75,"[44.68, -139.52, 121.24, 148.15]","[0.594, 0.094, 0.656, 0.562]","{""be_minute"": 5, ""tp_start"": 2.0, ""tp_mid"": 1.2, ""tp_late"": 1.0, ""sl_start"": 0.75, ""timeout_min"": 20}"
TIME_DECAY_V2,be5m tp100->19->late sl25 t30m,44.54,-138.8,178.14,128,0.75,"[44.68, -138.8, 124.12, 148.15]","[0.594, 0.094, 0.656, 0.562]","{""be_minute"": 5, ""tp_start"": 2.0, ""tp_mid"": 1.2, ""tp_late"": 1.0, ""sl_start"": 0.75, ""timeout_min"": 30}"
TIME_DECAY_V2,be5m tp100->19->late sl25 t45m,44.53,-138.8,178.13,128,0.75,"[44.67, -138.8, 124.12, 148.15]","[0.594, 0.094, 0.656, 0.562]","{""be_minute"": 5, ""tp_start"": 2.0, ""tp_mid"": 1.2, ""tp_late"": 1.0, ""sl_start"": 0.75, ""timeout_min"": 45}"
TIME_DECAY_V2,be5m tp100->39->late sl35 t20m,114.75,-76.68,459.02,128,0.75,"[188.93, -76.68, 160.75, 186.01]","[0.594, 0.0, 0.5, 0.562]","{""be_minute"": 5, ""tp_start"": 2.0, ""tp_mid"": 1.4, ""tp_late"": 1.0, ""sl_start"": 0.65, ""timeout_min"": 20}"
TIME_DECAY_V2,be5m tp100->39->late sl35 t30m,115.65,-75.96,462.61,128,0.75,"[188.93, -75.96, 163.62, 186.01]","[0.594, 0.0, 0.5, 0.562]","{""be_minute"": 5, ""tp_start"": 2.0, ""tp_mid"": 1.4, ""tp_late"": 1.0, ""sl_start"": 0.65, ""timeout_min"": 30}"
TIME_DECAY_V2,be5m tp100->39->late sl35 t45m,115.65,-75.96,462.6,128,0.75,"[188.92, -75.96, 163.62, 186.01]","[0.594, 0.0, 0.5, 0.562]","{""be_minute"": 5, ""tp_start"": 2.0, ""tp_mid"": 1.4, ""tp_late"": 1.0, ""sl_start"": 0.65, ""timeout_min"": 45}"
TIME_DECAY_V2,be5m tp100->39->late sl30 t20m,106.0,-111.68,424.02,128,0.75,"[188.93, -111.68, 160.75, 186.01]","[0.594, 0.0, 0.5, 0.562]","{""be_minute"": 5, ""tp_start"": 2.0, ""tp_mid"": 1.4, ""tp_late"": 1.0, ""sl_start"": 0.7, ""timeout_min"": 20}"
TIME_DECAY_V2,be5m tp100->39->late sl30 t30m,106.9,-110.96,427.61,128,0.75,"[188.93, -110.96, 163.62, 186.01]","[0.594, 0.0, 0.5, 0.562]","{""be_minute"": 5, ""tp_start"": 2.0, ""tp_mid"": 1.4, ""tp_late"": 1.0, ""sl_start"": 0.7, ""timeout_min"": 30}"
TIME_DECAY_V2,be5m tp100->39->late sl30 t45m,106.9,-110.96,427.6,128,0.75,"[188.92, -110.96, 163.62, 186.01]","[0.594, 0.0, 0.5, 0.562]","{""be_minute"": 5, ""tp_start"": 2.0, ""tp_mid"": 1.4, ""tp_late"": 1.0, ""sl_start"": 0.7, ""timeout_min"": 45}"
TIME_DECAY_V2,be5m tp100->39->late sl25 t20m,69.62,-167.21,278.48,128,0.75,"[98.93, -167.21, 160.75, 186.01]","[0.594, 0.0, 0.5, 0.562]","{""be_minute"": 5, ""tp_start"": 2.0, ""tp_mid"": 1.4, ""tp_late"": 1.0, ""sl_start"": 0.75, ""timeout_min"": 20}"
TIME_DECAY_V2,be5m tp100->39->late sl25 t30m,70.52,-166.49,282.08,128,0.75,"[98.93, -166.49, 163.62, 186.01]","[0.594, 0.0, 0.5, 0.562]","{""be_minute"": 5, ""tp_start"": 2.0, ""tp_mid"": 1.4, ""tp_late"": 1.0, ""sl_start"": 0.75, ""timeout_min"": 30}"
TIME_DECAY_V2,be5m tp100->39->late sl25 t45m,70.52,-166.49,282.07,128,0.75,"[98.92, -166.49, 163.62, 186.01]","[0.594, 0.0, 0.5, 0.562]","{""be_minute"": 5, ""tp_start"": 2.0, ""tp_mid"": 1.4, ""tp_late"": 1.0, ""sl_start"": 0.75, ""timeout_min"": 45}"
TIME_DECAY_V2,be7m tp50->19->late sl35 t20m,34.43,-197.39,137.72,128,0.75,"[36.84, -197.39, 134.25, 164.02]","[0.594, 0.0, 0.594, 0.562]","{""be_minute"": 7, ""tp_start"": 1.5, ""tp_mid"": 1.2, ""tp_late"": 1.0, ""sl_start"": 0.65, ""timeout_min"": 20}"
TIME_DECAY_V2,be7m tp50->19->late sl35 t30m,35.33,-196.67,141.32,128,0.75,"[36.84, -196.67, 137.13, 164.02]","[0.594, 0.0, 0.594, 0.562]","{""be_minute"": 7, ""tp_start"": 1.5, ""tp_mid"": 1.2, ""tp_late"": 1.0, ""sl_start"": 0.65, ""timeout_min"": 30}"
TIME_DECAY_V2,be7m tp50->19->late sl35 t45m,35.33,-196.67,141.31,128,0.75,"[36.83, -196.67, 137.13, 164.02]","[0.594, 0.0, 0.594, 0.562]","{""be_minute"": 7, ""tp_start"": 1.5, ""tp_mid"": 1.2, ""tp_late"": 1.0, ""sl_start"": 0.65, ""timeout_min"": 45}"
TIME_DECAY_V2,be7m tp50->19->late sl30 t20m,41.33,-182.3,165.31,128,0.75,"[49.34, -182.3, 134.25, 164.02]","[0.594, 0.0, 0.594, 0.562]","{""be_minute"": 7, ""tp_start"": 1.5, ""tp_mid"": 1.2, ""tp_late"": 1.0, ""sl_start"": 0.7, ""timeout_min"": 20}"
TIME_DECAY_V2,be7m tp50->19->late sl30 t30m,42.23,-181.58,168.91,128,0.75,"[49.34, -181.58, 137.13, 164.02]","[0.594, 0.0, 0.594, 0.562]","{""be_minute"": 7, ""tp_start"": 1.5, ""tp_mid"": 1.2, ""tp_late"": 1.0, ""sl_start"": 0.7, ""timeout_min"": 30}"
TIME_DECAY_V2,be7m tp50->19->late sl30 t45m,42.22,-181.58,168.9,128,0.75,"[49.33, -181.58, 137.13, 164.02]","[0.594, 0.0, 0.594, 0.562]","{""be_minute"": 7, ""tp_start"": 1.5, ""tp_mid"": 1.2, ""tp_late"": 1.0, ""sl_start"": 0.7, ""timeout_min"": 45}"
TIME_DECAY_V2,be7m tp50->19->late sl25 t20m,44.48,-167.21,177.9,128,0.75,"[46.84, -167.21, 134.25, 164.02]","[0.594, 0.0, 0.594, 0.562]","{""be_minute"": 7, ""tp_start"": 1.5, ""tp_mid"": 1.2, ""tp_late"": 1.0, ""sl_start"": 0.75, ""timeout_min"": 20}"
TIME_DECAY_V2,be7m tp50->19->late sl25 t30m,45.38,-166.49,181.5,128,0.75,"[46.84, -166.49, 137.13, 164.02]","[0.594, 0.0, 0.594, 0.562]","{""be_minute"": 7, ""tp_start"": 1.5, ""tp_mid"": 1.2, ""tp_late"": 1.0, ""sl_start"": 0.75, ""timeout_min"": 30}"
TIME_DECAY_V2,be7m tp50->19->late sl25 t45m,45.37,-166.49,181.49,128,0.75,"[46.83, -166.49, 137.13, 164.02]","[0.594, 0.0, 0.594, 0.562]","{""be_minute"": 7, ""tp_start"": 1.5, ""tp_mid"": 1.2, ""tp_late"": 1.0, ""sl_start"": 0.75, ""timeout_min"": 45}"
TIME_DECAY_V2,be7m tp50->39->late sl35 t20m,32.19,-197.39,128.74,128,0.75,"[97.42, -197.39, 51.02, 177.69]","[0.594, 0.0, 0.438, 0.562]","{""be_minute"": 7, ""tp_start"": 1.5, ""tp_mid"": 1.4, ""tp_late"": 1.0, ""sl_start"": 0.65, ""timeout_min"": 20}"
TIME_DECAY_V2,be7m tp50->39->late sl35 t30m,33.15,-196.67,132.59,128,0.75,"[97.42, -196.67, 54.15, 177.69]","[0.594, 0.0, 0.438, 0.562]","{""be_minute"": 7, ""tp_start"": 1.5, ""tp_mid"": 1.4, ""tp_late"": 1.0, ""sl_start"": 0.65, ""timeout_min"": 30}"
TIME_DECAY_V2,be7m tp50->39->late sl35 t45m,33.15,-196.67,132.58,128,0.75,"[97.41, -196.67, 54.15, 177.69]","[0.594, 0.0, 0.438, 0.562]","{""be_minute"": 7, ""tp_start"": 1.5, ""tp_mid"": 1.4, ""tp_late"": 1.0, ""sl_start"": 0.65, ""timeout_min"": 45}"
TIME_DECAY_V2,be7m tp50->39->late sl30 t20m,39.08,-182.3,156.33,128,0.75,"[109.92, -182.3, 51.02, 177.69]","[0.594, 0.0, 0.438, 0.562]","{""be_minute"": 7, ""tp_start"": 1.5, ""tp_mid"": 1.4, ""tp_late"": 1.0, ""sl_start"": 0.7, ""timeout_min"": 20}"
TIME_DECAY_V2,be7m tp50->39->late sl30 t30m,40.04,-181.58,160.18,128,0.75,"[109.92, -181.58, 54.15, 177.69]","[0.594, 0.0, 0.438, 0.562]","{""be_minute"": 7, ""tp_start"": 1.5, ""tp_mid"": 1.4, ""tp_late"": 1.0, ""sl_start"": 0.7, ""timeout_min"": 30}"
TIME_DECAY_V2,be7m tp50->39->late sl30 t45m,40.04,-181.58,160.17,128,0.75,"[109.91, -181.58, 54.15, 177.69]","[0.594, 0.0, 0.438, 0.562]","{""be_minute"": 7, ""tp_start"": 1.5, ""tp_mid"": 1.4, ""tp_late"": 1.0, ""sl_start"": 0.7, ""timeout_min"": 45}"
TIME_DECAY_V2,be7m tp50->39->late sl25 t20m,42.23,-167.21,168.92,128,0.75,"[107.42, -167.21, 51.02, 177.69]","[0.594, 0.0, 0.438, 0.562]","{""be_minute"": 7, ""tp_start"": 1.5, ""tp_mid"": 1.4, ""tp_late"": 1.0, ""sl_start"": 0.75, ""timeout_min"": 20}"
TIME_DECAY_V2,be7m tp50->39->late sl25 t30m,43.19,-166.49,172.77,128,0.75,"[107.42, -166.49, 54.15, 177.69]","[0.594, 0.0, 0.438, 0.562]","{""be_minute"": 7, ""tp_start"": 1.5, ""tp_mid"": 1.4, ""tp_late"": 1.0, ""sl_start"": 0.75, ""timeout_min"": 30}"
TIME_DECAY_V2,be7m tp50->39->late sl25 t45m,43.19,-166.49,172.76,128,0.75,"[107.41, -166.49, 54.15, 177.69]","[0.594, 0.0, 0.438, 0.562]","{""be_minute"": 7, ""tp_start"": 1.5, ""tp_mid"": 1.4, ""tp_late"": 1.0, ""sl_start"": 0.75, ""timeout_min"": 45}"
TIME_DECAY_V2,be7m tp80->19->late sl35 t20m,37.5,-197.39,150.01,128,0.75,"[50.28, -197.39, 134.25, 162.86]","[0.594, 0.0, 0.594, 0.562]","{""be_minute"": 7, ""tp_start"": 1.8, ""tp_mid"": 1.2, ""tp_late"": 1.0, ""sl_start"": 0.65, ""timeout_min"": 20}"
TIME_DECAY_V2,be7m tp80->19->late sl35 t30m,38.4,-196.67,153.6,128,0.75,"[50.28, -196.67, 137.13, 162.86]","[0.594, 0.0, 0.594, 0.562]","{""be_minute"": 7, ""tp_start"": 1.8, ""tp_mid"": 1.2, ""tp_late"": 1.0, ""sl_start"": 0.65, ""timeout_min"": 30}"
TIME_DECAY_V2,be7m tp80->19->late sl35 t45m,38.4,-196.67,153.59,128,0.75,"[50.27, -196.67, 137.13, 162.86]","[0.594, 0.0, 0.594, 0.562]","{""be_minute"": 7, ""tp_start"": 1.8, ""tp_mid"": 1.2, ""tp_late"": 1.0, ""sl_start"": 0.65, ""timeout_min"": 45}"
TIME_DECAY_V2,be7m tp80->19->late sl30 t20m,44.4,-182.3,177.6,128,0.75,"[62.78, -182.3, 134.25, 162.86]","[0.594, 0.0, 0.594, 0.562]","{""be_minute"": 7, ""tp_start"": 1.8, ""tp_mid"": 1.2, ""tp_late"": 1.0, ""sl_start"": 0.7, ""timeout_min"": 20}"
TIME_DECAY_V2,be7m tp80->19->late sl30 t30m,45.3,-181.58,181.19,128,0.75,"[62.78, -181.58, 137.13, 162.86]","[0.594, 0.0, 0.594, 0.562]","{""be_minute"": 7, ""tp_start"": 1.8, ""tp_mid"": 1.2, ""tp_late"": 1.0, ""sl_start"": 0.7, ""timeout_min"": 30}"
TIME_DECAY_V2,be7m tp80->19->late sl30 t45m,45.3,-181.58,181.18,128,0.75,"[62.77, -181.58, 137.13, 162.86]","[0.594, 0.0, 0.594, 0.562]","{""be_minute"": 7, ""tp_start"": 1.8, ""tp_mid"": 1.2, ""tp_late"": 1.0, ""sl_start"": 0.7, ""timeout_min"": 45}"
TIME_DECAY_V2,be7m tp80->19->late sl25 t20m,47.55,-167.21,190.19,128,0.75,"[60.28, -167.21, 134.25, 162.86]","[0.594, 0.0, 0.594, 0.562]","{""be_minute"": 7, ""tp_start"": 1.8, ""tp_mid"": 1.2, ""tp_late"": 1.0, ""sl_start"": 0.75, ""timeout_min"": 20}"
TIME_DECAY_V2,be7m tp80->19->late sl25 t30m,48.45,-166.49,193.78,128,0.75,"[60.28, -166.49, 137.13, 162.86]","[0.594, 0.0, 0.594, 0.562]","{""be_minute"": 7, ""tp_start"": 1.8, ""tp_mid"": 1.2, ""tp_late"": 1.0, ""sl_start"": 0.75, ""timeout_min"": 30}"
TIME_DECAY_V2,be7m tp80->19->late sl25 t45m,48.44,-166.49,193.77,128,0.75,"[60.27, -166.49, 137.13, 162.86]","[0.594, 0.0, 0.594, 0.562]","{""be_minute"": 7, ""tp_start"": 1.8, ""tp_mid"": 1.2, ""tp_late"": 1.0, ""sl_start"": 0.75, ""timeout_min"": 45}"
TIME_DECAY_V2,be7m tp80->39->late sl35 t20m,35.84,-197.39,143.37,128,0.75,"[112.05, -197.39, 51.02, 177.69]","[0.594, 0.0, 0.438, 0.562]","{""be_minute"": 7, ""tp_start"": 1.8, ""tp_mid"": 1.4, ""tp_late"": 1.0, ""sl_start"": 0.65, ""timeout_min"": 20}"
TIME_DECAY_V2,be7m tp80->39->late sl35 t30m,36.8,-196.67,147.22,128,0.75,"[112.05, -196.67, 54.15, 177.69]","[0.594, 0.0, 0.438, 0.562]","{""be_minute"": 7, ""tp_start"": 1.8, ""tp_mid"": 1.4, ""tp_late"": 1.0, ""sl_start"": 0.65, ""timeout_min"": 30}"
TIME_DECAY_V2,be7m tp80->39->late sl35 t45m,36.8,-196.67,147.21,128,0.75,"[112.04, -196.67, 54.15, 177.69]","[0.594, 0.0, 0.438, 0.562]","{""be_minute"": 7, ""tp_start"": 1.8, ""tp_mid"": 1.4, ""tp_late"": 1.0, ""sl_start"": 0.65, ""timeout_min"": 45}"
TIME_DECAY_V2,be7m tp80->39->late sl30 t20m,42.74,-182.3,170.96,128,0.75,"[124.55, -182.3, 51.02, 177.69]","[0.594, 0.0, 0.438, 0.562]","{""be_minute"": 7, ""tp_start"": 1.8, ""tp_mid"": 1.4, ""tp_late"": 1.0, ""sl_start"": 0.7, ""timeout_min"": 20}"
TIME_DECAY_V2,be7m tp80->39->late sl30 t30m,43.7,-181.58,174.81,128,0.75,"[124.55, -181.58, 54.15, 177.69]","[0.594, 0.0, 0.438, 0.562]","{""be_minute"": 7, ""tp_start"": 1.8, ""tp_mid"": 1.4, ""tp_late"": 1.0, ""sl_start"": 0.7, ""timeout_min"": 30}"
TIME_DECAY_V2,be7m tp80->39->late sl30 t45m,43.7,-181.58,174.8,128,0.75,"[124.54, -181.58, 54.15, 177.69]","[0.594, 0.0, 0.438, 0.562]","{""be_minute"": 7, ""tp_start"": 1.8, ""tp_mid"": 1.4, ""tp_late"": 1.0, ""sl_start"": 0.7, ""timeout_min"": 45}"
TIME_DECAY_V2,be7m tp80->39->late sl25 t20m,45.89,-167.21,183.55,128,0.75,"[122.05, -167.21, 51.02, 177.69]","[0.594, 0.0, 0.438, 0.562]","{""be_minute"": 7, ""tp_start"": 1.8, ""tp_mid"": 1.4, ""tp_late"": 1.0, ""sl_start"": 0.75, ""timeout_min"": 20}"
TIME_DECAY_V2,be7m tp80->39->late sl25 t30m,46.85,-166.49,187.4,128,0.75,"[122.05, -166.49, 54.15, 177.69]","[0.594, 0.0, 0.438, 0.562]","{""be_minute"": 7, ""tp_start"": 1.8, ""tp_mid"": 1.4, ""tp_late"": 1.0, ""sl_start"": 0.75, ""timeout_min"": 30}"
TIME_DECAY_V2,be7m tp80->39->late sl25 t45m,46.85,-166.49,187.39,128,0.75,"[122.04, -166.49, 54.15, 177.69]","[0.594, 0.0, 0.438, 0.562]","{""be_minute"": 7, ""tp_start"": 1.8, ""tp_mid"": 1.4, ""tp_late"": 1.0, ""sl_start"": 0.75, ""timeout_min"": 45}"
TIME_DECAY_V2,be7m tp100->19->late sl35 t20m,37.18,-197.39,148.73,128,0.75,"[60.03, -197.39, 134.25, 151.84]","[0.594, 0.0, 0.594, 0.562]","{""be_minute"": 7, ""tp_start"": 2.0, ""tp_mid"": 1.2, ""tp_late"": 1.0, ""sl_start"": 0.65, ""timeout_min"": 20}"
TIME_DECAY_V2,be7m tp100->19->late sl35 t30m,38.08,-196.67,152.33,128,0.75,"[60.03, -196.67, 137.13, 151.84]","[0.594, 0.0, 0.594, 0.562]","{""be_minute"": 7, ""tp_start"": 2.0, ""tp_mid"": 1.2, ""tp_late"": 1.0, ""sl_start"": 0.65, ""timeout_min"": 30}"
TIME_DECAY_V2,be7m tp100->19->late sl35 t45m,38.08,-196.67,152.32,128,0.75,"[60.02, -196.67, 137.13, 151.84]","[0.594, 0.0, 0.594, 0.562]","{""be_minute"": 7, ""tp_start"": 2.0, ""tp_mid"": 1.2, ""tp_late"": 1.0, ""sl_start"": 0.65, ""timeout_min"": 45}"
TIME_DECAY_V2,be7m tp100->19->late sl30 t20m,44.08,-182.3,176.32,128,0.75,"[72.53, -182.3, 134.25, 151.84]","[0.594, 0.0, 0.594, 0.562]","{""be_minute"": 7, ""tp_start"": 2.0, ""tp_mid"": 1.2, ""tp_late"": 1.0, ""sl_start"": 0.7, ""timeout_min"": 20}"
TIME_DECAY_V2,be7m tp100->19->late sl30 t30m,44.98,-181.58,179.92,128,0.75,"[72.53, -181.58, 137.13, 151.84]","[0.594, 0.0, 0.594, 0.562]","{""be_minute"": 7, ""tp_start"": 2.0, ""tp_mid"": 1.2, ""tp_late"": 1.0, ""sl_start"": 0.7, ""timeout_min"": 30}"
TIME_DECAY_V2,be7m tp100->19->late sl30 t45m,44.98,-181.58,179.91,128,0.75,"[72.52, -181.58, 137.13, 151.84]","[0.594, 0.0, 0.594, 0.562]","{""be_minute"": 7, ""tp_start"": 2.0, ""tp_mid"": 1.2, ""tp_late"": 1.0, ""sl_start"": 0.7, ""timeout_min"": 45}"
TIME_DECAY_V2,be7m tp100->19->late sl25 t20m,47.23,-167.21,188.91,128,0.75,"[70.03, -167.21, 134.25, 151.84]","[0.594, 0.0, 0.594, 0.562]","{""be_minute"": 7, ""tp_start"": 2.0, ""tp_mid"": 1.2, ""tp_late"": 1.0, ""sl_start"": 0.75, ""timeout_min"": 20}"
TIME_DECAY_V2,be7m tp100->19->late sl25 t30m,48.13,-166.49,192.51,128,0.75,"[70.03, -166.49, 137.13, 151.84]","[0.594, 0.0, 0.594, 0.562]","{""be_minute"": 7, ""tp_start"": 2.0, ""tp_mid"": 1.2, ""tp_late"": 1.0, ""sl_start"": 0.75, ""timeout_min"": 30}"
TIME_DECAY_V2,be7m tp100->19->late sl25 t45m,48.12,-166.49,192.5,128,0.75,"[70.02, -166.49, 137.13, 151.84]","[0.594, 0.0, 0.594, 0.562]","{""be_minute"": 7, ""tp_start"": 2.0, ""tp_mid"": 1.2, ""tp_late"": 1.0, ""sl_start"": 0.75, ""timeout_min"": 45}"
TIME_DECAY_V2,be7m tp100->39->late sl35 t20m,38.28,-197.39,153.12,128,0.75,"[121.8, -197.39, 51.02, 177.69]","[0.594, 0.0, 0.438, 0.562]","{""be_minute"": 7, ""tp_start"": 2.0, ""tp_mid"": 1.4, ""tp_late"": 1.0, ""sl_start"": 0.65, ""timeout_min"": 20}"
TIME_DECAY_V2,be7m tp100->39->late sl35 t30m,39.24,-196.67,156.97,128,0.75,"[121.8, -196.67, 54.15, 177.69]","[0.594, 0.0, 0.438, 0.562]","{""be_minute"": 7, ""tp_start"": 2.0, ""tp_mid"": 1.4, ""tp_late"": 1.0, ""sl_start"": 0.65, ""timeout_min"": 30}"
TIME_DECAY_V2,be7m tp100->39->late sl35 t45m,39.24,-196.67,156.96,128,0.75,"[121.79, -196.67, 54.15, 177.69]","[0.594, 0.0, 0.438, 0.562]","{""be_minute"": 7, ""tp_start"": 2.0, ""tp_mid"": 1.4, ""tp_late"": 1.0, ""sl_start"": 0.65, ""timeout_min"": 45}"
TIME_DECAY_V2,be7m tp100->39->late sl30 t20m,45.18,-182.3,180.71,128,0.75,"[134.3, -182.3, 51.02, 177.69]","[0.594, 0.0, 0.438, 0.562]","{""be_minute"": 7, ""tp_start"": 2.0, ""tp_mid"": 1.4, ""tp_late"": 1.0, ""sl_start"": 0.7, ""timeout_min"": 20}"
TIME_DECAY_V2,be7m tp100->39->late sl30 t30m,46.14,-181.58,184.56,128,0.75,"[134.3, -181.58, 54.15, 177.69]","[0.594, 0.0, 0.438, 0.562]","{""be_minute"": 7, ""tp_start"": 2.0, ""tp_mid"": 1.4, ""tp_late"": 1.0, ""sl_start"": 0.7, ""timeout_min"": 30}"
TIME_DECAY_V2,be7m tp100->39->late sl30 t45m,46.14,-181.58,184.55,128,0.75,"[134.29, -181.58, 54.15, 177.69]","[0.594, 0.0, 0.438, 0.562]","{""be_minute"": 7, ""tp_start"": 2.0, ""tp_mid"": 1.4, ""tp_late"": 1.0, ""sl_start"": 0.7, ""timeout_min"": 45}"
TIME_DECAY_V2,be7m tp100->39->late sl25 t20m,48.33,-167.21,193.3,128,0.75,"[131.8, -167.21, 51.02, 177.69]","[0.594, 0.0, 0.438, 0.562]","{""be_minute"": 7, ""tp_start"": 2.0, ""tp_mid"": 1.4, ""tp_late"": 1.0, ""sl_start"": 0.75, ""timeout_min"": 20}"
TIME_DECAY_V2,be7m tp100->39->late sl25 t30m,49.29,-166.49,197.15,128,0.75,"[131.8, -166.49, 54.15, 177.69]","[0.594, 0.0, 0.438, 0.562]","{""be_minute"": 7, ""tp_start"": 2.0, ""tp_mid"": 1.4, ""tp_late"": 1.0, ""sl_start"": 0.75, ""timeout_min"": 30}"
TIME_DECAY_V2,be7m tp100->39->late sl25 t45m,49.28,-166.49,197.14,128,0.75,"[131.79, -166.49, 54.15, 177.69]","[0.594, 0.0, 0.438, 0.562]","{""be_minute"": 7, ""tp_start"": 2.0, ""tp_mid"": 1.4, ""tp_late"": 1.0, ""sl_start"": 0.75, ""timeout_min"": 45}"
TIME_DECAY_V2,be10m tp50->19->late sl35 t20m,40.09,-196.39,160.35,128,0.75,"[5.28, -196.39, 160.29, 191.17]","[0.594, 0.0, 0.531, 0.625]","{""be_minute"": 10, ""tp_start"": 1.5, ""tp_mid"": 1.2, ""tp_late"": 1.0, ""sl_start"": 0.65, ""timeout_min"": 20}"
TIME_DECAY_V2,be10m tp50->19->late sl35 t30m,41.64,-195.67,166.57,128,0.75,"[5.28, -195.67, 165.79, 191.17]","[0.594, 0.0, 0.531, 0.625]","{""be_minute"": 10, ""tp_start"": 1.5, ""tp_mid"": 1.2, ""tp_late"": 1.0, ""sl_start"": 0.65, ""timeout_min"": 30}"
TIME_DECAY_V2,be10m tp50->19->late sl35 t45m,41.64,-195.67,166.56,128,0.75,"[5.27, -195.67, 165.79, 191.17]","[0.594, 0.0, 0.531, 0.625]","{""be_minute"": 10, ""tp_start"": 1.5, ""tp_mid"": 1.2, ""tp_late"": 1.0, ""sl_start"": 0.65, ""timeout_min"": 45}"
TIME_DECAY_V2,be10m tp50->19->late sl30 t20m,47.61,-181.3,190.44,128,0.75,"[20.28, -181.3, 160.29, 191.17]","[0.594, 0.0, 0.531, 0.625]","{""be_minute"": 10, ""tp_start"": 1.5, ""tp_mid"": 1.2, ""tp_late"": 1.0, ""sl_start"": 0.7, ""timeout_min"": 20}"
TIME_DECAY_V2,be10m tp50->19->late sl30 t30m,49.16,-180.58,196.66,128,0.75,"[20.28, -180.58, 165.79, 191.17]","[0.594, 0.0, 0.531, 0.625]","{""be_minute"": 10, ""tp_start"": 1.5, ""tp_mid"": 1.2, ""tp_late"": 1.0, ""sl_start"": 0.7, ""timeout_min"": 30}"
TIME_DECAY_V2,be10m tp50->19->late sl30 t45m,49.16,-180.58,196.65,128,0.75,"[20.27, -180.58, 165.79, 191.17]","[0.594, 0.0, 0.531, 0.625]","{""be_minute"": 10, ""tp_start"": 1.5, ""tp_mid"": 1.2, ""tp_late"": 1.0, ""sl_start"": 0.7, ""timeout_min"": 45}"
TIME_DECAY_V2,be10m tp50->19->late sl25 t20m,55.13,-166.21,220.53,128,0.75,"[35.28, -166.21, 160.29, 191.17]","[0.594, 0.0, 0.531, 0.625]","{""be_minute"": 10, ""tp_start"": 1.5, ""tp_mid"": 1.2, ""tp_late"": 1.0, ""sl_start"": 0.75, ""timeout_min"": 20}"
TIME_DECAY_V2,be10m tp50->19->late sl25 t30m,56.69,-165.49,226.75,128,0.75,"[35.28, -165.49, 165.79, 191.17]","[0.594, 0.0, 0.531, 0.625]","{""be_minute"": 10, ""tp_start"": 1.5, ""tp_mid"": 1.2, ""tp_late"": 1.0, ""sl_start"": 0.75, ""timeout_min"": 30}"
TIME_DECAY_V2,be10m tp50->19->late sl25 t45m,56.68,-165.49,226.74,128,0.75,"[35.27, -165.49, 165.79, 191.17]","[0.594, 0.0, 0.531, 0.625]","{""be_minute"": 10, ""tp_start"": 1.5, ""tp_mid"": 1.2, ""tp_late"": 1.0, ""sl_start"": 0.75, ""timeout_min"": 45}"
TIME_DECAY_V2,be10m tp50->39->late sl35 t20m,27.41,-196.39,109.64,128,0.75,"[57.31, -196.39, 17.13, 231.59]","[0.594, 0.0, 0.156, 0.625]","{""be_minute"": 10, ""tp_start"": 1.5, ""tp_mid"": 1.4, ""tp_late"": 1.0, ""sl_start"": 0.65, ""timeout_min"": 20}"
TIME_DECAY_V2,be10m tp50->39->late sl35 t30m,30.86,-195.67,123.43,128,0.75,"[57.31, -195.67, 29.8, 231.99]","[0.594, 0.0, 0.156, 0.625]","{""be_minute"": 10, ""tp_start"": 1.5, ""tp_mid"": 1.4, ""tp_late"": 1.0, ""sl_start"": 0.65, ""timeout_min"": 30}"
TIME_DECAY_V2,be10m tp50->39->late sl35 t45m,30.86,-195.67,123.42,128,0.75,"[57.3, -195.67, 29.8, 231.99]","[0.594, 0.0, 0.156, 0.625]","{""be_minute"": 10, ""tp_start"": 1.5, ""tp_mid"": 1.4, ""tp_late"": 1.0, ""sl_start"": 0.65, ""timeout_min"": 45}"
TIME_DECAY_V2,be10m tp50->39->late sl30 t20m,34.93,-181.3,139.73,128,0.75,"[72.31, -181.3, 17.13, 231.59]","[0.594, 0.0, 0.156, 0.625]","{""be_minute"": 10, ""tp_start"": 1.5, ""tp_mid"": 1.4, ""tp_late"": 1.0, ""sl_start"": 0.7, ""timeout_min"": 20}"
TIME_DECAY_V2,be10m tp50->39->late sl30 t30m,38.38,-180.58,153.52,128,0.75,"[72.31, -180.58, 29.8, 231.99]","[0.594, 0.0, 0.156, 0.625]","{""be_minute"": 10, ""tp_start"": 1.5, ""tp_mid"": 1.4, ""tp_late"": 1.0, ""sl_start"": 0.7, ""timeout_min"": 30}"
TIME_DECAY_V2,be10m tp50->39->late sl30 t45m,38.38,-180.58,153.51,128,0.75,"[72.3, -180.58, 29.8, 231.99]","[0.594, 0.0, 0.156, 0.625]","{""be_minute"": 10, ""tp_start"": 1.5, ""tp_mid"": 1.4, ""tp_late"": 1.0, ""sl_start"": 0.7, ""timeout_min"": 45}"
TIME_DECAY_V2,be10m tp50->39->late sl25 t20m,42.45,-166.21,169.81,128,0.75,"[87.31, -166.21, 17.13, 231.59]","[0.594, 0.0, 0.156, 0.625]","{""be_minute"": 10, ""tp_start"": 1.5, ""tp_mid"": 1.4, ""tp_late"": 1.0, ""sl_start"": 0.75, ""timeout_min"": 20}"
TIME_DECAY_V2,be10m tp50->39->late sl25 t30m,45.9,-165.49,183.61,128,0.75,"[87.31, -165.49, 29.8, 231.99]","[0.594, 0.0, 0.156, 0.625]","{""be_minute"": 10, ""tp_start"": 1.5, ""tp_mid"": 1.4, ""tp_late"": 1.0, ""sl_start"": 0.75, ""timeout_min"": 30}"
TIME_DECAY_V2,be10m tp50->39->late sl25 t45m,45.9,-165.49,183.6,128,0.75,"[87.3, -165.49, 29.8, 231.99]","[0.594, 0.0, 0.156, 0.625]","{""be_minute"": 10, ""tp_start"": 1.5, ""tp_mid"": 1.4, ""tp_late"": 1.0, ""sl_start"": 0.75, ""timeout_min"": 45}"
TIME_DECAY_V2,be10m tp80->19->late sl35 t20m,38.33,-196.39,153.3,128,0.75,"[35.82, -196.39, 105.19, 208.69]","[0.594, 0.0, 0.438, 0.625]","{""be_minute"": 10, ""tp_start"": 1.8, ""tp_mid"": 1.2, ""tp_late"": 1.0, ""sl_start"": 0.65, ""timeout_min"": 20}"
TIME_DECAY_V2,be10m tp80->19->late sl35 t30m,41.68,-195.67,166.7,128,0.75,"[35.82, -195.67, 117.86, 208.69]","[0.594, 0.0, 0.438, 0.625]","{""be_minute"": 10, ""tp_start"": 1.8, ""tp_mid"": 1.2, ""tp_late"": 1.0, ""sl_start"": 0.65, ""timeout_min"": 30}"
TIME_DECAY_V2,be10m tp80->19->late sl35 t45m,41.67,-195.67,166.69,128,0.75,"[35.81, -195.67, 117.86, 208.69]","[0.594, 0.0, 0.438, 0.625]","{""be_minute"": 10, ""tp_start"": 1.8, ""tp_mid"": 1.2, ""tp_late"": 1.0, ""sl_start"": 0.65, ""timeout_min"": 45}"
TIME_DECAY_V2,be10m tp80->19->late sl30 t20m,45.85,-181.3,183.39,128,0.75,"[50.82, -181.3, 105.19, 208.69]","[0.594, 0.0, 0.438, 0.625]","{""be_minute"": 10, ""tp_start"": 1.8, ""tp_mid"": 1.2, ""tp_late"": 1.0, ""sl_start"": 0.7, ""timeout_min"": 20}"
TIME_DECAY_V2,be10m tp80->19->late sl30 t30m,49.2,-180.58,196.79,128,0.75,"[50.82, -180.58, 117.86, 208.69]","[0.594, 0.0, 0.438, 0.625]","{""be_minute"": 10, ""tp_start"": 1.8, ""tp_mid"": 1.2, ""tp_late"": 1.0, ""sl_start"": 0.7, ""timeout_min"": 30}"
TIME_DECAY_V2,be10m tp80->19->late sl30 t45m,49.19,-180.58,196.78,128,0.75,"[50.81, -180.58, 117.86, 208.69]","[0.594, 0.0, 0.438, 0.625]","{""be_minute"": 10, ""tp_start"": 1.8, ""tp_mid"": 1.2, ""tp_late"": 1.0, ""sl_start"": 0.7, ""timeout_min"": 45}"
TIME_DECAY_V2,be10m tp80->19->late sl25 t20m,53.37,-166.21,213.48,128,0.75,"[65.82, -166.21, 105.19, 208.69]","[0.594, 0.0, 0.438, 0.625]","{""be_minute"": 10, ""tp_start"": 1.8, ""tp_mid"": 1.2, ""tp_late"": 1.0, ""sl_start"": 0.75, ""timeout_min"": 20}"
TIME_DECAY_V2,be10m tp80->19->late sl25 t30m,56.72,-165.49,226.88,128,0.75,"[65.82, -165.49, 117.86, 208.69]","[0.594, 0.0, 0.438, 0.625]","{""be_minute"": 10, ""tp_start"": 1.8, ""tp_mid"": 1.2, ""tp_late"": 1.0, ""sl_start"": 0.75, ""timeout_min"": 30}"
TIME_DECAY_V2,be10m tp80->19->late sl25 t45m,56.72,-165.49,226.87,128,0.75,"[65.81, -165.49, 117.86, 208.69]","[0.594, 0.0, 0.438, 0.625]","{""be_minute"": 10, ""tp_start"": 1.8, ""tp_mid"": 1.2, ""tp_late"": 1.0, ""sl_start"": 0.75, ""timeout_min"": 45}"
TIME_DECAY_V2,be10m tp80->39->late sl35 t20m,37.52,-196.39,150.05,128,0.75,"[97.73, -196.39, 17.13, 231.59]","[0.594, 0.0, 0.156, 0.625]","{""be_minute"": 10, ""tp_start"": 1.8, ""tp_mid"": 1.4, ""tp_late"": 1.0, ""sl_start"": 0.65, ""timeout_min"": 20}"
TIME_DECAY_V2,be10m tp80->39->late sl35 t30m,40.96,-195.67,163.85,128,0.75,"[97.73, -195.67, 29.8, 231.99]","[0.594, 0.0, 0.156, 0.625]","{""be_minute"": 10, ""tp_start"": 1.8, ""tp_mid"": 1.4, ""tp_late"": 1.0, ""sl_start"": 0.65, ""timeout_min"": 30}"
TIME_DECAY_V2,be10m tp80->39->late sl35 t45m,40.96,-195.67,163.84,128,0.75,"[97.72, -195.67, 29.8, 231.99]","[0.594, 0.0, 0.156, 0.625]","{""be_minute"": 10, ""tp_start"": 1.8, ""tp_mid"": 1.4, ""tp_late"": 1.0, ""sl_start"": 0.65, ""timeout_min"": 45}"
TIME_DECAY_V2,be10m tp80->39->late sl30 t20m,45.04,-181.3,180.14,128,0.75,"[112.73, -181.3, 17.13, 231.59]","[0.594, 0.0, 0.156, 0.625]","{""be_minute"": 10, ""tp_start"": 1.8, ""tp_mid"": 1.4, ""tp_late"": 1.0, ""sl_start"": 0.7, ""timeout_min"": 20}"
TIME_DECAY_V2,be10m tp80->39->late sl30 t30m,48.48,-180.58,193.94,128,0.75,"[112.73, -180.58, 29.8, 231.99]","[0.594, 0.0, 0.156, 0.625]","{""be_minute"": 10, ""tp_start"": 1.8, ""tp_mid"": 1.4, ""tp_late"": 1.0, ""sl_start"": 0.7, ""timeout_min"": 30}"
TIME_DECAY_V2,be10m tp80->39->late sl30 t45m,48.48,-180.58,193.93,128,0.75,"[112.72, -180.58, 29.8, 231.99]","[0.594, 0.0, 0.156, 0.625]","{""be_minute"": 10, ""tp_start"": 1.8, ""tp_mid"": 1.4, ""tp_late"": 1.0, ""sl_start"": 0.7, ""timeout_min"": 45}"
TIME_DECAY_V2,be10m tp80->39->late sl25 t20m,52.56,-166.21,210.23,128,0.75,"[127.73, -166.21, 17.13, 231.59]","[0.594, 0.0, 0.156, 0.625]","{""be_minute"": 10, ""tp_start"": 1.8, ""tp_mid"": 1.4, ""tp_late"": 1.0, ""sl_start"": 0.75, ""timeout_min"": 20}"
TIME_DECAY_V2,be10m tp80->39->late sl25 t30m,56.01,-165.49,224.02,128,0.75,"[127.73, -165.49, 29.8, 231.99]","[0.594, 0.0, 0.156, 0.625]","{""be_minute"": 10, ""tp_start"": 1.8, ""tp_mid"": 1.4, ""tp_late"": 1.0, ""sl_start"": 0.75, ""timeout_min"": 30}"
TIME_DECAY_V2,be10m tp80->39->late sl25 t45m,56.01,-165.49,224.02,128,0.75,"[127.72, -165.49, 29.8, 231.99]","[0.594, 0.0, 0.156, 0.625]","{""be_minute"": 10, ""tp_start"": 1.8, ""tp_mid"": 1.4, ""tp_late"": 1.0, ""sl_start"": 0.75, ""timeout_min"": 45}"
TIME_DECAY_V2,be10m tp100->19->late sl35 t20m,35.3,-196.39,141.19,128,0.75,"[27.34, -196.39, 103.13, 207.11]","[0.562, 0.0, 0.438, 0.625]","{""be_minute"": 10, ""tp_start"": 2.0, ""tp_mid"": 1.2, ""tp_late"": 1.0, ""sl_start"": 0.65, ""timeout_min"": 20}"
TIME_DECAY_V2,be10m tp100->19->late sl35 t30m,38.65,-195.67,154.58,128,0.75,"[27.34, -195.67, 115.81, 207.11]","[0.562, 0.0, 0.438, 0.625]","{""be_minute"": 10, ""tp_start"": 2.0, ""tp_mid"": 1.2, ""tp_late"": 1.0, ""sl_start"": 0.65, ""timeout_min"": 30}"
TIME_DECAY_V2,be10m tp100->19->late sl35 t45m,38.65,-195.67,154.57,128,0.75,"[27.33, -195.67, 115.81, 207.11]","[0.562, 0.0, 0.438, 0.625]","{""be_minute"": 10, ""tp_start"": 2.0, ""tp_mid"": 1.2, ""tp_late"": 1.0, ""sl_start"": 0.65, ""timeout_min"": 45}"
TIME_DECAY_V2,be10m tp100->19->late sl30 t20m,42.82,-181.3,171.28,128,0.75,"[42.34, -181.3, 103.13, 207.11]","[0.562, 0.0, 0.438, 0.625]","{""be_minute"": 10, ""tp_start"": 2.0, ""tp_mid"": 1.2, ""tp_late"": 1.0, ""sl_start"": 0.7, ""timeout_min"": 20}"
TIME_DECAY_V2,be10m tp100->19->late sl30 t30m,46.17,-180.58,184.67,128,0.75,"[42.34, -180.58, 115.81, 207.11]","[0.562, 0.0, 0.438, 0.625]","{""be_minute"": 10, ""tp_start"": 2.0, ""tp_mid"": 1.2, ""tp_late"": 1.0, ""sl_start"": 0.7, ""timeout_min"": 30}"
TIME_DECAY_V2,be10m tp100->19->late sl30 t45m,46.17,-180.58,184.66,128,0.75,"[42.33, -180.58, 115.81, 207.11]","[0.562, 0.0, 0.438, 0.625]","{""be_minute"": 10, ""tp_start"": 2.0, ""tp_mid"": 1.2, ""tp_late"": 1.0, ""sl_start"": 0.7, ""timeout_min"": 45}"
TIME_DECAY_V2,be10m tp100->19->late sl25 t20m,50.34,-166.21,201.37,128,0.75,"[57.34, -166.21, 103.13, 207.11]","[0.562, 0.0, 0.438, 0.625]","{""be_minute"": 10, ""tp_start"": 2.0, ""tp_mid"": 1.2, ""tp_late"": 1.0, ""sl_start"": 0.75, ""timeout_min"": 20}"
TIME_DECAY_V2,be10m tp100->19->late sl25 t30m,53.69,-165.49,214.76,128,0.75,"[57.34, -165.49, 115.81, 207.11]","[0.562, 0.0, 0.438, 0.625]","{""be_minute"": 10, ""tp_start"": 2.0, ""tp_mid"": 1.2, ""tp_late"": 1.0, ""sl_start"": 0.75, ""timeout_min"": 30}"
TIME_DECAY_V2,be10m tp100->19->late sl25 t45m,53.69,-165.49,214.75,128,0.75,"[57.33, -165.49, 115.81, 207.11]","[0.562, 0.0, 0.438, 0.625]","{""be_minute"": 10, ""tp_start"": 2.0, ""tp_mid"": 1.2, ""tp_late"": 1.0, ""sl_start"": 0.75, ""timeout_min"": 45}"
TIME_DECAY_V2,be10m tp100->39->late sl35 t20m,24.71,-196.39,98.82,128,0.75,"[46.5, -196.39, 17.13, 231.59]","[0.531, 0.0, 0.156, 0.625]","{""be_minute"": 10, ""tp_start"": 2.0, ""tp_mid"": 1.4, ""tp_late"": 1.0, ""sl_start"": 0.65, ""timeout_min"": 20}"
TIME_DECAY_V2,be10m tp100->39->late sl35 t30m,28.16,-195.67,112.62,128,0.75,"[46.5, -195.67, 29.8, 231.99]","[0.531, 0.0, 0.156, 0.625]","{""be_minute"": 10, ""tp_start"": 2.0, ""tp_mid"": 1.4, ""tp_late"": 1.0, ""sl_start"": 0.65, ""timeout_min"": 30}"
TIME_DECAY_V2,be10m tp100->39->late sl35 t45m,28.15,-195.67,112.61,128,0.75,"[46.49, -195.67, 29.8, 231.99]","[0.531, 0.0, 0.156, 0.625]","{""be_minute"": 10, ""tp_start"": 2.0, ""tp_mid"": 1.4, ""tp_late"": 1.0, ""sl_start"": 0.65, ""timeout_min"": 45}"
TIME_DECAY_V2,be10m tp100->39->late sl30 t20m,32.23,-181.3,128.91,128,0.75,"[61.5, -181.3, 17.13, 231.59]","[0.531, 0.0, 0.156, 0.625]","{""be_minute"": 10, ""tp_start"": 2.0, ""tp_mid"": 1.4, ""tp_late"": 1.0, ""sl_start"": 0.7, ""timeout_min"": 20}"
TIME_DECAY_V2,be10m tp100->39->late sl30 t30m,35.68,-180.58,142.7,128,0.75,"[61.5, -180.58, 29.8, 231.99]","[0.531, 0.0, 0.156, 0.625]","{""be_minute"": 10, ""tp_start"": 2.0, ""tp_mid"": 1.4, ""tp_late"": 1.0, ""sl_start"": 0.7, ""timeout_min"": 30}"
TIME_DECAY_V2,be10m tp100->39->late sl30 t45m,35.67,-180.58,142.7,128,0.75,"[61.49, -180.58, 29.8, 231.99]","[0.531, 0.0, 0.156, 0.625]","{""be_minute"": 10, ""tp_start"": 2.0, ""tp_mid"": 1.4, ""tp_late"": 1.0, ""sl_start"": 0.7, ""timeout_min"": 45}"
TIME_DECAY_V2,be10m tp100->39->late sl25 t20m,39.75,-166.21,159.0,128,0.75,"[76.5, -166.21, 17.13, 231.59]","[0.531, 0.0, 0.156, 0.625]","{""be_minute"": 10, ""tp_start"": 2.0, ""tp_mid"": 1.4, ""tp_late"": 1.0, ""sl_start"": 0.75, ""timeout_min"": 20}"
TIME_DECAY_V2,be10m tp100->39->late sl25 t30m,43.2,-165.49,172.79,128,0.75,"[76.5, -165.49, 29.8, 231.99]","[0.531, 0.0, 0.156, 0.625]","{""be_minute"": 10, ""tp_start"": 2.0, ""tp_mid"": 1.4, ""tp_late"": 1.0, ""sl_start"": 0.75, ""timeout_min"": 30}"
TIME_DECAY_V2,be10m tp100->39->late sl25 t45m,43.2,-165.49,172.79,128,0.75,"[76.49, -165.49, 29.8, 231.99]","[0.531, 0.0, 0.156, 0.625]","{""be_minute"": 10, ""tp_start"": 2.0, ""tp_mid"": 1.4, ""tp_late"": 1.0, ""sl_start"": 0.75, ""timeout_min"": 45}"
BOND_FAST,liq<$1K tp30 sl30 notrail t15m,-43.95,-176.3,-175.78,94,0.5,"[52.24, -176.3, 13.08, -64.8]","[0.594, 0.0, 0.636, 0.214]","{""max_liq"": 1000, ""tp_mult"": 1.3, ""sl_mult"": 0.7, ""trail_pct"": 0.0, ""trail_act"": 0.15, ""timeout_min"": 15}"
BOND_FAST,liq<$1K tp30 sl30 notrail t20m,-57.88,-176.3,-231.52,94,0.25,"[72.97, -176.3, -70.54, -57.65]","[0.594, 0.0, 0.091, 0.214]","{""max_liq"": 1000, ""tp_mult"": 1.3, ""sl_mult"": 0.7, ""trail_pct"": 0.0, ""trail_act"": 0.15, ""timeout_min"": 20}"
BOND_FAST,liq<$1K tp30 sl30 notrail t30m,-156.52,-270.23,-626.06,94,0.0,"[-173.48, -270.23, -42.27, -140.08]","[0.469, 0.0, 0.091, 0.0]","{""max_liq"": 1000, ""tp_mult"": 1.3, ""sl_mult"": 0.7, ""trail_pct"": 0.0, ""trail_act"": 0.15, ""timeout_min"": 30}"
BOND_FAST,liq<$1K tp30 sl30 notrail t15m,-43.95,-176.3,-175.78,94,0.5,"[52.24, -176.3, 13.08, -64.8]","[0.594, 0.0, 0.636, 0.214]","{""max_liq"": 1000, ""tp_mult"": 1.3, ""sl_mult"": 0.7, ""trail_pct"": 0.0, ""trail_act"": 0.25, ""timeout_min"": 15}"
BOND_FAST,liq<$1K tp30 sl30 notrail t20m,-57.88,-176.3,-231.52,94,0.25,"[72.97, -176.3, -70.54, -57.65]","[0.594, 0.0, 0.091, 0.214]","{""max_liq"": 1000, ""tp_mult"": 1.3, ""sl_mult"": 0.7, ""trail_pct"": 0.0, ""trail_act"": 0.25, ""timeout_min"": 20}"
BOND_FAST,liq<$1K tp30 sl30 notrail t30m,-156.52,-270.23,-626.06,94,0.0,"[-173.48, -270.23, -42.27, -140.08]","[0.469, 0.0, 0.091, 0.0]","{""max_liq"": 1000, ""tp_mult"": 1.3, ""sl_mult"": 0.7, ""trail_pct"": 0.0, ""trail_act"": 0.25, ""timeout_min"": 30}"
BOND_FAST,liq<$1K tp30 sl30 trail10@15 t15m,-28.98,-176.3,-115.93,94,0.5,"[60.68, -176.3, 64.49, -64.8]","[0.594, 0.0, 0.864, 0.214]","{""max_liq"": 1000, ""tp_mult"": 1.3, ""sl_mult"": 0.7, ""trail_pct"": 0.1, ""trail_act"": 0.15, ""timeout_min"": 15}"
BOND_FAST,liq<$1K tp30 sl30 trail10@15 t20m,-4.25,-176.3,-16.98,94,0.5,"[148.4, -176.3, 68.57, -57.65]","[0.594, 0.0, 0.864, 0.214]","{""max_liq"": 1000, ""tp_mult"": 1.3, ""sl_mult"": 0.7, ""trail_pct"": 0.1, ""trail_act"": 0.15, ""timeout_min"": 20}"
BOND_FAST,liq<$1K tp30 sl30 trail10@15 t30m,-35.22,-218.67,-140.86,94,0.5,"[163.94, -218.67, 53.95, -140.08]","[0.719, 0.231, 0.864, 0.0]","{""max_liq"": 1000, ""tp_mult"": 1.3, ""sl_mult"": 0.7, ""trail_pct"": 0.1, ""trail_act"": 0.15, ""timeout_min"": 30}"
BOND_FAST,liq<$1K tp30 sl30 trail10@25 t15m,-31.4,-176.3,-125.57,94,0.5,"[60.68, -176.3, 54.84, -64.8]","[0.594, 0.0, 0.727, 0.214]","{""max_liq"": 1000, ""tp_mult"": 1.3, ""sl_mult"": 0.7, ""trail_pct"": 0.1, ""trail_act"": 0.25, ""timeout_min"": 15}"
BOND_FAST,liq<$1K tp30 sl30 trail10@25 t20m,-10.79,-176.3,-43.16,94,0.5,"[148.4, -176.3, 42.4, -57.65]","[0.594, 0.0, 0.682, 0.214]","{""max_liq"": 1000, ""tp_mult"": 1.3, ""sl_mult"": 0.7, ""trail_pct"": 0.1, ""trail_act"": 0.25, ""timeout_min"": 20}"
BOND_FAST,liq<$1K tp30 sl30 trail10@25 t30m,-50.45,-270.23,-201.8,94,0.5,"[163.94, -270.23, 44.57, -140.08]","[0.719, 0.0, 0.682, 0.0]","{""max_liq"": 1000, ""tp_mult"": 1.3, ""sl_mult"": 0.7, ""trail_pct"": 0.1, ""trail_act"": 0.25, ""timeout_min"": 30}"
BOND_FAST,liq<$1K tp30 sl30 trail15@15 t15m,-43.26,-176.3,-173.05,94,0.5,"[49.95, -176.3, 18.1, -64.8]","[0.594, 0.0, 0.727, 0.214]","{""max_liq"": 1000, ""tp_mult"": 1.3, ""sl_mult"": 0.7, ""trail_pct"": 0.15, ""trail_act"": 0.15, ""timeout_min"": 15}"
BOND_FAST,liq<$1K tp30 sl30 trail15@15 t20m,-26.56,-176.3,-106.23,94,0.5,"[113.0, -176.3, 14.72, -57.65]","[0.594, 0.0, 0.773, 0.214]","{""max_liq"": 1000, ""tp_mult"": 1.3, ""sl_mult"": 0.7, ""trail_pct"": 0.15, ""trail_act"": 0.15, ""timeout_min"": 20}"
BOND_FAST,liq<$1K tp30 sl30 trail15@15 t30m,-63.92,-247.57,-255.66,94,0.5,"[128.54, -247.57, 3.45, -140.08]","[0.719, 0.0, 0.773, 0.0]","{""max_liq"": 1000, ""tp_mult"": 1.3, ""sl_mult"": 0.7, ""trail_pct"": 0.15, ""trail_act"": 0.15, ""timeout_min"": 30}"
BOND_FAST,liq<$1K tp30 sl30 trail15@25 t15m,-44.05,-176.3,-176.2,94,0.5,"[49.95, -176.3, 14.94, -64.8]","[0.594, 0.0, 0.636, 0.214]","{""max_liq"": 1000, ""tp_mult"": 1.3, ""sl_mult"": 0.7, ""trail_pct"": 0.15, ""trail_act"": 0.25, ""timeout_min"": 15}"
BOND_FAST,liq<$1K tp30 sl30 trail15@25 t20m,-29.17,-176.3,-116.66,94,0.5,"[113.0, -176.3, 4.29, -57.65]","[0.594, 0.0, 0.682, 0.214]","{""max_liq"": 1000, ""tp_mult"": 1.3, ""sl_mult"": 0.7, ""trail_pct"": 0.15, ""trail_act"": 0.25, ""timeout_min"": 20}"
BOND_FAST,liq<$1K tp30 sl30 trail15@25 t30m,-68.83,-270.23,-275.3,94,0.5,"[128.54, -270.23, 6.47, -140.08]","[0.719, 0.0, 0.682, 0.0]","{""max_liq"": 1000, ""tp_mult"": 1.3, ""sl_mult"": 0.7, ""trail_pct"": 0.15, ""trail_act"": 0.25, ""timeout_min"": 30}"
BOND_FAST,liq<$1K tp30 sl30 trail20@15 t15m,-49.38,-176.3,-197.51,94,0.5,"[30.51, -176.3, 13.08, -64.8]","[0.594, 0.0, 0.636, 0.214]","{""max_liq"": 1000, ""tp_mult"": 1.3, ""sl_mult"": 0.7, ""trail_pct"": 0.2, ""trail_act"": 0.15, ""timeout_min"": 15}"
BOND_FAST,liq<$1K tp30 sl30 trail20@15 t20m,-50.08,-176.3,-200.32,94,0.25,"[74.73, -176.3, -41.11, -57.65]","[0.594, 0.0, 0.136, 0.214]","{""max_liq"": 1000, ""tp_mult"": 1.3, ""sl_mult"": 0.7, ""trail_pct"": 0.2, ""trail_act"": 0.15, ""timeout_min"": 20}"
BOND_FAST,liq<$1K tp30 sl30 trail20@15 t30m,-98.63,-270.23,-394.53,94,0.25,"[47.43, -270.23, -31.64, -140.08]","[0.688, 0.0, 0.136, 0.0]","{""max_liq"": 1000, ""tp_mult"": 1.3, ""sl_mult"": 0.7, ""trail_pct"": 0.2, ""trail_act"": 0.15, ""timeout_min"": 30}"
BOND_FAST,liq<$1K tp30 sl30 trail20@25 t15m,-49.38,-176.3,-197.51,94,0.5,"[30.51, -176.3, 13.08, -64.8]","[0.594, 0.0, 0.636, 0.214]","{""max_liq"": 1000, ""tp_mult"": 1.3, ""sl_mult"": 0.7, ""trail_pct"": 0.2, ""trail_act"": 0.25, ""timeout_min"": 15}"
BOND_FAST,liq<$1K tp30 sl30 trail20@25 t20m,-50.08,-176.3,-200.32,94,0.25,"[74.73, -176.3, -41.11, -57.65]","[0.594, 0.0, 0.136, 0.214]","{""max_liq"": 1000, ""tp_mult"": 1.3, ""sl_mult"": 0.7, ""trail_pct"": 0.2, ""trail_act"": 0.25, ""timeout_min"": 20}"
BOND_FAST,liq<$1K tp30 sl30 trail20@25 t30m,-98.63,-270.23,-394.53,94,0.25,"[47.43, -270.23, -31.64, -140.08]","[0.688, 0.0, 0.136, 0.0]","{""max_liq"": 1000, ""tp_mult"": 1.3, ""sl_mult"": 0.7, ""trail_pct"": 0.2, ""trail_act"": 0.25, ""timeout_min"": 30}"
BOND_FAST,liq<$1K tp30 sl25 notrail t15m,-36.42,-161.21,-145.69,94,0.5,"[67.24, -161.21, 13.08, -64.8]","[0.594, 0.0, 0.636, 0.214]","{""max_liq"": 1000, ""tp_mult"": 1.3, ""sl_mult"": 0.75, ""trail_pct"": 0.0, ""trail_act"": 0.15, ""timeout_min"": 15}"
BOND_FAST,liq<$1K tp30 sl25 notrail t20m,-50.36,-161.21,-201.43,94,0.25,"[87.97, -161.21, -70.54, -57.65]","[0.594, 0.0, 0.091, 0.214]","{""max_liq"": 1000, ""tp_mult"": 1.3, ""sl_mult"": 0.75, ""trail_pct"": 0.0, ""trail_act"": 0.15, ""timeout_min"": 20}"
BOND_FAST,liq<$1K tp30 sl25 notrail t30m,-179.55,-255.14,-718.2,94,0.0,"[-158.48, -255.14, -153.71, -150.87]","[0.469, 0.0, 0.091, 0.0]","{""max_liq"": 1000, ""tp_mult"": 1.3, ""sl_mult"": 0.75, ""trail_pct"": 0.0, ""trail_act"": 0.15, ""timeout_min"": 30}"
BOND_FAST,liq<$1K tp30 sl25 notrail t15m,-36.42,-161.21,-145.69,94,0.5,"[67.24, -161.21, 13.08, -64.8]","[0.594, 0.0, 0.636, 0.214]","{""max_liq"": 1000, ""tp_mult"": 1.3, ""sl_mult"": 0.75, ""trail_pct"": 0.0, ""trail_act"": 0.25, ""timeout_min"": 15}"
BOND_FAST,liq<$1K tp30 sl25 notrail t20m,-50.36,-161.21,-201.43,94,0.25,"[87.97, -161.21, -70.54, -57.65]","[0.594, 0.0, 0.091, 0.214]","{""max_liq"": 1000, ""tp_mult"": 1.3, ""sl_mult"": 0.75, ""trail_pct"": 0.0, ""trail_act"": 0.25, ""timeout_min"": 20}"
BOND_FAST,liq<$1K tp30 sl25 notrail t30m,-179.55,-255.14,-718.2,94,0.0,"[-158.48, -255.14, -153.71, -150.87]","[0.469, 0.0, 0.091, 0.0]","{""max_liq"": 1000, ""tp_mult"": 1.3, ""sl_mult"": 0.75, ""trail_pct"": 0.0, ""trail_act"": 0.25, ""timeout_min"": 30}"
BOND_FAST,liq<$1K tp30 sl25 trail10@15 t15m,-21.46,-161.21,-85.84,94,0.5,"[75.68, -161.21, 64.49, -64.8]","[0.594, 0.0, 0.864, 0.214]","{""max_liq"": 1000, ""tp_mult"": 1.3, ""sl_mult"": 0.75, ""trail_pct"": 0.1, ""trail_act"": 0.15, ""timeout_min"": 15}"
BOND_FAST,liq<$1K tp30 sl25 trail10@15 t20m,3.28,-161.21,13.11,94,0.5,"[163.4, -161.21, 68.57, -57.65]","[0.594, 0.0, 0.864, 0.214]","{""max_liq"": 1000, ""tp_mult"": 1.3, ""sl_mult"": 0.75, ""trail_pct"": 0.1, ""trail_act"": 0.15, ""timeout_min"": 20}"
BOND_FAST,liq<$1K tp30 sl25 trail10@15 t30m,-30.69,-203.58,-122.76,94,0.5,"[178.94, -203.58, 52.75, -150.87]","[0.719, 0.231, 0.864, 0.0]","{""max_liq"": 1000, ""tp_mult"": 1.3, ""sl_mult"": 0.75, ""trail_pct"": 0.1, ""trail_act"": 0.15, ""timeout_min"": 30}"
BOND_FAST,liq<$1K tp30 sl25 trail10@25 t15m,-23.87,-161.21,-95.48,94,0.5,"[75.68, -161.21, 54.84, -64.8]","[0.594, 0.0, 0.727, 0.214]","{""max_liq"": 1000, ""tp_mult"": 1.3, ""sl_mult"": 0.75, ""trail_pct"": 0.1, ""trail_act"": 0.25, ""timeout_min"": 15}"
BOND_FAST,liq<$1K tp30 sl25 trail10@25 t20m,-3.27,-161.21,-13.07,94,0.5,"[163.4, -161.21, 42.4, -57.65]","[0.594, 0.0, 0.682, 0.214]","{""max_liq"": 1000, ""tp_mult"": 1.3, ""sl_mult"": 0.75, ""trail_pct"": 0.1, ""trail_act"": 0.25, ""timeout_min"": 20}"
BOND_FAST,liq<$1K tp30 sl25 trail10@25 t30m,-45.92,-255.14,-183.7,94,0.5,"[178.94, -255.14, 43.37, -150.87]","[0.719, 0.0, 0.682, 0.0]","{""max_liq"": 1000, ""tp_mult"": 1.3, ""sl_mult"": 0.75, ""trail_pct"": 0.1, ""trail_act"": 0.25, ""timeout_min"": 30}"
BOND_FAST,liq<$1K tp30 sl25 trail15@15 t15m,-35.74,-161.21,-142.96,94,0.5,"[64.95, -161.21, 18.1, -64.8]","[0.594, 0.0, 0.727, 0.214]","{""max_liq"": 1000, ""tp_mult"": 1.3, ""sl_mult"": 0.75, ""trail_pct"": 0.15, ""trail_act"": 0.15, ""timeout_min"": 15}"
BOND_FAST,liq<$1K tp30 sl25 trail15@15 t20m,-19.04,-161.21,-76.14,94,0.5,"[128.0, -161.21, 14.72, -57.65]","[0.594, 0.0, 0.773, 0.214]","{""max_liq"": 1000, ""tp_mult"": 1.3, ""sl_mult"": 0.75, ""trail_pct"": 0.15, ""trail_act"": 0.15, ""timeout_min"": 20}"
BOND_FAST,liq<$1K tp30 sl25 trail15@15 t30m,-59.39,-232.48,-237.55,94,0.5,"[143.54, -232.48, 2.25, -150.87]","[0.719, 0.0, 0.773, 0.0]","{""max_liq"": 1000, ""tp_mult"": 1.3, ""sl_mult"": 0.75, ""trail_pct"": 0.15, ""trail_act"": 0.15, ""timeout_min"": 30}"
BOND_FAST,liq<$1K tp30 sl25 trail15@25 t15m,-36.53,-161.21,-146.11,94,0.5,"[64.95, -161.21, 14.94, -64.8]","[0.594, 0.0, 0.636, 0.214]","{""max_liq"": 1000, ""tp_mult"": 1.3, ""sl_mult"": 0.75, ""trail_pct"": 0.15, ""trail_act"": 0.25, ""timeout_min"": 15}"
BOND_FAST,liq<$1K tp30 sl25 trail15@25 t20m,-21.64,-161.21,-86.57,94,0.5,"[128.0, -161.21, 4.29, -57.65]","[0.594, 0.0, 0.682, 0.214]","{""max_liq"": 1000, ""tp_mult"": 1.3, ""sl_mult"": 0.75, ""trail_pct"": 0.15, ""trail_act"": 0.25, ""timeout_min"": 20}"
BOND_FAST,liq<$1K tp30 sl25 trail15@25 t30m,-64.3,-255.14,-257.2,94,0.5,"[143.54, -255.14, 5.27, -150.87]","[0.719, 0.0, 0.682, 0.0]","{""max_liq"": 1000, ""tp_mult"": 1.3, ""sl_mult"": 0.75, ""trail_pct"": 0.15, ""trail_act"": 0.25, ""timeout_min"": 30}"
BOND_FAST,liq<$1K tp30 sl25 trail20@15 t15m,-41.86,-161.21,-167.42,94,0.5,"[45.51, -161.21, 13.08, -64.8]","[0.594, 0.0, 0.636, 0.214]","{""max_liq"": 1000, ""tp_mult"": 1.3, ""sl_mult"": 0.75, ""trail_pct"": 0.2, ""trail_act"": 0.15, ""timeout_min"": 15}"
BOND_FAST,liq<$1K tp30 sl25 trail20@15 t20m,-42.56,-161.21,-170.23,94,0.25,"[89.73, -161.21, -41.11, -57.65]","[0.594, 0.0, 0.136, 0.214]","{""max_liq"": 1000, ""tp_mult"": 1.3, ""sl_mult"": 0.75, ""trail_pct"": 0.2, ""trail_act"": 0.15, ""timeout_min"": 20}"
BOND_FAST,liq<$1K tp30 sl25 trail20@15 t30m,-94.11,-255.14,-376.42,94,0.25,"[62.43, -255.14, -32.84, -150.87]","[0.688, 0.0, 0.136, 0.0]","{""max_liq"": 1000, ""tp_mult"": 1.3, ""sl_mult"": 0.75, ""trail_pct"": 0.2, ""trail_act"": 0.15, ""timeout_min"": 30}"
BOND_FAST,liq<$1K tp30 sl25 trail20@25 t15m,-41.86,-161.21,-167.42,94,0.5,"[45.51, -161.21, 13.08, -64.8]","[0.594, 0.0, 0.636, 0.214]","{""max_liq"": 1000, ""tp_mult"": 1.3, ""sl_mult"": 0.75, ""trail_pct"": 0.2, ""trail_act"": 0.25, ""timeout_min"": 15}"
BOND_FAST,liq<$1K tp30 sl25 trail20@25 t20m,-42.56,-161.21,-170.23,94,0.25,"[89.73, -161.21, -41.11, -57.65]","[0.594, 0.0, 0.136, 0.214]","{""max_liq"": 1000, ""tp_mult"": 1.3, ""sl_mult"": 0.75, ""trail_pct"": 0.2, ""trail_act"": 0.25, ""timeout_min"": 20}"
BOND_FAST,liq<$1K tp30 sl25 trail20@25 t30m,-94.11,-255.14,-376.42,94,0.25,"[62.43, -255.14, -32.84, -150.87]","[0.688, 0.0, 0.136, 0.0]","{""max_liq"": 1000, ""tp_mult"": 1.3, ""sl_mult"": 0.75, ""trail_pct"": 0.2, ""trail_act"": 0.25, ""timeout_min"": 30}"
BOND_FAST,liq<$1K tp30 sl19 notrail t15m,-28.9,-146.12,-115.6,94,0.5,"[82.24, -146.12, 13.08, -64.8]","[0.594, 0.0, 0.636, 0.214]","{""max_liq"": 1000, ""tp_mult"": 1.3, ""sl_mult"": 0.8, ""trail_pct"": 0.0, ""trail_act"": 0.15, ""timeout_min"": 15}"
BOND_FAST,liq<$1K tp30 sl19 notrail t20m,-42.84,-146.12,-171.34,94,0.25,"[102.97, -146.12, -70.54, -57.65]","[0.594, 0.0, 0.091, 0.214]","{""max_liq"": 1000, ""tp_mult"": 1.3, ""sl_mult"": 0.8, ""trail_pct"": 0.0, ""trail_act"": 0.15, ""timeout_min"": 20}"
BOND_FAST,liq<$1K tp30 sl19 notrail t30m,-169.51,-240.05,-678.06,94,0.0,"[-143.48, -240.05, -166.14, -128.39]","[0.469, 0.0, 0.091, 0.0]","{""max_liq"": 1000, ""tp_mult"": 1.3, ""sl_mult"": 0.8, ""trail_pct"": 0.0, ""trail_act"": 0.15, ""timeout_min"": 30}"
BOND_FAST,liq<$1K tp30 sl19 notrail t15m,-28.9,-146.12,-115.6,94,0.5,"[82.24, -146.12, 13.08, -64.8]","[0.594, 0.0, 0.636, 0.214]","{""max_liq"": 1000, ""tp_mult"": 1.3, ""sl_mult"": 0.8, ""trail_pct"": 0.0, ""trail_act"": 0.25, ""timeout_min"": 15}"
BOND_FAST,liq<$1K tp30 sl19 notrail t20m,-42.84,-146.12,-171.34,94,0.25,"[102.97, -146.12, -70.54, -57.65]","[0.594, 0.0, 0.091, 0.214]","{""max_liq"": 1000, ""tp_mult"": 1.3, ""sl_mult"": 0.8, ""trail_pct"": 0.0, ""trail_act"": 0.25, ""timeout_min"": 20}"
BOND_FAST,liq<$1K tp30 sl19 notrail t30m,-169.51,-240.05,-678.06,94,0.0,"[-143.48, -240.05, -166.14, -128.39]","[0.469, 0.0, 0.091, 0.0]","{""max_liq"": 1000, ""tp_mult"": 1.3, ""sl_mult"": 0.8, ""trail_pct"": 0.0, ""trail_act"": 0.25, ""timeout_min"": 30}"
BOND_FAST,liq<$1K tp30 sl19 trail10@15 t15m,-13.94,-146.12,-55.75,94,0.5,"[90.68, -146.12, 64.49, -64.8]","[0.594, 0.0, 0.864, 0.214]","{""max_liq"": 1000, ""tp_mult"": 1.3, ""sl_mult"": 0.8, ""trail_pct"": 0.1, ""trail_act"": 0.15, ""timeout_min"": 15}"
BOND_FAST,liq<$1K tp30 sl19 trail10@15 t20m,10.8,-146.12,43.2,94,0.5,"[178.4, -146.12, 68.57, -57.65]","[0.594, 0.0, 0.864, 0.214]","{""max_liq"": 1000, ""tp_mult"": 1.3, ""sl_mult"": 0.8, ""trail_pct"": 0.1, ""trail_act"": 0.15, ""timeout_min"": 20}"
BOND_FAST,liq<$1K tp30 sl19 trail10@15 t30m,-16.6,-188.49,-66.39,94,0.5,"[193.94, -188.49, 56.55, -128.39]","[0.719, 0.231, 0.864, 0.0]","{""max_liq"": 1000, ""tp_mult"": 1.3, ""sl_mult"": 0.8, ""trail_pct"": 0.1, ""trail_act"": 0.15, ""timeout_min"": 30}"
BOND_FAST,liq<$1K tp30 sl19 trail10@25 t15m,-16.35,-146.12,-65.39,94,0.5,"[90.68, -146.12, 54.84, -64.8]","[0.594, 0.0, 0.727, 0.214]","{""max_liq"": 1000, ""tp_mult"": 1.3, ""sl_mult"": 0.8, ""trail_pct"": 0.1, ""trail_act"": 0.25, ""timeout_min"": 15}"
BOND_FAST,liq<$1K tp30 sl19 trail10@25 t20m,4.26,-146.12,17.02,94,0.5,"[178.4, -146.12, 42.4, -57.65]","[0.594, 0.0, 0.682, 0.214]","{""max_liq"": 1000, ""tp_mult"": 1.3, ""sl_mult"": 0.8, ""trail_pct"": 0.1, ""trail_act"": 0.25, ""timeout_min"": 20}"
BOND_FAST,liq<$1K tp30 sl19 trail10@25 t30m,-34.14,-240.05,-136.56,94,0.5,"[193.94, -240.05, 37.94, -128.39]","[0.719, 0.0, 0.682, 0.0]","{""max_liq"": 1000, ""tp_mult"": 1.3, ""sl_mult"": 0.8, ""trail_pct"": 0.1, ""trail_act"": 0.25, ""timeout_min"": 30}"
BOND_FAST,liq<$1K tp30 sl19 trail15@15 t15m,-28.22,-146.12,-112.87,94,0.5,"[79.95, -146.12, 18.1, -64.8]","[0.594, 0.0, 0.727, 0.214]","{""max_liq"": 1000, ""tp_mult"": 1.3, ""sl_mult"": 0.8, ""trail_pct"": 0.15, ""trail_act"": 0.15, ""timeout_min"": 15}"
BOND_FAST,liq<$1K tp30 sl19 trail15@15 t20m,-11.51,-146.12,-46.05,94,0.5,"[143.0, -146.12, 14.72, -57.65]","[0.594, 0.0, 0.773, 0.214]","{""max_liq"": 1000, ""tp_mult"": 1.3, ""sl_mult"": 0.8, ""trail_pct"": 0.15, ""trail_act"": 0.15, ""timeout_min"": 20}"
BOND_FAST,liq<$1K tp30 sl19 trail15@15 t30m,-45.3,-217.39,-181.19,94,0.5,"[158.54, -217.39, 6.05, -128.39]","[0.719, 0.0, 0.773, 0.0]","{""max_liq"": 1000, ""tp_mult"": 1.3, ""sl_mult"": 0.8, ""trail_pct"": 0.15, ""trail_act"": 0.15, ""timeout_min"": 30}"
BOND_FAST,liq<$1K tp30 sl19 trail15@25 t15m,-29.01,-146.12,-116.02,94,0.5,"[79.95, -146.12, 14.94, -64.8]","[0.594, 0.0, 0.636, 0.214]","{""max_liq"": 1000, ""tp_mult"": 1.3, ""sl_mult"": 0.8, ""trail_pct"": 0.15, ""trail_act"": 0.25, ""timeout_min"": 15}"
BOND_FAST,liq<$1K tp30 sl19 trail15@25 t20m,-14.12,-146.12,-56.48,94,0.5,"[143.0, -146.12, 4.29, -57.65]","[0.594, 0.0, 0.682, 0.214]","{""max_liq"": 1000, ""tp_mult"": 1.3, ""sl_mult"": 0.8, ""trail_pct"": 0.15, ""trail_act"": 0.25, ""timeout_min"": 20}"
BOND_FAST,liq<$1K tp30 sl19 trail15@25 t30m,-52.52,-240.05,-210.06,94,0.25,"[158.54, -240.05, -0.16, -128.39]","[0.719, 0.0, 0.682, 0.0]","{""max_liq"": 1000, ""tp_mult"": 1.3, ""sl_mult"": 0.8, ""trail_pct"": 0.15, ""trail_act"": 0.25, ""timeout_min"": 30}"
BOND_FAST,liq<$1K tp30 sl19 trail20@15 t15m,-34.33,-146.12,-137.33,94,0.5,"[60.51, -146.12, 13.08, -64.8]","[0.594, 0.0, 0.636, 0.214]","{""max_liq"": 1000, ""tp_mult"": 1.3, ""sl_mult"": 0.8, ""trail_pct"": 0.2, ""trail_act"": 0.15, ""timeout_min"": 15}"
BOND_FAST,liq<$1K tp30 sl19 trail20@15 t20m,-35.04,-146.12,-140.14,94,0.25,"[104.73, -146.12, -41.11, -57.65]","[0.594, 0.0, 0.136, 0.214]","{""max_liq"": 1000, ""tp_mult"": 1.3, ""sl_mult"": 0.8, ""trail_pct"": 0.2, ""trail_act"": 0.15, ""timeout_min"": 20}"
BOND_FAST,liq<$1K tp30 sl19 trail20@15 t30m,-82.32,-240.05,-329.29,94,0.25,"[77.43, -240.05, -38.27, -128.39]","[0.688, 0.0, 0.136, 0.0]","{""max_liq"": 1000, ""tp_mult"": 1.3, ""sl_mult"": 0.8, ""trail_pct"": 0.2, ""trail_act"": 0.15, ""timeout_min"": 30}"
BOND_FAST,liq<$1K tp30 sl19 trail20@25 t15m,-34.33,-146.12,-137.33,94,0.5,"[60.51, -146.12, 13.08, -64.8]","[0.594, 0.0, 0.636, 0.214]","{""max_liq"": 1000, ""tp_mult"": 1.3, ""sl_mult"": 0.8, ""trail_pct"": 0.2, ""trail_act"": 0.25, ""timeout_min"": 15}"
BOND_FAST,liq<$1K tp30 sl19 trail20@25 t20m,-35.04,-146.12,-140.14,94,0.25,"[104.73, -146.12, -41.11, -57.65]","[0.594, 0.0, 0.136, 0.214]","{""max_liq"": 1000, ""tp_mult"": 1.3, ""sl_mult"": 0.8, ""trail_pct"": 0.2, ""trail_act"": 0.25, ""timeout_min"": 20}"
BOND_FAST,liq<$1K tp30 sl19 trail20@25 t30m,-82.32,-240.05,-329.29,94,0.25,"[77.43, -240.05, -38.27, -128.39]","[0.688, 0.0, 0.136, 0.0]","{""max_liq"": 1000, ""tp_mult"": 1.3, ""sl_mult"": 0.8, ""trail_pct"": 0.2, ""trail_act"": 0.25, ""timeout_min"": 30}"
BOND_FAST,liq<$1K tp39 sl30 notrail t15m,-32.65,-176.3,-130.6,94,0.5,"[97.42, -176.3, 13.08, -64.8]","[0.594, 0.0, 0.636, 0.214]","{""max_liq"": 1000, ""tp_mult"": 1.4, ""sl_mult"": 0.7, ""trail_pct"": 0.0, ""trail_act"": 0.15, ""timeout_min"": 15}"
BOND_FAST,liq<$1K tp39 sl30 notrail t20m,-46.59,-176.3,-186.34,94,0.25,"[118.15, -176.3, -70.54, -57.65]","[0.594, 0.0, 0.091, 0.214]","{""max_liq"": 1000, ""tp_mult"": 1.4, ""sl_mult"": 0.7, ""trail_pct"": 0.0, ""trail_act"": 0.15, ""timeout_min"": 20}"
BOND_FAST,liq<$1K tp39 sl30 notrail t30m,-145.22,-270.23,-580.88,94,0.0,"[-128.3, -270.23, -42.27, -140.08]","[0.469, 0.0, 0.091, 0.0]","{""max_liq"": 1000, ""tp_mult"": 1.4, ""sl_mult"": 0.7, ""trail_pct"": 0.0, ""trail_act"": 0.15, ""timeout_min"": 30}"
BOND_FAST,liq<$1K tp39 sl30 notrail t15m,-32.65,-176.3,-130.6,94,0.5,"[97.42, -176.3, 13.08, -64.8]","[0.594, 0.0, 0.636, 0.214]","{""max_liq"": 1000, ""tp_mult"": 1.4, ""sl_mult"": 0.7, ""trail_pct"": 0.0, ""trail_act"": 0.25, ""timeout_min"": 15}"
BOND_FAST,liq<$1K tp39 sl30 notrail t20m,-46.59,-176.3,-186.34,94,0.25,"[118.15, -176.3, -70.54, -57.65]","[0.594, 0.0, 0.091, 0.214]","{""max_liq"": 1000, ""tp_mult"": 1.4, ""sl_mult"": 0.7, ""trail_pct"": 0.0, ""trail_act"": 0.25, ""timeout_min"": 20}"
BOND_FAST,liq<$1K tp39 sl30 notrail t30m,-145.22,-270.23,-580.88,94,0.0,"[-128.3, -270.23, -42.27, -140.08]","[0.469, 0.0, 0.091, 0.0]","{""max_liq"": 1000, ""tp_mult"": 1.4, ""sl_mult"": 0.7, ""trail_pct"": 0.0, ""trail_act"": 0.25, ""timeout_min"": 30}"
BOND_FAST,liq<$1K tp39 sl30 trail10@15 t15m,-28.36,-176.3,-113.42,94,0.5,"[63.19, -176.3, 64.49, -64.8]","[0.594, 0.0, 0.864, 0.214]","{""max_liq"": 1000, ""tp_mult"": 1.4, ""sl_mult"": 0.7, ""trail_pct"": 0.1, ""trail_act"": 0.15, ""timeout_min"": 15}"
BOND_FAST,liq<$1K tp39 sl30 trail10@15 t20m,-3.62,-176.3,-14.47,94,0.5,"[150.91, -176.3, 68.57, -57.65]","[0.594, 0.0, 0.864, 0.214]","{""max_liq"": 1000, ""tp_mult"": 1.4, ""sl_mult"": 0.7, ""trail_pct"": 0.1, ""trail_act"": 0.15, ""timeout_min"": 20}"
BOND_FAST,liq<$1K tp39 sl30 trail10@15 t30m,-34.59,-218.67,-138.35,94,0.5,"[166.45, -218.67, 53.95, -140.08]","[0.719, 0.231, 0.864, 0.0]","{""max_liq"": 1000, ""tp_mult"": 1.4, ""sl_mult"": 0.7, ""trail_pct"": 0.1, ""trail_act"": 0.15, ""timeout_min"": 30}"
BOND_FAST,liq<$1K tp39 sl30 trail10@25 t15m,-30.77,-176.3,-123.06,94,0.5,"[63.19, -176.3, 54.84, -64.8]","[0.594, 0.0, 0.727, 0.214]","{""max_liq"": 1000, ""tp_mult"": 1.4, ""sl_mult"": 0.7, ""trail_pct"": 0.1, ""trail_act"": 0.25, ""timeout_min"": 15}"
BOND_FAST,liq<$1K tp39 sl30 trail10@25 t20m,-10.16,-176.3,-40.65,94,0.5,"[150.91, -176.3, 42.4, -57.65]","[0.594, 0.0, 0.682, 0.214]","{""max_liq"": 1000, ""tp_mult"": 1.4, ""sl_mult"": 0.7, ""trail_pct"": 0.1, ""trail_act"": 0.25, ""timeout_min"": 20}"
BOND_FAST,liq<$1K tp39 sl30 trail10@25 t30m,-49.82,-270.23,-199.29,94,0.5,"[166.45, -270.23, 44.57, -140.08]","[0.719, 0.0, 0.682, 0.0]","{""max_liq"": 1000, ""tp_mult"": 1.4, ""sl_mult"": 0.7, ""trail_pct"": 0.1, ""trail_act"": 0.25, ""timeout_min"": 30}"
BOND_FAST,liq<$1K tp39 sl30 trail15@15 t15m,-38.26,-176.3,-153.05,94,0.5,"[69.95, -176.3, 18.1, -64.8]","[0.594, 0.0, 0.727, 0.214]","{""max_liq"": 1000, ""tp_mult"": 1.4, ""sl_mult"": 0.7, ""trail_pct"": 0.15, ""trail_act"": 0.15, ""timeout_min"": 15}"
BOND_FAST,liq<$1K tp39 sl30 trail15@15 t20m,-21.56,-176.3,-86.23,94,0.5,"[133.0, -176.3, 14.72, -57.65]","[0.594, 0.0, 0.773, 0.214]","{""max_liq"": 1000, ""tp_mult"": 1.4, ""sl_mult"": 0.7, ""trail_pct"": 0.15, ""trail_act"": 0.15, ""timeout_min"": 20}"
BOND_FAST,liq<$1K tp39 sl30 trail15@15 t30m,-58.92,-247.57,-235.66,94,0.5,"[148.54, -247.57, 3.45, -140.08]","[0.719, 0.0, 0.773, 0.0]","{""max_liq"": 1000, ""tp_mult"": 1.4, ""sl_mult"": 0.7, ""trail_pct"": 0.15, ""trail_act"": 0.15, ""timeout_min"": 30}"
BOND_FAST,liq<$1K tp39 sl30 trail15@25 t15m,-39.05,-176.3,-156.2,94,0.5,"[69.95, -176.3, 14.94, -64.8]","[0.594, 0.0, 0.636, 0.214]","{""max_liq"": 1000, ""tp_mult"": 1.4, ""sl_mult"": 0.7, ""trail_pct"": 0.15, ""trail_act"": 0.25, ""timeout_min"": 15}"
BOND_FAST,liq<$1K tp39 sl30 trail15@25 t20m,-24.17,-176.3,-96.66,94,0.5,"[133.0, -176.3, 4.29, -57.65]","[0.594, 0.0, 0.682, 0.214]","{""max_liq"": 1000, ""tp_mult"": 1.4, ""sl_mult"": 0.7, ""trail_pct"": 0.15, ""trail_act"": 0.25, ""timeout_min"": 20}"
BOND_FAST,liq<$1K tp39 sl30 trail15@25 t30m,-63.83,-270.23,-255.3,94,0.5,"[148.54, -270.23, 6.47, -140.08]","[0.719, 0.0, 0.682, 0.0]","{""max_liq"": 1000, ""tp_mult"": 1.4, ""sl_mult"": 0.7, ""trail_pct"": 0.15, ""trail_act"": 0.25, ""timeout_min"": 30}"
BOND_FAST,liq<$1K tp39 sl30 trail20@15 t15m,-44.38,-176.3,-177.51,94,0.5,"[50.51, -176.3, 13.08, -64.8]","[0.594, 0.0, 0.636, 0.214]","{""max_liq"": 1000, ""tp_mult"": 1.4, ""sl_mult"": 0.7, ""trail_pct"": 0.2, ""trail_act"": 0.15, ""timeout_min"": 15}"
BOND_FAST,liq<$1K tp39 sl30 trail20@15 t20m,-45.08,-176.3,-180.32,94,0.25,"[94.73, -176.3, -41.11, -57.65]","[0.594, 0.0, 0.136, 0.214]","{""max_liq"": 1000, ""tp_mult"": 1.4, ""sl_mult"": 0.7, ""trail_pct"": 0.2, ""trail_act"": 0.15, ""timeout_min"": 20}"
BOND_FAST,liq<$1K tp39 sl30 trail20@15 t30m,-93.63,-270.23,-374.53,94,0.25,"[67.43, -270.23, -31.64, -140.08]","[0.688, 0.0, 0.136, 0.0]","{""max_liq"": 1000, ""tp_mult"": 1.4, ""sl_mult"": 0.7, ""trail_pct"": 0.2, ""trail_act"": 0.15, ""timeout_min"": 30}"
BOND_FAST,liq<$1K tp39 sl30 trail20@25 t15m,-44.38,-176.3,-177.51,94,0.5,"[50.51, -176.3, 13.08, -64.8]","[0.594, 0.0, 0.636, 0.214]","{""max_liq"": 1000, ""tp_mult"": 1.4, ""sl_mult"": 0.7, ""trail_pct"": 0.2, ""trail_act"": 0.25, ""timeout_min"": 15}"
BOND_FAST,liq<$1K tp39 sl30 trail20@25 t20m,-45.08,-176.3,-180.32,94,0.25,"[94.73, -176.3, -41.11, -57.65]","[0.594, 0.0, 0.136, 0.214]","{""max_liq"": 1000, ""tp_mult"": 1.4, ""sl_mult"": 0.7, ""trail_pct"": 0.2, ""trail_act"": 0.25, ""timeout_min"": 20}"
BOND_FAST,liq<$1K tp39 sl30 trail20@25 t30m,-93.63,-270.23,-374.53,94,0.25,"[67.43, -270.23, -31.64, -140.08]","[0.688, 0.0, 0.136, 0.0]","{""max_liq"": 1000, ""tp_mult"": 1.4, ""sl_mult"": 0.7, ""trail_pct"": 0.2, ""trail_act"": 0.25, ""timeout_min"": 30}"
BOND_FAST,liq<$1K tp39 sl25 notrail t15m,-25.13,-161.21,-100.51,94,0.5,"[112.42, -161.21, 13.08, -64.8]","[0.594, 0.0, 0.636, 0.214]","{""max_liq"": 1000, ""tp_mult"": 1.4, ""sl_mult"": 0.75, ""trail_pct"": 0.0, ""trail_act"": 0.15, ""timeout_min"": 15}"
BOND_FAST,liq<$1K tp39 sl25 notrail t20m,-39.06,-161.21,-156.25,94,0.25,"[133.15, -161.21, -70.54, -57.65]","[0.594, 0.0, 0.091, 0.214]","{""max_liq"": 1000, ""tp_mult"": 1.4, ""sl_mult"": 0.75, ""trail_pct"": 0.0, ""trail_act"": 0.15, ""timeout_min"": 20}"
BOND_FAST,liq<$1K tp39 sl25 notrail t30m,-168.25,-255.14,-673.02,94,0.0,"[-113.3, -255.14, -153.71, -150.87]","[0.469, 0.0, 0.091, 0.0]","{""max_liq"": 1000, ""tp_mult"": 1.4, ""sl_mult"": 0.75, ""trail_pct"": 0.0, ""trail_act"": 0.15, ""timeout_min"": 30}"
BOND_FAST,liq<$1K tp39 sl25 notrail t15m,-25.13,-161.21,-100.51,94,0.5,"[112.42, -161.21, 13.08, -64.8]","[0.594, 0.0, 0.636, 0.214]","{""max_liq"": 1000, ""tp_mult"": 1.4, ""sl_mult"": 0.75, ""trail_pct"": 0.0, ""trail_act"": 0.25, ""timeout_min"": 15}"
BOND_FAST,liq<$1K tp39 sl25 notrail t20m,-39.06,-161.21,-156.25,94,0.25,"[133.15, -161.21, -70.54, -57.65]","[0.594, 0.0, 0.091, 0.214]","{""max_liq"": 1000, ""tp_mult"": 1.4, ""sl_mult"": 0.75, ""trail_pct"": 0.0, ""trail_act"": 0.25, ""timeout_min"": 20}"
BOND_FAST,liq<$1K tp39 sl25 notrail t30m,-168.25,-255.14,-673.02,94,0.0,"[-113.3, -255.14, -153.71, -150.87]","[0.469, 0.0, 0.091, 0.0]","{""max_liq"": 1000, ""tp_mult"": 1.4, ""sl_mult"": 0.75, ""trail_pct"": 0.0, ""trail_act"": 0.25, ""timeout_min"": 30}"
BOND_FAST,liq<$1K tp39 sl25 trail10@15 t15m,-20.83,-161.21,-83.33,94,0.5,"[78.19, -161.21, 64.49, -64.8]","[0.594, 0.0, 0.864, 0.214]","{""max_liq"": 1000, ""tp_mult"": 1.4, ""sl_mult"": 0.75, ""trail_pct"": 0.1, ""trail_act"": 0.15, ""timeout_min"": 15}"
BOND_FAST,liq<$1K tp39 sl25 trail10@15 t20m,3.9,-161.21,15.62,94,0.5,"[165.91, -161.21, 68.57, -57.65]","[0.594, 0.0, 0.864, 0.214]","{""max_liq"": 1000, ""tp_mult"": 1.4, ""sl_mult"": 0.75, ""trail_pct"": 0.1, ""trail_act"": 0.15, ""timeout_min"": 20}"
BOND_FAST,liq<$1K tp39 sl25 trail10@15 t30m,-30.06,-203.58,-120.25,94,0.5,"[181.45, -203.58, 52.75, -150.87]","[0.719, 0.231, 0.864, 0.0]","{""max_liq"": 1000, ""tp_mult"": 1.4, ""sl_mult"": 0.75, ""trail_pct"": 0.1, ""trail_act"": 0.15, ""timeout_min"": 30}"
BOND_FAST,liq<$1K tp39 sl25 trail10@25 t15m,-23.25,-161.21,-92.97,94,0.5,"[78.19, -161.21, 54.84, -64.8]","[0.594, 0.0, 0.727, 0.214]","{""max_liq"": 1000, ""tp_mult"": 1.4, ""sl_mult"": 0.75, ""trail_pct"": 0.1, ""trail_act"": 0.25, ""timeout_min"": 15}"
BOND_FAST,liq<$1K tp39 sl25 trail10@25 t20m,-2.64,-161.21,-10.56,94,0.5,"[165.91, -161.21, 42.4, -57.65]","[0.594, 0.0, 0.682, 0.214]","{""max_liq"": 1000, ""tp_mult"": 1.4, ""sl_mult"": 0.75, ""trail_pct"": 0.1, ""trail_act"": 0.25, ""timeout_min"": 20}"
BOND_FAST,liq<$1K tp39 sl25 trail10@25 t30m,-45.3,-255.14,-181.19,94,0.5,"[181.45, -255.14, 43.37, -150.87]","[0.719, 0.0, 0.682, 0.0]","{""max_liq"": 1000, ""tp_mult"": 1.4, ""sl_mult"": 0.75, ""trail_pct"": 0.1, ""trail_act"": 0.25, ""timeout_min"": 30}"
BOND_FAST,liq<$1K tp39 sl25 trail15@15 t15m,-30.74,-161.21,-122.96,94,0.5,"[84.95, -161.21, 18.1, -64.8]","[0.594, 0.0, 0.727, 0.214]","{""max_liq"": 1000, ""tp_mult"": 1.4, ""sl_mult"": 0.75, ""trail_pct"": 0.15, ""trail_act"": 0.15, ""timeout_min"": 15}"
BOND_FAST,liq<$1K tp39 sl25 trail15@15 t20m,-14.04,-161.21,-56.14,94,0.5,"[148.0, -161.21, 14.72, -57.65]","[0.594, 0.0, 0.773, 0.214]","{""max_liq"": 1000, ""tp_mult"": 1.4, ""sl_mult"": 0.75, ""trail_pct"": 0.15, ""trail_act"": 0.15, ""timeout_min"": 20}"
BOND_FAST,liq<$1K tp39 sl25 trail15@15 t30m,-54.39,-232.48,-217.55,94,0.5,"[163.54, -232.48, 2.25, -150.87]","[0.719, 0.0, 0.773, 0.0]","{""max_liq"": 1000, ""tp_mult"": 1.4, ""sl_mult"": 0.75, ""trail_pct"": 0.15, ""trail_act"": 0.15, ""timeout_min"": 30}"
BOND_FAST,liq<$1K tp39 sl25 trail15@25 t15m,-31.53,-161.21,-126.11,94,0.5,"[84.95, -161.21, 14.94, -64.8]","[0.594, 0.0, 0.636, 0.214]","{""max_liq"": 1000, ""tp_mult"": 1.4, ""sl_mult"": 0.75, ""trail_pct"": 0.15, ""trail_act"": 0.25, ""timeout_min"": 15}"
BOND_FAST,liq<$1K tp39 sl25 trail15@25 t20m,-16.64,-161.21,-66.57,94,0.5,"[148.0, -161.21, 4.29, -57.65]","[0.594, 0.0, 0.682, 0.214]","{""max_liq"": 1000, ""tp_mult"": 1.4, ""sl_mult"": 0.75, ""trail_pct"": 0.15, ""trail_act"": 0.25, ""timeout_min"": 20}"
BOND_FAST,liq<$1K tp39 sl25 trail15@25 t30m,-59.3,-255.14,-237.2,94,0.5,"[163.54, -255.14, 5.27, -150.87]","[0.719, 0.0, 0.682, 0.0]","{""max_liq"": 1000, ""tp_mult"": 1.4, ""sl_mult"": 0.75, ""trail_pct"": 0.15, ""trail_act"": 0.25, ""timeout_min"": 30}"
BOND_FAST,liq<$1K tp39 sl25 trail20@15 t15m,-36.85,-161.21,-147.42,94,0.5,"[65.51, -161.21, 13.08, -64.8]","[0.594, 0.0, 0.636, 0.214]","{""max_liq"": 1000, ""tp_mult"": 1.4, ""sl_mult"": 0.75, ""trail_pct"": 0.2, ""trail_act"": 0.15, ""timeout_min"": 15}"
BOND_FAST,liq<$1K tp39 sl25 trail20@15 t20m,-37.56,-161.21,-150.23,94,0.25,"[109.73, -161.21, -41.11, -57.65]","[0.594, 0.0, 0.136, 0.214]","{""max_liq"": 1000, ""tp_mult"": 1.4, ""sl_mult"": 0.75, ""trail_pct"": 0.2, ""trail_act"": 0.15, ""timeout_min"": 20}"
BOND_FAST,liq<$1K tp39 sl25 trail20@15 t30m,-89.1,-255.14,-356.42,94,0.25,"[82.43, -255.14, -32.84, -150.87]","[0.688, 0.0, 0.136, 0.0]","{""max_liq"": 1000, ""tp_mult"": 1.4, ""sl_mult"": 0.75, ""trail_pct"": 0.2, ""trail_act"": 0.15, ""timeout_min"": 30}"
BOND_FAST,liq<$1K tp39 sl25 trail20@25 t15m,-36.85,-161.21,-147.42,94,0.5,"[65.51, -161.21, 13.08, -64.8]","[0.594, 0.0, 0.636, 0.214]","{""max_liq"": 1000, ""tp_mult"": 1.4, ""sl_mult"": 0.75, ""trail_pct"": 0.2, ""trail_act"": 0.25, ""timeout_min"": 15}"
BOND_FAST,liq<$1K tp39 sl25 trail20@25 t20m,-37.56,-161.21,-150.23,94,0.25,"[109.73, -161.21, -41.11, -57.65]","[0.594, 0.0, 0.136, 0.214]","{""max_liq"": 1000, ""tp_mult"": 1.4, ""sl_mult"": 0.75, ""trail_pct"": 0.2, ""trail_act"": 0.25, ""timeout_min"": 20}"
BOND_FAST,liq<$1K tp39 sl25 trail20@25 t30m,-89.1,-255.14,-356.42,94,0.25,"[82.43, -255.14, -32.84, -150.87]","[0.688, 0.0, 0.136, 0.0]","{""max_liq"": 1000, ""tp_mult"": 1.4, ""sl_mult"": 0.75, ""trail_pct"": 0.2, ""trail_act"": 0.25, ""timeout_min"": 30}"
BOND_FAST,liq<$1K tp39 sl19 notrail t15m,-17.61,-146.12,-70.42,94,0.5,"[127.42, -146.12, 13.08, -64.8]","[0.594, 0.0, 0.636, 0.214]","{""max_liq"": 1000, ""tp_mult"": 1.4, ""sl_mult"": 0.8, ""trail_pct"": 0.0, ""trail_act"": 0.15, ""timeout_min"": 15}"
BOND_FAST,liq<$1K tp39 sl19 notrail t20m,-31.54,-146.12,-126.16,94,0.25,"[148.15, -146.12, -70.54, -57.65]","[0.594, 0.0, 0.091, 0.214]","{""max_liq"": 1000, ""tp_mult"": 1.4, ""sl_mult"": 0.8, ""trail_pct"": 0.0, ""trail_act"": 0.15, ""timeout_min"": 20}"
BOND_FAST,liq<$1K tp39 sl19 notrail t30m,-158.22,-240.05,-632.88,94,0.0,"[-98.3, -240.05, -166.14, -128.39]","[0.469, 0.0, 0.091, 0.0]","{""max_liq"": 1000, ""tp_mult"": 1.4, ""sl_mult"": 0.8, ""trail_pct"": 0.0, ""trail_act"": 0.15, ""timeout_min"": 30}"
BOND_FAST,liq<$1K tp39 sl19 notrail t15m,-17.61,-146.12,-70.42,94,0.5,"[127.42, -146.12, 13.08, -64.8]","[0.594, 0.0, 0.636, 0.214]","{""max_liq"": 1000, ""tp_mult"": 1.4, ""sl_mult"": 0.8, ""trail_pct"": 0.0, ""trail_act"": 0.25, ""timeout_min"": 15}"
BOND_FAST,liq<$1K tp39 sl19 notrail t20m,-31.54,-146.12,-126.16,94,0.25,"[148.15, -146.12, -70.54, -57.65]","[0.594, 0.0, 0.091, 0.214]","{""max_liq"": 1000, ""tp_mult"": 1.4, ""sl_mult"": 0.8, ""trail_pct"": 0.0, ""trail_act"": 0.25, ""timeout_min"": 20}"
BOND_FAST,liq<$1K tp39 sl19 notrail t30m,-158.22,-240.05,-632.88,94,0.0,"[-98.3, -240.05, -166.14, -128.39]","[0.469, 0.0, 0.091, 0.0]","{""max_liq"": 1000, ""tp_mult"": 1.4, ""sl_mult"": 0.8, ""trail_pct"": 0.0, ""trail_act"": 0.25, ""timeout_min"": 30}"
BOND_FAST,liq<$1K tp39 sl19 trail10@15 t15m,-13.31,-146.12,-53.24,94,0.5,"[93.19, -146.12, 64.49, -64.8]","[0.594, 0.0, 0.864, 0.214]","{""max_liq"": 1000, ""tp_mult"": 1.4, ""sl_mult"": 0.8, ""trail_pct"": 0.1, ""trail_act"": 0.15, ""timeout_min"": 15}"
BOND_FAST,liq<$1K tp39 sl19 trail10@15 t20m,11.43,-146.12,45.71,94,0.5,"[180.91, -146.12, 68.57, -57.65]","[0.594, 0.0, 0.864, 0.214]","{""max_liq"": 1000, ""tp_mult"": 1.4, ""sl_mult"": 0.8, ""trail_pct"": 0.1, ""trail_act"": 0.15, ""timeout_min"": 20}"
BOND_FAST,liq<$1K tp39 sl19 trail10@15 t30m,-15.97,-188.49,-63.88,94,0.5,"[196.45, -188.49, 56.55, -128.39]","[0.719, 0.231, 0.864, 0.0]","{""max_liq"": 1000, ""tp_mult"": 1.4, ""sl_mult"": 0.8, ""trail_pct"": 0.1, ""trail_act"": 0.15, ""timeout_min"": 30}"
BOND_FAST,liq<$1K tp39 sl19 trail10@25 t15m,-15.72,-146.12,-62.88,94,0.5,"[93.19, -146.12, 54.84, -64.8]","[0.594, 0.0, 0.727, 0.214]","{""max_liq"": 1000, ""tp_mult"": 1.4, ""sl_mult"": 0.8, ""trail_pct"": 0.1, ""trail_act"": 0.25, ""timeout_min"": 15}"
BOND_FAST,liq<$1K tp39 sl19 trail10@25 t20m,4.88,-146.12,19.53,94,0.5,"[180.91, -146.12, 42.4, -57.65]","[0.594, 0.0, 0.682, 0.214]","{""max_liq"": 1000, ""tp_mult"": 1.4, ""sl_mult"": 0.8, ""trail_pct"": 0.1, ""trail_act"": 0.25, ""timeout_min"": 20}"
BOND_FAST,liq<$1K tp39 sl19 trail10@25 t30m,-33.51,-240.05,-134.05,94,0.5,"[196.45, -240.05, 37.94, -128.39]","[0.719, 0.0, 0.682, 0.0]","{""max_liq"": 1000, ""tp_mult"": 1.4, ""sl_mult"": 0.8, ""trail_pct"": 0.1, ""trail_act"": 0.25, ""timeout_min"": 30}"
BOND_FAST,liq<$1K tp39 sl19 trail15@15 t15m,-23.22,-146.12,-92.87,94,0.5,"[99.95, -146.12, 18.1, -64.8]","[0.594, 0.0, 0.727, 0.214]","{""max_liq"": 1000, ""tp_mult"": 1.4, ""sl_mult"": 0.8, ""trail_pct"": 0.15, ""trail_act"": 0.15, ""timeout_min"": 15}"
BOND_FAST,liq<$1K tp39 sl19 trail15@15 t20m,-6.51,-146.12,-26.05,94,0.5,"[163.0, -146.12, 14.72, -57.65]","[0.594, 0.0, 0.773, 0.214]","{""max_liq"": 1000, ""tp_mult"": 1.4, ""sl_mult"": 0.8, ""trail_pct"": 0.15, ""trail_act"": 0.15, ""timeout_min"": 20}"
BOND_FAST,liq<$1K tp39 sl19 trail15@15 t30m,-40.3,-217.39,-161.19,94,0.5,"[178.54, -217.39, 6.05, -128.39]","[0.719, 0.0, 0.773, 0.0]","{""max_liq"": 1000, ""tp_mult"": 1.4, ""sl_mult"": 0.8, ""trail_pct"": 0.15, ""trail_act"": 0.15, ""timeout_min"": 30}"
BOND_FAST,liq<$1K tp39 sl19 trail15@25 t15m,-24.01,-146.12,-96.02,94,0.5,"[99.95, -146.12, 14.94, -64.8]","[0.594, 0.0, 0.636, 0.214]","{""max_liq"": 1000, ""tp_mult"": 1.4, ""sl_mult"": 0.8, ""trail_pct"": 0.15, ""trail_act"": 0.25, ""timeout_min"": 15}"
BOND_FAST,liq<$1K tp39 sl19 trail15@25 t20m,-9.12,-146.12,-36.48,94,0.5,"[163.0, -146.12, 4.29, -57.65]","[0.594, 0.0, 0.682, 0.214]","{""max_liq"": 1000, ""tp_mult"": 1.4, ""sl_mult"": 0.8, ""trail_pct"": 0.15, ""trail_act"": 0.25, ""timeout_min"": 20}"
BOND_FAST,liq<$1K tp39 sl19 trail15@25 t30m,-47.52,-240.05,-190.06,94,0.25,"[178.54, -240.05, -0.16, -128.39]","[0.719, 0.0, 0.682, 0.0]","{""max_liq"": 1000, ""tp_mult"": 1.4, ""sl_mult"": 0.8, ""trail_pct"": 0.15, ""trail_act"": 0.25, ""timeout_min"": 30}"
BOND_FAST,liq<$1K tp39 sl19 trail20@15 t15m,-29.33,-146.12,-117.33,94,0.5,"[80.51, -146.12, 13.08, -64.8]","[0.594, 0.0, 0.636, 0.214]","{""max_liq"": 1000, ""tp_mult"": 1.4, ""sl_mult"": 0.8, ""trail_pct"": 0.2, ""trail_act"": 0.15, ""timeout_min"": 15}"
BOND_FAST,liq<$1K tp39 sl19 trail20@15 t20m,-30.04,-146.12,-120.14,94,0.25,"[124.73, -146.12, -41.11, -57.65]","[0.594, 0.0, 0.136, 0.214]","{""max_liq"": 1000, ""tp_mult"": 1.4, ""sl_mult"": 0.8, ""trail_pct"": 0.2, ""trail_act"": 0.15, ""timeout_min"": 20}"
BOND_FAST,liq<$1K tp39 sl19 trail20@15 t30m,-77.32,-240.05,-309.29,94,0.25,"[97.43, -240.05, -38.27, -128.39]","[0.688, 0.0, 0.136, 0.0]","{""max_liq"": 1000, ""tp_mult"": 1.4, ""sl_mult"": 0.8, ""trail_pct"": 0.2, ""trail_act"": 0.15, ""timeout_min"": 30}"
BOND_FAST,liq<$1K tp39 sl19 trail20@25 t15m,-29.33,-146.12,-117.33,94,0.5,"[80.51, -146.12, 13.08, -64.8]","[0.594, 0.0, 0.636, 0.214]","{""max_liq"": 1000, ""tp_mult"": 1.4, ""sl_mult"": 0.8, ""trail_pct"": 0.2, ""trail_act"": 0.25, ""timeout_min"": 15}"
BOND_FAST,liq<$1K tp39 sl19 trail20@25 t20m,-30.04,-146.12,-120.14,94,0.25,"[124.73, -146.12, -41.11, -57.65]","[0.594, 0.0, 0.136, 0.214]","{""max_liq"": 1000, ""tp_mult"": 1.4, ""sl_mult"": 0.8, ""trail_pct"": 0.2, ""trail_act"": 0.25, ""timeout_min"": 20}"
BOND_FAST,liq<$1K tp39 sl19 trail20@25 t30m,-77.32,-240.05,-309.29,94,0.25,"[97.43, -240.05, -38.27, -128.39]","[0.688, 0.0, 0.136, 0.0]","{""max_liq"": 1000, ""tp_mult"": 1.4, ""sl_mult"": 0.8, ""trail_pct"": 0.2, ""trail_act"": 0.25, ""timeout_min"": 30}"
BOND_FAST,liq<$1K tp50 sl30 notrail t15m,-21.36,-176.3,-85.42,94,0.5,"[142.6, -176.3, 13.08, -64.8]","[0.594, 0.0, 0.636, 0.214]","{""max_liq"": 1000, ""tp_mult"": 1.5, ""sl_mult"": 0.7, ""trail_pct"": 0.0, ""trail_act"": 0.15, ""timeout_min"": 15}"
BOND_FAST,liq<$1K tp50 sl30 notrail t20m,-35.29,-176.3,-141.16,94,0.25,"[163.33, -176.3, -70.54, -57.65]","[0.594, 0.0, 0.091, 0.214]","{""max_liq"": 1000, ""tp_mult"": 1.5, ""sl_mult"": 0.7, ""trail_pct"": 0.0, ""trail_act"": 0.15, ""timeout_min"": 20}"
BOND_FAST,liq<$1K tp50 sl30 notrail t30m,-133.93,-270.23,-535.7,94,0.0,"[-83.12, -270.23, -42.27, -140.08]","[0.469, 0.0, 0.091, 0.0]","{""max_liq"": 1000, ""tp_mult"": 1.5, ""sl_mult"": 0.7, ""trail_pct"": 0.0, ""trail_act"": 0.15, ""timeout_min"": 30}"
BOND_FAST,liq<$1K tp50 sl30 notrail t15m,-21.36,-176.3,-85.42,94,0.5,"[142.6, -176.3, 13.08, -64.8]","[0.594, 0.0, 0.636, 0.214]","{""max_liq"": 1000, ""tp_mult"": 1.5, ""sl_mult"": 0.7, ""trail_pct"": 0.0, ""trail_act"": 0.25, ""timeout_min"": 15}"
BOND_FAST,liq<$1K tp50 sl30 notrail t20m,-35.29,-176.3,-141.16,94,0.25,"[163.33, -176.3, -70.54, -57.65]","[0.594, 0.0, 0.091, 0.214]","{""max_liq"": 1000, ""tp_mult"": 1.5, ""sl_mult"": 0.7, ""trail_pct"": 0.0, ""trail_act"": 0.25, ""timeout_min"": 20}"
BOND_FAST,liq<$1K tp50 sl30 notrail t30m,-133.93,-270.23,-535.7,94,0.0,"[-83.12, -270.23, -42.27, -140.08]","[0.469, 0.0, 0.091, 0.0]","{""max_liq"": 1000, ""tp_mult"": 1.5, ""sl_mult"": 0.7, ""trail_pct"": 0.0, ""trail_act"": 0.25, ""timeout_min"": 30}"
BOND_FAST,liq<$1K tp50 sl30 trail10@15 t15m,-25.86,-176.3,-103.42,94,0.5,"[73.19, -176.3, 64.49, -64.8]","[0.594, 0.0, 0.864, 0.214]","{""max_liq"": 1000, ""tp_mult"": 1.5, ""sl_mult"": 0.7, ""trail_pct"": 0.1, ""trail_act"": 0.15, ""timeout_min"": 15}"
BOND_FAST,liq<$1K tp50 sl30 trail10@15 t20m,-1.12,-176.3,-4.47,94,0.5,"[160.91, -176.3, 68.57, -57.65]","[0.594, 0.0, 0.864, 0.214]","{""max_liq"": 1000, ""tp_mult"": 1.5, ""sl_mult"": 0.7, ""trail_pct"": 0.1, ""trail_act"": 0.15, ""timeout_min"": 20}"
BOND_FAST,liq<$1K tp50 sl30 trail10@15 t30m,-32.09,-218.67,-128.35,94,0.5,"[176.45, -218.67, 53.95, -140.08]","[0.719, 0.231, 0.864, 0.0]","{""max_liq"": 1000, ""tp_mult"": 1.5, ""sl_mult"": 0.7, ""trail_pct"": 0.1, ""trail_act"": 0.15, ""timeout_min"": 30}"
BOND_FAST,liq<$1K tp50 sl30 trail10@25 t15m,-28.27,-176.3,-113.06,94,0.5,"[73.19, -176.3, 54.84, -64.8]","[0.594, 0.0, 0.727, 0.214]","{""max_liq"": 1000, ""tp_mult"": 1.5, ""sl_mult"": 0.7, ""trail_pct"": 0.1, ""trail_act"": 0.25, ""timeout_min"": 15}"
BOND_FAST,liq<$1K tp50 sl30 trail10@25 t20m,-7.66,-176.3,-30.65,94,0.5,"[160.91, -176.3, 42.4, -57.65]","[0.594, 0.0, 0.682, 0.214]","{""max_liq"": 1000, ""tp_mult"": 1.5, ""sl_mult"": 0.7, ""trail_pct"": 0.1, ""trail_act"": 0.25, ""timeout_min"": 20}"
BOND_FAST,liq<$1K tp50 sl30 trail10@25 t30m,-47.32,-270.23,-189.29,94,0.5,"[176.45, -270.23, 44.57, -140.08]","[0.719, 0.0, 0.682, 0.0]","{""max_liq"": 1000, ""tp_mult"": 1.5, ""sl_mult"": 0.7, ""trail_pct"": 0.1, ""trail_act"": 0.25, ""timeout_min"": 30}"
BOND_FAST,liq<$1K tp50 sl30 trail15@15 t15m,-33.26,-176.3,-133.05,94,0.5,"[89.95, -176.3, 18.1, -64.8]","[0.594, 0.0, 0.727, 0.214]","{""max_liq"": 1000, ""tp_mult"": 1.5, ""sl_mult"": 0.7, ""trail_pct"": 0.15, ""trail_act"": 0.15, ""timeout_min"": 15}"
BOND_FAST,liq<$1K tp50 sl30 trail15@15 t20m,-16.56,-176.3,-66.23,94,0.5,"[153.0, -176.3, 14.72, -57.65]","[0.594, 0.0, 0.773, 0.214]","{""max_liq"": 1000, ""tp_mult"": 1.5, ""sl_mult"": 0.7, ""trail_pct"": 0.15, ""trail_act"": 0.15, ""timeout_min"": 20}"
BOND_FAST,liq<$1K tp50 sl30 trail15@15 t30m,-53.92,-247.57,-215.66,94,0.5,"[168.54, -247.57, 3.45, -140.08]","[0.719, 0.0, 0.773, 0.0]","{""max_liq"": 1000, ""tp_mult"": 1.5, ""sl_mult"": 0.7, ""trail_pct"": 0.15, ""trail_act"": 0.15, ""timeout_min"": 30}"
BOND_FAST,liq<$1K tp50 sl30 trail15@25 t15m,-34.05,-176.3,-136.2,94,0.5,"[89.95, -176.3, 14.94, -64.8]","[0.594, 0.0, 0.636, 0.214]","{""max_liq"": 1000, ""tp_mult"": 1.5, ""sl_mult"": 0.7, ""trail_pct"": 0.15, ""trail_act"": 0.25, ""timeout_min"": 15}"
BOND_FAST,liq<$1K tp50 sl30 trail15@25 t20m,-19.17,-176.3,-76.66,94,0.5,"[153.0, -176.3, 4.29, -57.65]","[0.594, 0.0, 0.682, 0.214]","{""max_liq"": 1000, ""tp_mult"": 1.5, ""sl_mult"": 0.7, ""trail_pct"": 0.15, ""trail_act"": 0.25, ""timeout_min"": 20}"
BOND_FAST,liq<$1K tp50 sl30 trail15@25 t30m,-58.83,-270.23,-235.3,94,0.5,"[168.54, -270.23, 6.47, -140.08]","[0.719, 0.0, 0.682, 0.0]","{""max_liq"": 1000, ""tp_mult"": 1.5, ""sl_mult"": 0.7, ""trail_pct"": 0.15, ""trail_act"": 0.25, ""timeout_min"": 30}"
BOND_FAST,liq<$1K tp50 sl30 trail20@15 t15m,-39.38,-176.3,-157.51,94,0.5,"[70.51, -176.3, 13.08, -64.8]","[0.594, 0.0, 0.636, 0.214]","{""max_liq"": 1000, ""tp_mult"": 1.5, ""sl_mult"": 0.7, ""trail_pct"": 0.2, ""trail_act"": 0.15, ""timeout_min"": 15}"
BOND_FAST,liq<$1K tp50 sl30 trail20@15 t20m,-40.08,-176.3,-160.32,94,0.25,"[114.73, -176.3, -41.11, -57.65]","[0.594, 0.0, 0.136, 0.214]","{""max_liq"": 1000, ""tp_mult"": 1.5, ""sl_mult"": 0.7, ""trail_pct"": 0.2, ""trail_act"": 0.15, ""timeout_min"": 20}"
BOND_FAST,liq<$1K tp50 sl30 trail20@15 t30m,-88.63,-270.23,-354.53,94,0.25,"[87.43, -270.23, -31.64, -140.08]","[0.688, 0.0, 0.136, 0.0]","{""max_liq"": 1000, ""tp_mult"": 1.5, ""sl_mult"": 0.7, ""trail_pct"": 0.2, ""trail_act"": 0.15, ""timeout_min"": 30}"
BOND_FAST,liq<$1K tp50 sl30 trail20@25 t15m,-39.38,-176.3,-157.51,94,0.5,"[70.51, -176.3, 13.08, -64.8]","[0.594, 0.0, 0.636, 0.214]","{""max_liq"": 1000, ""tp_mult"": 1.5, ""sl_mult"": 0.7, ""trail_pct"": 0.2, ""trail_act"": 0.25, ""timeout_min"": 15}"
BOND_FAST,liq<$1K tp50 sl30 trail20@25 t20m,-40.08,-176.3,-160.32,94,0.25,"[114.73, -176.3, -41.11, -57.65]","[0.594, 0.0, 0.136, 0.214]","{""max_liq"": 1000, ""tp_mult"": 1.5, ""sl_mult"": 0.7, ""trail_pct"": 0.2, ""trail_act"": 0.25, ""timeout_min"": 20}"
BOND_FAST,liq<$1K tp50 sl30 trail20@25 t30m,-88.63,-270.23,-354.53,94,0.25,"[87.43, -270.23, -31.64, -140.08]","[0.688, 0.0, 0.136, 0.0]","{""max_liq"": 1000, ""tp_mult"": 1.5, ""sl_mult"": 0.7, ""trail_pct"": 0.2, ""trail_act"": 0.25, ""timeout_min"": 30}"
BOND_FAST,liq<$1K tp50 sl25 notrail t15m,-13.83,-161.21,-55.33,94,0.5,"[157.6, -161.21, 13.08, -64.8]","[0.594, 0.0, 0.636, 0.214]","{""max_liq"": 1000, ""tp_mult"": 1.5, ""sl_mult"": 0.75, ""trail_pct"": 0.0, ""trail_act"": 0.15, ""timeout_min"": 15}"
BOND_FAST,liq<$1K tp50 sl25 notrail t20m,-27.77,-161.21,-111.07,94,0.25,"[178.33, -161.21, -70.54, -57.65]","[0.594, 0.0, 0.091, 0.214]","{""max_liq"": 1000, ""tp_mult"": 1.5, ""sl_mult"": 0.75, ""trail_pct"": 0.0, ""trail_act"": 0.15, ""timeout_min"": 20}"
BOND_FAST,liq<$1K tp50 sl25 notrail t30m,-156.96,-255.14,-627.84,94,0.0,"[-68.12, -255.14, -153.71, -150.87]","[0.469, 0.0, 0.091, 0.0]","{""max_liq"": 1000, ""tp_mult"": 1.5, ""sl_mult"": 0.75, ""trail_pct"": 0.0, ""trail_act"": 0.15, ""timeout_min"": 30}"
BOND_FAST,liq<$1K tp50 sl25 notrail t15m,-13.83,-161.21,-55.33,94,0.5,"[157.6, -161.21, 13.08, -64.8]","[0.594, 0.0, 0.636, 0.214]","{""max_liq"": 1000, ""tp_mult"": 1.5, ""sl_mult"": 0.75, ""trail_pct"": 0.0, ""trail_act"": 0.25, ""timeout_min"": 15}"
BOND_FAST,liq<$1K tp50 sl25 notrail t20m,-27.77,-161.21,-111.07,94,0.25,"[178.33, -161.21, -70.54, -57.65]","[0.594, 0.0, 0.091, 0.214]","{""max_liq"": 1000, ""tp_mult"": 1.5, ""sl_mult"": 0.75, ""trail_pct"": 0.0, ""trail_act"": 0.25, ""timeout_min"": 20}"
BOND_FAST,liq<$1K tp50 sl25 notrail t30m,-156.96,-255.14,-627.84,94,0.0,"[-68.12, -255.14, -153.71, -150.87]","[0.469, 0.0, 0.091, 0.0]","{""max_liq"": 1000, ""tp_mult"": 1.5, ""sl_mult"": 0.75, ""trail_pct"": 0.0, ""trail_act"": 0.25, ""timeout_min"": 30}"
BOND_FAST,liq<$1K tp50 sl25 trail10@15 t15m,-18.33,-161.21,-73.33,94,0.5,"[88.19, -161.21, 64.49, -64.8]","[0.594, 0.0, 0.864, 0.214]","{""max_liq"": 1000, ""tp_mult"": 1.5, ""sl_mult"": 0.75, ""trail_pct"": 0.1, ""trail_act"": 0.15, ""timeout_min"": 15}"
BOND_FAST,liq<$1K tp50 sl25 trail10@15 t20m,6.4,-161.21,25.62,94,0.5,"[175.91, -161.21, 68.57, -57.65]","[0.594, 0.0, 0.864, 0.214]","{""max_liq"": 1000, ""tp_mult"": 1.5, ""sl_mult"": 0.75, ""trail_pct"": 0.1, ""trail_act"": 0.15, ""timeout_min"": 20}"
BOND_FAST,liq<$1K tp50 sl25 trail10@15 t30m,-27.56,-203.58,-110.25,94,0.5,"[191.45, -203.58, 52.75, -150.87]","[0.719, 0.231, 0.864, 0.0]","{""max_liq"": 1000, ""tp_mult"": 1.5, ""sl_mult"": 0.75, ""trail_pct"": 0.1, ""trail_act"": 0.15, ""timeout_min"": 30}"
BOND_FAST,liq<$1K tp50 sl25 trail10@25 t15m,-20.75,-161.21,-82.97,94,0.5,"[88.19, -161.21, 54.84, -64.8]","[0.594, 0.0, 0.727, 0.214]","{""max_liq"": 1000, ""tp_mult"": 1.5, ""sl_mult"": 0.75, ""trail_pct"": 0.1, ""trail_act"": 0.25, ""timeout_min"": 15}"
BOND_FAST,liq<$1K tp50 sl25 trail10@25 t20m,-0.14,-161.21,-0.56,94,0.5,"[175.91, -161.21, 42.4, -57.65]","[0.594, 0.0, 0.682, 0.214]","{""max_liq"": 1000, ""tp_mult"": 1.5, ""sl_mult"": 0.75, ""trail_pct"": 0.1, ""trail_act"": 0.25, ""timeout_min"": 20}"
BOND_FAST,liq<$1K tp50 sl25 trail10@25 t30m,-42.8,-255.14,-171.19,94,0.5,"[191.45, -255.14, 43.37, -150.87]","[0.719, 0.0, 0.682, 0.0]","{""max_liq"": 1000, ""tp_mult"": 1.5, ""sl_mult"": 0.75, ""trail_pct"": 0.1, ""trail_act"": 0.25, ""timeout_min"": 30}"
BOND_FAST,liq<$1K tp50 sl25 trail15@15 t15m,-25.74,-161.21,-102.96,94,0.5,"[104.95, -161.21, 18.1, -64.8]","[0.594, 0.0, 0.727, 0.214]","{""max_liq"": 1000, ""tp_mult"": 1.5, ""sl_mult"": 0.75, ""trail_pct"": 0.15, ""trail_act"": 0.15, ""timeout_min"": 15}"
BOND_FAST,liq<$1K tp50 sl25 trail15@15 t20m,-9.04,-161.21,-36.14,94,0.5,"[168.0, -161.21, 14.72, -57.65]","[0.594, 0.0, 0.773, 0.214]","{""max_liq"": 1000, ""tp_mult"": 1.5, ""sl_mult"": 0.75, ""trail_pct"": 0.15, ""trail_act"": 0.15, ""timeout_min"": 20}"
BOND_FAST,liq<$1K tp50 sl25 trail15@15 t30m,-49.39,-232.48,-197.55,94,0.5,"[183.54, -232.48, 2.25, -150.87]","[0.719, 0.0, 0.773, 0.0]","{""max_liq"": 1000, ""tp_mult"": 1.5, ""sl_mult"": 0.75, ""trail_pct"": 0.15, ""trail_act"": 0.15, ""timeout_min"": 30}"
BOND_FAST,liq<$1K tp50 sl25 trail15@25 t15m,-26.53,-161.21,-106.11,94,0.5,"[104.95, -161.21, 14.94, -64.8]","[0.594, 0.0, 0.636, 0.214]","{""max_liq"": 1000, ""tp_mult"": 1.5, ""sl_mult"": 0.75, ""trail_pct"": 0.15, ""trail_act"": 0.25, ""timeout_min"": 15}"
BOND_FAST,liq<$1K tp50 sl25 trail15@25 t20m,-11.64,-161.21,-46.57,94,0.5,"[168.0, -161.21, 4.29, -57.65]","[0.594, 0.0, 0.682, 0.214]","{""max_liq"": 1000, ""tp_mult"": 1.5, ""sl_mult"": 0.75, ""trail_pct"": 0.15, ""trail_act"": 0.25, ""timeout_min"": 20}"
BOND_FAST,liq<$1K tp50 sl25 trail15@25 t30m,-54.3,-255.14,-217.2,94,0.5,"[183.54, -255.14, 5.27, -150.87]","[0.719, 0.0, 0.682, 0.0]","{""max_liq"": 1000, ""tp_mult"": 1.5, ""sl_mult"": 0.75, ""trail_pct"": 0.15, ""trail_act"": 0.25, ""timeout_min"": 30}"
BOND_FAST,liq<$1K tp50 sl25 trail20@15 t15m,-31.86,-161.21,-127.42,94,0.5,"[85.51, -161.21, 13.08, -64.8]","[0.594, 0.0, 0.636, 0.214]","{""max_liq"": 1000, ""tp_mult"": 1.5, ""sl_mult"": 0.75, ""trail_pct"": 0.2, ""trail_act"": 0.15, ""timeout_min"": 15}"
BOND_FAST,liq<$1K tp50 sl25 trail20@15 t20m,-32.56,-161.21,-130.23,94,0.25,"[129.73, -161.21, -41.11, -57.65]","[0.594, 0.0, 0.136, 0.214]","{""max_liq"": 1000, ""tp_mult"": 1.5, ""sl_mult"": 0.75, ""trail_pct"": 0.2, ""trail_act"": 0.15, ""timeout_min"": 20}"
BOND_FAST,liq<$1K tp50 sl25 trail20@15 t30m,-84.1,-255.14,-336.42,94,0.25,"[102.43, -255.14, -32.84, -150.87]","[0.688, 0.0, 0.136, 0.0]","{""max_liq"": 1000, ""tp_mult"": 1.5, ""sl_mult"": 0.75, ""trail_pct"": 0.2, ""trail_act"": 0.15, ""timeout_min"": 30}"
BOND_FAST,liq<$1K tp50 sl25 trail20@25 t15m,-31.86,-161.21,-127.42,94,0.5,"[85.51, -161.21, 13.08, -64.8]","[0.594, 0.0, 0.636, 0.214]","{""max_liq"": 1000, ""tp_mult"": 1.5, ""sl_mult"": 0.75, ""trail_pct"": 0.2, ""trail_act"": 0.25, ""timeout_min"": 15}"
BOND_FAST,liq<$1K tp50 sl25 trail20@25 t20m,-32.56,-161.21,-130.23,94,0.25,"[129.73, -161.21, -41.11, -57.65]","[0.594, 0.0, 0.136, 0.214]","{""max_liq"": 1000, ""tp_mult"": 1.5, ""sl_mult"": 0.75, ""trail_pct"": 0.2, ""trail_act"": 0.25, ""timeout_min"": 20}"
BOND_FAST,liq<$1K tp50 sl25 trail20@25 t30m,-84.1,-255.14,-336.42,94,0.25,"[102.43, -255.14, -32.84, -150.87]","[0.688, 0.0, 0.136, 0.0]","{""max_liq"": 1000, ""tp_mult"": 1.5, ""sl_mult"": 0.75, ""trail_pct"": 0.2, ""trail_act"": 0.25, ""timeout_min"": 30}"
BOND_FAST,liq<$1K tp50 sl19 notrail t15m,-6.31,-146.12,-25.24,94,0.5,"[172.6, -146.12, 13.08, -64.8]","[0.594, 0.0, 0.636, 0.214]","{""max_liq"": 1000, ""tp_mult"": 1.5, ""sl_mult"": 0.8, ""trail_pct"": 0.0, ""trail_act"": 0.15, ""timeout_min"": 15}"
BOND_FAST,liq<$1K tp50 sl19 notrail t20m,-20.24,-146.12,-80.98,94,0.25,"[193.33, -146.12, -70.54, -57.65]","[0.594, 0.0, 0.091, 0.214]","{""max_liq"": 1000, ""tp_mult"": 1.5, ""sl_mult"": 0.8, ""trail_pct"": 0.0, ""trail_act"": 0.15, ""timeout_min"": 20}"
BOND_FAST,liq<$1K tp50 sl19 notrail t30m,-146.92,-240.05,-587.7,94,0.0,"[-53.12, -240.05, -166.14, -128.39]","[0.469, 0.0, 0.091, 0.0]","{""max_liq"": 1000, ""tp_mult"": 1.5, ""sl_mult"": 0.8, ""trail_pct"": 0.0, ""trail_act"": 0.15, ""timeout_min"": 30}"
BOND_FAST,liq<$1K tp50 sl19 notrail t15m,-6.31,-146.12,-25.24,94,0.5,"[172.6, -146.12, 13.08, -64.8]","[0.594, 0.0, 0.636, 0.214]","{""max_liq"": 1000, ""tp_mult"": 1.5, ""sl_mult"": 0.8, ""trail_pct"": 0.0, ""trail_act"": 0.25, ""timeout_min"": 15}"
BOND_FAST,liq<$1K tp50 sl19 notrail t20m,-20.24,-146.12,-80.98,94,0.25,"[193.33, -146.12, -70.54, -57.65]","[0.594, 0.0, 0.091, 0.214]","{""max_liq"": 1000, ""tp_mult"": 1.5, ""sl_mult"": 0.8, ""trail_pct"": 0.0, ""trail_act"": 0.25, ""timeout_min"": 20}"
BOND_FAST,liq<$1K tp50 sl19 notrail t30m,-146.92,-240.05,-587.7,94,0.0,"[-53.12, -240.05, -166.14, -128.39]","[0.469, 0.0, 0.091, 0.0]","{""max_liq"": 1000, ""tp_mult"": 1.5, ""sl_mult"": 0.8, ""trail_pct"": 0.0, ""trail_act"": 0.25, ""timeout_min"": 30}"
BOND_FAST,liq<$1K tp50 sl19 trail10@15 t15m,-10.81,-146.12,-43.24,94,0.5,"[103.19, -146.12, 64.49, -64.8]","[0.594, 0.0, 0.864, 0.214]","{""max_liq"": 1000, ""tp_mult"": 1.5, ""sl_mult"": 0.8, ""trail_pct"": 0.1, ""trail_act"": 0.15, ""timeout_min"": 15}"
BOND_FAST,liq<$1K tp50 sl19 trail10@15 t20m,13.93,-146.12,55.71,94,0.5,"[190.91, -146.12, 68.57, -57.65]","[0.594, 0.0, 0.864, 0.214]","{""max_liq"": 1000, ""tp_mult"": 1.5, ""sl_mult"": 0.8, ""trail_pct"": 0.1, ""trail_act"": 0.15, ""timeout_min"": 20}"
BOND_FAST,liq<$1K tp50 sl19 trail10@15 t30m,-13.47,-188.49,-53.88,94,0.5,"[206.45, -188.49, 56.55, -128.39]","[0.719, 0.231, 0.864, 0.0]","{""max_liq"": 1000, ""tp_mult"": 1.5, ""sl_mult"": 0.8, ""trail_pct"": 0.1, ""trail_act"": 0.15, ""timeout_min"": 30}"
BOND_FAST,liq<$1K tp50 sl19 trail10@25 t15m,-13.22,-146.12,-52.88,94,0.5,"[103.19, -146.12, 54.84, -64.8]","[0.594, 0.0, 0.727, 0.214]","{""max_liq"": 1000, ""tp_mult"": 1.5, ""sl_mult"": 0.8, ""trail_pct"": 0.1, ""trail_act"": 0.25, ""timeout_min"": 15}"
BOND_FAST,liq<$1K tp50 sl19 trail10@25 t20m,7.38,-146.12,29.53,94,0.5,"[190.91, -146.12, 42.4, -57.65]","[0.594, 0.0, 0.682, 0.214]","{""max_liq"": 1000, ""tp_mult"": 1.5, ""sl_mult"": 0.8, ""trail_pct"": 0.1, ""trail_act"": 0.25, ""timeout_min"": 20}"
BOND_FAST,liq<$1K tp50 sl19 trail10@25 t30m,-31.01,-240.05,-124.05,94,0.5,"[206.45, -240.05, 37.94, -128.39]","[0.719, 0.0, 0.682, 0.0]","{""max_liq"": 1000, ""tp_mult"": 1.5, ""sl_mult"": 0.8, ""trail_pct"": 0.1, ""trail_act"": 0.25, ""timeout_min"": 30}"
BOND_FAST,liq<$1K tp50 sl19 trail15@15 t15m,-18.22,-146.12,-72.87,94,0.5,"[119.95, -146.12, 18.1, -64.8]","[0.594, 0.0, 0.727, 0.214]","{""max_liq"": 1000, ""tp_mult"": 1.5, ""sl_mult"": 0.8, ""trail_pct"": 0.15, ""trail_act"": 0.15, ""timeout_min"": 15}"
BOND_FAST,liq<$1K tp50 sl19 trail15@15 t20m,-1.51,-146.12,-6.05,94,0.5,"[183.0, -146.12, 14.72, -57.65]","[0.594, 0.0, 0.773, 0.214]","{""max_liq"": 1000, ""tp_mult"": 1.5, ""sl_mult"": 0.8, ""trail_pct"": 0.15, ""trail_act"": 0.15, ""timeout_min"": 20}"
BOND_FAST,liq<$1K tp50 sl19 trail15@15 t30m,-35.3,-217.39,-141.19,94,0.5,"[198.54, -217.39, 6.05, -128.39]","[0.719, 0.0, 0.773, 0.0]","{""max_liq"": 1000, ""tp_mult"": 1.5, ""sl_mult"": 0.8, ""trail_pct"": 0.15, ""trail_act"": 0.15, ""timeout_min"": 30}"
BOND_FAST,liq<$1K tp50 sl19 trail15@25 t15m,-19.01,-146.12,-76.02,94,0.5,"[119.95, -146.12, 14.94, -64.8]","[0.594, 0.0, 0.636, 0.214]","{""max_liq"": 1000, ""tp_mult"": 1.5, ""sl_mult"": 0.8, ""trail_pct"": 0.15, ""trail_act"": 0.25, ""timeout_min"": 15}"
BOND_FAST,liq<$1K tp50 sl19 trail15@25 t20m,-4.12,-146.12,-16.48,94,0.5,"[183.0, -146.12, 4.29, -57.65]","[0.594, 0.0, 0.682, 0.214]","{""max_liq"": 1000, ""tp_mult"": 1.5, ""sl_mult"": 0.8, ""trail_pct"": 0.15, ""trail_act"": 0.25, ""timeout_min"": 20}"
BOND_FAST,liq<$1K tp50 sl19 trail15@25 t30m,-42.52,-240.05,-170.06,94,0.25,"[198.54, -240.05, -0.16, -128.39]","[0.719, 0.0, 0.682, 0.0]","{""max_liq"": 1000, ""tp_mult"": 1.5, ""sl_mult"": 0.8, ""trail_pct"": 0.15, ""trail_act"": 0.25, ""timeout_min"": 30}"
BOND_FAST,liq<$1K tp50 sl19 trail20@15 t15m,-24.33,-146.12,-97.33,94,0.5,"[100.51, -146.12, 13.08, -64.8]","[0.594, 0.0, 0.636, 0.214]","{""max_liq"": 1000, ""tp_mult"": 1.5, ""sl_mult"": 0.8, ""trail_pct"": 0.2, ""trail_act"": 0.15, ""timeout_min"": 15}"
BOND_FAST,liq<$1K tp50 sl19 trail20@15 t20m,-25.04,-146.12,-100.14,94,0.25,"[144.73, -146.12, -41.11, -57.65]","[0.594, 0.0, 0.136, 0.214]","{""max_liq"": 1000, ""tp_mult"": 1.5, ""sl_mult"": 0.8, ""trail_pct"": 0.2, ""trail_act"": 0.15, ""timeout_min"": 20}"
BOND_FAST,liq<$1K tp50 sl19 trail20@15 t30m,-72.32,-240.05,-289.29,94,0.25,"[117.43, -240.05, -38.27, -128.39]","[0.688, 0.0, 0.136, 0.0]","{""max_liq"": 1000, ""tp_mult"": 1.5, ""sl_mult"": 0.8, ""trail_pct"": 0.2, ""trail_act"": 0.15, ""timeout_min"": 30}"
BOND_FAST,liq<$1K tp50 sl19 trail20@25 t15m,-24.33,-146.12,-97.33,94,0.5,"[100.51, -146.12, 13.08, -64.8]","[0.594, 0.0, 0.636, 0.214]","{""max_liq"": 1000, ""tp_mult"": 1.5, ""sl_mult"": 0.8, ""trail_pct"": 0.2, ""trail_act"": 0.25, ""timeout_min"": 15}"
BOND_FAST,liq<$1K tp50 sl19 trail20@25 t20m,-25.04,-146.12,-100.14,94,0.25,"[144.73, -146.12, -41.11, -57.65]","[0.594, 0.0, 0.136, 0.214]","{""max_liq"": 1000, ""tp_mult"": 1.5, ""sl_mult"": 0.8, ""trail_pct"": 0.2, ""trail_act"": 0.25, ""timeout_min"": 20}"
BOND_FAST,liq<$1K tp50 sl19 trail20@25 t30m,-72.32,-240.05,-289.29,94,0.25,"[117.43, -240.05, -38.27, -128.39]","[0.688, 0.0, 0.136, 0.0]","{""max_liq"": 1000, ""tp_mult"": 1.5, ""sl_mult"": 0.8, ""trail_pct"": 0.2, ""trail_act"": 0.25, ""timeout_min"": 30}"
BOND_FAST,liq<$1K tp80 sl30 notrail t15m,-27.32,-176.3,-109.28,94,0.5,"[118.74, -176.3, 13.08, -64.8]","[0.469, 0.0, 0.636, 0.214]","{""max_liq"": 1000, ""tp_mult"": 1.8, ""sl_mult"": 0.7, ""trail_pct"": 0.0, ""trail_act"": 0.15, ""timeout_min"": 15}"
BOND_FAST,liq<$1K tp80 sl30 notrail t20m,-41.26,-176.3,-165.02,94,0.25,"[139.47, -176.3, -70.54, -57.65]","[0.469, 0.0, 0.091, 0.214]","{""max_liq"": 1000, ""tp_mult"": 1.8, ""sl_mult"": 0.7, ""trail_pct"": 0.0, ""trail_act"": 0.15, ""timeout_min"": 20}"
BOND_FAST,liq<$1K tp80 sl30 notrail t30m,-139.89,-270.23,-559.56,94,0.0,"[-106.98, -270.23, -42.27, -140.08]","[0.344, 0.0, 0.091, 0.0]","{""max_liq"": 1000, ""tp_mult"": 1.8, ""sl_mult"": 0.7, ""trail_pct"": 0.0, ""trail_act"": 0.15, ""timeout_min"": 30}"
BOND_FAST,liq<$1K tp80 sl30 notrail t15m,-27.32,-176.3,-109.28,94,0.5,"[118.74, -176.3, 13.08, -64.8]","[0.469, 0.0, 0.636, 0.214]","{""max_liq"": 1000, ""tp_mult"": 1.8, ""sl_mult"": 0.7, ""trail_pct"": 0.0, ""trail_act"": 0.25, ""timeout_min"": 15}"
BOND_FAST,liq<$1K tp80 sl30 notrail t20m,-41.26,-176.3,-165.02,94,0.25,"[139.47, -176.3, -70.54, -57.65]","[0.469, 0.0, 0.091, 0.214]","{""max_liq"": 1000, ""tp_mult"": 1.8, ""sl_mult"": 0.7, ""trail_pct"": 0.0, ""trail_act"": 0.25, ""timeout_min"": 20}"
BOND_FAST,liq<$1K tp80 sl30 notrail t30m,-139.89,-270.23,-559.56,94,0.0,"[-106.98, -270.23, -42.27, -140.08]","[0.344, 0.0, 0.091, 0.0]","{""max_liq"": 1000, ""tp_mult"": 1.8, ""sl_mult"": 0.7, ""trail_pct"": 0.0, ""trail_act"": 0.25, ""timeout_min"": 30}"
BOND_FAST,liq<$1K tp80 sl30 trail10@15 t15m,-31.37,-176.3,-125.47,94,0.5,"[51.15, -176.3, 64.49, -64.8]","[0.562, 0.0, 0.864, 0.214]","{""max_liq"": 1000, ""tp_mult"": 1.8, ""sl_mult"": 0.7, ""trail_pct"": 0.1, ""trail_act"": 0.15, ""timeout_min"": 15}"
BOND_FAST,liq<$1K tp80 sl30 trail10@15 t20m,-6.63,-176.3,-26.52,94,0.5,"[138.86, -176.3, 68.57, -57.65]","[0.562, 0.0, 0.864, 0.214]","{""max_liq"": 1000, ""tp_mult"": 1.8, ""sl_mult"": 0.7, ""trail_pct"": 0.1, ""trail_act"": 0.15, ""timeout_min"": 20}"
BOND_FAST,liq<$1K tp80 sl30 trail10@15 t30m,-37.6,-218.67,-150.39,94,0.5,"[154.4, -218.67, 53.95, -140.08]","[0.688, 0.231, 0.864, 0.0]","{""max_liq"": 1000, ""tp_mult"": 1.8, ""sl_mult"": 0.7, ""trail_pct"": 0.1, ""trail_act"": 0.15, ""timeout_min"": 30}"
BOND_FAST,liq<$1K tp80 sl30 trail10@25 t15m,-33.78,-176.3,-135.11,94,0.5,"[51.15, -176.3, 54.84, -64.8]","[0.562, 0.0, 0.727, 0.214]","{""max_liq"": 1000, ""tp_mult"": 1.8, ""sl_mult"": 0.7, ""trail_pct"": 0.1, ""trail_act"": 0.25, ""timeout_min"": 15}"
BOND_FAST,liq<$1K tp80 sl30 trail10@25 t20m,-13.17,-176.3,-52.69,94,0.5,"[138.86, -176.3, 42.4, -57.65]","[0.562, 0.0, 0.682, 0.214]","{""max_liq"": 1000, ""tp_mult"": 1.8, ""sl_mult"": 0.7, ""trail_pct"": 0.1, ""trail_act"": 0.25, ""timeout_min"": 20}"
BOND_FAST,liq<$1K tp80 sl30 trail10@25 t30m,-52.84,-270.23,-211.33,94,0.5,"[154.4, -270.23, 44.57, -140.08]","[0.688, 0.0, 0.682, 0.0]","{""max_liq"": 1000, ""tp_mult"": 1.8, ""sl_mult"": 0.7, ""trail_pct"": 0.1, ""trail_act"": 0.25, ""timeout_min"": 30}"
BOND_FAST,liq<$1K tp80 sl30 trail15@15 t15m,-52.29,-176.3,-209.17,94,0.5,"[13.83, -176.3, 18.1, -64.8]","[0.5, 0.0, 0.727, 0.214]","{""max_liq"": 1000, ""tp_mult"": 1.8, ""sl_mult"": 0.7, ""trail_pct"": 0.15, ""trail_act"": 0.15, ""timeout_min"": 15}"
BOND_FAST,liq<$1K tp80 sl30 trail15@15 t20m,-35.59,-176.3,-142.35,94,0.5,"[76.87, -176.3, 14.72, -57.65]","[0.5, 0.0, 0.773, 0.214]","{""max_liq"": 1000, ""tp_mult"": 1.8, ""sl_mult"": 0.7, ""trail_pct"": 0.15, ""trail_act"": 0.15, ""timeout_min"": 20}"
BOND_FAST,liq<$1K tp80 sl30 trail15@15 t30m,-72.95,-247.57,-291.78,94,0.5,"[92.42, -247.57, 3.45, -140.08]","[0.625, 0.0, 0.773, 0.0]","{""max_liq"": 1000, ""tp_mult"": 1.8, ""sl_mult"": 0.7, ""trail_pct"": 0.15, ""trail_act"": 0.15, ""timeout_min"": 30}"
BOND_FAST,liq<$1K tp80 sl30 trail15@25 t15m,-53.08,-176.3,-212.33,94,0.5,"[13.83, -176.3, 14.94, -64.8]","[0.5, 0.0, 0.636, 0.214]","{""max_liq"": 1000, ""tp_mult"": 1.8, ""sl_mult"": 0.7, ""trail_pct"": 0.15, ""trail_act"": 0.25, ""timeout_min"": 15}"
BOND_FAST,liq<$1K tp80 sl30 trail15@25 t20m,-38.2,-176.3,-152.78,94,0.5,"[76.87, -176.3, 4.29, -57.65]","[0.5, 0.0, 0.682, 0.214]","{""max_liq"": 1000, ""tp_mult"": 1.8, ""sl_mult"": 0.7, ""trail_pct"": 0.15, ""trail_act"": 0.25, ""timeout_min"": 20}"
BOND_FAST,liq<$1K tp80 sl30 trail15@25 t30m,-77.86,-270.23,-311.43,94,0.5,"[92.42, -270.23, 6.47, -140.08]","[0.625, 0.0, 0.682, 0.0]","{""max_liq"": 1000, ""tp_mult"": 1.8, ""sl_mult"": 0.7, ""trail_pct"": 0.15, ""trail_act"": 0.25, ""timeout_min"": 30}"
BOND_FAST,liq<$1K tp80 sl30 trail20@15 t15m,-59.51,-176.3,-238.02,94,0.25,"[-10.01, -176.3, 13.08, -64.8]","[0.5, 0.0, 0.636, 0.214]","{""max_liq"": 1000, ""tp_mult"": 1.8, ""sl_mult"": 0.7, ""trail_pct"": 0.2, ""trail_act"": 0.15, ""timeout_min"": 15}"
BOND_FAST,liq<$1K tp80 sl30 trail20@15 t20m,-60.21,-176.3,-240.83,94,0.25,"[34.22, -176.3, -41.11, -57.65]","[0.5, 0.0, 0.136, 0.214]","{""max_liq"": 1000, ""tp_mult"": 1.8, ""sl_mult"": 0.7, ""trail_pct"": 0.2, ""trail_act"": 0.15, ""timeout_min"": 20}"
BOND_FAST,liq<$1K tp80 sl30 trail20@15 t30m,-108.76,-270.23,-435.04,94,0.25,"[6.91, -270.23, -31.64, -140.08]","[0.594, 0.0, 0.136, 0.0]","{""max_liq"": 1000, ""tp_mult"": 1.8, ""sl_mult"": 0.7, ""trail_pct"": 0.2, ""trail_act"": 0.15, ""timeout_min"": 30}"
BOND_FAST,liq<$1K tp80 sl30 trail20@25 t15m,-59.51,-176.3,-238.02,94,0.25,"[-10.01, -176.3, 13.08, -64.8]","[0.5, 0.0, 0.636, 0.214]","{""max_liq"": 1000, ""tp_mult"": 1.8, ""sl_mult"": 0.7, ""trail_pct"": 0.2, ""trail_act"": 0.25, ""timeout_min"": 15}"
BOND_FAST,liq<$1K tp80 sl30 trail20@25 t20m,-60.21,-176.3,-240.83,94,0.25,"[34.22, -176.3, -41.11, -57.65]","[0.5, 0.0, 0.136, 0.214]","{""max_liq"": 1000, ""tp_mult"": 1.8, ""sl_mult"": 0.7, ""trail_pct"": 0.2, ""trail_act"": 0.25, ""timeout_min"": 20}"
BOND_FAST,liq<$1K tp80 sl30 trail20@25 t30m,-108.76,-270.23,-435.04,94,0.25,"[6.91, -270.23, -31.64, -140.08]","[0.594, 0.0, 0.136, 0.0]","{""max_liq"": 1000, ""tp_mult"": 1.8, ""sl_mult"": 0.7, ""trail_pct"": 0.2, ""trail_act"": 0.25, ""timeout_min"": 30}"
BOND_FAST,liq<$1K tp80 sl25 notrail t15m,-19.8,-161.21,-79.19,94,0.5,"[133.74, -161.21, 13.08, -64.8]","[0.469, 0.0, 0.636, 0.214]","{""max_liq"": 1000, ""tp_mult"": 1.8, ""sl_mult"": 0.75, ""trail_pct"": 0.0, ""trail_act"": 0.15, ""timeout_min"": 15}"
BOND_FAST,liq<$1K tp80 sl25 notrail t20m,-33.73,-161.21,-134.93,94,0.25,"[154.47, -161.21, -70.54, -57.65]","[0.469, 0.0, 0.091, 0.214]","{""max_liq"": 1000, ""tp_mult"": 1.8, ""sl_mult"": 0.75, ""trail_pct"": 0.0, ""trail_act"": 0.15, ""timeout_min"": 20}"
BOND_FAST,liq<$1K tp80 sl25 notrail t30m,-162.93,-255.14,-651.7,94,0.0,"[-91.98, -255.14, -153.71, -150.87]","[0.344, 0.0, 0.091, 0.0]","{""max_liq"": 1000, ""tp_mult"": 1.8, ""sl_mult"": 0.75, ""trail_pct"": 0.0, ""trail_act"": 0.15, ""timeout_min"": 30}"
BOND_FAST,liq<$1K tp80 sl25 notrail t15m,-19.8,-161.21,-79.19,94,0.5,"[133.74, -161.21, 13.08, -64.8]","[0.469, 0.0, 0.636, 0.214]","{""max_liq"": 1000, ""tp_mult"": 1.8, ""sl_mult"": 0.75, ""trail_pct"": 0.0, ""trail_act"": 0.25, ""timeout_min"": 15}"
BOND_FAST,liq<$1K tp80 sl25 notrail t20m,-33.73,-161.21,-134.93,94,0.25,"[154.47, -161.21, -70.54, -57.65]","[0.469, 0.0, 0.091, 0.214]","{""max_liq"": 1000, ""tp_mult"": 1.8, ""sl_mult"": 0.75, ""trail_pct"": 0.0, ""trail_act"": 0.25, ""timeout_min"": 20}"
BOND_FAST,liq<$1K tp80 sl25 notrail t30m,-162.93,-255.14,-651.7,94,0.0,"[-91.98, -255.14, -153.71, -150.87]","[0.344, 0.0, 0.091, 0.0]","{""max_liq"": 1000, ""tp_mult"": 1.8, ""sl_mult"": 0.75, ""trail_pct"": 0.0, ""trail_act"": 0.25, ""timeout_min"": 30}"
BOND_FAST,liq<$1K tp80 sl25 trail10@15 t15m,-23.84,-161.21,-95.38,94,0.5,"[66.15, -161.21, 64.49, -64.8]","[0.562, 0.0, 0.864, 0.214]","{""max_liq"": 1000, ""tp_mult"": 1.8, ""sl_mult"": 0.75, ""trail_pct"": 0.1, ""trail_act"": 0.15, ""timeout_min"": 15}"
BOND_FAST,liq<$1K tp80 sl25 trail10@15 t20m,0.89,-161.21,3.57,94,0.5,"[153.86, -161.21, 68.57, -57.65]","[0.562, 0.0, 0.864, 0.214]","{""max_liq"": 1000, ""tp_mult"": 1.8, ""sl_mult"": 0.75, ""trail_pct"": 0.1, ""trail_act"": 0.15, ""timeout_min"": 20}"
BOND_FAST,liq<$1K tp80 sl25 trail10@15 t30m,-33.08,-203.58,-132.29,94,0.5,"[169.4, -203.58, 52.75, -150.87]","[0.688, 0.231, 0.864, 0.0]","{""max_liq"": 1000, ""tp_mult"": 1.8, ""sl_mult"": 0.75, ""trail_pct"": 0.1, ""trail_act"": 0.15, ""timeout_min"": 30}"
BOND_FAST,liq<$1K tp80 sl25 trail10@25 t15m,-26.25,-161.21,-105.02,94,0.5,"[66.15, -161.21, 54.84, -64.8]","[0.562, 0.0, 0.727, 0.214]","{""max_liq"": 1000, ""tp_mult"": 1.8, ""sl_mult"": 0.75, ""trail_pct"": 0.1, ""trail_act"": 0.25, ""timeout_min"": 15}"
BOND_FAST,liq<$1K tp80 sl25 trail10@25 t20m,-5.65,-161.21,-22.6,94,0.5,"[153.86, -161.21, 42.4, -57.65]","[0.562, 0.0, 0.682, 0.214]","{""max_liq"": 1000, ""tp_mult"": 1.8, ""sl_mult"": 0.75, ""trail_pct"": 0.1, ""trail_act"": 0.25, ""timeout_min"": 20}"
BOND_FAST,liq<$1K tp80 sl25 trail10@25 t30m,-48.31,-255.14,-193.23,94,0.5,"[169.4, -255.14, 43.37, -150.87]","[0.688, 0.0, 0.682, 0.0]","{""max_liq"": 1000, ""tp_mult"": 1.8, ""sl_mult"": 0.75, ""trail_pct"": 0.1, ""trail_act"": 0.25, ""timeout_min"": 30}"
BOND_FAST,liq<$1K tp80 sl25 trail15@15 t15m,-44.77,-161.21,-179.08,94,0.5,"[28.83, -161.21, 18.1, -64.8]","[0.5, 0.0, 0.727, 0.214]","{""max_liq"": 1000, ""tp_mult"": 1.8, ""sl_mult"": 0.75, ""trail_pct"": 0.15, ""trail_act"": 0.15, ""timeout_min"": 15}"
BOND_FAST,liq<$1K tp80 sl25 trail15@15 t20m,-28.07,-161.21,-112.26,94,0.5,"[91.87, -161.21, 14.72, -57.65]","[0.5, 0.0, 0.773, 0.214]","{""max_liq"": 1000, ""tp_mult"": 1.8, ""sl_mult"": 0.75, ""trail_pct"": 0.15, ""trail_act"": 0.15, ""timeout_min"": 20}"
BOND_FAST,liq<$1K tp80 sl25 trail15@15 t30m,-68.42,-232.48,-273.68,94,0.5,"[107.42, -232.48, 2.25, -150.87]","[0.625, 0.0, 0.773, 0.0]","{""max_liq"": 1000, ""tp_mult"": 1.8, ""sl_mult"": 0.75, ""trail_pct"": 0.15, ""trail_act"": 0.15, ""timeout_min"": 30}"
BOND_FAST,liq<$1K tp80 sl25 trail15@25 t15m,-45.56,-161.21,-182.24,94,0.5,"[28.83, -161.21, 14.94, -64.8]","[0.5, 0.0, 0.636, 0.214]","{""max_liq"": 1000, ""tp_mult"": 1.8, ""sl_mult"": 0.75, ""trail_pct"": 0.15, ""trail_act"": 0.25, ""timeout_min"": 15}"
BOND_FAST,liq<$1K tp80 sl25 trail15@25 t20m,-30.68,-161.21,-122.7,94,0.5,"[91.87, -161.21, 4.29, -57.65]","[0.5, 0.0, 0.682, 0.214]","{""max_liq"": 1000, ""tp_mult"": 1.8, ""sl_mult"": 0.75, ""trail_pct"": 0.15, ""trail_act"": 0.25, ""timeout_min"": 20}"
BOND_FAST,liq<$1K tp80 sl25 trail15@25 t30m,-73.33,-255.14,-293.33,94,0.5,"[107.42, -255.14, 5.27, -150.87]","[0.625, 0.0, 0.682, 0.0]","{""max_liq"": 1000, ""tp_mult"": 1.8, ""sl_mult"": 0.75, ""trail_pct"": 0.15, ""trail_act"": 0.25, ""timeout_min"": 30}"
BOND_FAST,liq<$1K tp80 sl25 trail20@15 t15m,-51.98,-161.21,-207.93,94,0.5,"[4.99, -161.21, 13.08, -64.8]","[0.5, 0.0, 0.636, 0.214]","{""max_liq"": 1000, ""tp_mult"": 1.8, ""sl_mult"": 0.75, ""trail_pct"": 0.2, ""trail_act"": 0.15, ""timeout_min"": 15}"
BOND_FAST,liq<$1K tp80 sl25 trail20@15 t20m,-52.69,-161.21,-210.74,94,0.25,"[49.22, -161.21, -41.11, -57.65]","[0.5, 0.0, 0.136, 0.214]","{""max_liq"": 1000, ""tp_mult"": 1.8, ""sl_mult"": 0.75, ""trail_pct"": 0.2, ""trail_act"": 0.15, ""timeout_min"": 20}"
BOND_FAST,liq<$1K tp80 sl25 trail20@15 t30m,-104.23,-255.14,-416.93,94,0.25,"[21.91, -255.14, -32.84, -150.87]","[0.594, 0.0, 0.136, 0.0]","{""max_liq"": 1000, ""tp_mult"": 1.8, ""sl_mult"": 0.75, ""trail_pct"": 0.2, ""trail_act"": 0.15, ""timeout_min"": 30}"
BOND_FAST,liq<$1K tp80 sl25 trail20@25 t15m,-51.98,-161.21,-207.93,94,0.5,"[4.99, -161.21, 13.08, -64.8]","[0.5, 0.0, 0.636, 0.214]","{""max_liq"": 1000, ""tp_mult"": 1.8, ""sl_mult"": 0.75, ""trail_pct"": 0.2, ""trail_act"": 0.25, ""timeout_min"": 15}"
BOND_FAST,liq<$1K tp80 sl25 trail20@25 t20m,-52.69,-161.21,-210.74,94,0.25,"[49.22, -161.21, -41.11, -57.65]","[0.5, 0.0, 0.136, 0.214]","{""max_liq"": 1000, ""tp_mult"": 1.8, ""sl_mult"": 0.75, ""trail_pct"": 0.2, ""trail_act"": 0.25, ""timeout_min"": 20}"
BOND_FAST,liq<$1K tp80 sl25 trail20@25 t30m,-104.23,-255.14,-416.93,94,0.25,"[21.91, -255.14, -32.84, -150.87]","[0.594, 0.0, 0.136, 0.0]","{""max_liq"": 1000, ""tp_mult"": 1.8, ""sl_mult"": 0.75, ""trail_pct"": 0.2, ""trail_act"": 0.25, ""timeout_min"": 30}"
BOND_FAST,liq<$1K tp80 sl19 notrail t15m,-12.27,-146.12,-49.1,94,0.5,"[148.74, -146.12, 13.08, -64.8]","[0.469, 0.0, 0.636, 0.214]","{""max_liq"": 1000, ""tp_mult"": 1.8, ""sl_mult"": 0.8, ""trail_pct"": 0.0, ""trail_act"": 0.15, ""timeout_min"": 15}"
BOND_FAST,liq<$1K tp80 sl19 notrail t20m,-26.21,-146.12,-104.84,94,0.25,"[169.47, -146.12, -70.54, -57.65]","[0.469, 0.0, 0.091, 0.214]","{""max_liq"": 1000, ""tp_mult"": 1.8, ""sl_mult"": 0.8, ""trail_pct"": 0.0, ""trail_act"": 0.15, ""timeout_min"": 20}"
BOND_FAST,liq<$1K tp80 sl19 notrail t30m,-152.89,-240.05,-611.56,94,0.0,"[-76.98, -240.05, -166.14, -128.39]","[0.344, 0.0, 0.091, 0.0]","{""max_liq"": 1000, ""tp_mult"": 1.8, ""sl_mult"": 0.8, ""trail_pct"": 0.0, ""trail_act"": 0.15, ""timeout_min"": 30}"
BOND_FAST,liq<$1K tp80 sl19 notrail t15m,-12.27,-146.12,-49.1,94,0.5,"[148.74, -146.12, 13.08, -64.8]","[0.469, 0.0, 0.636, 0.214]","{""max_liq"": 1000, ""tp_mult"": 1.8, ""sl_mult"": 0.8, ""trail_pct"": 0.0, ""trail_act"": 0.25, ""timeout_min"": 15}"
BOND_FAST,liq<$1K tp80 sl19 notrail t20m,-26.21,-146.12,-104.84,94,0.25,"[169.47, -146.12, -70.54, -57.65]","[0.469, 0.0, 0.091, 0.214]","{""max_liq"": 1000, ""tp_mult"": 1.8, ""sl_mult"": 0.8, ""trail_pct"": 0.0, ""trail_act"": 0.25, ""timeout_min"": 20}"
BOND_FAST,liq<$1K tp80 sl19 notrail t30m,-152.89,-240.05,-611.56,94,0.0,"[-76.98, -240.05, -166.14, -128.39]","[0.344, 0.0, 0.091, 0.0]","{""max_liq"": 1000, ""tp_mult"": 1.8, ""sl_mult"": 0.8, ""trail_pct"": 0.0, ""trail_act"": 0.25, ""timeout_min"": 30}"
BOND_FAST,liq<$1K tp80 sl19 trail10@15 t15m,-16.32,-146.12,-65.29,94,0.5,"[81.15, -146.12, 64.49, -64.8]","[0.562, 0.0, 0.864, 0.214]","{""max_liq"": 1000, ""tp_mult"": 1.8, ""sl_mult"": 0.8, ""trail_pct"": 0.1, ""trail_act"": 0.15, ""timeout_min"": 15}"
BOND_FAST,liq<$1K tp80 sl19 trail10@15 t20m,8.42,-146.12,33.66,94,0.5,"[168.86, -146.12, 68.57, -57.65]","[0.562, 0.0, 0.864, 0.214]","{""max_liq"": 1000, ""tp_mult"": 1.8, ""sl_mult"": 0.8, ""trail_pct"": 0.1, ""trail_act"": 0.15, ""timeout_min"": 20}"
BOND_FAST,liq<$1K tp80 sl19 trail10@15 t30m,-18.98,-188.49,-75.92,94,0.5,"[184.4, -188.49, 56.55, -128.39]","[0.688, 0.231, 0.864, 0.0]","{""max_liq"": 1000, ""tp_mult"": 1.8, ""sl_mult"": 0.8, ""trail_pct"": 0.1, ""trail_act"": 0.15, ""timeout_min"": 30}"
BOND_FAST,liq<$1K tp80 sl19 trail10@25 t15m,-18.73,-146.12,-74.93,94,0.5,"[81.15, -146.12, 54.84, -64.8]","[0.562, 0.0, 0.727, 0.214]","{""max_liq"": 1000, ""tp_mult"": 1.8, ""sl_mult"": 0.8, ""trail_pct"": 0.1, ""trail_act"": 0.25, ""timeout_min"": 15}"
BOND_FAST,liq<$1K tp80 sl19 trail10@25 t20m,1.87,-146.12,7.49,94,0.5,"[168.86, -146.12, 42.4, -57.65]","[0.562, 0.0, 0.682, 0.214]","{""max_liq"": 1000, ""tp_mult"": 1.8, ""sl_mult"": 0.8, ""trail_pct"": 0.1, ""trail_act"": 0.25, ""timeout_min"": 20}"
BOND_FAST,liq<$1K tp80 sl19 trail10@25 t30m,-36.52,-240.05,-146.09,94,0.5,"[184.4, -240.05, 37.94, -128.39]","[0.688, 0.0, 0.682, 0.0]","{""max_liq"": 1000, ""tp_mult"": 1.8, ""sl_mult"": 0.8, ""trail_pct"": 0.1, ""trail_act"": 0.25, ""timeout_min"": 30}"
BOND_FAST,liq<$1K tp80 sl19 trail15@15 t15m,-37.25,-146.12,-148.99,94,0.5,"[43.83, -146.12, 18.1, -64.8]","[0.5, 0.0, 0.727, 0.214]","{""max_liq"": 1000, ""tp_mult"": 1.8, ""sl_mult"": 0.8, ""trail_pct"": 0.15, ""trail_act"": 0.15, ""timeout_min"": 15}"
BOND_FAST,liq<$1K tp80 sl19 trail15@15 t20m,-20.54,-146.12,-82.17,94,0.5,"[106.87, -146.12, 14.72, -57.65]","[0.5, 0.0, 0.773, 0.214]","{""max_liq"": 1000, ""tp_mult"": 1.8, ""sl_mult"": 0.8, ""trail_pct"": 0.15, ""trail_act"": 0.15, ""timeout_min"": 20}"
BOND_FAST,liq<$1K tp80 sl19 trail15@15 t30m,-54.33,-217.39,-217.31,94,0.5,"[122.42, -217.39, 6.05, -128.39]","[0.625, 0.0, 0.773, 0.0]","{""max_liq"": 1000, ""tp_mult"": 1.8, ""sl_mult"": 0.8, ""trail_pct"": 0.15, ""trail_act"": 0.15, ""timeout_min"": 30}"
BOND_FAST,liq<$1K tp80 sl19 trail15@25 t15m,-38.04,-146.12,-152.15,94,0.5,"[43.83, -146.12, 14.94, -64.8]","[0.5, 0.0, 0.636, 0.214]","{""max_liq"": 1000, ""tp_mult"": 1.8, ""sl_mult"": 0.8, ""trail_pct"": 0.15, ""trail_act"": 0.25, ""timeout_min"": 15}"
BOND_FAST,liq<$1K tp80 sl19 trail15@25 t20m,-23.15,-146.12,-92.61,94,0.5,"[106.87, -146.12, 4.29, -57.65]","[0.5, 0.0, 0.682, 0.214]","{""max_liq"": 1000, ""tp_mult"": 1.8, ""sl_mult"": 0.8, ""trail_pct"": 0.15, ""trail_act"": 0.25, ""timeout_min"": 20}"
BOND_FAST,liq<$1K tp80 sl19 trail15@25 t30m,-61.55,-240.05,-246.19,94,0.25,"[122.42, -240.05, -0.16, -128.39]","[0.625, 0.0, 0.682, 0.0]","{""max_liq"": 1000, ""tp_mult"": 1.8, ""sl_mult"": 0.8, ""trail_pct"": 0.15, ""trail_act"": 0.25, ""timeout_min"": 30}"
BOND_FAST,liq<$1K tp80 sl19 trail20@15 t15m,-44.46,-146.12,-177.84,94,0.5,"[19.99, -146.12, 13.08, -64.8]","[0.5, 0.0, 0.636, 0.214]","{""max_liq"": 1000, ""tp_mult"": 1.8, ""sl_mult"": 0.8, ""trail_pct"": 0.2, ""trail_act"": 0.15, ""timeout_min"": 15}"
BOND_FAST,liq<$1K tp80 sl19 trail20@15 t20m,-45.16,-146.12,-180.66,94,0.25,"[64.22, -146.12, -41.11, -57.65]","[0.5, 0.0, 0.136, 0.214]","{""max_liq"": 1000, ""tp_mult"": 1.8, ""sl_mult"": 0.8, ""trail_pct"": 0.2, ""trail_act"": 0.15, ""timeout_min"": 20}"
BOND_FAST,liq<$1K tp80 sl19 trail20@15 t30m,-92.45,-240.05,-369.8,94,0.25,"[36.91, -240.05, -38.27, -128.39]","[0.594, 0.0, 0.136, 0.0]","{""max_liq"": 1000, ""tp_mult"": 1.8, ""sl_mult"": 0.8, ""trail_pct"": 0.2, ""trail_act"": 0.15, ""timeout_min"": 30}"
BOND_FAST,liq<$1K tp80 sl19 trail20@25 t15m,-44.46,-146.12,-177.84,94,0.5,"[19.99, -146.12, 13.08, -64.8]","[0.5, 0.0, 0.636, 0.214]","{""max_liq"": 1000, ""tp_mult"": 1.8, ""sl_mult"": 0.8, ""trail_pct"": 0.2, ""trail_act"": 0.25, ""timeout_min"": 15}"
BOND_FAST,liq<$1K tp80 sl19 trail20@25 t20m,-45.16,-146.12,-180.66,94,0.25,"[64.22, -146.12, -41.11, -57.65]","[0.5, 0.0, 0.136, 0.214]","{""max_liq"": 1000, ""tp_mult"": 1.8, ""sl_mult"": 0.8, ""trail_pct"": 0.2, ""trail_act"": 0.25, ""timeout_min"": 20}"
BOND_FAST,liq<$1K tp80 sl19 trail20@25 t30m,-92.45,-240.05,-369.8,94,0.25,"[36.91, -240.05, -38.27, -128.39]","[0.594, 0.0, 0.136, 0.0]","{""max_liq"": 1000, ""tp_mult"": 1.8, ""sl_mult"": 0.8, ""trail_pct"": 0.2, ""trail_act"": 0.25, ""timeout_min"": 30}"
BOND_FAST,liq<$3K tp30 sl30 notrail t15m,-43.95,-176.3,-175.78,94,0.5,"[52.24, -176.3, 13.08, -64.8]","[0.594, 0.0, 0.636, 0.214]","{""max_liq"": 3000, ""tp_mult"": 1.3, ""sl_mult"": 0.7, ""trail_pct"": 0.0, ""trail_act"": 0.15, ""timeout_min"": 15}"
BOND_FAST,liq<$3K tp30 sl30 notrail t20m,-57.88,-176.3,-231.52,94,0.25,"[72.97, -176.3, -70.54, -57.65]","[0.594, 0.0, 0.091, 0.214]","{""max_liq"": 3000, ""tp_mult"": 1.3, ""sl_mult"": 0.7, ""trail_pct"": 0.0, ""trail_act"": 0.15, ""timeout_min"": 20}"
BOND_FAST,liq<$3K tp30 sl30 notrail t30m,-156.52,-270.23,-626.06,94,0.0,"[-173.48, -270.23, -42.27, -140.08]","[0.469, 0.0, 0.091, 0.0]","{""max_liq"": 3000, ""tp_mult"": 1.3, ""sl_mult"": 0.7, ""trail_pct"": 0.0, ""trail_act"": 0.15, ""timeout_min"": 30}"
BOND_FAST,liq<$3K tp30 sl30 notrail t15m,-43.95,-176.3,-175.78,94,0.5,"[52.24, -176.3, 13.08, -64.8]","[0.594, 0.0, 0.636, 0.214]","{""max_liq"": 3000, ""tp_mult"": 1.3, ""sl_mult"": 0.7, ""trail_pct"": 0.0, ""trail_act"": 0.25, ""timeout_min"": 15}"
BOND_FAST,liq<$3K tp30 sl30 notrail t20m,-57.88,-176.3,-231.52,94,0.25,"[72.97, -176.3, -70.54, -57.65]","[0.594, 0.0, 0.091, 0.214]","{""max_liq"": 3000, ""tp_mult"": 1.3, ""sl_mult"": 0.7, ""trail_pct"": 0.0, ""trail_act"": 0.25, ""timeout_min"": 20}"
BOND_FAST,liq<$3K tp30 sl30 notrail t30m,-156.52,-270.23,-626.06,94,0.0,"[-173.48, -270.23, -42.27, -140.08]","[0.469, 0.0, 0.091, 0.0]","{""max_liq"": 3000, ""tp_mult"": 1.3, ""sl_mult"": 0.7, ""trail_pct"": 0.0, ""trail_act"": 0.25, ""timeout_min"": 30}"
BOND_FAST,liq<$3K tp30 sl30 trail10@15 t15m,-28.98,-176.3,-115.93,94,0.5,"[60.68, -176.3, 64.49, -64.8]","[0.594, 0.0, 0.864, 0.214]","{""max_liq"": 3000, ""tp_mult"": 1.3, ""sl_mult"": 0.7, ""trail_pct"": 0.1, ""trail_act"": 0.15, ""timeout_min"": 15}"
BOND_FAST,liq<$3K tp30 sl30 trail10@15 t20m,-4.25,-176.3,-16.98,94,0.5,"[148.4, -176.3, 68.57, -57.65]","[0.594, 0.0, 0.864, 0.214]","{""max_liq"": 3000, ""tp_mult"": 1.3, ""sl_mult"": 0.7, ""trail_pct"": 0.1, ""trail_act"": 0.15, ""timeout_min"": 20}"
BOND_FAST,liq<$3K tp30 sl30 trail10@15 t30m,-35.22,-218.67,-140.86,94,0.5,"[163.94, -218.67, 53.95, -140.08]","[0.719, 0.231, 0.864, 0.0]","{""max_liq"": 3000, ""tp_mult"": 1.3, ""sl_mult"": 0.7, ""trail_pct"": 0.1, ""trail_act"": 0.15, ""timeout_min"": 30}"
BOND_FAST,liq<$3K tp30 sl30 trail10@25 t15m,-31.4,-176.3,-125.57,94,0.5,"[60.68, -176.3, 54.84, -64.8]","[0.594, 0.0, 0.727, 0.214]","{""max_liq"": 3000, ""tp_mult"": 1.3, ""sl_mult"": 0.7, ""trail_pct"": 0.1, ""trail_act"": 0.25, ""timeout_min"": 15}"
BOND_FAST,liq<$3K tp30 sl30 trail10@25 t20m,-10.79,-176.3,-43.16,94,0.5,"[148.4, -176.3, 42.4, -57.65]","[0.594, 0.0, 0.682, 0.214]","{""max_liq"": 3000, ""tp_mult"": 1.3, ""sl_mult"": 0.7, ""trail_pct"": 0.1, ""trail_act"": 0.25, ""timeout_min"": 20}"
BOND_FAST,liq<$3K tp30 sl30 trail10@25 t30m,-50.45,-270.23,-201.8,94,0.5,"[163.94, -270.23, 44.57, -140.08]","[0.719, 0.0, 0.682, 0.0]","{""max_liq"": 3000, ""tp_mult"": 1.3, ""sl_mult"": 0.7, ""trail_pct"": 0.1, ""trail_act"": 0.25, ""timeout_min"": 30}"
BOND_FAST,liq<$3K tp30 sl30 trail15@15 t15m,-43.26,-176.3,-173.05,94,0.5,"[49.95, -176.3, 18.1, -64.8]","[0.594, 0.0, 0.727, 0.214]","{""max_liq"": 3000, ""tp_mult"": 1.3, ""sl_mult"": 0.7, ""trail_pct"": 0.15, ""trail_act"": 0.15, ""timeout_min"": 15}"
BOND_FAST,liq<$3K tp30 sl30 trail15@15 t20m,-26.56,-176.3,-106.23,94,0.5,"[113.0, -176.3, 14.72, -57.65]","[0.594, 0.0, 0.773, 0.214]","{""max_liq"": 3000, ""tp_mult"": 1.3, ""sl_mult"": 0.7, ""trail_pct"": 0.15, ""trail_act"": 0.15, ""timeout_min"": 20}"
BOND_FAST,liq<$3K tp30 sl30 trail15@15 t30m,-63.92,-247.57,-255.66,94,0.5,"[128.54, -247.57, 3.45, -140.08]","[0.719, 0.0, 0.773, 0.0]","{""max_liq"": 3000, ""tp_mult"": 1.3, ""sl_mult"": 0.7, ""trail_pct"": 0.15, ""trail_act"": 0.15, ""timeout_min"": 30}"
BOND_FAST,liq<$3K tp30 sl30 trail15@25 t15m,-44.05,-176.3,-176.2,94,0.5,"[49.95, -176.3, 14.94, -64.8]","[0.594, 0.0, 0.636, 0.214]","{""max_liq"": 3000, ""tp_mult"": 1.3, ""sl_mult"": 0.7, ""trail_pct"": 0.15, ""trail_act"": 0.25, ""timeout_min"": 15}"
BOND_FAST,liq<$3K tp30 sl30 trail15@25 t20m,-29.17,-176.3,-116.66,94,0.5,"[113.0, -176.3, 4.29, -57.65]","[0.594, 0.0, 0.682, 0.214]","{""max_liq"": 3000, ""tp_mult"": 1.3, ""sl_mult"": 0.7, ""trail_pct"": 0.15, ""trail_act"": 0.25, ""timeout_min"": 20}"
BOND_FAST,liq<$3K tp30 sl30 trail15@25 t30m,-68.83,-270.23,-275.3,94,0.5,"[128.54, -270.23, 6.47, -140.08]","[0.719, 0.0, 0.682, 0.0]","{""max_liq"": 3000, ""tp_mult"": 1.3, ""sl_mult"": 0.7, ""trail_pct"": 0.15, ""trail_act"": 0.25, ""timeout_min"": 30}"
BOND_FAST,liq<$3K tp30 sl30 trail20@15 t15m,-49.38,-176.3,-197.51,94,0.5,"[30.51, -176.3, 13.08, -64.8]","[0.594, 0.0, 0.636, 0.214]","{""max_liq"": 3000, ""tp_mult"": 1.3, ""sl_mult"": 0.7, ""trail_pct"": 0.2, ""trail_act"": 0.15, ""timeout_min"": 15}"
BOND_FAST,liq<$3K tp30 sl30 trail20@15 t20m,-50.08,-176.3,-200.32,94,0.25,"[74.73, -176.3, -41.11, -57.65]","[0.594, 0.0, 0.136, 0.214]","{""max_liq"": 3000, ""tp_mult"": 1.3, ""sl_mult"": 0.7, ""trail_pct"": 0.2, ""trail_act"": 0.15, ""timeout_min"": 20}"
BOND_FAST,liq<$3K tp30 sl30 trail20@15 t30m,-98.63,-270.23,-394.53,94,0.25,"[47.43, -270.23, -31.64, -140.08]","[0.688, 0.0, 0.136, 0.0]","{""max_liq"": 3000, ""tp_mult"": 1.3, ""sl_mult"": 0.7, ""trail_pct"": 0.2, ""trail_act"": 0.15, ""timeout_min"": 30}"
BOND_FAST,liq<$3K tp30 sl30 trail20@25 t15m,-49.38,-176.3,-197.51,94,0.5,"[30.51, -176.3, 13.08, -64.8]","[0.594, 0.0, 0.636, 0.214]","{""max_liq"": 3000, ""tp_mult"": 1.3, ""sl_mult"": 0.7, ""trail_pct"": 0.2, ""trail_act"": 0.25, ""timeout_min"": 15}"
BOND_FAST,liq<$3K tp30 sl30 trail20@25 t20m,-50.08,-176.3,-200.32,94,0.25,"[74.73, -176.3, -41.11, -57.65]","[0.594, 0.0, 0.136, 0.214]","{""max_liq"": 3000, ""tp_mult"": 1.3, ""sl_mult"": 0.7, ""trail_pct"": 0.2, ""trail_act"": 0.25, ""timeout_min"": 20}"
BOND_FAST,liq<$3K tp30 sl30 trail20@25 t30m,-98.63,-270.23,-394.53,94,0.25,"[47.43, -270.23, -31.64, -140.08]","[0.688, 0.0, 0.136, 0.0]","{""max_liq"": 3000, ""tp_mult"": 1.3, ""sl_mult"": 0.7, ""trail_pct"": 0.2, ""trail_act"": 0.25, ""timeout_min"": 30}"
BOND_FAST,liq<$3K tp30 sl25 notrail t15m,-36.42,-161.21,-145.69,94,0.5,"[67.24, -161.21, 13.08, -64.8]","[0.594, 0.0, 0.636, 0.214]","{""max_liq"": 3000, ""tp_mult"": 1.3, ""sl_mult"": 0.75, ""trail_pct"": 0.0, ""trail_act"": 0.15, ""timeout_min"": 15}"
BOND_FAST,liq<$3K tp30 sl25 notrail t20m,-50.36,-161.21,-201.43,94,0.25,"[87.97, -161.21, -70.54, -57.65]","[0.594, 0.0, 0.091, 0.214]","{""max_liq"": 3000, ""tp_mult"": 1.3, ""sl_mult"": 0.75, ""trail_pct"": 0.0, ""trail_act"": 0.15, ""timeout_min"": 20}"
BOND_FAST,liq<$3K tp30 sl25 notrail t30m,-179.55,-255.14,-718.2,94,0.0,"[-158.48, -255.14, -153.71, -150.87]","[0.469, 0.0, 0.091, 0.0]","{""max_liq"": 3000, ""tp_mult"": 1.3, ""sl_mult"": 0.75, ""trail_pct"": 0.0, ""trail_act"": 0.15, ""timeout_min"": 30}"
BOND_FAST,liq<$3K tp30 sl25 notrail t15m,-36.42,-161.21,-145.69,94,0.5,"[67.24, -161.21, 13.08, -64.8]","[0.594, 0.0, 0.636, 0.214]","{""max_liq"": 3000, ""tp_mult"": 1.3, ""sl_mult"": 0.75, ""trail_pct"": 0.0, ""trail_act"": 0.25, ""timeout_min"": 15}"
BOND_FAST,liq<$3K tp30 sl25 notrail t20m,-50.36,-161.21,-201.43,94,0.25,"[87.97, -161.21, -70.54, -57.65]","[0.594, 0.0, 0.091, 0.214]","{""max_liq"": 3000, ""tp_mult"": 1.3, ""sl_mult"": 0.75, ""trail_pct"": 0.0, ""trail_act"": 0.25, ""timeout_min"": 20}"
BOND_FAST,liq<$3K tp30 sl25 notrail t30m,-179.55,-255.14,-718.2,94,0.0,"[-158.48, -255.14, -153.71, -150.87]","[0.469, 0.0, 0.091, 0.0]","{""max_liq"": 3000, ""tp_mult"": 1.3, ""sl_mult"": 0.75, ""trail_pct"": 0.0, ""trail_act"": 0.25, ""timeout_min"": 30}"
BOND_FAST,liq<$3K tp30 sl25 trail10@15 t15m,-21.46,-161.21,-85.84,94,0.5,"[75.68, -161.21, 64.49, -64.8]","[0.594, 0.0, 0.864, 0.214]","{""max_liq"": 3000, ""tp_mult"": 1.3, ""sl_mult"": 0.75, ""trail_pct"": 0.1, ""trail_act"": 0.15, ""timeout_min"": 15}"
BOND_FAST,liq<$3K tp30 sl25 trail10@15 t20m,3.28,-161.21,13.11,94,0.5,"[163.4, -161.21, 68.57, -57.65]","[0.594, 0.0, 0.864, 0.214]","{""max_liq"": 3000, ""tp_mult"": 1.3, ""sl_mult"": 0.75, ""trail_pct"": 0.1, ""trail_act"": 0.15, ""timeout_min"": 20}"
BOND_FAST,liq<$3K tp30 sl25 trail10@15 t30m,-30.69,-203.58,-122.76,94,0.5,"[178.94, -203.58, 52.75, -150.87]","[0.719, 0.231, 0.864, 0.0]","{""max_liq"": 3000, ""tp_mult"": 1.3, ""sl_mult"": 0.75, ""trail_pct"": 0.1, ""trail_act"": 0.15, ""timeout_min"": 30}"
BOND_FAST,liq<$3K tp30 sl25 trail10@25 t15m,-23.87,-161.21,-95.48,94,0.5,"[75.68, -161.21, 54.84, -64.8]","[0.594, 0.0, 0.727, 0.214]","{""max_liq"": 3000, ""tp_mult"": 1.3, ""sl_mult"": 0.75, ""trail_pct"": 0.1, ""trail_act"": 0.25, ""timeout_min"": 15}"
BOND_FAST,liq<$3K tp30 sl25 trail10@25 t20m,-3.27,-161.21,-13.07,94,0.5,"[163.4, -161.21, 42.4, -57.65]","[0.594, 0.0, 0.682, 0.214]","{""max_liq"": 3000, ""tp_mult"": 1.3, ""sl_mult"": 0.75, ""trail_pct"": 0.1, ""trail_act"": 0.25, ""timeout_min"": 20}"
BOND_FAST,liq<$3K tp30 sl25 trail10@25 t30m,-45.92,-255.14,-183.7,94,0.5,"[178.94, -255.14, 43.37, -150.87]","[0.719, 0.0, 0.682, 0.0]","{""max_liq"": 3000, ""tp_mult"": 1.3, ""sl_mult"": 0.75, ""trail_pct"": 0.1, ""trail_act"": 0.25, ""timeout_min"": 30}"
BOND_FAST,liq<$3K tp30 sl25 trail15@15 t15m,-35.74,-161.21,-142.96,94,0.5,"[64.95, -161.21, 18.1, -64.8]","[0.594, 0.0, 0.727, 0.214]","{""max_liq"": 3000, ""tp_mult"": 1.3, ""sl_mult"": 0.75, ""trail_pct"": 0.15, ""trail_act"": 0.15, ""timeout_min"": 15}"
BOND_FAST,liq<$3K tp30 sl25 trail15@15 t20m,-19.04,-161.21,-76.14,94,0.5,"[128.0, -161.21, 14.72, -57.65]","[0.594, 0.0, 0.773, 0.214]","{""max_liq"": 3000, ""tp_mult"": 1.3, ""sl_mult"": 0.75, ""trail_pct"": 0.15, ""trail_act"": 0.15, ""timeout_min"": 20}"
BOND_FAST,liq<$3K tp30 sl25 trail15@15 t30m,-59.39,-232.48,-237.55,94,0.5,"[143.54, -232.48, 2.25, -150.87]","[0.719, 0.0, 0.773, 0.0]","{""max_liq"": 3000, ""tp_mult"": 1.3, ""sl_mult"": 0.75, ""trail_pct"": 0.15, ""trail_act"": 0.15, ""timeout_min"": 30}"
BOND_FAST,liq<$3K tp30 sl25 trail15@25 t15m,-36.53,-161.21,-146.11,94,0.5,"[64.95, -161.21, 14.94, -64.8]","[0.594, 0.0, 0.636, 0.214]","{""max_liq"": 3000, ""tp_mult"": 1.3, ""sl_mult"": 0.75, ""trail_pct"": 0.15, ""trail_act"": 0.25, ""timeout_min"": 15}"
BOND_FAST,liq<$3K tp30 sl25 trail15@25 t20m,-21.64,-161.21,-86.57,94,0.5,"[128.0, -161.21, 4.29, -57.65]","[0.594, 0.0, 0.682, 0.214]","{""max_liq"": 3000, ""tp_mult"": 1.3, ""sl_mult"": 0.75, ""trail_pct"": 0.15, ""trail_act"": 0.25, ""timeout_min"": 20}"
BOND_FAST,liq<$3K tp30 sl25 trail15@25 t30m,-64.3,-255.14,-257.2,94,0.5,"[143.54, -255.14, 5.27, -150.87]","[0.719, 0.0, 0.682, 0.0]","{""max_liq"": 3000, ""tp_mult"": 1.3, ""sl_mult"": 0.75, ""trail_pct"": 0.15, ""trail_act"": 0.25, ""timeout_min"": 30}"
BOND_FAST,liq<$3K tp30 sl25 trail20@15 t15m,-41.86,-161.21,-167.42,94,0.5,"[45.51, -161.21, 13.08, -64.8]","[0.594, 0.0, 0.636, 0.214]","{""max_liq"": 3000, ""tp_mult"": 1.3, ""sl_mult"": 0.75, ""trail_pct"": 0.2, ""trail_act"": 0.15, ""timeout_min"": 15}"
BOND_FAST,liq<$3K tp30 sl25 trail20@15 t20m,-42.56,-161.21,-170.23,94,0.25,"[89.73, -161.21, -41.11, -57.65]","[0.594, 0.0, 0.136, 0.214]","{""max_liq"": 3000, ""tp_mult"": 1.3, ""sl_mult"": 0.75, ""trail_pct"": 0.2, ""trail_act"": 0.15, ""timeout_min"": 20}"
BOND_FAST,liq<$3K tp30 sl25 trail20@15 t30m,-94.11,-255.14,-376.42,94,0.25,"[62.43, -255.14, -32.84, -150.87]","[0.688, 0.0, 0.136, 0.0]","{""max_liq"": 3000, ""tp_mult"": 1.3, ""sl_mult"": 0.75, ""trail_pct"": 0.2, ""trail_act"": 0.15, ""timeout_min"": 30}"
BOND_FAST,liq<$3K tp30 sl25 trail20@25 t15m,-41.86,-161.21,-167.42,94,0.5,"[45.51, -161.21, 13.08, -64.8]","[0.594, 0.0, 0.636, 0.214]","{""max_liq"": 3000, ""tp_mult"": 1.3, ""sl_mult"": 0.75, ""trail_pct"": 0.2, ""trail_act"": 0.25, ""timeout_min"": 15}"
BOND_FAST,liq<$3K tp30 sl25 trail20@25 t20m,-42.56,-161.21,-170.23,94,0.25,"[89.73, -161.21, -41.11, -57.65]","[0.594, 0.0, 0.136, 0.214]","{""max_liq"": 3000, ""tp_mult"": 1.3, ""sl_mult"": 0.75, ""trail_pct"": 0.2, ""trail_act"": 0.25, ""timeout_min"": 20}"
BOND_FAST,liq<$3K tp30 sl25 trail20@25 t30m,-94.11,-255.14,-376.42,94,0.25,"[62.43, -255.14, -32.84, -150.87]","[0.688, 0.0, 0.136, 0.0]","{""max_liq"": 3000, ""tp_mult"": 1.3, ""sl_mult"": 0.75, ""trail_pct"": 0.2, ""trail_act"": 0.25, ""timeout_min"": 30}"
BOND_FAST,liq<$3K tp30 sl19 notrail t15m,-28.9,-146.12,-115.6,94,0.5,"[82.24, -146.12, 13.08, -64.8]","[0.594, 0.0, 0.636, 0.214]","{""max_liq"": 3000, ""tp_mult"": 1.3, ""sl_mult"": 0.8, ""trail_pct"": 0.0, ""trail_act"": 0.15, ""timeout_min"": 15}"
BOND_FAST,liq<$3K tp30 sl19 notrail t20m,-42.84,-146.12,-171.34,94,0.25,"[102.97, -146.12, -70.54, -57.65]","[0.594, 0.0, 0.091, 0.214]","{""max_liq"": 3000, ""tp_mult"": 1.3, ""sl_mult"": 0.8, ""trail_pct"": 0.0, ""trail_act"": 0.15, ""timeout_min"": 20}"
BOND_FAST,liq<$3K tp30 sl19 notrail t30m,-169.51,-240.05,-678.06,94,0.0,"[-143.48, -240.05, -166.14, -128.39]","[0.469, 0.0, 0.091, 0.0]","{""max_liq"": 3000, ""tp_mult"": 1.3, ""sl_mult"": 0.8, ""trail_pct"": 0.0, ""trail_act"": 0.15, ""timeout_min"": 30}"
BOND_FAST,liq<$3K tp30 sl19 notrail t15m,-28.9,-146.12,-115.6,94,0.5,"[82.24, -146.12, 13.08, -64.8]","[0.594, 0.0, 0.636, 0.214]","{""max_liq"": 3000, ""tp_mult"": 1.3, ""sl_mult"": 0.8, ""trail_pct"": 0.0, ""trail_act"": 0.25, ""timeout_min"": 15}"
BOND_FAST,liq<$3K tp30 sl19 notrail t20m,-42.84,-146.12,-171.34,94,0.25,"[102.97, -146.12, -70.54, -57.65]","[0.594, 0.0, 0.091, 0.214]","{""max_liq"": 3000, ""tp_mult"": 1.3, ""sl_mult"": 0.8, ""trail_pct"": 0.0, ""trail_act"": 0.25, ""timeout_min"": 20}"
BOND_FAST,liq<$3K tp30 sl19 notrail t30m,-169.51,-240.05,-678.06,94,0.0,"[-143.48, -240.05, -166.14, -128.39]","[0.469, 0.0, 0.091, 0.0]","{""max_liq"": 3000, ""tp_mult"": 1.3, ""sl_mult"": 0.8, ""trail_pct"": 0.0, ""trail_act"": 0.25, ""timeout_min"": 30}"
BOND_FAST,liq<$3K tp30 sl19 trail10@15 t15m,-13.94,-146.12,-55.75,94,0.5,"[90.68, -146.12, 64.49, -64.8]","[0.594, 0.0, 0.864, 0.214]","{""max_liq"": 3000, ""tp_mult"": 1.3, ""sl_mult"": 0.8, ""trail_pct"": 0.1, ""trail_act"": 0.15, ""timeout_min"": 15}"
BOND_FAST,liq<$3K tp30 sl19 trail10@15 t20m,10.8,-146.12,43.2,94,0.5,"[178.4, -146.12, 68.57, -57.65]","[0.594, 0.0, 0.864, 0.214]","{""max_liq"": 3000, ""tp_mult"": 1.3, ""sl_mult"": 0.8, ""trail_pct"": 0.1, ""trail_act"": 0.15, ""timeout_min"": 20}"
BOND_FAST,liq<$3K tp30 sl19 trail10@15 t30m,-16.6,-188.49,-66.39,94,0.5,"[193.94, -188.49, 56.55, -128.39]","[0.719, 0.231, 0.864, 0.0]","{""max_liq"": 3000, ""tp_mult"": 1.3, ""sl_mult"": 0.8, ""trail_pct"": 0.1, ""trail_act"": 0.15, ""timeout_min"": 30}"
BOND_FAST,liq<$3K tp30 sl19 trail10@25 t15m,-16.35,-146.12,-65.39,94,0.5,"[90.68, -146.12, 54.84, -64.8]","[0.594, 0.0, 0.727, 0.214]","{""max_liq"": 3000, ""tp_mult"": 1.3, ""sl_mult"": 0.8, ""trail_pct"": 0.1, ""trail_act"": 0.25, ""timeout_min"": 15}"
BOND_FAST,liq<$3K tp30 sl19 trail10@25 t20m,4.26,-146.12,17.02,94,0.5,"[178.4, -146.12, 42.4, -57.65]","[0.594, 0.0, 0.682, 0.214]","{""max_liq"": 3000, ""tp_mult"": 1.3, ""sl_mult"": 0.8, ""trail_pct"": 0.1, ""trail_act"": 0.25, ""timeout_min"": 20}"
BOND_FAST,liq<$3K tp30 sl19 trail10@25 t30m,-34.14,-240.05,-136.56,94,0.5,"[193.94, -240.05, 37.94, -128.39]","[0.719, 0.0, 0.682, 0.0]","{""max_liq"": 3000, ""tp_mult"": 1.3, ""sl_mult"": 0.8, ""trail_pct"": 0.1, ""trail_act"": 0.25, ""timeout_min"": 30}"
BOND_FAST,liq<$3K tp30 sl19 trail15@15 t15m,-28.22,-146.12,-112.87,94,0.5,"[79.95, -146.12, 18.1, -64.8]","[0.594, 0.0, 0.727, 0.214]","{""max_liq"": 3000, ""tp_mult"": 1.3, ""sl_mult"": 0.8, ""trail_pct"": 0.15, ""trail_act"": 0.15, ""timeout_min"": 15}"
BOND_FAST,liq<$3K tp30 sl19 trail15@15 t20m,-11.51,-146.12,-46.05,94,0.5,"[143.0, -146.12, 14.72, -57.65]","[0.594, 0.0, 0.773, 0.214]","{""max_liq"": 3000, ""tp_mult"": 1.3, ""sl_mult"": 0.8, ""trail_pct"": 0.15, ""trail_act"": 0.15, ""timeout_min"": 20}"
BOND_FAST,liq<$3K tp30 sl19 trail15@15 t30m,-45.3,-217.39,-181.19,94,0.5,"[158.54, -217.39, 6.05, -128.39]","[0.719, 0.0, 0.773, 0.0]","{""max_liq"": 3000, ""tp_mult"": 1.3, ""sl_mult"": 0.8, ""trail_pct"": 0.15, ""trail_act"": 0.15, ""timeout_min"": 30}"
BOND_FAST,liq<$3K tp30 sl19 trail15@25 t15m,-29.01,-146.12,-116.02,94,0.5,"[79.95, -146.12, 14.94, -64.8]","[0.594, 0.0, 0.636, 0.214]","{""max_liq"": 3000, ""tp_mult"": 1.3, ""sl_mult"": 0.8, ""trail_pct"": 0.15, ""trail_act"": 0.25, ""timeout_min"": 15}"
BOND_FAST,liq<$3K tp30 sl19 trail15@25 t20m,-14.12,-146.12,-56.48,94,0.5,"[143.0, -146.12, 4.29, -57.65]","[0.594, 0.0, 0.682, 0.214]","{""max_liq"": 3000, ""tp_mult"": 1.3, ""sl_mult"": 0.8, ""trail_pct"": 0.15, ""trail_act"": 0.25, ""timeout_min"": 20}"
BOND_FAST,liq<$3K tp30 sl19 trail15@25 t30m,-52.52,-240.05,-210.06,94,0.25,"[158.54, -240.05, -0.16, -128.39]","[0.719, 0.0, 0.682, 0.0]","{""max_liq"": 3000, ""tp_mult"": 1.3, ""sl_mult"": 0.8, ""trail_pct"": 0.15, ""trail_act"": 0.25, ""timeout_min"": 30}"
BOND_FAST,liq<$3K tp30 sl19 trail20@15 t15m,-34.33,-146.12,-137.33,94,0.5,"[60.51, -146.12, 13.08, -64.8]","[0.594, 0.0, 0.636, 0.214]","{""max_liq"": 3000, ""tp_mult"": 1.3, ""sl_mult"": 0.8, ""trail_pct"": 0.2, ""trail_act"": 0.15, ""timeout_min"": 15}"
BOND_FAST,liq<$3K tp30 sl19 trail20@15 t20m,-35.04,-146.12,-140.14,94,0.25,"[104.73, -146.12, -41.11, -57.65]","[0.594, 0.0, 0.136, 0.214]","{""max_liq"": 3000, ""tp_mult"": 1.3, ""sl_mult"": 0.8, ""trail_pct"": 0.2, ""trail_act"": 0.15, ""timeout_min"": 20}"
BOND_FAST,liq<$3K tp30 sl19 trail20@15 t30m,-82.32,-240.05,-329.29,94,0.25,"[77.43, -240.05, -38.27, -128.39]","[0.688, 0.0, 0.136, 0.0]","{""max_liq"": 3000, ""tp_mult"": 1.3, ""sl_mult"": 0.8, ""trail_pct"": 0.2, ""trail_act"": 0.15, ""timeout_min"": 30}"
BOND_FAST,liq<$3K tp30 sl19 trail20@25 t15m,-34.33,-146.12,-137.33,94,0.5,"[60.51, -146.12, 13.08, -64.8]","[0.594, 0.0, 0.636, 0.214]","{""max_liq"": 3000, ""tp_mult"": 1.3, ""sl_mult"": 0.8, ""trail_pct"": 0.2, ""trail_act"": 0.25, ""timeout_min"": 15}"
BOND_FAST,liq<$3K tp30 sl19 trail20@25 t20m,-35.04,-146.12,-140.14,94,0.25,"[104.73, -146.12, -41.11, -57.65]","[0.594, 0.0, 0.136, 0.214]","{""max_liq"": 3000, ""tp_mult"": 1.3, ""sl_mult"": 0.8, ""trail_pct"": 0.2, ""trail_act"": 0.25, ""timeout_min"": 20}"
BOND_FAST,liq<$3K tp30 sl19 trail20@25 t30m,-82.32,-240.05,-329.29,94,0.25,"[77.43, -240.05, -38.27, -128.39]","[0.688, 0.0, 0.136, 0.0]","{""max_liq"": 3000, ""tp_mult"": 1.3, ""sl_mult"": 0.8, ""trail_pct"": 0.2, ""trail_act"": 0.25, ""timeout_min"": 30}"
BOND_FAST,liq<$3K tp39 sl30 notrail t15m,-32.65,-176.3,-130.6,94,0.5,"[97.42, -176.3, 13.08, -64.8]","[0.594, 0.0, 0.636, 0.214]","{""max_liq"": 3000, ""tp_mult"": 1.4, ""sl_mult"": 0.7, ""trail_pct"": 0.0, ""trail_act"": 0.15, ""timeout_min"": 15}"
BOND_FAST,liq<$3K tp39 sl30 notrail t20m,-46.59,-176.3,-186.34,94,0.25,"[118.15, -176.3, -70.54, -57.65]","[0.594, 0.0, 0.091, 0.214]","{""max_liq"": 3000, ""tp_mult"": 1.4, ""sl_mult"": 0.7, ""trail_pct"": 0.0, ""trail_act"": 0.15, ""timeout_min"": 20}"
BOND_FAST,liq<$3K tp39 sl30 notrail t30m,-145.22,-270.23,-580.88,94,0.0,"[-128.3, -270.23, -42.27, -140.08]","[0.469, 0.0, 0.091, 0.0]","{""max_liq"": 3000, ""tp_mult"": 1.4, ""sl_mult"": 0.7, ""trail_pct"": 0.0, ""trail_act"": 0.15, ""timeout_min"": 30}"
BOND_FAST,liq<$3K tp39 sl30 notrail t15m,-32.65,-176.3,-130.6,94,0.5,"[97.42, -176.3, 13.08, -64.8]","[0.594, 0.0, 0.636, 0.214]","{""max_liq"": 3000, ""tp_mult"": 1.4, ""sl_mult"": 0.7, ""trail_pct"": 0.0, ""trail_act"": 0.25, ""timeout_min"": 15}"
BOND_FAST,liq<$3K tp39 sl30 notrail t20m,-46.59,-176.3,-186.34,94,0.25,"[118.15, -176.3, -70.54, -57.65]","[0.594, 0.0, 0.091, 0.214]","{""max_liq"": 3000, ""tp_mult"": 1.4, ""sl_mult"": 0.7, ""trail_pct"": 0.0, ""trail_act"": 0.25, ""timeout_min"": 20}"
BOND_FAST,liq<$3K tp39 sl30 notrail t30m,-145.22,-270.23,-580.88,94,0.0,"[-128.3, -270.23, -42.27, -140.08]","[0.469, 0.0, 0.091, 0.0]","{""max_liq"": 3000, ""tp_mult"": 1.4, ""sl_mult"": 0.7, ""trail_pct"": 0.0, ""trail_act"": 0.25, ""timeout_min"": 30}"
BOND_FAST,liq<$3K tp39 sl30 trail10@15 t15m,-28.36,-176.3,-113.42,94,0.5,"[63.19, -176.3, 64.49, -64.8]","[0.594, 0.0, 0.864, 0.214]","{""max_liq"": 3000, ""tp_mult"": 1.4, ""sl_mult"": 0.7, ""trail_pct"": 0.1, ""trail_act"": 0.15, ""timeout_min"": 15}"
BOND_FAST,liq<$3K tp39 sl30 trail10@15 t20m,-3.62,-176.3,-14.47,94,0.5,"[150.91, -176.3, 68.57, -57.65]","[0.594, 0.0, 0.864, 0.214]","{""max_liq"": 3000, ""tp_mult"": 1.4, ""sl_mult"": 0.7, ""trail_pct"": 0.1, ""trail_act"": 0.15, ""timeout_min"": 20}"
BOND_FAST,liq<$3K tp39 sl30 trail10@15 t30m,-34.59,-218.67,-138.35,94,0.5,"[166.45, -218.67, 53.95, -140.08]","[0.719, 0.231, 0.864, 0.0]","{""max_liq"": 3000, ""tp_mult"": 1.4, ""sl_mult"": 0.7, ""trail_pct"": 0.1, ""trail_act"": 0.15, ""timeout_min"": 30}"
BOND_FAST,liq<$3K tp39 sl30 trail10@25 t15m,-30.77,-176.3,-123.06,94,0.5,"[63.19, -176.3, 54.84, -64.8]","[0.594, 0.0, 0.727, 0.214]","{""max_liq"": 3000, ""tp_mult"": 1.4, ""sl_mult"": 0.7, ""trail_pct"": 0.1, ""trail_act"": 0.25, ""timeout_min"": 15}"
BOND_FAST,liq<$3K tp39 sl30 trail10@25 t20m,-10.16,-176.3,-40.65,94,0.5,"[150.91, -176.3, 42.4, -57.65]","[0.594, 0.0, 0.682, 0.214]","{""max_liq"": 3000, ""tp_mult"": 1.4, ""sl_mult"": 0.7, ""trail_pct"": 0.1, ""trail_act"": 0.25, ""timeout_min"": 20}"
BOND_FAST,liq<$3K tp39 sl30 trail10@25 t30m,-49.82,-270.23,-199.29,94,0.5,"[166.45, -270.23, 44.57, -140.08]","[0.719, 0.0, 0.682, 0.0]","{""max_liq"": 3000, ""tp_mult"": 1.4, ""sl_mult"": 0.7, ""trail_pct"": 0.1, ""trail_act"": 0.25, ""timeout_min"": 30}"
BOND_FAST,liq<$3K tp39 sl30 trail15@15 t15m,-38.26,-176.3,-153.05,94,0.5,"[69.95, -176.3, 18.1, -64.8]","[0.594, 0.0, 0.727, 0.214]","{""max_liq"": 3000, ""tp_mult"": 1.4, ""sl_mult"": 0.7, ""trail_pct"": 0.15, ""trail_act"": 0.15, ""timeout_min"": 15}"
BOND_FAST,liq<$3K tp39 sl30 trail15@15 t20m,-21.56,-176.3,-86.23,94,0.5,"[133.0, -176.3, 14.72, -57.65]","[0.594, 0.0, 0.773, 0.214]","{""max_liq"": 3000, ""tp_mult"": 1.4, ""sl_mult"": 0.7, ""trail_pct"": 0.15, ""trail_act"": 0.15, ""timeout_min"": 20}"
BOND_FAST,liq<$3K tp39 sl30 trail15@15 t30m,-58.92,-247.57,-235.66,94,0.5,"[148.54, -247.57, 3.45, -140.08]","[0.719, 0.0, 0.773, 0.0]","{""max_liq"": 3000, ""tp_mult"": 1.4, ""sl_mult"": 0.7, ""trail_pct"": 0.15, ""trail_act"": 0.15, ""timeout_min"": 30}"
BOND_FAST,liq<$3K tp39 sl30 trail15@25 t15m,-39.05,-176.3,-156.2,94,0.5,"[69.95, -176.3, 14.94, -64.8]","[0.594, 0.0, 0.636, 0.214]","{""max_liq"": 3000, ""tp_mult"": 1.4, ""sl_mult"": 0.7, ""trail_pct"": 0.15, ""trail_act"": 0.25, ""timeout_min"": 15}"
BOND_FAST,liq<$3K tp39 sl30 trail15@25 t20m,-24.17,-176.3,-96.66,94,0.5,"[133.0, -176.3, 4.29, -57.65]","[0.594, 0.0, 0.682, 0.214]","{""max_liq"": 3000, ""tp_mult"": 1.4, ""sl_mult"": 0.7, ""trail_pct"": 0.15, ""trail_act"": 0.25, ""timeout_min"": 20}"
BOND_FAST,liq<$3K tp39 sl30 trail15@25 t30m,-63.83,-270.23,-255.3,94,0.5,"[148.54, -270.23, 6.47, -140.08]","[0.719, 0.0, 0.682, 0.0]","{""max_liq"": 3000, ""tp_mult"": 1.4, ""sl_mult"": 0.7, ""trail_pct"": 0.15, ""trail_act"": 0.25, ""timeout_min"": 30}"
BOND_FAST,liq<$3K tp39 sl30 trail20@15 t15m,-44.38,-176.3,-177.51,94,0.5,"[50.51, -176.3, 13.08, -64.8]","[0.594, 0.0, 0.636, 0.214]","{""max_liq"": 3000, ""tp_mult"": 1.4, ""sl_mult"": 0.7, ""trail_pct"": 0.2, ""trail_act"": 0.15, ""timeout_min"": 15}"
BOND_FAST,liq<$3K tp39 sl30 trail20@15 t20m,-45.08,-176.3,-180.32,94,0.25,"[94.73, -176.3, -41.11, -57.65]","[0.594, 0.0, 0.136, 0.214]","{""max_liq"": 3000, ""tp_mult"": 1.4, ""sl_mult"": 0.7, ""trail_pct"": 0.2, ""trail_act"": 0.15, ""timeout_min"": 20}"
BOND_FAST,liq<$3K tp39 sl30 trail20@15 t30m,-93.63,-270.23,-374.53,94,0.25,"[67.43, -270.23, -31.64, -140.08]","[0.688, 0.0, 0.136, 0.0]","{""max_liq"": 3000, ""tp_mult"": 1.4, ""sl_mult"": 0.7, ""trail_pct"": 0.2, ""trail_act"": 0.15, ""timeout_min"": 30}"
BOND_FAST,liq<$3K tp39 sl30 trail20@25 t15m,-44.38,-176.3,-177.51,94,0.5,"[50.51, -176.3, 13.08, -64.8]","[0.594, 0.0, 0.636, 0.214]","{""max_liq"": 3000, ""tp_mult"": 1.4, ""sl_mult"": 0.7, ""trail_pct"": 0.2, ""trail_act"": 0.25, ""timeout_min"": 15}"
BOND_FAST,liq<$3K tp39 sl30 trail20@25 t20m,-45.08,-176.3,-180.32,94,0.25,"[94.73, -176.3, -41.11, -57.65]","[0.594, 0.0, 0.136, 0.214]","{""max_liq"": 3000, ""tp_mult"": 1.4, ""sl_mult"": 0.7, ""trail_pct"": 0.2, ""trail_act"": 0.25, ""timeout_min"": 20}"
BOND_FAST,liq<$3K tp39 sl30 trail20@25 t30m,-93.63,-270.23,-374.53,94,0.25,"[67.43, -270.23, -31.64, -140.08]","[0.688, 0.0, 0.136, 0.0]","{""max_liq"": 3000, ""tp_mult"": 1.4, ""sl_mult"": 0.7, ""trail_pct"": 0.2, ""trail_act"": 0.25, ""timeout_min"": 30}"
BOND_FAST,liq<$3K tp39 sl25 notrail t15m,-25.13,-161.21,-100.51,94,0.5,"[112.42, -161.21, 13.08, -64.8]","[0.594, 0.0, 0.636, 0.214]","{""max_liq"": 3000, ""tp_mult"": 1.4, ""sl_mult"": 0.75, ""trail_pct"": 0.0, ""trail_act"": 0.15, ""timeout_min"": 15}"
BOND_FAST,liq<$3K tp39 sl25 notrail t20m,-39.06,-161.21,-156.25,94,0.25,"[133.15, -161.21, -70.54, -57.65]","[0.594, 0.0, 0.091, 0.214]","{""max_liq"": 3000, ""tp_mult"": 1.4, ""sl_mult"": 0.75, ""trail_pct"": 0.0, ""trail_act"": 0.15, ""timeout_min"": 20}"
BOND_FAST,liq<$3K tp39 sl25 notrail t30m,-168.25,-255.14,-673.02,94,0.0,"[-113.3, -255.14, -153.71, -150.87]","[0.469, 0.0, 0.091, 0.0]","{""max_liq"": 3000, ""tp_mult"": 1.4, ""sl_mult"": 0.75, ""trail_pct"": 0.0, ""trail_act"": 0.15, ""timeout_min"": 30}"
BOND_FAST,liq<$3K tp39 sl25 notrail t15m,-25.13,-161.21,-100.51,94,0.5,"[112.42, -161.21, 13.08, -64.8]","[0.594, 0.0, 0.636, 0.214]","{""max_liq"": 3000, ""tp_mult"": 1.4, ""sl_mult"": 0.75, ""trail_pct"": 0.0, ""trail_act"": 0.25, ""timeout_min"": 15}"
BOND_FAST,liq<$3K tp39 sl25 notrail t20m,-39.06,-161.21,-156.25,94,0.25,"[133.15, -161.21, -70.54, -57.65]","[0.594, 0.0, 0.091, 0.214]","{""max_liq"": 3000, ""tp_mult"": 1.4, ""sl_mult"": 0.75, ""trail_pct"": 0.0, ""trail_act"": 0.25, ""timeout_min"": 20}"
BOND_FAST,liq<$3K tp39 sl25 notrail t30m,-168.25,-255.14,-673.02,94,0.0,"[-113.3, -255.14, -153.71, -150.87]","[0.469, 0.0, 0.091, 0.0]","{""max_liq"": 3000, ""tp_mult"": 1.4, ""sl_mult"": 0.75, ""trail_pct"": 0.0, ""trail_act"": 0.25, ""timeout_min"": 30}"
BOND_FAST,liq<$3K tp39 sl25 trail10@15 t15m,-20.83,-161.21,-83.33,94,0.5,"[78.19, -161.21, 64.49, -64.8]","[0.594, 0.0, 0.864, 0.214]","{""max_liq"": 3000, ""tp_mult"": 1.4, ""sl_mult"": 0.75, ""trail_pct"": 0.1, ""trail_act"": 0.15, ""timeout_min"": 15}"
BOND_FAST,liq<$3K tp39 sl25 trail10@15 t20m,3.9,-161.21,15.62,94,0.5,"[165.91, -161.21, 68.57, -57.65]","[0.594, 0.0, 0.864, 0.214]","{""max_liq"": 3000, ""tp_mult"": 1.4, ""sl_mult"": 0.75, ""trail_pct"": 0.1, ""trail_act"": 0.15, ""timeout_min"": 20}"
BOND_FAST,liq<$3K tp39 sl25 trail10@15 t30m,-30.06,-203.58,-120.25,94,0.5,"[181.45, -203.58, 52.75, -150.87]","[0.719, 0.231, 0.864, 0.0]","{""max_liq"": 3000, ""tp_mult"": 1.4, ""sl_mult"": 0.75, ""trail_pct"": 0.1, ""trail_act"": 0.15, ""timeout_min"": 30}"
BOND_FAST,liq<$3K tp39 sl25 trail10@25 t15m,-23.25,-161.21,-92.97,94,0.5,"[78.19, -161.21, 54.84, -64.8]","[0.594, 0.0, 0.727, 0.214]","{""max_liq"": 3000, ""tp_mult"": 1.4, ""sl_mult"": 0.75, ""trail_pct"": 0.1, ""trail_act"": 0.25, ""timeout_min"": 15}"
BOND_FAST,liq<$3K tp39 sl25 trail10@25 t20m,-2.64,-161.21,-10.56,94,0.5,"[165.91, -161.21, 42.4, -57.65]","[0.594, 0.0, 0.682, 0.214]","{""max_liq"": 3000, ""tp_mult"": 1.4, ""sl_mult"": 0.75, ""trail_pct"": 0.1, ""trail_act"": 0.25, ""timeout_min"": 20}"
BOND_FAST,liq<$3K tp39 sl25 trail10@25 t30m,-45.3,-255.14,-181.19,94,0.5,"[181.45, -255.14, 43.37, -150.87]","[0.719, 0.0, 0.682, 0.0]","{""max_liq"": 3000, ""tp_mult"": 1.4, ""sl_mult"": 0.75, ""trail_pct"": 0.1, ""trail_act"": 0.25, ""timeout_min"": 30}"
BOND_FAST,liq<$3K tp39 sl25 trail15@15 t15m,-30.74,-161.21,-122.96,94,0.5,"[84.95, -161.21, 18.1, -64.8]","[0.594, 0.0, 0.727, 0.214]","{""max_liq"": 3000, ""tp_mult"": 1.4, ""sl_mult"": 0.75, ""trail_pct"": 0.15, ""trail_act"": 0.15, ""timeout_min"": 15}"
BOND_FAST,liq<$3K tp39 sl25 trail15@15 t20m,-14.04,-161.21,-56.14,94,0.5,"[148.0, -161.21, 14.72, -57.65]","[0.594, 0.0, 0.773, 0.214]","{""max_liq"": 3000, ""tp_mult"": 1.4, ""sl_mult"": 0.75, ""trail_pct"": 0.15, ""trail_act"": 0.15, ""timeout_min"": 20}"
BOND_FAST,liq<$3K tp39 sl25 trail15@15 t30m,-54.39,-232.48,-217.55,94,0.5,"[163.54, -232.48, 2.25, -150.87]","[0.719, 0.0, 0.773, 0.0]","{""max_liq"": 3000, ""tp_mult"": 1.4, ""sl_mult"": 0.75, ""trail_pct"": 0.15, ""trail_act"": 0.15, ""timeout_min"": 30}"
BOND_FAST,liq<$3K tp39 sl25 trail15@25 t15m,-31.53,-161.21,-126.11,94,0.5,"[84.95, -161.21, 14.94, -64.8]","[0.594, 0.0, 0.636, 0.214]","{""max_liq"": 3000, ""tp_mult"": 1.4, ""sl_mult"": 0.75, ""trail_pct"": 0.15, ""trail_act"": 0.25, ""timeout_min"": 15}"
BOND_FAST,liq<$3K tp39 sl25 trail15@25 t20m,-16.64,-161.21,-66.57,94,0.5,"[148.0, -161.21, 4.29, -57.65]","[0.594, 0.0, 0.682, 0.214]","{""max_liq"": 3000, ""tp_mult"": 1.4, ""sl_mult"": 0.75, ""trail_pct"": 0.15, ""trail_act"": 0.25, ""timeout_min"": 20}"
BOND_FAST,liq<$3K tp39 sl25 trail15@25 t30m,-59.3,-255.14,-237.2,94,0.5,"[163.54, -255.14, 5.27, -150.87]","[0.719, 0.0, 0.682, 0.0]","{""max_liq"": 3000, ""tp_mult"": 1.4, ""sl_mult"": 0.75, ""trail_pct"": 0.15, ""trail_act"": 0.25, ""timeout_min"": 30}"
BOND_FAST,liq<$3K tp39 sl25 trail20@15 t15m,-36.85,-161.21,-147.42,94,0.5,"[65.51, -161.21, 13.08, -64.8]","[0.594, 0.0, 0.636, 0.214]","{""max_liq"": 3000, ""tp_mult"": 1.4, ""sl_mult"": 0.75, ""trail_pct"": 0.2, ""trail_act"": 0.15, ""timeout_min"": 15}"
BOND_FAST,liq<$3K tp39 sl25 trail20@15 t20m,-37.56,-161.21,-150.23,94,0.25,"[109.73, -161.21, -41.11, -57.65]","[0.594, 0.0, 0.136, 0.214]","{""max_liq"": 3000, ""tp_mult"": 1.4, ""sl_mult"": 0.75, ""trail_pct"": 0.2, ""trail_act"": 0.15, ""timeout_min"": 20}"
BOND_FAST,liq<$3K tp39 sl25 trail20@15 t30m,-89.1,-255.14,-356.42,94,0.25,"[82.43, -255.14, -32.84, -150.87]","[0.688, 0.0, 0.136, 0.0]","{""max_liq"": 3000, ""tp_mult"": 1.4, ""sl_mult"": 0.75, ""trail_pct"": 0.2, ""trail_act"": 0.15, ""timeout_min"": 30}"
BOND_FAST,liq<$3K tp39 sl25 trail20@25 t15m,-36.85,-161.21,-147.42,94,0.5,"[65.51, -161.21, 13.08, -64.8]","[0.594, 0.0, 0.636, 0.214]","{""max_liq"": 3000, ""tp_mult"": 1.4, ""sl_mult"": 0.75, ""trail_pct"": 0.2, ""trail_act"": 0.25, ""timeout_min"": 15}"
BOND_FAST,liq<$3K tp39 sl25 trail20@25 t20m,-37.56,-161.21,-150.23,94,0.25,"[109.73, -161.21, -41.11, -57.65]","[0.594, 0.0, 0.136, 0.214]","{""max_liq"": 3000, ""tp_mult"": 1.4, ""sl_mult"": 0.75, ""trail_pct"": 0.2, ""trail_act"": 0.25, ""timeout_min"": 20}"
BOND_FAST,liq<$3K tp39 sl25 trail20@25 t30m,-89.1,-255.14,-356.42,94,0.25,"[82.43, -255.14, -32.84, -150.87]","[0.688, 0.0, 0.136, 0.0]","{""max_liq"": 3000, ""tp_mult"": 1.4, ""sl_mult"": 0.75, ""trail_pct"": 0.2, ""trail_act"": 0.25, ""timeout_min"": 30}"
BOND_FAST,liq<$3K tp39 sl19 notrail t15m,-17.61,-146.12,-70.42,94,0.5,"[127.42, -146.12, 13.08, -64.8]","[0.594, 0.0, 0.636, 0.214]","{""max_liq"": 3000, ""tp_mult"": 1.4, ""sl_mult"": 0.8, ""trail_pct"": 0.0, ""trail_act"": 0.15, ""timeout_min"": 15}"
BOND_FAST,liq<$3K tp39 sl19 notrail t20m,-31.54,-146.12,-126.16,94,0.25,"[148.15, -146.12, -70.54, -57.65]","[0.594, 0.0, 0.091, 0.214]","{""max_liq"": 3000, ""tp_mult"": 1.4, ""sl_mult"": 0.8, ""trail_pct"": 0.0, ""trail_act"": 0.15, ""timeout_min"": 20}"
BOND_FAST,liq<$3K tp39 sl19 notrail t30m,-158.22,-240.05,-632.88,94,0.0,"[-98.3, -240.05, -166.14, -128.39]","[0.469, 0.0, 0.091, 0.0]","{""max_liq"": 3000, ""tp_mult"": 1.4, ""sl_mult"": 0.8, ""trail_pct"": 0.0, ""trail_act"": 0.15, ""timeout_min"": 30}"
BOND_FAST,liq<$3K tp39 sl19 notrail t15m,-17.61,-146.12,-70.42,94,0.5,"[127.42, -146.12, 13.08, -64.8]","[0.594, 0.0, 0.636, 0.214]","{""max_liq"": 3000, ""tp_mult"": 1.4, ""sl_mult"": 0.8, ""trail_pct"": 0.0, ""trail_act"": 0.25, ""timeout_min"": 15}"
BOND_FAST,liq<$3K tp39 sl19 notrail t20m,-31.54,-146.12,-126.16,94,0.25,"[148.15, -146.12, -70.54, -57.65]","[0.594, 0.0, 0.091, 0.214]","{""max_liq"": 3000, ""tp_mult"": 1.4, ""sl_mult"": 0.8, ""trail_pct"": 0.0, ""trail_act"": 0.25, ""timeout_min"": 20}"
BOND_FAST,liq<$3K tp39 sl19 notrail t30m,-158.22,-240.05,-632.88,94,0.0,"[-98.3, -240.05, -166.14, -128.39]","[0.469, 0.0, 0.091, 0.0]","{""max_liq"": 3000, ""tp_mult"": 1.4, ""sl_mult"": 0.8, ""trail_pct"": 0.0, ""trail_act"": 0.25, ""timeout_min"": 30}"
BOND_FAST,liq<$3K tp39 sl19 trail10@15 t15m,-13.31,-146.12,-53.24,94,0.5,"[93.19, -146.12, 64.49, -64.8]","[0.594, 0.0, 0.864, 0.214]","{""max_liq"": 3000, ""tp_mult"": 1.4, ""sl_mult"": 0.8, ""trail_pct"": 0.1, ""trail_act"": 0.15, ""timeout_min"": 15}"
BOND_FAST,liq<$3K tp39 sl19 trail10@15 t20m,11.43,-146.12,45.71,94,0.5,"[180.91, -146.12, 68.57, -57.65]","[0.594, 0.0, 0.864, 0.214]","{""max_liq"": 3000, ""tp_mult"": 1.4, ""sl_mult"": 0.8, ""trail_pct"": 0.1, ""trail_act"": 0.15, ""timeout_min"": 20}"
BOND_FAST,liq<$3K tp39 sl19 trail10@15 t30m,-15.97,-188.49,-63.88,94,0.5,"[196.45, -188.49, 56.55, -128.39]","[0.719, 0.231, 0.864, 0.0]","{""max_liq"": 3000, ""tp_mult"": 1.4, ""sl_mult"": 0.8, ""trail_pct"": 0.1, ""trail_act"": 0.15, ""timeout_min"": 30}"
BOND_FAST,liq<$3K tp39 sl19 trail10@25 t15m,-15.72,-146.12,-62.88,94,0.5,"[93.19, -146.12, 54.84, -64.8]","[0.594, 0.0, 0.727, 0.214]","{""max_liq"": 3000, ""tp_mult"": 1.4, ""sl_mult"": 0.8, ""trail_pct"": 0.1, ""trail_act"": 0.25, ""timeout_min"": 15}"
BOND_FAST,liq<$3K tp39 sl19 trail10@25 t20m,4.88,-146.12,19.53,94,0.5,"[180.91, -146.12, 42.4, -57.65]","[0.594, 0.0, 0.682, 0.214]","{""max_liq"": 3000, ""tp_mult"": 1.4, ""sl_mult"": 0.8, ""trail_pct"": 0.1, ""trail_act"": 0.25, ""timeout_min"": 20}"
BOND_FAST,liq<$3K tp39 sl19 trail10@25 t30m,-33.51,-240.05,-134.05,94,0.5,"[196.45, -240.05, 37.94, -128.39]","[0.719, 0.0, 0.682, 0.0]","{""max_liq"": 3000, ""tp_mult"": 1.4, ""sl_mult"": 0.8, ""trail_pct"": 0.1, ""trail_act"": 0.25, ""timeout_min"": 30}"
BOND_FAST,liq<$3K tp39 sl19 trail15@15 t15m,-23.22,-146.12,-92.87,94,0.5,"[99.95, -146.12, 18.1, -64.8]","[0.594, 0.0, 0.727, 0.214]","{""max_liq"": 3000, ""tp_mult"": 1.4, ""sl_mult"": 0.8, ""trail_pct"": 0.15, ""trail_act"": 0.15, ""timeout_min"": 15}"
BOND_FAST,liq<$3K tp39 sl19 trail15@15 t20m,-6.51,-146.12,-26.05,94,0.5,"[163.0, -146.12, 14.72, -57.65]","[0.594, 0.0, 0.773, 0.214]","{""max_liq"": 3000, ""tp_mult"": 1.4, ""sl_mult"": 0.8, ""trail_pct"": 0.15, ""trail_act"": 0.15, ""timeout_min"": 20}"
BOND_FAST,liq<$3K tp39 sl19 trail15@15 t30m,-40.3,-217.39,-161.19,94,0.5,"[178.54, -217.39, 6.05, -128.39]","[0.719, 0.0, 0.773, 0.0]","{""max_liq"": 3000, ""tp_mult"": 1.4, ""sl_mult"": 0.8, ""trail_pct"": 0.15, ""trail_act"": 0.15, ""timeout_min"": 30}"
BOND_FAST,liq<$3K tp39 sl19 trail15@25 t15m,-24.01,-146.12,-96.02,94,0.5,"[99.95, -146.12, 14.94, -64.8]","[0.594, 0.0, 0.636, 0.214]","{""max_liq"": 3000, ""tp_mult"": 1.4, ""sl_mult"": 0.8, ""trail_pct"": 0.15, ""trail_act"": 0.25, ""timeout_min"": 15}"
BOND_FAST,liq<$3K tp39 sl19 trail15@25 t20m,-9.12,-146.12,-36.48,94,0.5,"[163.0, -146.12, 4.29, -57.65]","[0.594, 0.0, 0.682, 0.214]","{""max_liq"": 3000, ""tp_mult"": 1.4, ""sl_mult"": 0.8, ""trail_pct"": 0.15, ""trail_act"": 0.25, ""timeout_min"": 20}"
BOND_FAST,liq<$3K tp39 sl19 trail15@25 t30m,-47.52,-240.05,-190.06,94,0.25,"[178.54, -240.05, -0.16, -128.39]","[0.719, 0.0, 0.682, 0.0]","{""max_liq"": 3000, ""tp_mult"": 1.4, ""sl_mult"": 0.8, ""trail_pct"": 0.15, ""trail_act"": 0.25, ""timeout_min"": 30}"
BOND_FAST,liq<$3K tp39 sl19 trail20@15 t15m,-29.33,-146.12,-117.33,94,0.5,"[80.51, -146.12, 13.08, -64.8]","[0.594, 0.0, 0.636, 0.214]","{""max_liq"": 3000, ""tp_mult"": 1.4, ""sl_mult"": 0.8, ""trail_pct"": 0.2, ""trail_act"": 0.15, ""timeout_min"": 15}"
BOND_FAST,liq<$3K tp39 sl19 trail20@15 t20m,-30.04,-146.12,-120.14,94,0.25,"[124.73, -146.12, -41.11, -57.65]","[0.594, 0.0, 0.136, 0.214]","{""max_liq"": 3000, ""tp_mult"": 1.4, ""sl_mult"": 0.8, ""trail_pct"": 0.2, ""trail_act"": 0.15, ""timeout_min"": 20}"
BOND_FAST,liq<$3K tp39 sl19 trail20@15 t30m,-77.32,-240.05,-309.29,94,0.25,"[97.43, -240.05, -38.27, -128.39]","[0.688, 0.0, 0.136, 0.0]","{""max_liq"": 3000, ""tp_mult"": 1.4, ""sl_mult"": 0.8, ""trail_pct"": 0.2, ""trail_act"": 0.15, ""timeout_min"": 30}"
BOND_FAST,liq<$3K tp39 sl19 trail20@25 t15m,-29.33,-146.12,-117.33,94,0.5,"[80.51, -146.12, 13.08, -64.8]","[0.594, 0.0, 0.636, 0.214]","{""max_liq"": 3000, ""tp_mult"": 1.4, ""sl_mult"": 0.8, ""trail_pct"": 0.2, ""trail_act"": 0.25, ""timeout_min"": 15}"
BOND_FAST,liq<$3K tp39 sl19 trail20@25 t20m,-30.04,-146.12,-120.14,94,0.25,"[124.73, -146.12, -41.11, -57.65]","[0.594, 0.0, 0.136, 0.214]","{""max_liq"": 3000, ""tp_mult"": 1.4, ""sl_mult"": 0.8, ""trail_pct"": 0.2, ""trail_act"": 0.25, ""timeout_min"": 20}"
BOND_FAST,liq<$3K tp39 sl19 trail20@25 t30m,-77.32,-240.05,-309.29,94,0.25,"[97.43, -240.05, -38.27, -128.39]","[0.688, 0.0, 0.136, 0.0]","{""max_liq"": 3000, ""tp_mult"": 1.4, ""sl_mult"": 0.8, ""trail_pct"": 0.2, ""trail_act"": 0.25, ""timeout_min"": 30}"
BOND_FAST,liq<$3K tp50 sl30 notrail t15m,-21.36,-176.3,-85.42,94,0.5,"[142.6, -176.3, 13.08, -64.8]","[0.594, 0.0, 0.636, 0.214]","{""max_liq"": 3000, ""tp_mult"": 1.5, ""sl_mult"": 0.7, ""trail_pct"": 0.0, ""trail_act"": 0.15, ""timeout_min"": 15}"
BOND_FAST,liq<$3K tp50 sl30 notrail t20m,-35.29,-176.3,-141.16,94,0.25,"[163.33, -176.3, -70.54, -57.65]","[0.594, 0.0, 0.091, 0.214]","{""max_liq"": 3000, ""tp_mult"": 1.5, ""sl_mult"": 0.7, ""trail_pct"": 0.0, ""trail_act"": 0.15, ""timeout_min"": 20}"
BOND_FAST,liq<$3K tp50 sl30 notrail t30m,-133.93,-270.23,-535.7,94,0.0,"[-83.12, -270.23, -42.27, -140.08]","[0.469, 0.0, 0.091, 0.0]","{""max_liq"": 3000, ""tp_mult"": 1.5, ""sl_mult"": 0.7, ""trail_pct"": 0.0, ""trail_act"": 0.15, ""timeout_min"": 30}"
BOND_FAST,liq<$3K tp50 sl30 notrail t15m,-21.36,-176.3,-85.42,94,0.5,"[142.6, -176.3, 13.08, -64.8]","[0.594, 0.0, 0.636, 0.214]","{""max_liq"": 3000, ""tp_mult"": 1.5, ""sl_mult"": 0.7, ""trail_pct"": 0.0, ""trail_act"": 0.25, ""timeout_min"": 15}"
BOND_FAST,liq<$3K tp50 sl30 notrail t20m,-35.29,-176.3,-141.16,94,0.25,"[163.33, -176.3, -70.54, -57.65]","[0.594, 0.0, 0.091, 0.214]","{""max_liq"": 3000, ""tp_mult"": 1.5, ""sl_mult"": 0.7, ""trail_pct"": 0.0, ""trail_act"": 0.25, ""timeout_min"": 20}"
BOND_FAST,liq<$3K tp50 sl30 notrail t30m,-133.93,-270.23,-535.7,94,0.0,"[-83.12, -270.23, -42.27, -140.08]","[0.469, 0.0, 0.091, 0.0]","{""max_liq"": 3000, ""tp_mult"": 1.5, ""sl_mult"": 0.7, ""trail_pct"": 0.0, ""trail_act"": 0.25, ""timeout_min"": 30}"
BOND_FAST,liq<$3K tp50 sl30 trail10@15 t15m,-25.86,-176.3,-103.42,94,0.5,"[73.19, -176.3, 64.49, -64.8]","[0.594, 0.0, 0.864, 0.214]","{""max_liq"": 3000, ""tp_mult"": 1.5, ""sl_mult"": 0.7, ""trail_pct"": 0.1, ""trail_act"": 0.15, ""timeout_min"": 15}"
BOND_FAST,liq<$3K tp50 sl30 trail10@15 t20m,-1.12,-176.3,-4.47,94,0.5,"[160.91, -176.3, 68.57, -57.65]","[0.594, 0.0, 0.864, 0.214]","{""max_liq"": 3000, ""tp_mult"": 1.5, ""sl_mult"": 0.7, ""trail_pct"": 0.1, ""trail_act"": 0.15, ""timeout_min"": 20}"
BOND_FAST,liq<$3K tp50 sl30 trail10@15 t30m,-32.09,-218.67,-128.35,94,0.5,"[176.45, -218.67, 53.95, -140.08]","[0.719, 0.231, 0.864, 0.0]","{""max_liq"": 3000, ""tp_mult"": 1.5, ""sl_mult"": 0.7, ""trail_pct"": 0.1, ""trail_act"": 0.15, ""timeout_min"": 30}"
BOND_FAST,liq<$3K tp50 sl30 trail10@25 t15m,-28.27,-176.3,-113.06,94,0.5,"[73.19, -176.3, 54.84, -64.8]","[0.594, 0.0, 0.727, 0.214]","{""max_liq"": 3000, ""tp_mult"": 1.5, ""sl_mult"": 0.7, ""trail_pct"": 0.1, ""trail_act"": 0.25, ""timeout_min"": 15}"
BOND_FAST,liq<$3K tp50 sl30 trail10@25 t20m,-7.66,-176.3,-30.65,94,0.5,"[160.91, -176.3, 42.4, -57.65]","[0.594, 0.0, 0.682, 0.214]","{""max_liq"": 3000, ""tp_mult"": 1.5, ""sl_mult"": 0.7, ""trail_pct"": 0.1, ""trail_act"": 0.25, ""timeout_min"": 20}"
BOND_FAST,liq<$3K tp50 sl30 trail10@25 t30m,-47.32,-270.23,-189.29,94,0.5,"[176.45, -270.23, 44.57, -140.08]","[0.719, 0.0, 0.682, 0.0]","{""max_liq"": 3000, ""tp_mult"": 1.5, ""sl_mult"": 0.7, ""trail_pct"": 0.1, ""trail_act"": 0.25, ""timeout_min"": 30}"
BOND_FAST,liq<$3K tp50 sl30 trail15@15 t15m,-33.26,-176.3,-133.05,94,0.5,"[89.95, -176.3, 18.1, -64.8]","[0.594, 0.0, 0.727, 0.214]","{""max_liq"": 3000, ""tp_mult"": 1.5, ""sl_mult"": 0.7, ""trail_pct"": 0.15, ""trail_act"": 0.15, ""timeout_min"": 15}"
BOND_FAST,liq<$3K tp50 sl30 trail15@15 t20m,-16.56,-176.3,-66.23,94,0.5,"[153.0, -176.3, 14.72, -57.65]","[0.594, 0.0, 0.773, 0.214]","{""max_liq"": 3000, ""tp_mult"": 1.5, ""sl_mult"": 0.7, ""trail_pct"": 0.15, ""trail_act"": 0.15, ""timeout_min"": 20}"
BOND_FAST,liq<$3K tp50 sl30 trail15@15 t30m,-53.92,-247.57,-215.66,94,0.5,"[168.54, -247.57, 3.45, -140.08]","[0.719, 0.0, 0.773, 0.0]","{""max_liq"": 3000, ""tp_mult"": 1.5, ""sl_mult"": 0.7, ""trail_pct"": 0.15, ""trail_act"": 0.15, ""timeout_min"": 30}"
BOND_FAST,liq<$3K tp50 sl30 trail15@25 t15m,-34.05,-176.3,-136.2,94,0.5,"[89.95, -176.3, 14.94, -64.8]","[0.594, 0.0, 0.636, 0.214]","{""max_liq"": 3000, ""tp_mult"": 1.5, ""sl_mult"": 0.7, ""trail_pct"": 0.15, ""trail_act"": 0.25, ""timeout_min"": 15}"
BOND_FAST,liq<$3K tp50 sl30 trail15@25 t20m,-19.17,-176.3,-76.66,94,0.5,"[153.0, -176.3, 4.29, -57.65]","[0.594, 0.0, 0.682, 0.214]","{""max_liq"": 3000, ""tp_mult"": 1.5, ""sl_mult"": 0.7, ""trail_pct"": 0.15, ""trail_act"": 0.25, ""timeout_min"": 20}"
BOND_FAST,liq<$3K tp50 sl30 trail15@25 t30m,-58.83,-270.23,-235.3,94,0.5,"[168.54, -270.23, 6.47, -140.08]","[0.719, 0.0, 0.682, 0.0]","{""max_liq"": 3000, ""tp_mult"": 1.5, ""sl_mult"": 0.7, ""trail_pct"": 0.15, ""trail_act"": 0.25, ""timeout_min"": 30}"
BOND_FAST,liq<$3K tp50 sl30 trail20@15 t15m,-39.38,-176.3,-157.51,94,0.5,"[70.51, -176.3, 13.08, -64.8]","[0.594, 0.0, 0.636, 0.214]","{""max_liq"": 3000, ""tp_mult"": 1.5, ""sl_mult"": 0.7, ""trail_pct"": 0.2, ""trail_act"": 0.15, ""timeout_min"": 15}"
BOND_FAST,liq<$3K tp50 sl30 trail20@15 t20m,-40.08,-176.3,-160.32,94,0.25,"[114.73, -176.3, -41.11, -57.65]","[0.594, 0.0, 0.136, 0.214]","{""max_liq"": 3000, ""tp_mult"": 1.5, ""sl_mult"": 0.7, ""trail_pct"": 0.2, ""trail_act"": 0.15, ""timeout_min"": 20}"
BOND_FAST,liq<$3K tp50 sl30 trail20@15 t30m,-88.63,-270.23,-354.53,94,0.25,"[87.43, -270.23, -31.64, -140.08]","[0.688, 0.0, 0.136, 0.0]","{""max_liq"": 3000, ""tp_mult"": 1.5, ""sl_mult"": 0.7, ""trail_pct"": 0.2, ""trail_act"": 0.15, ""timeout_min"": 30}"
BOND_FAST,liq<$3K tp50 sl30 trail20@25 t15m,-39.38,-176.3,-157.51,94,0.5,"[70.51, -176.3, 13.08, -64.8]","[0.594, 0.0, 0.636, 0.214]","{""max_liq"": 3000, ""tp_mult"": 1.5, ""sl_mult"": 0.7, ""trail_pct"": 0.2, ""trail_act"": 0.25, ""timeout_min"": 15}"
BOND_FAST,liq<$3K tp50 sl30 trail20@25 t20m,-40.08,-176.3,-160.32,94,0.25,"[114.73, -176.3, -41.11, -57.65]","[0.594, 0.0, 0.136, 0.214]","{""max_liq"": 3000, ""tp_mult"": 1.5, ""sl_mult"": 0.7, ""trail_pct"": 0.2, ""trail_act"": 0.25, ""timeout_min"": 20}"
BOND_FAST,liq<$3K tp50 sl30 trail20@25 t30m,-88.63,-270.23,-354.53,94,0.25,"[87.43, -270.23, -31.64, -140.08]","[0.688, 0.0, 0.136, 0.0]","{""max_liq"": 3000, ""tp_mult"": 1.5, ""sl_mult"": 0.7, ""trail_pct"": 0.2, ""trail_act"": 0.25, ""timeout_min"": 30}"
BOND_FAST,liq<$3K tp50 sl25 notrail t15m,-13.83,-161.21,-55.33,94,0.5,"[157.6, -161.21, 13.08, -64.8]","[0.594, 0.0, 0.636, 0.214]","{""max_liq"": 3000, ""tp_mult"": 1.5, ""sl_mult"": 0.75, ""trail_pct"": 0.0, ""trail_act"": 0.15, ""timeout_min"": 15}"
BOND_FAST,liq<$3K tp50 sl25 notrail t20m,-27.77,-161.21,-111.07,94,0.25,"[178.33, -161.21, -70.54, -57.65]","[0.594, 0.0, 0.091, 0.214]","{""max_liq"": 3000, ""tp_mult"": 1.5, ""sl_mult"": 0.75, ""trail_pct"": 0.0, ""trail_act"": 0.15, ""timeout_min"": 20}"
BOND_FAST,liq<$3K tp50 sl25 notrail t30m,-156.96,-255.14,-627.84,94,0.0,"[-68.12, -255.14, -153.71, -150.87]","[0.469, 0.0, 0.091, 0.0]","{""max_liq"": 3000, ""tp_mult"": 1.5, ""sl_mult"": 0.75, ""trail_pct"": 0.0, ""trail_act"": 0.15, ""timeout_min"": 30}"
BOND_FAST,liq<$3K tp50 sl25 notrail t15m,-13.83,-161.21,-55.33,94,0.5,"[157.6, -161.21, 13.08, -64.8]","[0.594, 0.0, 0.636, 0.214]","{""max_liq"": 3000, ""tp_mult"": 1.5, ""sl_mult"": 0.75, ""trail_pct"": 0.0, ""trail_act"": 0.25, ""timeout_min"": 15}"
BOND_FAST,liq<$3K tp50 sl25 notrail t20m,-27.77,-161.21,-111.07,94,0.25,"[178.33, -161.21, -70.54, -57.65]","[0.594, 0.0, 0.091, 0.214]","{""max_liq"": 3000, ""tp_mult"": 1.5, ""sl_mult"": 0.75, ""trail_pct"": 0.0, ""trail_act"": 0.25, ""timeout_min"": 20}"
BOND_FAST,liq<$3K tp50 sl25 notrail t30m,-156.96,-255.14,-627.84,94,0.0,"[-68.12, -255.14, -153.71, -150.87]","[0.469, 0.0, 0.091, 0.0]","{""max_liq"": 3000, ""tp_mult"": 1.5, ""sl_mult"": 0.75, ""trail_pct"": 0.0, ""trail_act"": 0.25, ""timeout_min"": 30}"
BOND_FAST,liq<$3K tp50 sl25 trail10@15 t15m,-18.33,-161.21,-73.33,94,0.5,"[88.19, -161.21, 64.49, -64.8]","[0.594, 0.0, 0.864, 0.214]","{""max_liq"": 3000, ""tp_mult"": 1.5, ""sl_mult"": 0.75, ""trail_pct"": 0.1, ""trail_act"": 0.15, ""timeout_min"": 15}"
BOND_FAST,liq<$3K tp50 sl25 trail10@15 t20m,6.4,-161.21,25.62,94,0.5,"[175.91, -161.21, 68.57, -57.65]","[0.594, 0.0, 0.864, 0.214]","{""max_liq"": 3000, ""tp_mult"": 1.5, ""sl_mult"": 0.75, ""trail_pct"": 0.1, ""trail_act"": 0.15, ""timeout_min"": 20}"
BOND_FAST,liq<$3K tp50 sl25 trail10@15 t30m,-27.56,-203.58,-110.25,94,0.5,"[191.45, -203.58, 52.75, -150.87]","[0.719, 0.231, 0.864, 0.0]","{""max_liq"": 3000, ""tp_mult"": 1.5, ""sl_mult"": 0.75, ""trail_pct"": 0.1, ""trail_act"": 0.15, ""timeout_min"": 30}"
BOND_FAST,liq<$3K tp50 sl25 trail10@25 t15m,-20.75,-161.21,-82.97,94,0.5,"[88.19, -161.21, 54.84, -64.8]","[0.594, 0.0, 0.727, 0.214]","{""max_liq"": 3000, ""tp_mult"": 1.5, ""sl_mult"": 0.75, ""trail_pct"": 0.1, ""trail_act"": 0.25, ""timeout_min"": 15}"
BOND_FAST,liq<$3K tp50 sl25 trail10@25 t20m,-0.14,-161.21,-0.56,94,0.5,"[175.91, -161.21, 42.4, -57.65]","[0.594, 0.0, 0.682, 0.214]","{""max_liq"": 3000, ""tp_mult"": 1.5, ""sl_mult"": 0.75, ""trail_pct"": 0.1, ""trail_act"": 0.25, ""timeout_min"": 20}"
BOND_FAST,liq<$3K tp50 sl25 trail10@25 t30m,-42.8,-255.14,-171.19,94,0.5,"[191.45, -255.14, 43.37, -150.87]","[0.719, 0.0, 0.682, 0.0]","{""max_liq"": 3000, ""tp_mult"": 1.5, ""sl_mult"": 0.75, ""trail_pct"": 0.1, ""trail_act"": 0.25, ""timeout_min"": 30}"
BOND_FAST,liq<$3K tp50 sl25 trail15@15 t15m,-25.74,-161.21,-102.96,94,0.5,"[104.95, -161.21, 18.1, -64.8]","[0.594, 0.0, 0.727, 0.214]","{""max_liq"": 3000, ""tp_mult"": 1.5, ""sl_mult"": 0.75, ""trail_pct"": 0.15, ""trail_act"": 0.15, ""timeout_min"": 15}"
BOND_FAST,liq<$3K tp50 sl25 trail15@15 t20m,-9.04,-161.21,-36.14,94,0.5,"[168.0, -161.21, 14.72, -57.65]","[0.594, 0.0, 0.773, 0.214]","{""max_liq"": 3000, ""tp_mult"": 1.5, ""sl_mult"": 0.75, ""trail_pct"": 0.15, ""trail_act"": 0.15, ""timeout_min"": 20}"
BOND_FAST,liq<$3K tp50 sl25 trail15@15 t30m,-49.39,-232.48,-197.55,94,0.5,"[183.54, -232.48, 2.25, -150.87]","[0.719, 0.0, 0.773, 0.0]","{""max_liq"": 3000, ""tp_mult"": 1.5, ""sl_mult"": 0.75, ""trail_pct"": 0.15, ""trail_act"": 0.15, ""timeout_min"": 30}"
BOND_FAST,liq<$3K tp50 sl25 trail15@25 t15m,-26.53,-161.21,-106.11,94,0.5,"[104.95, -161.21, 14.94, -64.8]","[0.594, 0.0, 0.636, 0.214]","{""max_liq"": 3000, ""tp_mult"": 1.5, ""sl_mult"": 0.75, ""trail_pct"": 0.15, ""trail_act"": 0.25, ""timeout_min"": 15}"
BOND_FAST,liq<$3K tp50 sl25 trail15@25 t20m,-11.64,-161.21,-46.57,94,0.5,"[168.0, -161.21, 4.29, -57.65]","[0.594, 0.0, 0.682, 0.214]","{""max_liq"": 3000, ""tp_mult"": 1.5, ""sl_mult"": 0.75, ""trail_pct"": 0.15, ""trail_act"": 0.25, ""timeout_min"": 20}"
BOND_FAST,liq<$3K tp50 sl25 trail15@25 t30m,-54.3,-255.14,-217.2,94,0.5,"[183.54, -255.14, 5.27, -150.87]","[0.719, 0.0, 0.682, 0.0]","{""max_liq"": 3000, ""tp_mult"": 1.5, ""sl_mult"": 0.75, ""trail_pct"": 0.15, ""trail_act"": 0.25, ""timeout_min"": 30}"
BOND_FAST,liq<$3K tp50 sl25 trail20@15 t15m,-31.86,-161.21,-127.42,94,0.5,"[85.51, -161.21, 13.08, -64.8]","[0.594, 0.0, 0.636, 0.214]","{""max_liq"": 3000, ""tp_mult"": 1.5, ""sl_mult"": 0.75, ""trail_pct"": 0.2, ""trail_act"": 0.15, ""timeout_min"": 15}"
BOND_FAST,liq<$3K tp50 sl25 trail20@15 t20m,-32.56,-161.21,-130.23,94,0.25,"[129.73, -161.21, -41.11, -57.65]","[0.594, 0.0, 0.136, 0.214]","{""max_liq"": 3000, ""tp_mult"": 1.5, ""sl_mult"": 0.75, ""trail_pct"": 0.2, ""trail_act"": 0.15, ""timeout_min"": 20}"
BOND_FAST,liq<$3K tp50 sl25 trail20@15 t30m,-84.1,-255.14,-336.42,94,0.25,"[102.43, -255.14, -32.84, -150.87]","[0.688, 0.0, 0.136, 0.0]","{""max_liq"": 3000, ""tp_mult"": 1.5, ""sl_mult"": 0.75, ""trail_pct"": 0.2, ""trail_act"": 0.15, ""timeout_min"": 30}"
BOND_FAST,liq<$3K tp50 sl25 trail20@25 t15m,-31.86,-161.21,-127.42,94,0.5,"[85.51, -161.21, 13.08, -64.8]","[0.594, 0.0, 0.636, 0.214]","{""max_liq"": 3000, ""tp_mult"": 1.5, ""sl_mult"": 0.75, ""trail_pct"": 0.2, ""trail_act"": 0.25, ""timeout_min"": 15}"
BOND_FAST,liq<$3K tp50 sl25 trail20@25 t20m,-32.56,-161.21,-130.23,94,0.25,"[129.73, -161.21, -41.11, -57.65]","[0.594, 0.0, 0.136, 0.214]","{""max_liq"": 3000, ""tp_mult"": 1.5, ""sl_mult"": 0.75, ""trail_pct"": 0.2, ""trail_act"": 0.25, ""timeout_min"": 20}"
BOND_FAST,liq<$3K tp50 sl25 trail20@25 t30m,-84.1,-255.14,-336.42,94,0.25,"[102.43, -255.14, -32.84, -150.87]","[0.688, 0.0, 0.136, 0.0]","{""max_liq"": 3000, ""tp_mult"": 1.5, ""sl_mult"": 0.75, ""trail_pct"": 0.2, ""trail_act"": 0.25, ""timeout_min"": 30}"
BOND_FAST,liq<$3K tp50 sl19 notrail t15m,-6.31,-146.12,-25.24,94,0.5,"[172.6, -146.12, 13.08, -64.8]","[0.594, 0.0, 0.636, 0.214]","{""max_liq"": 3000, ""tp_mult"": 1.5, ""sl_mult"": 0.8, ""trail_pct"": 0.0, ""trail_act"": 0.15, ""timeout_min"": 15}"
BOND_FAST,liq<$3K tp50 sl19 notrail t20m,-20.24,-146.12,-80.98,94,0.25,"[193.33, -146.12, -70.54, -57.65]","[0.594, 0.0, 0.091, 0.214]","{""max_liq"": 3000, ""tp_mult"": 1.5, ""sl_mult"": 0.8, ""trail_pct"": 0.0, ""trail_act"": 0.15, ""timeout_min"": 20}"
BOND_FAST,liq<$3K tp50 sl19 notrail t30m,-146.92,-240.05,-587.7,94,0.0,"[-53.12, -240.05, -166.14, -128.39]","[0.469, 0.0, 0.091, 0.0]","{""max_liq"": 3000, ""tp_mult"": 1.5, ""sl_mult"": 0.8, ""trail_pct"": 0.0, ""trail_act"": 0.15, ""timeout_min"": 30}"
BOND_FAST,liq<$3K tp50 sl19 notrail t15m,-6.31,-146.12,-25.24,94,0.5,"[172.6, -146.12, 13.08, -64.8]","[0.594, 0.0, 0.636, 0.214]","{""max_liq"": 3000, ""tp_mult"": 1.5, ""sl_mult"": 0.8, ""trail_pct"": 0.0, ""trail_act"": 0.25, ""timeout_min"": 15}"
BOND_FAST,liq<$3K tp50 sl19 notrail t20m,-20.24,-146.12,-80.98,94,0.25,"[193.33, -146.12, -70.54, -57.65]","[0.594, 0.0, 0.091, 0.214]","{""max_liq"": 3000, ""tp_mult"": 1.5, ""sl_mult"": 0.8, ""trail_pct"": 0.0, ""trail_act"": 0.25, ""timeout_min"": 20}"
BOND_FAST,liq<$3K tp50 sl19 notrail t30m,-146.92,-240.05,-587.7,94,0.0,"[-53.12, -240.05, -166.14, -128.39]","[0.469, 0.0, 0.091, 0.0]","{""max_liq"": 3000, ""tp_mult"": 1.5, ""sl_mult"": 0.8, ""trail_pct"": 0.0, ""trail_act"": 0.25, ""timeout_min"": 30}"
BOND_FAST,liq<$3K tp50 sl19 trail10@15 t15m,-10.81,-146.12,-43.24,94,0.5,"[103.19, -146.12, 64.49, -64.8]","[0.594, 0.0, 0.864, 0.214]","{""max_liq"": 3000, ""tp_mult"": 1.5, ""sl_mult"": 0.8, ""trail_pct"": 0.1, ""trail_act"": 0.15, ""timeout_min"": 15}"
BOND_FAST,liq<$3K tp50 sl19 trail10@15 t20m,13.93,-146.12,55.71,94,0.5,"[190.91, -146.12, 68.57, -57.65]","[0.594, 0.0, 0.864, 0.214]","{""max_liq"": 3000, ""tp_mult"": 1.5, ""sl_mult"": 0.8, ""trail_pct"": 0.1, ""trail_act"": 0.15, ""timeout_min"": 20}"
BOND_FAST,liq<$3K tp50 sl19 trail10@15 t30m,-13.47,-188.49,-53.88,94,0.5,"[206.45, -188.49, 56.55, -128.39]","[0.719, 0.231, 0.864, 0.0]","{""max_liq"": 3000, ""tp_mult"": 1.5, ""sl_mult"": 0.8, ""trail_pct"": 0.1, ""trail_act"": 0.15, ""timeout_min"": 30}"
BOND_FAST,liq<$3K tp50 sl19 trail10@25 t15m,-13.22,-146.12,-52.88,94,0.5,"[103.19, -146.12, 54.84, -64.8]","[0.594, 0.0, 0.727, 0.214]","{""max_liq"": 3000, ""tp_mult"": 1.5, ""sl_mult"": 0.8, ""trail_pct"": 0.1, ""trail_act"": 0.25, ""timeout_min"": 15}"
BOND_FAST,liq<$3K tp50 sl19 trail10@25 t20m,7.38,-146.12,29.53,94,0.5,"[190.91, -146.12, 42.4, -57.65]","[0.594, 0.0, 0.682, 0.214]","{""max_liq"": 3000, ""tp_mult"": 1.5, ""sl_mult"": 0.8, ""trail_pct"": 0.1, ""trail_act"": 0.25, ""timeout_min"": 20}"
BOND_FAST,liq<$3K tp50 sl19 trail10@25 t30m,-31.01,-240.05,-124.05,94,0.5,"[206.45, -240.05, 37.94, -128.39]","[0.719, 0.0, 0.682, 0.0]","{""max_liq"": 3000, ""tp_mult"": 1.5, ""sl_mult"": 0.8, ""trail_pct"": 0.1, ""trail_act"": 0.25, ""timeout_min"": 30}"
BOND_FAST,liq<$3K tp50 sl19 trail15@15 t15m,-18.22,-146.12,-72.87,94,0.5,"[119.95, -146.12, 18.1, -64.8]","[0.594, 0.0, 0.727, 0.214]","{""max_liq"": 3000, ""tp_mult"": 1.5, ""sl_mult"": 0.8, ""trail_pct"": 0.15, ""trail_act"": 0.15, ""timeout_min"": 15}"
BOND_FAST,liq<$3K tp50 sl19 trail15@15 t20m,-1.51,-146.12,-6.05,94,0.5,"[183.0, -146.12, 14.72, -57.65]","[0.594, 0.0, 0.773, 0.214]","{""max_liq"": 3000, ""tp_mult"": 1.5, ""sl_mult"": 0.8, ""trail_pct"": 0.15, ""trail_act"": 0.15, ""timeout_min"": 20}"
BOND_FAST,liq<$3K tp50 sl19 trail15@15 t30m,-35.3,-217.39,-141.19,94,0.5,"[198.54, -217.39, 6.05, -128.39]","[0.719, 0.0, 0.773, 0.0]","{""max_liq"": 3000, ""tp_mult"": 1.5, ""sl_mult"": 0.8, ""trail_pct"": 0.15, ""trail_act"": 0.15, ""timeout_min"": 30}"
BOND_FAST,liq<$3K tp50 sl19 trail15@25 t15m,-19.01,-146.12,-76.02,94,0.5,"[119.95, -146.12, 14.94, -64.8]","[0.594, 0.0, 0.636, 0.214]","{""max_liq"": 3000, ""tp_mult"": 1.5, ""sl_mult"": 0.8, ""trail_pct"": 0.15, ""trail_act"": 0.25, ""timeout_min"": 15}"
BOND_FAST,liq<$3K tp50 sl19 trail15@25 t20m,-4.12,-146.12,-16.48,94,0.5,"[183.0, -146.12, 4.29, -57.65]","[0.594, 0.0, 0.682, 0.214]","{""max_liq"": 3000, ""tp_mult"": 1.5, ""sl_mult"": 0.8, ""trail_pct"": 0.15, ""trail_act"": 0.25, ""timeout_min"": 20}"
BOND_FAST,liq<$3K tp50 sl19 trail15@25 t30m,-42.52,-240.05,-170.06,94,0.25,"[198.54, -240.05, -0.16, -128.39]","[0.719, 0.0, 0.682, 0.0]","{""max_liq"": 3000, ""tp_mult"": 1.5, ""sl_mult"": 0.8, ""trail_pct"": 0.15, ""trail_act"": 0.25, ""timeout_min"": 30}"
BOND_FAST,liq<$3K tp50 sl19 trail20@15 t15m,-24.33,-146.12,-97.33,94,0.5,"[100.51, -146.12, 13.08, -64.8]","[0.594, 0.0, 0.636, 0.214]","{""max_liq"": 3000, ""tp_mult"": 1.5, ""sl_mult"": 0.8, ""trail_pct"": 0.2, ""trail_act"": 0.15, ""timeout_min"": 15}"
BOND_FAST,liq<$3K tp50 sl19 trail20@15 t20m,-25.04,-146.12,-100.14,94,0.25,"[144.73, -146.12, -41.11, -57.65]","[0.594, 0.0, 0.136, 0.214]","{""max_liq"": 3000, ""tp_mult"": 1.5, ""sl_mult"": 0.8, ""trail_pct"": 0.2, ""trail_act"": 0.15, ""timeout_min"": 20}"
BOND_FAST,liq<$3K tp50 sl19 trail20@15 t30m,-72.32,-240.05,-289.29,94,0.25,"[117.43, -240.05, -38.27, -128.39]","[0.688, 0.0, 0.136, 0.0]","{""max_liq"": 3000, ""tp_mult"": 1.5, ""sl_mult"": 0.8, ""trail_pct"": 0.2, ""trail_act"": 0.15, ""timeout_min"": 30}"
BOND_FAST,liq<$3K tp50 sl19 trail20@25 t15m,-24.33,-146.12,-97.33,94,0.5,"[100.51, -146.12, 13.08, -64.8]","[0.594, 0.0, 0.636, 0.214]","{""max_liq"": 3000, ""tp_mult"": 1.5, ""sl_mult"": 0.8, ""trail_pct"": 0.2, ""trail_act"": 0.25, ""timeout_min"": 15}"
BOND_FAST,liq<$3K tp50 sl19 trail20@25 t20m,-25.04,-146.12,-100.14,94,0.25,"[144.73, -146.12, -41.11, -57.65]","[0.594, 0.0, 0.136, 0.214]","{""max_liq"": 3000, ""tp_mult"": 1.5, ""sl_mult"": 0.8, ""trail_pct"": 0.2, ""trail_act"": 0.25, ""timeout_min"": 20}"
BOND_FAST,liq<$3K tp50 sl19 trail20@25 t30m,-72.32,-240.05,-289.29,94,0.25,"[117.43, -240.05, -38.27, -128.39]","[0.688, 0.0, 0.136, 0.0]","{""max_liq"": 3000, ""tp_mult"": 1.5, ""sl_mult"": 0.8, ""trail_pct"": 0.2, ""trail_act"": 0.25, ""timeout_min"": 30}"
BOND_FAST,liq<$3K tp80 sl30 notrail t15m,-27.32,-176.3,-109.28,94,0.5,"[118.74, -176.3, 13.08, -64.8]","[0.469, 0.0, 0.636, 0.214]","{""max_liq"": 3000, ""tp_mult"": 1.8, ""sl_mult"": 0.7, ""trail_pct"": 0.0, ""trail_act"": 0.15, ""timeout_min"": 15}"
BOND_FAST,liq<$3K tp80 sl30 notrail t20m,-41.26,-176.3,-165.02,94,0.25,"[139.47, -176.3, -70.54, -57.65]","[0.469, 0.0, 0.091, 0.214]","{""max_liq"": 3000, ""tp_mult"": 1.8, ""sl_mult"": 0.7, ""trail_pct"": 0.0, ""trail_act"": 0.15, ""timeout_min"": 20}"
BOND_FAST,liq<$3K tp80 sl30 notrail t30m,-139.89,-270.23,-559.56,94,0.0,"[-106.98, -270.23, -42.27, -140.08]","[0.344, 0.0, 0.091, 0.0]","{""max_liq"": 3000, ""tp_mult"": 1.8, ""sl_mult"": 0.7, ""trail_pct"": 0.0, ""trail_act"": 0.15, ""timeout_min"": 30}"
BOND_FAST,liq<$3K tp80 sl30 notrail t15m,-27.32,-176.3,-109.28,94,0.5,"[118.74, -176.3, 13.08, -64.8]","[0.469, 0.0, 0.636, 0.214]","{""max_liq"": 3000, ""tp_mult"": 1.8, ""sl_mult"": 0.7, ""trail_pct"": 0.0, ""trail_act"": 0.25, ""timeout_min"": 15}"
BOND_FAST,liq<$3K tp80 sl30 notrail t20m,-41.26,-176.3,-165.02,94,0.25,"[139.47, -176.3, -70.54, -57.65]","[0.469, 0.0, 0.091, 0.214]","{""max_liq"": 3000, ""tp_mult"": 1.8, ""sl_mult"": 0.7, ""trail_pct"": 0.0, ""trail_act"": 0.25, ""timeout_min"": 20}"
BOND_FAST,liq<$3K tp80 sl30 notrail t30m,-139.89,-270.23,-559.56,94,0.0,"[-106.98, -270.23, -42.27, -140.08]","[0.344, 0.0, 0.091, 0.0]","{""max_liq"": 3000, ""tp_mult"": 1.8, ""sl_mult"": 0.7, ""trail_pct"": 0.0, ""trail_act"": 0.25, ""timeout_min"": 30}"
BOND_FAST,liq<$3K tp80 sl30 trail10@15 t15m,-31.37,-176.3,-125.47,94,0.5,"[51.15, -176.3, 64.49, -64.8]","[0.562, 0.0, 0.864, 0.214]","{""max_liq"": 3000, ""tp_mult"": 1.8, ""sl_mult"": 0.7, ""trail_pct"": 0.1, ""trail_act"": 0.15, ""timeout_min"": 15}"
BOND_FAST,liq<$3K tp80 sl30 trail10@15 t20m,-6.63,-176.3,-26.52,94,0.5,"[138.86, -176.3, 68.57, -57.65]","[0.562, 0.0, 0.864, 0.214]","{""max_liq"": 3000, ""tp_mult"": 1.8, ""sl_mult"": 0.7, ""trail_pct"": 0.1, ""trail_act"": 0.15, ""timeout_min"": 20}"
BOND_FAST,liq<$3K tp80 sl30 trail10@15 t30m,-37.6,-218.67,-150.39,94,0.5,"[154.4, -218.67, 53.95, -140.08]","[0.688, 0.231, 0.864, 0.0]","{""max_liq"": 3000, ""tp_mult"": 1.8, ""sl_mult"": 0.7, ""trail_pct"": 0.1, ""trail_act"": 0.15, ""timeout_min"": 30}"
BOND_FAST,liq<$3K tp80 sl30 trail10@25 t15m,-33.78,-176.3,-135.11,94,0.5,"[51.15, -176.3, 54.84, -64.8]","[0.562, 0.0, 0.727, 0.214]","{""max_liq"": 3000, ""tp_mult"": 1.8, ""sl_mult"": 0.7, ""trail_pct"": 0.1, ""trail_act"": 0.25, ""timeout_min"": 15}"
BOND_FAST,liq<$3K tp80 sl30 trail10@25 t20m,-13.17,-176.3,-52.69,94,0.5,"[138.86, -176.3, 42.4, -57.65]","[0.562, 0.0, 0.682, 0.214]","{""max_liq"": 3000, ""tp_mult"": 1.8, ""sl_mult"": 0.7, ""trail_pct"": 0.1, ""trail_act"": 0.25, ""timeout_min"": 20}"
BOND_FAST,liq<$3K tp80 sl30 trail10@25 t30m,-52.84,-270.23,-211.33,94,0.5,"[154.4, -270.23, 44.57, -140.08]","[0.688, 0.0, 0.682, 0.0]","{""max_liq"": 3000, ""tp_mult"": 1.8, ""sl_mult"": 0.7, ""trail_pct"": 0.1, ""trail_act"": 0.25, ""timeout_min"": 30}"
BOND_FAST,liq<$3K tp80 sl30 trail15@15 t15m,-52.29,-176.3,-209.17,94,0.5,"[13.83, -176.3, 18.1, -64.8]","[0.5, 0.0, 0.727, 0.214]","{""max_liq"": 3000, ""tp_mult"": 1.8, ""sl_mult"": 0.7, ""trail_pct"": 0.15, ""trail_act"": 0.15, ""timeout_min"": 15}"
BOND_FAST,liq<$3K tp80 sl30 trail15@15 t20m,-35.59,-176.3,-142.35,94,0.5,"[76.87, -176.3, 14.72, -57.65]","[0.5, 0.0, 0.773, 0.214]","{""max_liq"": 3000, ""tp_mult"": 1.8, ""sl_mult"": 0.7, ""trail_pct"": 0.15, ""trail_act"": 0.15, ""timeout_min"": 20}"
BOND_FAST,liq<$3K tp80 sl30 trail15@15 t30m,-72.95,-247.57,-291.78,94,0.5,"[92.42, -247.57, 3.45, -140.08]","[0.625, 0.0, 0.773, 0.0]","{""max_liq"": 3000, ""tp_mult"": 1.8, ""sl_mult"": 0.7, ""trail_pct"": 0.15, ""trail_act"": 0.15, ""timeout_min"": 30}"
BOND_FAST,liq<$3K tp80 sl30 trail15@25 t15m,-53.08,-176.3,-212.33,94,0.5,"[13.83, -176.3, 14.94, -64.8]","[0.5, 0.0, 0.636, 0.214]","{""max_liq"": 3000, ""tp_mult"": 1.8, ""sl_mult"": 0.7, ""trail_pct"": 0.15, ""trail_act"": 0.25, ""timeout_min"": 15}"
BOND_FAST,liq<$3K tp80 sl30 trail15@25 t20m,-38.2,-176.3,-152.78,94,0.5,"[76.87, -176.3, 4.29, -57.65]","[0.5, 0.0, 0.682, 0.214]","{""max_liq"": 3000, ""tp_mult"": 1.8, ""sl_mult"": 0.7, ""trail_pct"": 0.15, ""trail_act"": 0.25, ""timeout_min"": 20}"
BOND_FAST,liq<$3K tp80 sl30 trail15@25 t30m,-77.86,-270.23,-311.43,94,0.5,"[92.42, -270.23, 6.47, -140.08]","[0.625, 0.0, 0.682, 0.0]","{""max_liq"": 3000, ""tp_mult"": 1.8, ""sl_mult"": 0.7, ""trail_pct"": 0.15, ""trail_act"": 0.25, ""timeout_min"": 30}"
BOND_FAST,liq<$3K tp80 sl30 trail20@15 t15m,-59.51,-176.3,-238.02,94,0.25,"[-10.01, -176.3, 13.08, -64.8]","[0.5, 0.0, 0.636, 0.214]","{""max_liq"": 3000, ""tp_mult"": 1.8, ""sl_mult"": 0.7, ""trail_pct"": 0.2, ""trail_act"": 0.15, ""timeout_min"": 15}"
BOND_FAST,liq<$3K tp80 sl30 trail20@15 t20m,-60.21,-176.3,-240.83,94,0.25,"[34.22, -176.3, -41.11, -57.65]","[0.5, 0.0, 0.136, 0.214]","{""max_liq"": 3000, ""tp_mult"": 1.8, ""sl_mult"": 0.7, ""trail_pct"": 0.2, ""trail_act"": 0.15, ""timeout_min"": 20}"
BOND_FAST,liq<$3K tp80 sl30 trail20@15 t30m,-108.76,-270.23,-435.04,94,0.25,"[6.91, -270.23, -31.64, -140.08]","[0.594, 0.0, 0.136, 0.0]","{""max_liq"": 3000, ""tp_mult"": 1.8, ""sl_mult"": 0.7, ""trail_pct"": 0.2, ""trail_act"": 0.15, ""timeout_min"": 30}"
BOND_FAST,liq<$3K tp80 sl30 trail20@25 t15m,-59.51,-176.3,-238.02,94,0.25,"[-10.01, -176.3, 13.08, -64.8]","[0.5, 0.0, 0.636, 0.214]","{""max_liq"": 3000, ""tp_mult"": 1.8, ""sl_mult"": 0.7, ""trail_pct"": 0.2, ""trail_act"": 0.25, ""timeout_min"": 15}"
BOND_FAST,liq<$3K tp80 sl30 trail20@25 t20m,-60.21,-176.3,-240.83,94,0.25,"[34.22, -176.3, -41.11, -57.65]","[0.5, 0.0, 0.136, 0.214]","{""max_liq"": 3000, ""tp_mult"": 1.8, ""sl_mult"": 0.7, ""trail_pct"": 0.2, ""trail_act"": 0.25, ""timeout_min"": 20}"
BOND_FAST,liq<$3K tp80 sl30 trail20@25 t30m,-108.76,-270.23,-435.04,94,0.25,"[6.91, -270.23, -31.64, -140.08]","[0.594, 0.0, 0.136, 0.0]","{""max_liq"": 3000, ""tp_mult"": 1.8, ""sl_mult"": 0.7, ""trail_pct"": 0.2, ""trail_act"": 0.25, ""timeout_min"": 30}"
BOND_FAST,liq<$3K tp80 sl25 notrail t15m,-19.8,-161.21,-79.19,94,0.5,"[133.74, -161.21, 13.08, -64.8]","[0.469, 0.0, 0.636, 0.214]","{""max_liq"": 3000, ""tp_mult"": 1.8, ""sl_mult"": 0.75, ""trail_pct"": 0.0, ""trail_act"": 0.15, ""timeout_min"": 15}"
BOND_FAST,liq<$3K tp80 sl25 notrail t20m,-33.73,-161.21,-134.93,94,0.25,"[154.47, -161.21, -70.54, -57.65]","[0.469, 0.0, 0.091, 0.214]","{""max_liq"": 3000, ""tp_mult"": 1.8, ""sl_mult"": 0.75, ""trail_pct"": 0.0, ""trail_act"": 0.15, ""timeout_min"": 20}"
BOND_FAST,liq<$3K tp80 sl25 notrail t30m,-162.93,-255.14,-651.7,94,0.0,"[-91.98, -255.14, -153.71, -150.87]","[0.344, 0.0, 0.091, 0.0]","{""max_liq"": 3000, ""tp_mult"": 1.8, ""sl_mult"": 0.75, ""trail_pct"": 0.0, ""trail_act"": 0.15, ""timeout_min"": 30}"
BOND_FAST,liq<$3K tp80 sl25 notrail t15m,-19.8,-161.21,-79.19,94,0.5,"[133.74, -161.21, 13.08, -64.8]","[0.469, 0.0, 0.636, 0.214]","{""max_liq"": 3000, ""tp_mult"": 1.8, ""sl_mult"": 0.75, ""trail_pct"": 0.0, ""trail_act"": 0.25, ""timeout_min"": 15}"
BOND_FAST,liq<$3K tp80 sl25 notrail t20m,-33.73,-161.21,-134.93,94,0.25,"[154.47, -161.21, -70.54, -57.65]","[0.469, 0.0, 0.091, 0.214]","{""max_liq"": 3000, ""tp_mult"": 1.8, ""sl_mult"": 0.75, ""trail_pct"": 0.0, ""trail_act"": 0.25, ""timeout_min"": 20}"
BOND_FAST,liq<$3K tp80 sl25 notrail t30m,-162.93,-255.14,-651.7,94,0.0,"[-91.98, -255.14, -153.71, -150.87]","[0.344, 0.0, 0.091, 0.0]","{""max_liq"": 3000, ""tp_mult"": 1.8, ""sl_mult"": 0.75, ""trail_pct"": 0.0, ""trail_act"": 0.25, ""timeout_min"": 30}"
BOND_FAST,liq<$3K tp80 sl25 trail10@15 t15m,-23.84,-161.21,-95.38,94,0.5,"[66.15, -161.21, 64.49, -64.8]","[0.562, 0.0, 0.864, 0.214]","{""max_liq"": 3000, ""tp_mult"": 1.8, ""sl_mult"": 0.75, ""trail_pct"": 0.1, ""trail_act"": 0.15, ""timeout_min"": 15}"
BOND_FAST,liq<$3K tp80 sl25 trail10@15 t20m,0.89,-161.21,3.57,94,0.5,"[153.86, -161.21, 68.57, -57.65]","[0.562, 0.0, 0.864, 0.214]","{""max_liq"": 3000, ""tp_mult"": 1.8, ""sl_mult"": 0.75, ""trail_pct"": 0.1, ""trail_act"": 0.15, ""timeout_min"": 20}"
BOND_FAST,liq<$3K tp80 sl25 trail10@15 t30m,-33.08,-203.58,-132.29,94,0.5,"[169.4, -203.58, 52.75, -150.87]","[0.688, 0.231, 0.864, 0.0]","{""max_liq"": 3000, ""tp_mult"": 1.8, ""sl_mult"": 0.75, ""trail_pct"": 0.1, ""trail_act"": 0.15, ""timeout_min"": 30}"
BOND_FAST,liq<$3K tp80 sl25 trail10@25 t15m,-26.25,-161.21,-105.02,94,0.5,"[66.15, -161.21, 54.84, -64.8]","[0.562, 0.0, 0.727, 0.214]","{""max_liq"": 3000, ""tp_mult"": 1.8, ""sl_mult"": 0.75, ""trail_pct"": 0.1, ""trail_act"": 0.25, ""timeout_min"": 15}"
BOND_FAST,liq<$3K tp80 sl25 trail10@25 t20m,-5.65,-161.21,-22.6,94,0.5,"[153.86, -161.21, 42.4, -57.65]","[0.562, 0.0, 0.682, 0.214]","{""max_liq"": 3000, ""tp_mult"": 1.8, ""sl_mult"": 0.75, ""trail_pct"": 0.1, ""trail_act"": 0.25, ""timeout_min"": 20}"
BOND_FAST,liq<$3K tp80 sl25 trail10@25 t30m,-48.31,-255.14,-193.23,94,0.5,"[169.4, -255.14, 43.37, -150.87]","[0.688, 0.0, 0.682, 0.0]","{""max_liq"": 3000, ""tp_mult"": 1.8, ""sl_mult"": 0.75, ""trail_pct"": 0.1, ""trail_act"": 0.25, ""timeout_min"": 30}"
BOND_FAST,liq<$3K tp80 sl25 trail15@15 t15m,-44.77,-161.21,-179.08,94,0.5,"[28.83, -161.21, 18.1, -64.8]","[0.5, 0.0, 0.727, 0.214]","{""max_liq"": 3000, ""tp_mult"": 1.8, ""sl_mult"": 0.75, ""trail_pct"": 0.15, ""trail_act"": 0.15, ""timeout_min"": 15}"
BOND_FAST,liq<$3K tp80 sl25 trail15@15 t20m,-28.07,-161.21,-112.26,94,0.5,"[91.87, -161.21, 14.72, -57.65]","[0.5, 0.0, 0.773, 0.214]","{""max_liq"": 3000, ""tp_mult"": 1.8, ""sl_mult"": 0.75, ""trail_pct"": 0.15, ""trail_act"": 0.15, ""timeout_min"": 20}"
BOND_FAST,liq<$3K tp80 sl25 trail15@15 t30m,-68.42,-232.48,-273.68,94,0.5,"[107.42, -232.48, 2.25, -150.87]","[0.625, 0.0, 0.773, 0.0]","{""max_liq"": 3000, ""tp_mult"": 1.8, ""sl_mult"": 0.75, ""trail_pct"": 0.15, ""trail_act"": 0.15, ""timeout_min"": 30}"
BOND_FAST,liq<$3K tp80 sl25 trail15@25 t15m,-45.56,-161.21,-182.24,94,0.5,"[28.83, -161.21, 14.94, -64.8]","[0.5, 0.0, 0.636, 0.214]","{""max_liq"": 3000, ""tp_mult"": 1.8, ""sl_mult"": 0.75, ""trail_pct"": 0.15, ""trail_act"": 0.25, ""timeout_min"": 15}"
BOND_FAST,liq<$3K tp80 sl25 trail15@25 t20m,-30.68,-161.21,-122.7,94,0.5,"[91.87, -161.21, 4.29, -57.65]","[0.5, 0.0, 0.682, 0.214]","{""max_liq"": 3000, ""tp_mult"": 1.8, ""sl_mult"": 0.75, ""trail_pct"": 0.15, ""trail_act"": 0.25, ""timeout_min"": 20}"
BOND_FAST,liq<$3K tp80 sl25 trail15@25 t30m,-73.33,-255.14,-293.33,94,0.5,"[107.42, -255.14, 5.27, -150.87]","[0.625, 0.0, 0.682, 0.0]","{""max_liq"": 3000, ""tp_mult"": 1.8, ""sl_mult"": 0.75, ""trail_pct"": 0.15, ""trail_act"": 0.25, ""timeout_min"": 30}"
BOND_FAST,liq<$3K tp80 sl25 trail20@15 t15m,-51.98,-161.21,-207.93,94,0.5,"[4.99, -161.21, 13.08, -64.8]","[0.5, 0.0, 0.636, 0.214]","{""max_liq"": 3000, ""tp_mult"": 1.8, ""sl_mult"": 0.75, ""trail_pct"": 0.2, ""trail_act"": 0.15, ""timeout_min"": 15}"
BOND_FAST,liq<$3K tp80 sl25 trail20@15 t20m,-52.69,-161.21,-210.74,94,0.25,"[49.22, -161.21, -41.11, -57.65]","[0.5, 0.0, 0.136, 0.214]","{""max_liq"": 3000, ""tp_mult"": 1.8, ""sl_mult"": 0.75, ""trail_pct"": 0.2, ""trail_act"": 0.15, ""timeout_min"": 20}"
BOND_FAST,liq<$3K tp80 sl25 trail20@15 t30m,-104.23,-255.14,-416.93,94,0.25,"[21.91, -255.14, -32.84, -150.87]","[0.594, 0.0, 0.136, 0.0]","{""max_liq"": 3000, ""tp_mult"": 1.8, ""sl_mult"": 0.75, ""trail_pct"": 0.2, ""trail_act"": 0.15, ""timeout_min"": 30}"
BOND_FAST,liq<$3K tp80 sl25 trail20@25 t15m,-51.98,-161.21,-207.93,94,0.5,"[4.99, -161.21, 13.08, -64.8]","[0.5, 0.0, 0.636, 0.214]","{""max_liq"": 3000, ""tp_mult"": 1.8, ""sl_mult"": 0.75, ""trail_pct"": 0.2, ""trail_act"": 0.25, ""timeout_min"": 15}"
BOND_FAST,liq<$3K tp80 sl25 trail20@25 t20m,-52.69,-161.21,-210.74,94,0.25,"[49.22, -161.21, -41.11, -57.65]","[0.5, 0.0, 0.136, 0.214]","{""max_liq"": 3000, ""tp_mult"": 1.8, ""sl_mult"": 0.75, ""trail_pct"": 0.2, ""trail_act"": 0.25, ""timeout_min"": 20}"
BOND_FAST,liq<$3K tp80 sl25 trail20@25 t30m,-104.23,-255.14,-416.93,94,0.25,"[21.91, -255.14, -32.84, -150.87]","[0.594, 0.0, 0.136, 0.0]","{""max_liq"": 3000, ""tp_mult"": 1.8, ""sl_mult"": 0.75, ""trail_pct"": 0.2, ""trail_act"": 0.25, ""timeout_min"": 30}"
BOND_FAST,liq<$3K tp80 sl19 notrail t15m,-12.27,-146.12,-49.1,94,0.5,"[148.74, -146.12, 13.08, -64.8]","[0.469, 0.0, 0.636, 0.214]","{""max_liq"": 3000, ""tp_mult"": 1.8, ""sl_mult"": 0.8, ""trail_pct"": 0.0, ""trail_act"": 0.15, ""timeout_min"": 15}"
BOND_FAST,liq<$3K tp80 sl19 notrail t20m,-26.21,-146.12,-104.84,94,0.25,"[169.47, -146.12, -70.54, -57.65]","[0.469, 0.0, 0.091, 0.214]","{""max_liq"": 3000, ""tp_mult"": 1.8, ""sl_mult"": 0.8, ""trail_pct"": 0.0, ""trail_act"": 0.15, ""timeout_min"": 20}"
BOND_FAST,liq<$3K tp80 sl19 notrail t30m,-152.89,-240.05,-611.56,94,0.0,"[-76.98, -240.05, -166.14, -128.39]","[0.344, 0.0, 0.091, 0.0]","{""max_liq"": 3000, ""tp_mult"": 1.8, ""sl_mult"": 0.8, ""trail_pct"": 0.0, ""trail_act"": 0.15, ""timeout_min"": 30}"
BOND_FAST,liq<$3K tp80 sl19 notrail t15m,-12.27,-146.12,-49.1,94,0.5,"[148.74, -146.12, 13.08, -64.8]","[0.469, 0.0, 0.636, 0.214]","{""max_liq"": 3000, ""tp_mult"": 1.8, ""sl_mult"": 0.8, ""trail_pct"": 0.0, ""trail_act"": 0.25, ""timeout_min"": 15}"
BOND_FAST,liq<$3K tp80 sl19 notrail t20m,-26.21,-146.12,-104.84,94,0.25,"[169.47, -146.12, -70.54, -57.65]","[0.469, 0.0, 0.091, 0.214]","{""max_liq"": 3000, ""tp_mult"": 1.8, ""sl_mult"": 0.8, ""trail_pct"": 0.0, ""trail_act"": 0.25, ""timeout_min"": 20}"
BOND_FAST,liq<$3K tp80 sl19 notrail t30m,-152.89,-240.05,-611.56,94,0.0,"[-76.98, -240.05, -166.14, -128.39]","[0.344, 0.0, 0.091, 0.0]","{""max_liq"": 3000, ""tp_mult"": 1.8, ""sl_mult"": 0.8, ""trail_pct"": 0.0, ""trail_act"": 0.25, ""timeout_min"": 30}"
BOND_FAST,liq<$3K tp80 sl19 trail10@15 t15m,-16.32,-146.12,-65.29,94,0.5,"[81.15, -146.12, 64.49, -64.8]","[0.562, 0.0, 0.864, 0.214]","{""max_liq"": 3000, ""tp_mult"": 1.8, ""sl_mult"": 0.8, ""trail_pct"": 0.1, ""trail_act"": 0.15, ""timeout_min"": 15}"
BOND_FAST,liq<$3K tp80 sl19 trail10@15 t20m,8.42,-146.12,33.66,94,0.5,"[168.86, -146.12, 68.57, -57.65]","[0.562, 0.0, 0.864, 0.214]","{""max_liq"": 3000, ""tp_mult"": 1.8, ""sl_mult"": 0.8, ""trail_pct"": 0.1, ""trail_act"": 0.15, ""timeout_min"": 20}"
BOND_FAST,liq<$3K tp80 sl19 trail10@15 t30m,-18.98,-188.49,-75.92,94,0.5,"[184.4, -188.49, 56.55, -128.39]","[0.688, 0.231, 0.864, 0.0]","{""max_liq"": 3000, ""tp_mult"": 1.8, ""sl_mult"": 0.8, ""trail_pct"": 0.1, ""trail_act"": 0.15, ""timeout_min"": 30}"
BOND_FAST,liq<$3K tp80 sl19 trail10@25 t15m,-18.73,-146.12,-74.93,94,0.5,"[81.15, -146.12, 54.84, -64.8]","[0.562, 0.0, 0.727, 0.214]","{""max_liq"": 3000, ""tp_mult"": 1.8, ""sl_mult"": 0.8, ""trail_pct"": 0.1, ""trail_act"": 0.25, ""timeout_min"": 15}"
BOND_FAST,liq<$3K tp80 sl19 trail10@25 t20m,1.87,-146.12,7.49,94,0.5,"[168.86, -146.12, 42.4, -57.65]","[0.562, 0.0, 0.682, 0.214]","{""max_liq"": 3000, ""tp_mult"": 1.8, ""sl_mult"": 0.8, ""trail_pct"": 0.1, ""trail_act"": 0.25, ""timeout_min"": 20}"
BOND_FAST,liq<$3K tp80 sl19 trail10@25 t30m,-36.52,-240.05,-146.09,94,0.5,"[184.4, -240.05, 37.94, -128.39]","[0.688, 0.0, 0.682, 0.0]","{""max_liq"": 3000, ""tp_mult"": 1.8, ""sl_mult"": 0.8, ""trail_pct"": 0.1, ""trail_act"": 0.25, ""timeout_min"": 30}"
BOND_FAST,liq<$3K tp80 sl19 trail15@15 t15m,-37.25,-146.12,-148.99,94,0.5,"[43.83, -146.12, 18.1, -64.8]","[0.5, 0.0, 0.727, 0.214]","{""max_liq"": 3000, ""tp_mult"": 1.8, ""sl_mult"": 0.8, ""trail_pct"": 0.15, ""trail_act"": 0.15, ""timeout_min"": 15}"
BOND_FAST,liq<$3K tp80 sl19 trail15@15 t20m,-20.54,-146.12,-82.17,94,0.5,"[106.87, -146.12, 14.72, -57.65]","[0.5, 0.0, 0.773, 0.214]","{""max_liq"": 3000, ""tp_mult"": 1.8, ""sl_mult"": 0.8, ""trail_pct"": 0.15, ""trail_act"": 0.15, ""timeout_min"": 20}"
BOND_FAST,liq<$3K tp80 sl19 trail15@15 t30m,-54.33,-217.39,-217.31,94,0.5,"[122.42, -217.39, 6.05, -128.39]","[0.625, 0.0, 0.773, 0.0]","{""max_liq"": 3000, ""tp_mult"": 1.8, ""sl_mult"": 0.8, ""trail_pct"": 0.15, ""trail_act"": 0.15, ""timeout_min"": 30}"
BOND_FAST,liq<$3K tp80 sl19 trail15@25 t15m,-38.04,-146.12,-152.15,94,0.5,"[43.83, -146.12, 14.94, -64.8]","[0.5, 0.0, 0.636, 0.214]","{""max_liq"": 3000, ""tp_mult"": 1.8, ""sl_mult"": 0.8, ""trail_pct"": 0.15, ""trail_act"": 0.25, ""timeout_min"": 15}"
BOND_FAST,liq<$3K tp80 sl19 trail15@25 t20m,-23.15,-146.12,-92.61,94,0.5,"[106.87, -146.12, 4.29, -57.65]","[0.5, 0.0, 0.682, 0.214]","{""max_liq"": 3000, ""tp_mult"": 1.8, ""sl_mult"": 0.8, ""trail_pct"": 0.15, ""trail_act"": 0.25, ""timeout_min"": 20}"
BOND_FAST,liq<$3K tp80 sl19 trail15@25 t30m,-61.55,-240.05,-246.19,94,0.25,"[122.42, -240.05, -0.16, -128.39]","[0.625, 0.0, 0.682, 0.0]","{""max_liq"": 3000, ""tp_mult"": 1.8, ""sl_mult"": 0.8, ""trail_pct"": 0.15, ""trail_act"": 0.25, ""timeout_min"": 30}"
BOND_FAST,liq<$3K tp80 sl19 trail20@15 t15m,-44.46,-146.12,-177.84,94,0.5,"[19.99, -146.12, 13.08, -64.8]","[0.5, 0.0, 0.636, 0.214]","{""max_liq"": 3000, ""tp_mult"": 1.8, ""sl_mult"": 0.8, ""trail_pct"": 0.2, ""trail_act"": 0.15, ""timeout_min"": 15}"
BOND_FAST,liq<$3K tp80 sl19 trail20@15 t20m,-45.16,-146.12,-180.66,94,0.25,"[64.22, -146.12, -41.11, -57.65]","[0.5, 0.0, 0.136, 0.214]","{""max_liq"": 3000, ""tp_mult"": 1.8, ""sl_mult"": 0.8, ""trail_pct"": 0.2, ""trail_act"": 0.15, ""timeout_min"": 20}"
BOND_FAST,liq<$3K tp80 sl19 trail20@15 t30m,-92.45,-240.05,-369.8,94,0.25,"[36.91, -240.05, -38.27, -128.39]","[0.594, 0.0, 0.136, 0.0]","{""max_liq"": 3000, ""tp_mult"": 1.8, ""sl_mult"": 0.8, ""trail_pct"": 0.2, ""trail_act"": 0.15, ""timeout_min"": 30}"
BOND_FAST,liq<$3K tp80 sl19 trail20@25 t15m,-44.46,-146.12,-177.84,94,0.5,"[19.99, -146.12, 13.08, -64.8]","[0.5, 0.0, 0.636, 0.214]","{""max_liq"": 3000, ""tp_mult"": 1.8, ""sl_mult"": 0.8, ""trail_pct"": 0.2, ""trail_act"": 0.25, ""timeout_min"": 15}"
BOND_FAST,liq<$3K tp80 sl19 trail20@25 t20m,-45.16,-146.12,-180.66,94,0.25,"[64.22, -146.12, -41.11, -57.65]","[0.5, 0.0, 0.136, 0.214]","{""max_liq"": 3000, ""tp_mult"": 1.8, ""sl_mult"": 0.8, ""trail_pct"": 0.2, ""trail_act"": 0.25, ""timeout_min"": 20}"
BOND_FAST,liq<$3K tp80 sl19 trail20@25 t30m,-92.45,-240.05,-369.8,94,0.25,"[36.91, -240.05, -38.27, -128.39]","[0.594, 0.0, 0.136, 0.0]","{""max_liq"": 3000, ""tp_mult"": 1.8, ""sl_mult"": 0.8, ""trail_pct"": 0.2, ""trail_act"": 0.25, ""timeout_min"": 30}"
BOND_FAST,liq<$10K tp30 sl30 notrail t15m,-43.95,-176.3,-175.78,94,0.5,"[52.24, -176.3, 13.08, -64.8]","[0.594, 0.0, 0.636, 0.214]","{""max_liq"": 10000, ""tp_mult"": 1.3, ""sl_mult"": 0.7, ""trail_pct"": 0.0, ""trail_act"": 0.15, ""timeout_min"": 15}"
BOND_FAST,liq<$10K tp30 sl30 notrail t20m,-57.88,-176.3,-231.52,94,0.25,"[72.97, -176.3, -70.54, -57.65]","[0.594, 0.0, 0.091, 0.214]","{""max_liq"": 10000, ""tp_mult"": 1.3, ""sl_mult"": 0.7, ""trail_pct"": 0.0, ""trail_act"": 0.15, ""timeout_min"": 20}"
BOND_FAST,liq<$10K tp30 sl30 notrail t30m,-156.52,-270.23,-626.06,94,0.0,"[-173.48, -270.23, -42.27, -140.08]","[0.469, 0.0, 0.091, 0.0]","{""max_liq"": 10000, ""tp_mult"": 1.3, ""sl_mult"": 0.7, ""trail_pct"": 0.0, ""trail_act"": 0.15, ""timeout_min"": 30}"
BOND_FAST,liq<$10K tp30 sl30 notrail t15m,-43.95,-176.3,-175.78,94,0.5,"[52.24, -176.3, 13.08, -64.8]","[0.594, 0.0, 0.636, 0.214]","{""max_liq"": 10000, ""tp_mult"": 1.3, ""sl_mult"": 0.7, ""trail_pct"": 0.0, ""trail_act"": 0.25, ""timeout_min"": 15}"
BOND_FAST,liq<$10K tp30 sl30 notrail t20m,-57.88,-176.3,-231.52,94,0.25,"[72.97, -176.3, -70.54, -57.65]","[0.594, 0.0, 0.091, 0.214]","{""max_liq"": 10000, ""tp_mult"": 1.3, ""sl_mult"": 0.7, ""trail_pct"": 0.0, ""trail_act"": 0.25, ""timeout_min"": 20}"
BOND_FAST,liq<$10K tp30 sl30 notrail t30m,-156.52,-270.23,-626.06,94,0.0,"[-173.48, -270.23, -42.27, -140.08]","[0.469, 0.0, 0.091, 0.0]","{""max_liq"": 10000, ""tp_mult"": 1.3, ""sl_mult"": 0.7, ""trail_pct"": 0.0, ""trail_act"": 0.25, ""timeout_min"": 30}"
BOND_FAST,liq<$10K tp30 sl30 trail10@15 t15m,-28.98,-176.3,-115.93,94,0.5,"[60.68, -176.3, 64.49, -64.8]","[0.594, 0.0, 0.864, 0.214]","{""max_liq"": 10000, ""tp_mult"": 1.3, ""sl_mult"": 0.7, ""trail_pct"": 0.1, ""trail_act"": 0.15, ""timeout_min"": 15}"
BOND_FAST,liq<$10K tp30 sl30 trail10@15 t20m,-4.25,-176.3,-16.98,94,0.5,"[148.4, -176.3, 68.57, -57.65]","[0.594, 0.0, 0.864, 0.214]","{""max_liq"": 10000, ""tp_mult"": 1.3, ""sl_mult"": 0.7, ""trail_pct"": 0.1, ""trail_act"": 0.15, ""timeout_min"": 20}"
BOND_FAST,liq<$10K tp30 sl30 trail10@15 t30m,-35.22,-218.67,-140.86,94,0.5,"[163.94, -218.67, 53.95, -140.08]","[0.719, 0.231, 0.864, 0.0]","{""max_liq"": 10000, ""tp_mult"": 1.3, ""sl_mult"": 0.7, ""trail_pct"": 0.1, ""trail_act"": 0.15, ""timeout_min"": 30}"
BOND_FAST,liq<$10K tp30 sl30 trail10@25 t15m,-31.4,-176.3,-125.57,94,0.5,"[60.68, -176.3, 54.84, -64.8]","[0.594, 0.0, 0.727, 0.214]","{""max_liq"": 10000, ""tp_mult"": 1.3, ""sl_mult"": 0.7, ""trail_pct"": 0.1, ""trail_act"": 0.25, ""timeout_min"": 15}"
BOND_FAST,liq<$10K tp30 sl30 trail10@25 t20m,-10.79,-176.3,-43.16,94,0.5,"[148.4, -176.3, 42.4, -57.65]","[0.594, 0.0, 0.682, 0.214]","{""max_liq"": 10000, ""tp_mult"": 1.3, ""sl_mult"": 0.7, ""trail_pct"": 0.1, ""trail_act"": 0.25, ""timeout_min"": 20}"
BOND_FAST,liq<$10K tp30 sl30 trail10@25 t30m,-50.45,-270.23,-201.8,94,0.5,"[163.94, -270.23, 44.57, -140.08]","[0.719, 0.0, 0.682, 0.0]","{""max_liq"": 10000, ""tp_mult"": 1.3, ""sl_mult"": 0.7, ""trail_pct"": 0.1, ""trail_act"": 0.25, ""timeout_min"": 30}"
BOND_FAST,liq<$10K tp30 sl30 trail15@15 t15m,-43.26,-176.3,-173.05,94,0.5,"[49.95, -176.3, 18.1, -64.8]","[0.594, 0.0, 0.727, 0.214]","{""max_liq"": 10000, ""tp_mult"": 1.3, ""sl_mult"": 0.7, ""trail_pct"": 0.15, ""trail_act"": 0.15, ""timeout_min"": 15}"
BOND_FAST,liq<$10K tp30 sl30 trail15@15 t20m,-26.56,-176.3,-106.23,94,0.5,"[113.0, -176.3, 14.72, -57.65]","[0.594, 0.0, 0.773, 0.214]","{""max_liq"": 10000, ""tp_mult"": 1.3, ""sl_mult"": 0.7, ""trail_pct"": 0.15, ""trail_act"": 0.15, ""timeout_min"": 20}"
BOND_FAST,liq<$10K tp30 sl30 trail15@15 t30m,-63.92,-247.57,-255.66,94,0.5,"[128.54, -247.57, 3.45, -140.08]","[0.719, 0.0, 0.773, 0.0]","{""max_liq"": 10000, ""tp_mult"": 1.3, ""sl_mult"": 0.7, ""trail_pct"": 0.15, ""trail_act"": 0.15, ""timeout_min"": 30}"
BOND_FAST,liq<$10K tp30 sl30 trail15@25 t15m,-44.05,-176.3,-176.2,94,0.5,"[49.95, -176.3, 14.94, -64.8]","[0.594, 0.0, 0.636, 0.214]","{""max_liq"": 10000, ""tp_mult"": 1.3, ""sl_mult"": 0.7, ""trail_pct"": 0.15, ""trail_act"": 0.25, ""timeout_min"": 15}"
BOND_FAST,liq<$10K tp30 sl30 trail15@25 t20m,-29.17,-176.3,-116.66,94,0.5,"[113.0, -176.3, 4.29, -57.65]","[0.594, 0.0, 0.682, 0.214]","{""max_liq"": 10000, ""tp_mult"": 1.3, ""sl_mult"": 0.7, ""trail_pct"": 0.15, ""trail_act"": 0.25, ""timeout_min"": 20}"
BOND_FAST,liq<$10K tp30 sl30 trail15@25 t30m,-68.83,-270.23,-275.3,94,0.5,"[128.54, -270.23, 6.47, -140.08]","[0.719, 0.0, 0.682, 0.0]","{""max_liq"": 10000, ""tp_mult"": 1.3, ""sl_mult"": 0.7, ""trail_pct"": 0.15, ""trail_act"": 0.25, ""timeout_min"": 30}"
BOND_FAST,liq<$10K tp30 sl30 trail20@15 t15m,-49.38,-176.3,-197.51,94,0.5,"[30.51, -176.3, 13.08, -64.8]","[0.594, 0.0, 0.636, 0.214]","{""max_liq"": 10000, ""tp_mult"": 1.3, ""sl_mult"": 0.7, ""trail_pct"": 0.2, ""trail_act"": 0.15, ""timeout_min"": 15}"
BOND_FAST,liq<$10K tp30 sl30 trail20@15 t20m,-50.08,-176.3,-200.32,94,0.25,"[74.73, -176.3, -41.11, -57.65]","[0.594, 0.0, 0.136, 0.214]","{""max_liq"": 10000, ""tp_mult"": 1.3, ""sl_mult"": 0.7, ""trail_pct"": 0.2, ""trail_act"": 0.15, ""timeout_min"": 20}"
BOND_FAST,liq<$10K tp30 sl30 trail20@15 t30m,-98.63,-270.23,-394.53,94,0.25,"[47.43, -270.23, -31.64, -140.08]","[0.688, 0.0, 0.136, 0.0]","{""max_liq"": 10000, ""tp_mult"": 1.3, ""sl_mult"": 0.7, ""trail_pct"": 0.2, ""trail_act"": 0.15, ""timeout_min"": 30}"
BOND_FAST,liq<$10K tp30 sl30 trail20@25 t15m,-49.38,-176.3,-197.51,94,0.5,"[30.51, -176.3, 13.08, -64.8]","[0.594, 0.0, 0.636, 0.214]","{""max_liq"": 10000, ""tp_mult"": 1.3, ""sl_mult"": 0.7, ""trail_pct"": 0.2, ""trail_act"": 0.25, ""timeout_min"": 15}"
BOND_FAST,liq<$10K tp30 sl30 trail20@25 t20m,-50.08,-176.3,-200.32,94,0.25,"[74.73, -176.3, -41.11, -57.65]","[0.594, 0.0, 0.136, 0.214]","{""max_liq"": 10000, ""tp_mult"": 1.3, ""sl_mult"": 0.7, ""trail_pct"": 0.2, ""trail_act"": 0.25, ""timeout_min"": 20}"
BOND_FAST,liq<$10K tp30 sl30 trail20@25 t30m,-98.63,-270.23,-394.53,94,0.25,"[47.43, -270.23, -31.64, -140.08]","[0.688, 0.0, 0.136, 0.0]","{""max_liq"": 10000, ""tp_mult"": 1.3, ""sl_mult"": 0.7, ""trail_pct"": 0.2, ""trail_act"": 0.25, ""timeout_min"": 30}"
BOND_FAST,liq<$10K tp30 sl25 notrail t15m,-36.42,-161.21,-145.69,94,0.5,"[67.24, -161.21, 13.08, -64.8]","[0.594, 0.0, 0.636, 0.214]","{""max_liq"": 10000, ""tp_mult"": 1.3, ""sl_mult"": 0.75, ""trail_pct"": 0.0, ""trail_act"": 0.15, ""timeout_min"": 15}"
BOND_FAST,liq<$10K tp30 sl25 notrail t20m,-50.36,-161.21,-201.43,94,0.25,"[87.97, -161.21, -70.54, -57.65]","[0.594, 0.0, 0.091, 0.214]","{""max_liq"": 10000, ""tp_mult"": 1.3, ""sl_mult"": 0.75, ""trail_pct"": 0.0, ""trail_act"": 0.15, ""timeout_min"": 20}"
BOND_FAST,liq<$10K tp30 sl25 notrail t30m,-179.55,-255.14,-718.2,94,0.0,"[-158.48, -255.14, -153.71, -150.87]","[0.469, 0.0, 0.091, 0.0]","{""max_liq"": 10000, ""tp_mult"": 1.3, ""sl_mult"": 0.75, ""trail_pct"": 0.0, ""trail_act"": 0.15, ""timeout_min"": 30}"
BOND_FAST,liq<$10K tp30 sl25 notrail t15m,-36.42,-161.21,-145.69,94,0.5,"[67.24, -161.21, 13.08, -64.8]","[0.594, 0.0, 0.636, 0.214]","{""max_liq"": 10000, ""tp_mult"": 1.3, ""sl_mult"": 0.75, ""trail_pct"": 0.0, ""trail_act"": 0.25, ""timeout_min"": 15}"
BOND_FAST,liq<$10K tp30 sl25 notrail t20m,-50.36,-161.21,-201.43,94,0.25,"[87.97, -161.21, -70.54, -57.65]","[0.594, 0.0, 0.091, 0.214]","{""max_liq"": 10000, ""tp_mult"": 1.3, ""sl_mult"": 0.75, ""trail_pct"": 0.0, ""trail_act"": 0.25, ""timeout_min"": 20}"
BOND_FAST,liq<$10K tp30 sl25 notrail t30m,-179.55,-255.14,-718.2,94,0.0,"[-158.48, -255.14, -153.71, -150.87]","[0.469, 0.0, 0.091, 0.0]","{""max_liq"": 10000, ""tp_mult"": 1.3, ""sl_mult"": 0.75, ""trail_pct"": 0.0, ""trail_act"": 0.25, ""timeout_min"": 30}"
BOND_FAST,liq<$10K tp30 sl25 trail10@15 t15m,-21.46,-161.21,-85.84,94,0.5,"[75.68, -161.21, 64.49, -64.8]","[0.594, 0.0, 0.864, 0.214]","{""max_liq"": 10000, ""tp_mult"": 1.3, ""sl_mult"": 0.75, ""trail_pct"": 0.1, ""trail_act"": 0.15, ""timeout_min"": 15}"
BOND_FAST,liq<$10K tp30 sl25 trail10@15 t20m,3.28,-161.21,13.11,94,0.5,"[163.4, -161.21, 68.57, -57.65]","[0.594, 0.0, 0.864, 0.214]","{""max_liq"": 10000, ""tp_mult"": 1.3, ""sl_mult"": 0.75, ""trail_pct"": 0.1, ""trail_act"": 0.15, ""timeout_min"": 20}"
BOND_FAST,liq<$10K tp30 sl25 trail10@15 t30m,-30.69,-203.58,-122.76,94,0.5,"[178.94, -203.58, 52.75, -150.87]","[0.719, 0.231, 0.864, 0.0]","{""max_liq"": 10000, ""tp_mult"": 1.3, ""sl_mult"": 0.75, ""trail_pct"": 0.1, ""trail_act"": 0.15, ""timeout_min"": 30}"
BOND_FAST,liq<$10K tp30 sl25 trail10@25 t15m,-23.87,-161.21,-95.48,94,0.5,"[75.68, -161.21, 54.84, -64.8]","[0.594, 0.0, 0.727, 0.214]","{""max_liq"": 10000, ""tp_mult"": 1.3, ""sl_mult"": 0.75, ""trail_pct"": 0.1, ""trail_act"": 0.25, ""timeout_min"": 15}"
BOND_FAST,liq<$10K tp30 sl25 trail10@25 t20m,-3.27,-161.21,-13.07,94,0.5,"[163.4, -161.21, 42.4, -57.65]","[0.594, 0.0, 0.682, 0.214]","{""max_liq"": 10000, ""tp_mult"": 1.3, ""sl_mult"": 0.75, ""trail_pct"": 0.1, ""trail_act"": 0.25, ""timeout_min"": 20}"
BOND_FAST,liq<$10K tp30 sl25 trail10@25 t30m,-45.92,-255.14,-183.7,94,0.5,"[178.94, -255.14, 43.37, -150.87]","[0.719, 0.0, 0.682, 0.0]","{""max_liq"": 10000, ""tp_mult"": 1.3, ""sl_mult"": 0.75, ""trail_pct"": 0.1, ""trail_act"": 0.25, ""timeout_min"": 30}"
BOND_FAST,liq<$10K tp30 sl25 trail15@15 t15m,-35.74,-161.21,-142.96,94,0.5,"[64.95, -161.21, 18.1, -64.8]","[0.594, 0.0, 0.727, 0.214]","{""max_liq"": 10000, ""tp_mult"": 1.3, ""sl_mult"": 0.75, ""trail_pct"": 0.15, ""trail_act"": 0.15, ""timeout_min"": 15}"
BOND_FAST,liq<$10K tp30 sl25 trail15@15 t20m,-19.04,-161.21,-76.14,94,0.5,"[128.0, -161.21, 14.72, -57.65]","[0.594, 0.0, 0.773, 0.214]","{""max_liq"": 10000, ""tp_mult"": 1.3, ""sl_mult"": 0.75, ""trail_pct"": 0.15, ""trail_act"": 0.15, ""timeout_min"": 20}"
BOND_FAST,liq<$10K tp30 sl25 trail15@15 t30m,-59.39,-232.48,-237.55,94,0.5,"[143.54, -232.48, 2.25, -150.87]","[0.719, 0.0, 0.773, 0.0]","{""max_liq"": 10000, ""tp_mult"": 1.3, ""sl_mult"": 0.75, ""trail_pct"": 0.15, ""trail_act"": 0.15, ""timeout_min"": 30}"
BOND_FAST,liq<$10K tp30 sl25 trail15@25 t15m,-36.53,-161.21,-146.11,94,0.5,"[64.95, -161.21, 14.94, -64.8]","[0.594, 0.0, 0.636, 0.214]","{""max_liq"": 10000, ""tp_mult"": 1.3, ""sl_mult"": 0.75, ""trail_pct"": 0.15, ""trail_act"": 0.25, ""timeout_min"": 15}"
BOND_FAST,liq<$10K tp30 sl25 trail15@25 t20m,-21.64,-161.21,-86.57,94,0.5,"[128.0, -161.21, 4.29, -57.65]","[0.594, 0.0, 0.682, 0.214]","{""max_liq"": 10000, ""tp_mult"": 1.3, ""sl_mult"": 0.75, ""trail_pct"": 0.15, ""trail_act"": 0.25, ""timeout_min"": 20}"
BOND_FAST,liq<$10K tp30 sl25 trail15@25 t30m,-64.3,-255.14,-257.2,94,0.5,"[143.54, -255.14, 5.27, -150.87]","[0.719, 0.0, 0.682, 0.0]","{""max_liq"": 10000, ""tp_mult"": 1.3, ""sl_mult"": 0.75, ""trail_pct"": 0.15, ""trail_act"": 0.25, ""timeout_min"": 30}"
BOND_FAST,liq<$10K tp30 sl25 trail20@15 t15m,-41.86,-161.21,-167.42,94,0.5,"[45.51, -161.21, 13.08, -64.8]","[0.594, 0.0, 0.636, 0.214]","{""max_liq"": 10000, ""tp_mult"": 1.3, ""sl_mult"": 0.75, ""trail_pct"": 0.2, ""trail_act"": 0.15, ""timeout_min"": 15}"
BOND_FAST,liq<$10K tp30 sl25 trail20@15 t20m,-42.56,-161.21,-170.23,94,0.25,"[89.73, -161.21, -41.11, -57.65]","[0.594, 0.0, 0.136, 0.214]","{""max_liq"": 10000, ""tp_mult"": 1.3, ""sl_mult"": 0.75, ""trail_pct"": 0.2, ""trail_act"": 0.15, ""timeout_min"": 20}"
BOND_FAST,liq<$10K tp30 sl25 trail20@15 t30m,-94.11,-255.14,-376.42,94,0.25,"[62.43, -255.14, -32.84, -150.87]","[0.688, 0.0, 0.136, 0.0]","{""max_liq"": 10000, ""tp_mult"": 1.3, ""sl_mult"": 0.75, ""trail_pct"": 0.2, ""trail_act"": 0.15, ""timeout_min"": 30}"
BOND_FAST,liq<$10K tp30 sl25 trail20@25 t15m,-41.86,-161.21,-167.42,94,0.5,"[45.51, -161.21, 13.08, -64.8]","[0.594, 0.0, 0.636, 0.214]","{""max_liq"": 10000, ""tp_mult"": 1.3, ""sl_mult"": 0.75, ""trail_pct"": 0.2, ""trail_act"": 0.25, ""timeout_min"": 15}"
BOND_FAST,liq<$10K tp30 sl25 trail20@25 t20m,-42.56,-161.21,-170.23,94,0.25,"[89.73, -161.21, -41.11, -57.65]","[0.594, 0.0, 0.136, 0.214]","{""max_liq"": 10000, ""tp_mult"": 1.3, ""sl_mult"": 0.75, ""trail_pct"": 0.2, ""trail_act"": 0.25, ""timeout_min"": 20}"
BOND_FAST,liq<$10K tp30 sl25 trail20@25 t30m,-94.11,-255.14,-376.42,94,0.25,"[62.43, -255.14, -32.84, -150.87]","[0.688, 0.0, 0.136, 0.0]","{""max_liq"": 10000, ""tp_mult"": 1.3, ""sl_mult"": 0.75, ""trail_pct"": 0.2, ""trail_act"": 0.25, ""timeout_min"": 30}"
BOND_FAST,liq<$10K tp30 sl19 notrail t15m,-28.9,-146.12,-115.6,94,0.5,"[82.24, -146.12, 13.08, -64.8]","[0.594, 0.0, 0.636, 0.214]","{""max_liq"": 10000, ""tp_mult"": 1.3, ""sl_mult"": 0.8, ""trail_pct"": 0.0, ""trail_act"": 0.15, ""timeout_min"": 15}"
BOND_FAST,liq<$10K tp30 sl19 notrail t20m,-42.84,-146.12,-171.34,94,0.25,"[102.97, -146.12, -70.54, -57.65]","[0.594, 0.0, 0.091, 0.214]","{""max_liq"": 10000, ""tp_mult"": 1.3, ""sl_mult"": 0.8, ""trail_pct"": 0.0, ""trail_act"": 0.15, ""timeout_min"": 20}"
BOND_FAST,liq<$10K tp30 sl19 notrail t30m,-169.51,-240.05,-678.06,94,0.0,"[-143.48, -240.05, -166.14, -128.39]","[0.469, 0.0, 0.091, 0.0]","{""max_liq"": 10000, ""tp_mult"": 1.3, ""sl_mult"": 0.8, ""trail_pct"": 0.0, ""trail_act"": 0.15, ""timeout_min"": 30}"
BOND_FAST,liq<$10K tp30 sl19 notrail t15m,-28.9,-146.12,-115.6,94,0.5,"[82.24, -146.12, 13.08, -64.8]","[0.594, 0.0, 0.636, 0.214]","{""max_liq"": 10000, ""tp_mult"": 1.3, ""sl_mult"": 0.8, ""trail_pct"": 0.0, ""trail_act"": 0.25, ""timeout_min"": 15}"
BOND_FAST,liq<$10K tp30 sl19 notrail t20m,-42.84,-146.12,-171.34,94,0.25,"[102.97, -146.12, -70.54, -57.65]","[0.594, 0.0, 0.091, 0.214]","{""max_liq"": 10000, ""tp_mult"": 1.3, ""sl_mult"": 0.8, ""trail_pct"": 0.0, ""trail_act"": 0.25, ""timeout_min"": 20}"
BOND_FAST,liq<$10K tp30 sl19 notrail t30m,-169.51,-240.05,-678.06,94,0.0,"[-143.48, -240.05, -166.14, -128.39]","[0.469, 0.0, 0.091, 0.0]","{""max_liq"": 10000, ""tp_mult"": 1.3, ""sl_mult"": 0.8, ""trail_pct"": 0.0, ""trail_act"": 0.25, ""timeout_min"": 30}"
BOND_FAST,liq<$10K tp30 sl19 trail10@15 t15m,-13.94,-146.12,-55.75,94,0.5,"[90.68, -146.12, 64.49, -64.8]","[0.594, 0.0, 0.864, 0.214]","{""max_liq"": 10000, ""tp_mult"": 1.3, ""sl_mult"": 0.8, ""trail_pct"": 0.1, ""trail_act"": 0.15, ""timeout_min"": 15}"
BOND_FAST,liq<$10K tp30 sl19 trail10@15 t20m,10.8,-146.12,43.2,94,0.5,"[178.4, -146.12, 68.57, -57.65]","[0.594, 0.0, 0.864, 0.214]","{""max_liq"": 10000, ""tp_mult"": 1.3, ""sl_mult"": 0.8, ""trail_pct"": 0.1, ""trail_act"": 0.15, ""timeout_min"": 20}"
BOND_FAST,liq<$10K tp30 sl19 trail10@15 t30m,-16.6,-188.49,-66.39,94,0.5,"[193.94, -188.49, 56.55, -128.39]","[0.719, 0.231, 0.864, 0.0]","{""max_liq"": 10000, ""tp_mult"": 1.3, ""sl_mult"": 0.8, ""trail_pct"": 0.1, ""trail_act"": 0.15, ""timeout_min"": 30}"
BOND_FAST,liq<$10K tp30 sl19 trail10@25 t15m,-16.35,-146.12,-65.39,94,0.5,"[90.68, -146.12, 54.84, -64.8]","[0.594, 0.0, 0.727, 0.214]","{""max_liq"": 10000, ""tp_mult"": 1.3, ""sl_mult"": 0.8, ""trail_pct"": 0.1, ""trail_act"": 0.25, ""timeout_min"": 15}"
BOND_FAST,liq<$10K tp30 sl19 trail10@25 t20m,4.26,-146.12,17.02,94,0.5,"[178.4, -146.12, 42.4, -57.65]","[0.594, 0.0, 0.682, 0.214]","{""max_liq"": 10000, ""tp_mult"": 1.3, ""sl_mult"": 0.8, ""trail_pct"": 0.1, ""trail_act"": 0.25, ""timeout_min"": 20}"
BOND_FAST,liq<$10K tp30 sl19 trail10@25 t30m,-34.14,-240.05,-136.56,94,0.5,"[193.94, -240.05, 37.94, -128.39]","[0.719, 0.0, 0.682, 0.0]","{""max_liq"": 10000, ""tp_mult"": 1.3, ""sl_mult"": 0.8, ""trail_pct"": 0.1, ""trail_act"": 0.25, ""timeout_min"": 30}"
BOND_FAST,liq<$10K tp30 sl19 trail15@15 t15m,-28.22,-146.12,-112.87,94,0.5,"[79.95, -146.12, 18.1, -64.8]","[0.594, 0.0, 0.727, 0.214]","{""max_liq"": 10000, ""tp_mult"": 1.3, ""sl_mult"": 0.8, ""trail_pct"": 0.15, ""trail_act"": 0.15, ""timeout_min"": 15}"
BOND_FAST,liq<$10K tp30 sl19 trail15@15 t20m,-11.51,-146.12,-46.05,94,0.5,"[143.0, -146.12, 14.72, -57.65]","[0.594, 0.0, 0.773, 0.214]","{""max_liq"": 10000, ""tp_mult"": 1.3, ""sl_mult"": 0.8, ""trail_pct"": 0.15, ""trail_act"": 0.15, ""timeout_min"": 20}"
BOND_FAST,liq<$10K tp30 sl19 trail15@15 t30m,-45.3,-217.39,-181.19,94,0.5,"[158.54, -217.39, 6.05, -128.39]","[0.719, 0.0, 0.773, 0.0]","{""max_liq"": 10000, ""tp_mult"": 1.3, ""sl_mult"": 0.8, ""trail_pct"": 0.15, ""trail_act"": 0.15, ""timeout_min"": 30}"
BOND_FAST,liq<$10K tp30 sl19 trail15@25 t15m,-29.01,-146.12,-116.02,94,0.5,"[79.95, -146.12, 14.94, -64.8]","[0.594, 0.0, 0.636, 0.214]","{""max_liq"": 10000, ""tp_mult"": 1.3, ""sl_mult"": 0.8, ""trail_pct"": 0.15, ""trail_act"": 0.25, ""timeout_min"": 15}"
BOND_FAST,liq<$10K tp30 sl19 trail15@25 t20m,-14.12,-146.12,-56.48,94,0.5,"[143.0, -146.12, 4.29, -57.65]","[0.594, 0.0, 0.682, 0.214]","{""max_liq"": 10000, ""tp_mult"": 1.3, ""sl_mult"": 0.8, ""trail_pct"": 0.15, ""trail_act"": 0.25, ""timeout_min"": 20}"
BOND_FAST,liq<$10K tp30 sl19 trail15@25 t30m,-52.52,-240.05,-210.06,94,0.25,"[158.54, -240.05, -0.16, -128.39]","[0.719, 0.0, 0.682, 0.0]","{""max_liq"": 10000, ""tp_mult"": 1.3, ""sl_mult"": 0.8, ""trail_pct"": 0.15, ""trail_act"": 0.25, ""timeout_min"": 30}"
BOND_FAST,liq<$10K tp30 sl19 trail20@15 t15m,-34.33,-146.12,-137.33,94,0.5,"[60.51, -146.12, 13.08, -64.8]","[0.594, 0.0, 0.636, 0.214]","{""max_liq"": 10000, ""tp_mult"": 1.3, ""sl_mult"": 0.8, ""trail_pct"": 0.2, ""trail_act"": 0.15, ""timeout_min"": 15}"
BOND_FAST,liq<$10K tp30 sl19 trail20@15 t20m,-35.04,-146.12,-140.14,94,0.25,"[104.73, -146.12, -41.11, -57.65]","[0.594, 0.0, 0.136, 0.214]","{""max_liq"": 10000, ""tp_mult"": 1.3, ""sl_mult"": 0.8, ""trail_pct"": 0.2, ""trail_act"": 0.15, ""timeout_min"": 20}"
BOND_FAST,liq<$10K tp30 sl19 trail20@15 t30m,-82.32,-240.05,-329.29,94,0.25,"[77.43, -240.05, -38.27, -128.39]","[0.688, 0.0, 0.136, 0.0]","{""max_liq"": 10000, ""tp_mult"": 1.3, ""sl_mult"": 0.8, ""trail_pct"": 0.2, ""trail_act"": 0.15, ""timeout_min"": 30}"
BOND_FAST,liq<$10K tp30 sl19 trail20@25 t15m,-34.33,-146.12,-137.33,94,0.5,"[60.51, -146.12, 13.08, -64.8]","[0.594, 0.0, 0.636, 0.214]","{""max_liq"": 10000, ""tp_mult"": 1.3, ""sl_mult"": 0.8, ""trail_pct"": 0.2, ""trail_act"": 0.25, ""timeout_min"": 15}"
BOND_FAST,liq<$10K tp30 sl19 trail20@25 t20m,-35.04,-146.12,-140.14,94,0.25,"[104.73, -146.12, -41.11, -57.65]","[0.594, 0.0, 0.136, 0.214]","{""max_liq"": 10000, ""tp_mult"": 1.3, ""sl_mult"": 0.8, ""trail_pct"": 0.2, ""trail_act"": 0.25, ""timeout_min"": 20}"
BOND_FAST,liq<$10K tp30 sl19 trail20@25 t30m,-82.32,-240.05,-329.29,94,0.25,"[77.43, -240.05, -38.27, -128.39]","[0.688, 0.0, 0.136, 0.0]","{""max_liq"": 10000, ""tp_mult"": 1.3, ""sl_mult"": 0.8, ""trail_pct"": 0.2, ""trail_act"": 0.25, ""timeout_min"": 30}"
BOND_FAST,liq<$10K tp39 sl30 notrail t15m,-32.65,-176.3,-130.6,94,0.5,"[97.42, -176.3, 13.08, -64.8]","[0.594, 0.0, 0.636, 0.214]","{""max_liq"": 10000, ""tp_mult"": 1.4, ""sl_mult"": 0.7, ""trail_pct"": 0.0, ""trail_act"": 0.15, ""timeout_min"": 15}"
BOND_FAST,liq<$10K tp39 sl30 notrail t20m,-46.59,-176.3,-186.34,94,0.25,"[118.15, -176.3, -70.54, -57.65]","[0.594, 0.0, 0.091, 0.214]","{""max_liq"": 10000, ""tp_mult"": 1.4, ""sl_mult"": 0.7, ""trail_pct"": 0.0, ""trail_act"": 0.15, ""timeout_min"": 20}"
BOND_FAST,liq<$10K tp39 sl30 notrail t30m,-145.22,-270.23,-580.88,94,0.0,"[-128.3, -270.23, -42.27, -140.08]","[0.469, 0.0, 0.091, 0.0]","{""max_liq"": 10000, ""tp_mult"": 1.4, ""sl_mult"": 0.7, ""trail_pct"": 0.0, ""trail_act"": 0.15, ""timeout_min"": 30}"
BOND_FAST,liq<$10K tp39 sl30 notrail t15m,-32.65,-176.3,-130.6,94,0.5,"[97.42, -176.3, 13.08, -64.8]","[0.594, 0.0, 0.636, 0.214]","{""max_liq"": 10000, ""tp_mult"": 1.4, ""sl_mult"": 0.7, ""trail_pct"": 0.0, ""trail_act"": 0.25, ""timeout_min"": 15}"
BOND_FAST,liq<$10K tp39 sl30 notrail t20m,-46.59,-176.3,-186.34,94,0.25,"[118.15, -176.3, -70.54, -57.65]","[0.594, 0.0, 0.091, 0.214]","{""max_liq"": 10000, ""tp_mult"": 1.4, ""sl_mult"": 0.7, ""trail_pct"": 0.0, ""trail_act"": 0.25, ""timeout_min"": 20}"
BOND_FAST,liq<$10K tp39 sl30 notrail t30m,-145.22,-270.23,-580.88,94,0.0,"[-128.3, -270.23, -42.27, -140.08]","[0.469, 0.0, 0.091, 0.0]","{""max_liq"": 10000, ""tp_mult"": 1.4, ""sl_mult"": 0.7, ""trail_pct"": 0.0, ""trail_act"": 0.25, ""timeout_min"": 30}"
BOND_FAST,liq<$10K tp39 sl30 trail10@15 t15m,-28.36,-176.3,-113.42,94,0.5,"[63.19, -176.3, 64.49, -64.8]","[0.594, 0.0, 0.864, 0.214]","{""max_liq"": 10000, ""tp_mult"": 1.4, ""sl_mult"": 0.7, ""trail_pct"": 0.1, ""trail_act"": 0.15, ""timeout_min"": 15}"
BOND_FAST,liq<$10K tp39 sl30 trail10@15 t20m,-3.62,-176.3,-14.47,94,0.5,"[150.91, -176.3, 68.57, -57.65]","[0.594, 0.0, 0.864, 0.214]","{""max_liq"": 10000, ""tp_mult"": 1.4, ""sl_mult"": 0.7, ""trail_pct"": 0.1, ""trail_act"": 0.15, ""timeout_min"": 20}"
BOND_FAST,liq<$10K tp39 sl30 trail10@15 t30m,-34.59,-218.67,-138.35,94,0.5,"[166.45, -218.67, 53.95, -140.08]","[0.719, 0.231, 0.864, 0.0]","{""max_liq"": 10000, ""tp_mult"": 1.4, ""sl_mult"": 0.7, ""trail_pct"": 0.1, ""trail_act"": 0.15, ""timeout_min"": 30}"
BOND_FAST,liq<$10K tp39 sl30 trail10@25 t15m,-30.77,-176.3,-123.06,94,0.5,"[63.19, -176.3, 54.84, -64.8]","[0.594, 0.0, 0.727, 0.214]","{""max_liq"": 10000, ""tp_mult"": 1.4, ""sl_mult"": 0.7, ""trail_pct"": 0.1, ""trail_act"": 0.25, ""timeout_min"": 15}"
BOND_FAST,liq<$10K tp39 sl30 trail10@25 t20m,-10.16,-176.3,-40.65,94,0.5,"[150.91, -176.3, 42.4, -57.65]","[0.594, 0.0, 0.682, 0.214]","{""max_liq"": 10000, ""tp_mult"": 1.4, ""sl_mult"": 0.7, ""trail_pct"": 0.1, ""trail_act"": 0.25, ""timeout_min"": 20}"
BOND_FAST,liq<$10K tp39 sl30 trail10@25 t30m,-49.82,-270.23,-199.29,94,0.5,"[166.45, -270.23, 44.57, -140.08]","[0.719, 0.0, 0.682, 0.0]","{""max_liq"": 10000, ""tp_mult"": 1.4, ""sl_mult"": 0.7, ""trail_pct"": 0.1, ""trail_act"": 0.25, ""timeout_min"": 30}"
BOND_FAST,liq<$10K tp39 sl30 trail15@15 t15m,-38.26,-176.3,-153.05,94,0.5,"[69.95, -176.3, 18.1, -64.8]","[0.594, 0.0, 0.727, 0.214]","{""max_liq"": 10000, ""tp_mult"": 1.4, ""sl_mult"": 0.7, ""trail_pct"": 0.15, ""trail_act"": 0.15, ""timeout_min"": 15}"
BOND_FAST,liq<$10K tp39 sl30 trail15@15 t20m,-21.56,-176.3,-86.23,94,0.5,"[133.0, -176.3, 14.72, -57.65]","[0.594, 0.0, 0.773, 0.214]","{""max_liq"": 10000, ""tp_mult"": 1.4, ""sl_mult"": 0.7, ""trail_pct"": 0.15, ""trail_act"": 0.15, ""timeout_min"": 20}"
BOND_FAST,liq<$10K tp39 sl30 trail15@15 t30m,-58.92,-247.57,-235.66,94,0.5,"[148.54, -247.57, 3.45, -140.08]","[0.719, 0.0, 0.773, 0.0]","{""max_liq"": 10000, ""tp_mult"": 1.4, ""sl_mult"": 0.7, ""trail_pct"": 0.15, ""trail_act"": 0.15, ""timeout_min"": 30}"
BOND_FAST,liq<$10K tp39 sl30 trail15@25 t15m,-39.05,-176.3,-156.2,94,0.5,"[69.95, -176.3, 14.94, -64.8]","[0.594, 0.0, 0.636, 0.214]","{""max_liq"": 10000, ""tp_mult"": 1.4, ""sl_mult"": 0.7, ""trail_pct"": 0.15, ""trail_act"": 0.25, ""timeout_min"": 15}"
BOND_FAST,liq<$10K tp39 sl30 trail15@25 t20m,-24.17,-176.3,-96.66,94,0.5,"[133.0, -176.3, 4.29, -57.65]","[0.594, 0.0, 0.682, 0.214]","{""max_liq"": 10000, ""tp_mult"": 1.4, ""sl_mult"": 0.7, ""trail_pct"": 0.15, ""trail_act"": 0.25, ""timeout_min"": 20}"
BOND_FAST,liq<$10K tp39 sl30 trail15@25 t30m,-63.83,-270.23,-255.3,94,0.5,"[148.54, -270.23, 6.47, -140.08]","[0.719, 0.0, 0.682, 0.0]","{""max_liq"": 10000, ""tp_mult"": 1.4, ""sl_mult"": 0.7, ""trail_pct"": 0.15, ""trail_act"": 0.25, ""timeout_min"": 30}"
BOND_FAST,liq<$10K tp39 sl30 trail20@15 t15m,-44.38,-176.3,-177.51,94,0.5,"[50.51, -176.3, 13.08, -64.8]","[0.594, 0.0, 0.636, 0.214]","{""max_liq"": 10000, ""tp_mult"": 1.4, ""sl_mult"": 0.7, ""trail_pct"": 0.2, ""trail_act"": 0.15, ""timeout_min"": 15}"
BOND_FAST,liq<$10K tp39 sl30 trail20@15 t20m,-45.08,-176.3,-180.32,94,0.25,"[94.73, -176.3, -41.11, -57.65]","[0.594, 0.0, 0.136, 0.214]","{""max_liq"": 10000, ""tp_mult"": 1.4, ""sl_mult"": 0.7, ""trail_pct"": 0.2, ""trail_act"": 0.15, ""timeout_min"": 20}"
BOND_FAST,liq<$10K tp39 sl30 trail20@15 t30m,-93.63,-270.23,-374.53,94,0.25,"[67.43, -270.23, -31.64, -140.08]","[0.688, 0.0, 0.136, 0.0]","{""max_liq"": 10000, ""tp_mult"": 1.4, ""sl_mult"": 0.7, ""trail_pct"": 0.2, ""trail_act"": 0.15, ""timeout_min"": 30}"
BOND_FAST,liq<$10K tp39 sl30 trail20@25 t15m,-44.38,-176.3,-177.51,94,0.5,"[50.51, -176.3, 13.08, -64.8]","[0.594, 0.0, 0.636, 0.214]","{""max_liq"": 10000, ""tp_mult"": 1.4, ""sl_mult"": 0.7, ""trail_pct"": 0.2, ""trail_act"": 0.25, ""timeout_min"": 15}"
BOND_FAST,liq<$10K tp39 sl30 trail20@25 t20m,-45.08,-176.3,-180.32,94,0.25,"[94.73, -176.3, -41.11, -57.65]","[0.594, 0.0, 0.136, 0.214]","{""max_liq"": 10000, ""tp_mult"": 1.4, ""sl_mult"": 0.7, ""trail_pct"": 0.2, ""trail_act"": 0.25, ""timeout_min"": 20}"
BOND_FAST,liq<$10K tp39 sl30 trail20@25 t30m,-93.63,-270.23,-374.53,94,0.25,"[67.43, -270.23, -31.64, -140.08]","[0.688, 0.0, 0.136, 0.0]","{""max_liq"": 10000, ""tp_mult"": 1.4, ""sl_mult"": 0.7, ""trail_pct"": 0.2, ""trail_act"": 0.25, ""timeout_min"": 30}"
BOND_FAST,liq<$10K tp39 sl25 notrail t15m,-25.13,-161.21,-100.51,94,0.5,"[112.42, -161.21, 13.08, -64.8]","[0.594, 0.0, 0.636, 0.214]","{""max_liq"": 10000, ""tp_mult"": 1.4, ""sl_mult"": 0.75, ""trail_pct"": 0.0, ""trail_act"": 0.15, ""timeout_min"": 15}"
BOND_FAST,liq<$10K tp39 sl25 notrail t20m,-39.06,-161.21,-156.25,94,0.25,"[133.15, -161.21, -70.54, -57.65]","[0.594, 0.0, 0.091, 0.214]","{""max_liq"": 10000, ""tp_mult"": 1.4, ""sl_mult"": 0.75, ""trail_pct"": 0.0, ""trail_act"": 0.15, ""timeout_min"": 20}"
BOND_FAST,liq<$10K tp39 sl25 notrail t30m,-168.25,-255.14,-673.02,94,0.0,"[-113.3, -255.14, -153.71, -150.87]","[0.469, 0.0, 0.091, 0.0]","{""max_liq"": 10000, ""tp_mult"": 1.4, ""sl_mult"": 0.75, ""trail_pct"": 0.0, ""trail_act"": 0.15, ""timeout_min"": 30}"
BOND_FAST,liq<$10K tp39 sl25 notrail t15m,-25.13,-161.21,-100.51,94,0.5,"[112.42, -161.21, 13.08, -64.8]","[0.594, 0.0, 0.636, 0.214]","{""max_liq"": 10000, ""tp_mult"": 1.4, ""sl_mult"": 0.75, ""trail_pct"": 0.0, ""trail_act"": 0.25, ""timeout_min"": 15}"
BOND_FAST,liq<$10K tp39 sl25 notrail t20m,-39.06,-161.21,-156.25,94,0.25,"[133.15, -161.21, -70.54, -57.65]","[0.594, 0.0, 0.091, 0.214]","{""max_liq"": 10000, ""tp_mult"": 1.4, ""sl_mult"": 0.75, ""trail_pct"": 0.0, ""trail_act"": 0.25, ""timeout_min"": 20}"
BOND_FAST,liq<$10K tp39 sl25 notrail t30m,-168.25,-255.14,-673.02,94,0.0,"[-113.3, -255.14, -153.71, -150.87]","[0.469, 0.0, 0.091, 0.0]","{""max_liq"": 10000, ""tp_mult"": 1.4, ""sl_mult"": 0.75, ""trail_pct"": 0.0, ""trail_act"": 0.25, ""timeout_min"": 30}"
BOND_FAST,liq<$10K tp39 sl25 trail10@15 t15m,-20.83,-161.21,-83.33,94,0.5,"[78.19, -161.21, 64.49, -64.8]","[0.594, 0.0, 0.864, 0.214]","{""max_liq"": 10000, ""tp_mult"": 1.4, ""sl_mult"": 0.75, ""trail_pct"": 0.1, ""trail_act"": 0.15, ""timeout_min"": 15}"
BOND_FAST,liq<$10K tp39 sl25 trail10@15 t20m,3.9,-161.21,15.62,94,0.5,"[165.91, -161.21, 68.57, -57.65]","[0.594, 0.0, 0.864, 0.214]","{""max_liq"": 10000, ""tp_mult"": 1.4, ""sl_mult"": 0.75, ""trail_pct"": 0.1, ""trail_act"": 0.15, ""timeout_min"": 20}"
BOND_FAST,liq<$10K tp39 sl25 trail10@15 t30m,-30.06,-203.58,-120.25,94,0.5,"[181.45, -203.58, 52.75, -150.87]","[0.719, 0.231, 0.864, 0.0]","{""max_liq"": 10000, ""tp_mult"": 1.4, ""sl_mult"": 0.75, ""trail_pct"": 0.1, ""trail_act"": 0.15, ""timeout_min"": 30}"
BOND_FAST,liq<$10K tp39 sl25 trail10@25 t15m,-23.25,-161.21,-92.97,94,0.5,"[78.19, -161.21, 54.84, -64.8]","[0.594, 0.0, 0.727, 0.214]","{""max_liq"": 10000, ""tp_mult"": 1.4, ""sl_mult"": 0.75, ""trail_pct"": 0.1, ""trail_act"": 0.25, ""timeout_min"": 15}"
BOND_FAST,liq<$10K tp39 sl25 trail10@25 t20m,-2.64,-161.21,-10.56,94,0.5,"[165.91, -161.21, 42.4, -57.65]","[0.594, 0.0, 0.682, 0.214]","{""max_liq"": 10000, ""tp_mult"": 1.4, ""sl_mult"": 0.75, ""trail_pct"": 0.1, ""trail_act"": 0.25, ""timeout_min"": 20}"
BOND_FAST,liq<$10K tp39 sl25 trail10@25 t30m,-45.3,-255.14,-181.19,94,0.5,"[181.45, -255.14, 43.37, -150.87]","[0.719, 0.0, 0.682, 0.0]","{""max_liq"": 10000, ""tp_mult"": 1.4, ""sl_mult"": 0.75, ""trail_pct"": 0.1, ""trail_act"": 0.25, ""timeout_min"": 30}"
BOND_FAST,liq<$10K tp39 sl25 trail15@15 t15m,-30.74,-161.21,-122.96,94,0.5,"[84.95, -161.21, 18.1, -64.8]","[0.594, 0.0, 0.727, 0.214]","{""max_liq"": 10000, ""tp_mult"": 1.4, ""sl_mult"": 0.75, ""trail_pct"": 0.15, ""trail_act"": 0.15, ""timeout_min"": 15}"
BOND_FAST,liq<$10K tp39 sl25 trail15@15 t20m,-14.04,-161.21,-56.14,94,0.5,"[148.0, -161.21, 14.72, -57.65]","[0.594, 0.0, 0.773, 0.214]","{""max_liq"": 10000, ""tp_mult"": 1.4, ""sl_mult"": 0.75, ""trail_pct"": 0.15, ""trail_act"": 0.15, ""timeout_min"": 20}"
BOND_FAST,liq<$10K tp39 sl25 trail15@15 t30m,-54.39,-232.48,-217.55,94,0.5,"[163.54, -232.48, 2.25, -150.87]","[0.719, 0.0, 0.773, 0.0]","{""max_liq"": 10000, ""tp_mult"": 1.4, ""sl_mult"": 0.75, ""trail_pct"": 0.15, ""trail_act"": 0.15, ""timeout_min"": 30}"
BOND_FAST,liq<$10K tp39 sl25 trail15@25 t15m,-31.53,-161.21,-126.11,94,0.5,"[84.95, -161.21, 14.94, -64.8]","[0.594, 0.0, 0.636, 0.214]","{""max_liq"": 10000, ""tp_mult"": 1.4, ""sl_mult"": 0.75, ""trail_pct"": 0.15, ""trail_act"": 0.25, ""timeout_min"": 15}"
BOND_FAST,liq<$10K tp39 sl25 trail15@25 t20m,-16.64,-161.21,-66.57,94,0.5,"[148.0, -161.21, 4.29, -57.65]","[0.594, 0.0, 0.682, 0.214]","{""max_liq"": 10000, ""tp_mult"": 1.4, ""sl_mult"": 0.75, ""trail_pct"": 0.15, ""trail_act"": 0.25, ""timeout_min"": 20}"
BOND_FAST,liq<$10K tp39 sl25 trail15@25 t30m,-59.3,-255.14,-237.2,94,0.5,"[163.54, -255.14, 5.27, -150.87]","[0.719, 0.0, 0.682, 0.0]","{""max_liq"": 10000, ""tp_mult"": 1.4, ""sl_mult"": 0.75, ""trail_pct"": 0.15, ""trail_act"": 0.25, ""timeout_min"": 30}"
BOND_FAST,liq<$10K tp39 sl25 trail20@15 t15m,-36.85,-161.21,-147.42,94,0.5,"[65.51, -161.21, 13.08, -64.8]","[0.594, 0.0, 0.636, 0.214]","{""max_liq"": 10000, ""tp_mult"": 1.4, ""sl_mult"": 0.75, ""trail_pct"": 0.2, ""trail_act"": 0.15, ""timeout_min"": 15}"
BOND_FAST,liq<$10K tp39 sl25 trail20@15 t20m,-37.56,-161.21,-150.23,94,0.25,"[109.73, -161.21, -41.11, -57.65]","[0.594, 0.0, 0.136, 0.214]","{""max_liq"": 10000, ""tp_mult"": 1.4, ""sl_mult"": 0.75, ""trail_pct"": 0.2, ""trail_act"": 0.15, ""timeout_min"": 20}"
BOND_FAST,liq<$10K tp39 sl25 trail20@15 t30m,-89.1,-255.14,-356.42,94,0.25,"[82.43, -255.14, -32.84, -150.87]","[0.688, 0.0, 0.136, 0.0]","{""max_liq"": 10000, ""tp_mult"": 1.4, ""sl_mult"": 0.75, ""trail_pct"": 0.2, ""trail_act"": 0.15, ""timeout_min"": 30}"
BOND_FAST,liq<$10K tp39 sl25 trail20@25 t15m,-36.85,-161.21,-147.42,94,0.5,"[65.51, -161.21, 13.08, -64.8]","[0.594, 0.0, 0.636, 0.214]","{""max_liq"": 10000, ""tp_mult"": 1.4, ""sl_mult"": 0.75, ""trail_pct"": 0.2, ""trail_act"": 0.25, ""timeout_min"": 15}"
BOND_FAST,liq<$10K tp39 sl25 trail20@25 t20m,-37.56,-161.21,-150.23,94,0.25,"[109.73, -161.21, -41.11, -57.65]","[0.594, 0.0, 0.136, 0.214]","{""max_liq"": 10000, ""tp_mult"": 1.4, ""sl_mult"": 0.75, ""trail_pct"": 0.2, ""trail_act"": 0.25, ""timeout_min"": 20}"
BOND_FAST,liq<$10K tp39 sl25 trail20@25 t30m,-89.1,-255.14,-356.42,94,0.25,"[82.43, -255.14, -32.84, -150.87]","[0.688, 0.0, 0.136, 0.0]","{""max_liq"": 10000, ""tp_mult"": 1.4, ""sl_mult"": 0.75, ""trail_pct"": 0.2, ""trail_act"": 0.25, ""timeout_min"": 30}"
BOND_FAST,liq<$10K tp39 sl19 notrail t15m,-17.61,-146.12,-70.42,94,0.5,"[127.42, -146.12, 13.08, -64.8]","[0.594, 0.0, 0.636, 0.214]","{""max_liq"": 10000, ""tp_mult"": 1.4, ""sl_mult"": 0.8, ""trail_pct"": 0.0, ""trail_act"": 0.15, ""timeout_min"": 15}"
BOND_FAST,liq<$10K tp39 sl19 notrail t20m,-31.54,-146.12,-126.16,94,0.25,"[148.15, -146.12, -70.54, -57.65]","[0.594, 0.0, 0.091, 0.214]","{""max_liq"": 10000, ""tp_mult"": 1.4, ""sl_mult"": 0.8, ""trail_pct"": 0.0, ""trail_act"": 0.15, ""timeout_min"": 20}"
BOND_FAST,liq<$10K tp39 sl19 notrail t30m,-158.22,-240.05,-632.88,94,0.0,"[-98.3, -240.05, -166.14, -128.39]","[0.469, 0.0, 0.091, 0.0]","{""max_liq"": 10000, ""tp_mult"": 1.4, ""sl_mult"": 0.8, ""trail_pct"": 0.0, ""trail_act"": 0.15, ""timeout_min"": 30}"
BOND_FAST,liq<$10K tp39 sl19 notrail t15m,-17.61,-146.12,-70.42,94,0.5,"[127.42, -146.12, 13.08, -64.8]","[0.594, 0.0, 0.636, 0.214]","{""max_liq"": 10000, ""tp_mult"": 1.4, ""sl_mult"": 0.8, ""trail_pct"": 0.0, ""trail_act"": 0.25, ""timeout_min"": 15}"
BOND_FAST,liq<$10K tp39 sl19 notrail t20m,-31.54,-146.12,-126.16,94,0.25,"[148.15, -146.12, -70.54, -57.65]","[0.594, 0.0, 0.091, 0.214]","{""max_liq"": 10000, ""tp_mult"": 1.4, ""sl_mult"": 0.8, ""trail_pct"": 0.0, ""trail_act"": 0.25, ""timeout_min"": 20}"
BOND_FAST,liq<$10K tp39 sl19 notrail t30m,-158.22,-240.05,-632.88,94,0.0,"[-98.3, -240.05, -166.14, -128.39]","[0.469, 0.0, 0.091, 0.0]","{""max_liq"": 10000, ""tp_mult"": 1.4, ""sl_mult"": 0.8, ""trail_pct"": 0.0, ""trail_act"": 0.25, ""timeout_min"": 30}"
BOND_FAST,liq<$10K tp39 sl19 trail10@15 t15m,-13.31,-146.12,-53.24,94,0.5,"[93.19, -146.12, 64.49, -64.8]","[0.594, 0.0, 0.864, 0.214]","{""max_liq"": 10000, ""tp_mult"": 1.4, ""sl_mult"": 0.8, ""trail_pct"": 0.1, ""trail_act"": 0.15, ""timeout_min"": 15}"
BOND_FAST,liq<$10K tp39 sl19 trail10@15 t20m,11.43,-146.12,45.71,94,0.5,"[180.91, -146.12, 68.57, -57.65]","[0.594, 0.0, 0.864, 0.214]","{""max_liq"": 10000, ""tp_mult"": 1.4, ""sl_mult"": 0.8, ""trail_pct"": 0.1, ""trail_act"": 0.15, ""timeout_min"": 20}"
BOND_FAST,liq<$10K tp39 sl19 trail10@15 t30m,-15.97,-188.49,-63.88,94,0.5,"[196.45, -188.49, 56.55, -128.39]","[0.719, 0.231, 0.864, 0.0]","{""max_liq"": 10000, ""tp_mult"": 1.4, ""sl_mult"": 0.8, ""trail_pct"": 0.1, ""trail_act"": 0.15, ""timeout_min"": 30}"
BOND_FAST,liq<$10K tp39 sl19 trail10@25 t15m,-15.72,-146.12,-62.88,94,0.5,"[93.19, -146.12, 54.84, -64.8]","[0.594, 0.0, 0.727, 0.214]","{""max_liq"": 10000, ""tp_mult"": 1.4, ""sl_mult"": 0.8, ""trail_pct"": 0.1, ""trail_act"": 0.25, ""timeout_min"": 15}"
BOND_FAST,liq<$10K tp39 sl19 trail10@25 t20m,4.88,-146.12,19.53,94,0.5,"[180.91, -146.12, 42.4, -57.65]","[0.594, 0.0, 0.682, 0.214]","{""max_liq"": 10000, ""tp_mult"": 1.4, ""sl_mult"": 0.8, ""trail_pct"": 0.1, ""trail_act"": 0.25, ""timeout_min"": 20}"
BOND_FAST,liq<$10K tp39 sl19 trail10@25 t30m,-33.51,-240.05,-134.05,94,0.5,"[196.45, -240.05, 37.94, -128.39]","[0.719, 0.0, 0.682, 0.0]","{""max_liq"": 10000, ""tp_mult"": 1.4, ""sl_mult"": 0.8, ""trail_pct"": 0.1, ""trail_act"": 0.25, ""timeout_min"": 30}"
BOND_FAST,liq<$10K tp39 sl19 trail15@15 t15m,-23.22,-146.12,-92.87,94,0.5,"[99.95, -146.12, 18.1, -64.8]","[0.594, 0.0, 0.727, 0.214]","{""max_liq"": 10000, ""tp_mult"": 1.4, ""sl_mult"": 0.8, ""trail_pct"": 0.15, ""trail_act"": 0.15, ""timeout_min"": 15}"
BOND_FAST,liq<$10K tp39 sl19 trail15@15 t20m,-6.51,-146.12,-26.05,94,0.5,"[163.0, -146.12, 14.72, -57.65]","[0.594, 0.0, 0.773, 0.214]","{""max_liq"": 10000, ""tp_mult"": 1.4, ""sl_mult"": 0.8, ""trail_pct"": 0.15, ""trail_act"": 0.15, ""timeout_min"": 20}"
BOND_FAST,liq<$10K tp39 sl19 trail15@15 t30m,-40.3,-217.39,-161.19,94,0.5,"[178.54, -217.39, 6.05, -128.39]","[0.719, 0.0, 0.773, 0.0]","{""max_liq"": 10000, ""tp_mult"": 1.4, ""sl_mult"": 0.8, ""trail_pct"": 0.15, ""trail_act"": 0.15, ""timeout_min"": 30}"
BOND_FAST,liq<$10K tp39 sl19 trail15@25 t15m,-24.01,-146.12,-96.02,94,0.5,"[99.95, -146.12, 14.94, -64.8]","[0.594, 0.0, 0.636, 0.214]","{""max_liq"": 10000, ""tp_mult"": 1.4, ""sl_mult"": 0.8, ""trail_pct"": 0.15, ""trail_act"": 0.25, ""timeout_min"": 15}"
BOND_FAST,liq<$10K tp39 sl19 trail15@25 t20m,-9.12,-146.12,-36.48,94,0.5,"[163.0, -146.12, 4.29, -57.65]","[0.594, 0.0, 0.682, 0.214]","{""max_liq"": 10000, ""tp_mult"": 1.4, ""sl_mult"": 0.8, ""trail_pct"": 0.15, ""trail_act"": 0.25, ""timeout_min"": 20}"
BOND_FAST,liq<$10K tp39 sl19 trail15@25 t30m,-47.52,-240.05,-190.06,94,0.25,"[178.54, -240.05, -0.16, -128.39]","[0.719, 0.0, 0.682, 0.0]","{""max_liq"": 10000, ""tp_mult"": 1.4, ""sl_mult"": 0.8, ""trail_pct"": 0.15, ""trail_act"": 0.25, ""timeout_min"": 30}"
BOND_FAST,liq<$10K tp39 sl19 trail20@15 t15m,-29.33,-146.12,-117.33,94,0.5,"[80.51, -146.12, 13.08, -64.8]","[0.594, 0.0, 0.636, 0.214]","{""max_liq"": 10000, ""tp_mult"": 1.4, ""sl_mult"": 0.8, ""trail_pct"": 0.2, ""trail_act"": 0.15, ""timeout_min"": 15}"
BOND_FAST,liq<$10K tp39 sl19 trail20@15 t20m,-30.04,-146.12,-120.14,94,0.25,"[124.73, -146.12, -41.11, -57.65]","[0.594, 0.0, 0.136, 0.214]","{""max_liq"": 10000, ""tp_mult"": 1.4, ""sl_mult"": 0.8, ""trail_pct"": 0.2, ""trail_act"": 0.15, ""timeout_min"": 20}"
BOND_FAST,liq<$10K tp39 sl19 trail20@15 t30m,-77.32,-240.05,-309.29,94,0.25,"[97.43, -240.05, -38.27, -128.39]","[0.688, 0.0, 0.136, 0.0]","{""max_liq"": 10000, ""tp_mult"": 1.4, ""sl_mult"": 0.8, ""trail_pct"": 0.2, ""trail_act"": 0.15, ""timeout_min"": 30}"
BOND_FAST,liq<$10K tp39 sl19 trail20@25 t15m,-29.33,-146.12,-117.33,94,0.5,"[80.51, -146.12, 13.08, -64.8]","[0.594, 0.0, 0.636, 0.214]","{""max_liq"": 10000, ""tp_mult"": 1.4, ""sl_mult"": 0.8, ""trail_pct"": 0.2, ""trail_act"": 0.25, ""timeout_min"": 15}"
BOND_FAST,liq<$10K tp39 sl19 trail20@25 t20m,-30.04,-146.12,-120.14,94,0.25,"[124.73, -146.12, -41.11, -57.65]","[0.594, 0.0, 0.136, 0.214]","{""max_liq"": 10000, ""tp_mult"": 1.4, ""sl_mult"": 0.8, ""trail_pct"": 0.2, ""trail_act"": 0.25, ""timeout_min"": 20}"
BOND_FAST,liq<$10K tp39 sl19 trail20@25 t30m,-77.32,-240.05,-309.29,94,0.25,"[97.43, -240.05, -38.27, -128.39]","[0.688, 0.0, 0.136, 0.0]","{""max_liq"": 10000, ""tp_mult"": 1.4, ""sl_mult"": 0.8, ""trail_pct"": 0.2, ""trail_act"": 0.25, ""timeout_min"": 30}"
BOND_FAST,liq<$10K tp50 sl30 notrail t15m,-21.36,-176.3,-85.42,94,0.5,"[142.6, -176.3, 13.08, -64.8]","[0.594, 0.0, 0.636, 0.214]","{""max_liq"": 10000, ""tp_mult"": 1.5, ""sl_mult"": 0.7, ""trail_pct"": 0.0, ""trail_act"": 0.15, ""timeout_min"": 15}"
BOND_FAST,liq<$10K tp50 sl30 notrail t20m,-35.29,-176.3,-141.16,94,0.25,"[163.33, -176.3, -70.54, -57.65]","[0.594, 0.0, 0.091, 0.214]","{""max_liq"": 10000, ""tp_mult"": 1.5, ""sl_mult"": 0.7, ""trail_pct"": 0.0, ""trail_act"": 0.15, ""timeout_min"": 20}"
BOND_FAST,liq<$10K tp50 sl30 notrail t30m,-133.93,-270.23,-535.7,94,0.0,"[-83.12, -270.23, -42.27, -140.08]","[0.469, 0.0, 0.091, 0.0]","{""max_liq"": 10000, ""tp_mult"": 1.5, ""sl_mult"": 0.7, ""trail_pct"": 0.0, ""trail_act"": 0.15, ""timeout_min"": 30}"
BOND_FAST,liq<$10K tp50 sl30 notrail t15m,-21.36,-176.3,-85.42,94,0.5,"[142.6, -176.3, 13.08, -64.8]","[0.594, 0.0, 0.636, 0.214]","{""max_liq"": 10000, ""tp_mult"": 1.5, ""sl_mult"": 0.7, ""trail_pct"": 0.0, ""trail_act"": 0.25, ""timeout_min"": 15}"
BOND_FAST,liq<$10K tp50 sl30 notrail t20m,-35.29,-176.3,-141.16,94,0.25,"[163.33, -176.3, -70.54, -57.65]","[0.594, 0.0, 0.091, 0.214]","{""max_liq"": 10000, ""tp_mult"": 1.5, ""sl_mult"": 0.7, ""trail_pct"": 0.0, ""trail_act"": 0.25, ""timeout_min"": 20}"
BOND_FAST,liq<$10K tp50 sl30 notrail t30m,-133.93,-270.23,-535.7,94,0.0,"[-83.12, -270.23, -42.27, -140.08]","[0.469, 0.0, 0.091, 0.0]","{""max_liq"": 10000, ""tp_mult"": 1.5, ""sl_mult"": 0.7, ""trail_pct"": 0.0, ""trail_act"": 0.25, ""timeout_min"": 30}"
BOND_FAST,liq<$10K tp50 sl30 trail10@15 t15m,-25.86,-176.3,-103.42,94,0.5,"[73.19, -176.3, 64.49, -64.8]","[0.594, 0.0, 0.864, 0.214]","{""max_liq"": 10000, ""tp_mult"": 1.5, ""sl_mult"": 0.7, ""trail_pct"": 0.1, ""trail_act"": 0.15, ""timeout_min"": 15}"
BOND_FAST,liq<$10K tp50 sl30 trail10@15 t20m,-1.12,-176.3,-4.47,94,0.5,"[160.91, -176.3, 68.57, -57.65]","[0.594, 0.0, 0.864, 0.214]","{""max_liq"": 10000, ""tp_mult"": 1.5, ""sl_mult"": 0.7, ""trail_pct"": 0.1, ""trail_act"": 0.15, ""timeout_min"": 20}"
BOND_FAST,liq<$10K tp50 sl30 trail10@15 t30m,-32.09,-218.67,-128.35,94,0.5,"[176.45, -218.67, 53.95, -140.08]","[0.719, 0.231, 0.864, 0.0]","{""max_liq"": 10000, ""tp_mult"": 1.5, ""sl_mult"": 0.7, ""trail_pct"": 0.1, ""trail_act"": 0.15, ""timeout_min"": 30}"
BOND_FAST,liq<$10K tp50 sl30 trail10@25 t15m,-28.27,-176.3,-113.06,94,0.5,"[73.19, -176.3, 54.84, -64.8]","[0.594, 0.0, 0.727, 0.214]","{""max_liq"": 10000, ""tp_mult"": 1.5, ""sl_mult"": 0.7, ""trail_pct"": 0.1, ""trail_act"": 0.25, ""timeout_min"": 15}"
BOND_FAST,liq<$10K tp50 sl30 trail10@25 t20m,-7.66,-176.3,-30.65,94,0.5,"[160.91, -176.3, 42.4, -57.65]","[0.594, 0.0, 0.682, 0.214]","{""max_liq"": 10000, ""tp_mult"": 1.5, ""sl_mult"": 0.7, ""trail_pct"": 0.1, ""trail_act"": 0.25, ""timeout_min"": 20}"
BOND_FAST,liq<$10K tp50 sl30 trail10@25 t30m,-47.32,-270.23,-189.29,94,0.5,"[176.45, -270.23, 44.57, -140.08]","[0.719, 0.0, 0.682, 0.0]","{""max_liq"": 10000, ""tp_mult"": 1.5, ""sl_mult"": 0.7, ""trail_pct"": 0.1, ""trail_act"": 0.25, ""timeout_min"": 30}"
BOND_FAST,liq<$10K tp50 sl30 trail15@15 t15m,-33.26,-176.3,-133.05,94,0.5,"[89.95, -176.3, 18.1, -64.8]","[0.594, 0.0, 0.727, 0.214]","{""max_liq"": 10000, ""tp_mult"": 1.5, ""sl_mult"": 0.7, ""trail_pct"": 0.15, ""trail_act"": 0.15, ""timeout_min"": 15}"
BOND_FAST,liq<$10K tp50 sl30 trail15@15 t20m,-16.56,-176.3,-66.23,94,0.5,"[153.0, -176.3, 14.72, -57.65]","[0.594, 0.0, 0.773, 0.214]","{""max_liq"": 10000, ""tp_mult"": 1.5, ""sl_mult"": 0.7, ""trail_pct"": 0.15, ""trail_act"": 0.15, ""timeout_min"": 20}"
BOND_FAST,liq<$10K tp50 sl30 trail15@15 t30m,-53.92,-247.57,-215.66,94,0.5,"[168.54, -247.57, 3.45, -140.08]","[0.719, 0.0, 0.773, 0.0]","{""max_liq"": 10000, ""tp_mult"": 1.5, ""sl_mult"": 0.7, ""trail_pct"": 0.15, ""trail_act"": 0.15, ""timeout_min"": 30}"
BOND_FAST,liq<$10K tp50 sl30 trail15@25 t15m,-34.05,-176.3,-136.2,94,0.5,"[89.95, -176.3, 14.94, -64.8]","[0.594, 0.0, 0.636, 0.214]","{""max_liq"": 10000, ""tp_mult"": 1.5, ""sl_mult"": 0.7, ""trail_pct"": 0.15, ""trail_act"": 0.25, ""timeout_min"": 15}"
BOND_FAST,liq<$10K tp50 sl30 trail15@25 t20m,-19.17,-176.3,-76.66,94,0.5,"[153.0, -176.3, 4.29, -57.65]","[0.594, 0.0, 0.682, 0.214]","{""max_liq"": 10000, ""tp_mult"": 1.5, ""sl_mult"": 0.7, ""trail_pct"": 0.15, ""trail_act"": 0.25, ""timeout_min"": 20}"
BOND_FAST,liq<$10K tp50 sl30 trail15@25 t30m,-58.83,-270.23,-235.3,94,0.5,"[168.54, -270.23, 6.47, -140.08]","[0.719, 0.0, 0.682, 0.0]","{""max_liq"": 10000, ""tp_mult"": 1.5, ""sl_mult"": 0.7, ""trail_pct"": 0.15, ""trail_act"": 0.25, ""timeout_min"": 30}"
BOND_FAST,liq<$10K tp50 sl30 trail20@15 t15m,-39.38,-176.3,-157.51,94,0.5,"[70.51, -176.3, 13.08, -64.8]","[0.594, 0.0, 0.636, 0.214]","{""max_liq"": 10000, ""tp_mult"": 1.5, ""sl_mult"": 0.7, ""trail_pct"": 0.2, ""trail_act"": 0.15, ""timeout_min"": 15}"
BOND_FAST,liq<$10K tp50 sl30 trail20@15 t20m,-40.08,-176.3,-160.32,94,0.25,"[114.73, -176.3, -41.11, -57.65]","[0.594, 0.0, 0.136, 0.214]","{""max_liq"": 10000, ""tp_mult"": 1.5, ""sl_mult"": 0.7, ""trail_pct"": 0.2, ""trail_act"": 0.15, ""timeout_min"": 20}"
BOND_FAST,liq<$10K tp50 sl30 trail20@15 t30m,-88.63,-270.23,-354.53,94,0.25,"[87.43, -270.23, -31.64, -140.08]","[0.688, 0.0, 0.136, 0.0]","{""max_liq"": 10000, ""tp_mult"": 1.5, ""sl_mult"": 0.7, ""trail_pct"": 0.2, ""trail_act"": 0.15, ""timeout_min"": 30}"
BOND_FAST,liq<$10K tp50 sl30 trail20@25 t15m,-39.38,-176.3,-157.51,94,0.5,"[70.51, -176.3, 13.08, -64.8]","[0.594, 0.0, 0.636, 0.214]","{""max_liq"": 10000, ""tp_mult"": 1.5, ""sl_mult"": 0.7, ""trail_pct"": 0.2, ""trail_act"": 0.25, ""timeout_min"": 15}"
BOND_FAST,liq<$10K tp50 sl30 trail20@25 t20m,-40.08,-176.3,-160.32,94,0.25,"[114.73, -176.3, -41.11, -57.65]","[0.594, 0.0, 0.136, 0.214]","{""max_liq"": 10000, ""tp_mult"": 1.5, ""sl_mult"": 0.7, ""trail_pct"": 0.2, ""trail_act"": 0.25, ""timeout_min"": 20}"
BOND_FAST,liq<$10K tp50 sl30 trail20@25 t30m,-88.63,-270.23,-354.53,94,0.25,"[87.43, -270.23, -31.64, -140.08]","[0.688, 0.0, 0.136, 0.0]","{""max_liq"": 10000, ""tp_mult"": 1.5, ""sl_mult"": 0.7, ""trail_pct"": 0.2, ""trail_act"": 0.25, ""timeout_min"": 30}"
BOND_FAST,liq<$10K tp50 sl25 notrail t15m,-13.83,-161.21,-55.33,94,0.5,"[157.6, -161.21, 13.08, -64.8]","[0.594, 0.0, 0.636, 0.214]","{""max_liq"": 10000, ""tp_mult"": 1.5, ""sl_mult"": 0.75, ""trail_pct"": 0.0, ""trail_act"": 0.15, ""timeout_min"": 15}"
BOND_FAST,liq<$10K tp50 sl25 notrail t20m,-27.77,-161.21,-111.07,94,0.25,"[178.33, -161.21, -70.54, -57.65]","[0.594, 0.0, 0.091, 0.214]","{""max_liq"": 10000, ""tp_mult"": 1.5, ""sl_mult"": 0.75, ""trail_pct"": 0.0, ""trail_act"": 0.15, ""timeout_min"": 20}"
BOND_FAST,liq<$10K tp50 sl25 notrail t30m,-156.96,-255.14,-627.84,94,0.0,"[-68.12, -255.14, -153.71, -150.87]","[0.469, 0.0, 0.091, 0.0]","{""max_liq"": 10000, ""tp_mult"": 1.5, ""sl_mult"": 0.75, ""trail_pct"": 0.0, ""trail_act"": 0.15, ""timeout_min"": 30}"
BOND_FAST,liq<$10K tp50 sl25 notrail t15m,-13.83,-161.21,-55.33,94,0.5,"[157.6, -161.21, 13.08, -64.8]","[0.594, 0.0, 0.636, 0.214]","{""max_liq"": 10000, ""tp_mult"": 1.5, ""sl_mult"": 0.75, ""trail_pct"": 0.0, ""trail_act"": 0.25, ""timeout_min"": 15}"
BOND_FAST,liq<$10K tp50 sl25 notrail t20m,-27.77,-161.21,-111.07,94,0.25,"[178.33, -161.21, -70.54, -57.65]","[0.594, 0.0, 0.091, 0.214]","{""max_liq"": 10000, ""tp_mult"": 1.5, ""sl_mult"": 0.75, ""trail_pct"": 0.0, ""trail_act"": 0.25, ""timeout_min"": 20}"
BOND_FAST,liq<$10K tp50 sl25 notrail t30m,-156.96,-255.14,-627.84,94,0.0,"[-68.12, -255.14, -153.71, -150.87]","[0.469, 0.0, 0.091, 0.0]","{""max_liq"": 10000, ""tp_mult"": 1.5, ""sl_mult"": 0.75, ""trail_pct"": 0.0, ""trail_act"": 0.25, ""timeout_min"": 30}"
BOND_FAST,liq<$10K tp50 sl25 trail10@15 t15m,-18.33,-161.21,-73.33,94,0.5,"[88.19, -161.21, 64.49, -64.8]","[0.594, 0.0, 0.864, 0.214]","{""max_liq"": 10000, ""tp_mult"": 1.5, ""sl_mult"": 0.75, ""trail_pct"": 0.1, ""trail_act"": 0.15, ""timeout_min"": 15}"
BOND_FAST,liq<$10K tp50 sl25 trail10@15 t20m,6.4,-161.21,25.62,94,0.5,"[175.91, -161.21, 68.57, -57.65]","[0.594, 0.0, 0.864, 0.214]","{""max_liq"": 10000, ""tp_mult"": 1.5, ""sl_mult"": 0.75, ""trail_pct"": 0.1, ""trail_act"": 0.15, ""timeout_min"": 20}"
BOND_FAST,liq<$10K tp50 sl25 trail10@15 t30m,-27.56,-203.58,-110.25,94,0.5,"[191.45, -203.58, 52.75, -150.87]","[0.719, 0.231, 0.864, 0.0]","{""max_liq"": 10000, ""tp_mult"": 1.5, ""sl_mult"": 0.75, ""trail_pct"": 0.1, ""trail_act"": 0.15, ""timeout_min"": 30}"
BOND_FAST,liq<$10K tp50 sl25 trail10@25 t15m,-20.75,-161.21,-82.97,94,0.5,"[88.19, -161.21, 54.84, -64.8]","[0.594, 0.0, 0.727, 0.214]","{""max_liq"": 10000, ""tp_mult"": 1.5, ""sl_mult"": 0.75, ""trail_pct"": 0.1, ""trail_act"": 0.25, ""timeout_min"": 15}"
BOND_FAST,liq<$10K tp50 sl25 trail10@25 t20m,-0.14,-161.21,-0.56,94,0.5,"[175.91, -161.21, 42.4, -57.65]","[0.594, 0.0, 0.682, 0.214]","{""max_liq"": 10000, ""tp_mult"": 1.5, ""sl_mult"": 0.75, ""trail_pct"": 0.1, ""trail_act"": 0.25, ""timeout_min"": 20}"
BOND_FAST,liq<$10K tp50 sl25 trail10@25 t30m,-42.8,-255.14,-171.19,94,0.5,"[191.45, -255.14, 43.37, -150.87]","[0.719, 0.0, 0.682, 0.0]","{""max_liq"": 10000, ""tp_mult"": 1.5, ""sl_mult"": 0.75, ""trail_pct"": 0.1, ""trail_act"": 0.25, ""timeout_min"": 30}"
BOND_FAST,liq<$10K tp50 sl25 trail15@15 t15m,-25.74,-161.21,-102.96,94,0.5,"[104.95, -161.21, 18.1, -64.8]","[0.594, 0.0, 0.727, 0.214]","{""max_liq"": 10000, ""tp_mult"": 1.5, ""sl_mult"": 0.75, ""trail_pct"": 0.15, ""trail_act"": 0.15, ""timeout_min"": 15}"
BOND_FAST,liq<$10K tp50 sl25 trail15@15 t20m,-9.04,-161.21,-36.14,94,0.5,"[168.0, -161.21, 14.72, -57.65]","[0.594, 0.0, 0.773, 0.214]","{""max_liq"": 10000, ""tp_mult"": 1.5, ""sl_mult"": 0.75, ""trail_pct"": 0.15, ""trail_act"": 0.15, ""timeout_min"": 20}"
BOND_FAST,liq<$10K tp50 sl25 trail15@15 t30m,-49.39,-232.48,-197.55,94,0.5,"[183.54, -232.48, 2.25, -150.87]","[0.719, 0.0, 0.773, 0.0]","{""max_liq"": 10000, ""tp_mult"": 1.5, ""sl_mult"": 0.75, ""trail_pct"": 0.15, ""trail_act"": 0.15, ""timeout_min"": 30}"
BOND_FAST,liq<$10K tp50 sl25 trail15@25 t15m,-26.53,-161.21,-106.11,94,0.5,"[104.95, -161.21, 14.94, -64.8]","[0.594, 0.0, 0.636, 0.214]","{""max_liq"": 10000, ""tp_mult"": 1.5, ""sl_mult"": 0.75, ""trail_pct"": 0.15, ""trail_act"": 0.25, ""timeout_min"": 15}"
BOND_FAST,liq<$10K tp50 sl25 trail15@25 t20m,-11.64,-161.21,-46.57,94,0.5,"[168.0, -161.21, 4.29, -57.65]","[0.594, 0.0, 0.682, 0.214]","{""max_liq"": 10000, ""tp_mult"": 1.5, ""sl_mult"": 0.75, ""trail_pct"": 0.15, ""trail_act"": 0.25, ""timeout_min"": 20}"
BOND_FAST,liq<$10K tp50 sl25 trail15@25 t30m,-54.3,-255.14,-217.2,94,0.5,"[183.54, -255.14, 5.27, -150.87]","[0.719, 0.0, 0.682, 0.0]","{""max_liq"": 10000, ""tp_mult"": 1.5, ""sl_mult"": 0.75, ""trail_pct"": 0.15, ""trail_act"": 0.25, ""timeout_min"": 30}"
BOND_FAST,liq<$10K tp50 sl25 trail20@15 t15m,-31.86,-161.21,-127.42,94,0.5,"[85.51, -161.21, 13.08, -64.8]","[0.594, 0.0, 0.636, 0.214]","{""max_liq"": 10000, ""tp_mult"": 1.5, ""sl_mult"": 0.75, ""trail_pct"": 0.2, ""trail_act"": 0.15, ""timeout_min"": 15}"
BOND_FAST,liq<$10K tp50 sl25 trail20@15 t20m,-32.56,-161.21,-130.23,94,0.25,"[129.73, -161.21, -41.11, -57.65]","[0.594, 0.0, 0.136, 0.214]","{""max_liq"": 10000, ""tp_mult"": 1.5, ""sl_mult"": 0.75, ""trail_pct"": 0.2, ""trail_act"": 0.15, ""timeout_min"": 20}"
BOND_FAST,liq<$10K tp50 sl25 trail20@15 t30m,-84.1,-255.14,-336.42,94,0.25,"[102.43, -255.14, -32.84, -150.87]","[0.688, 0.0, 0.136, 0.0]","{""max_liq"": 10000, ""tp_mult"": 1.5, ""sl_mult"": 0.75, ""trail_pct"": 0.2, ""trail_act"": 0.15, ""timeout_min"": 30}"
BOND_FAST,liq<$10K tp50 sl25 trail20@25 t15m,-31.86,-161.21,-127.42,94,0.5,"[85.51, -161.21, 13.08, -64.8]","[0.594, 0.0, 0.636, 0.214]","{""max_liq"": 10000, ""tp_mult"": 1.5, ""sl_mult"": 0.75, ""trail_pct"": 0.2, ""trail_act"": 0.25, ""timeout_min"": 15}"
BOND_FAST,liq<$10K tp50 sl25 trail20@25 t20m,-32.56,-161.21,-130.23,94,0.25,"[129.73, -161.21, -41.11, -57.65]","[0.594, 0.0, 0.136, 0.214]","{""max_liq"": 10000, ""tp_mult"": 1.5, ""sl_mult"": 0.75, ""trail_pct"": 0.2, ""trail_act"": 0.25, ""timeout_min"": 20}"
BOND_FAST,liq<$10K tp50 sl25 trail20@25 t30m,-84.1,-255.14,-336.42,94,0.25,"[102.43, -255.14, -32.84, -150.87]","[0.688, 0.0, 0.136, 0.0]","{""max_liq"": 10000, ""tp_mult"": 1.5, ""sl_mult"": 0.75, ""trail_pct"": 0.2, ""trail_act"": 0.25, ""timeout_min"": 30}"
BOND_FAST,liq<$10K tp50 sl19 notrail t15m,-6.31,-146.12,-25.24,94,0.5,"[172.6, -146.12, 13.08, -64.8]","[0.594, 0.0, 0.636, 0.214]","{""max_liq"": 10000, ""tp_mult"": 1.5, ""sl_mult"": 0.8, ""trail_pct"": 0.0, ""trail_act"": 0.15, ""timeout_min"": 15}"
BOND_FAST,liq<$10K tp50 sl19 notrail t20m,-20.24,-146.12,-80.98,94,0.25,"[193.33, -146.12, -70.54, -57.65]","[0.594, 0.0, 0.091, 0.214]","{""max_liq"": 10000, ""tp_mult"": 1.5, ""sl_mult"": 0.8, ""trail_pct"": 0.0, ""trail_act"": 0.15, ""timeout_min"": 20}"
BOND_FAST,liq<$10K tp50 sl19 notrail t30m,-146.92,-240.05,-587.7,94,0.0,"[-53.12, -240.05, -166.14, -128.39]","[0.469, 0.0, 0.091, 0.0]","{""max_liq"": 10000, ""tp_mult"": 1.5, ""sl_mult"": 0.8, ""trail_pct"": 0.0, ""trail_act"": 0.15, ""timeout_min"": 30}"
BOND_FAST,liq<$10K tp50 sl19 notrail t15m,-6.31,-146.12,-25.24,94,0.5,"[172.6, -146.12, 13.08, -64.8]","[0.594, 0.0, 0.636, 0.214]","{""max_liq"": 10000, ""tp_mult"": 1.5, ""sl_mult"": 0.8, ""trail_pct"": 0.0, ""trail_act"": 0.25, ""timeout_min"": 15}"
BOND_FAST,liq<$10K tp50 sl19 notrail t20m,-20.24,-146.12,-80.98,94,0.25,"[193.33, -146.12, -70.54, -57.65]","[0.594, 0.0, 0.091, 0.214]","{""max_liq"": 10000, ""tp_mult"": 1.5, ""sl_mult"": 0.8, ""trail_pct"": 0.0, ""trail_act"": 0.25, ""timeout_min"": 20}"
BOND_FAST,liq<$10K tp50 sl19 notrail t30m,-146.92,-240.05,-587.7,94,0.0,"[-53.12, -240.05, -166.14, -128.39]","[0.469, 0.0, 0.091, 0.0]","{""max_liq"": 10000, ""tp_mult"": 1.5, ""sl_mult"": 0.8, ""trail_pct"": 0.0, ""trail_act"": 0.25, ""timeout_min"": 30}"
BOND_FAST,liq<$10K tp50 sl19 trail10@15 t15m,-10.81,-146.12,-43.24,94,0.5,"[103.19, -146.12, 64.49, -64.8]","[0.594, 0.0, 0.864, 0.214]","{""max_liq"": 10000, ""tp_mult"": 1.5, ""sl_mult"": 0.8, ""trail_pct"": 0.1, ""trail_act"": 0.15, ""timeout_min"": 15}"
BOND_FAST,liq<$10K tp50 sl19 trail10@15 t20m,13.93,-146.12,55.71,94,0.5,"[190.91, -146.12, 68.57, -57.65]","[0.594, 0.0, 0.864, 0.214]","{""max_liq"": 10000, ""tp_mult"": 1.5, ""sl_mult"": 0.8, ""trail_pct"": 0.1, ""trail_act"": 0.15, ""timeout_min"": 20}"
BOND_FAST,liq<$10K tp50 sl19 trail10@15 t30m,-13.47,-188.49,-53.88,94,0.5,"[206.45, -188.49, 56.55, -128.39]","[0.719, 0.231, 0.864, 0.0]","{""max_liq"": 10000, ""tp_mult"": 1.5, ""sl_mult"": 0.8, ""trail_pct"": 0.1, ""trail_act"": 0.15, ""timeout_min"": 30}"
BOND_FAST,liq<$10K tp50 sl19 trail10@25 t15m,-13.22,-146.12,-52.88,94,0.5,"[103.19, -146.12, 54.84, -64.8]","[0.594, 0.0, 0.727, 0.214]","{""max_liq"": 10000, ""tp_mult"": 1.5, ""sl_mult"": 0.8, ""trail_pct"": 0.1, ""trail_act"": 0.25, ""timeout_min"": 15}"
BOND_FAST,liq<$10K tp50 sl19 trail10@25 t20m,7.38,-146.12,29.53,94,0.5,"[190.91, -146.12, 42.4, -57.65]","[0.594, 0.0, 0.682, 0.214]","{""max_liq"": 10000, ""tp_mult"": 1.5, ""sl_mult"": 0.8, ""trail_pct"": 0.1, ""trail_act"": 0.25, ""timeout_min"": 20}"
BOND_FAST,liq<$10K tp50 sl19 trail10@25 t30m,-31.01,-240.05,-124.05,94,0.5,"[206.45, -240.05, 37.94, -128.39]","[0.719, 0.0, 0.682, 0.0]","{""max_liq"": 10000, ""tp_mult"": 1.5, ""sl_mult"": 0.8, ""trail_pct"": 0.1, ""trail_act"": 0.25, ""timeout_min"": 30}"
BOND_FAST,liq<$10K tp50 sl19 trail15@15 t15m,-18.22,-146.12,-72.87,94,0.5,"[119.95, -146.12, 18.1, -64.8]","[0.594, 0.0, 0.727, 0.214]","{""max_liq"": 10000, ""tp_mult"": 1.5, ""sl_mult"": 0.8, ""trail_pct"": 0.15, ""trail_act"": 0.15, ""timeout_min"": 15}"
BOND_FAST,liq<$10K tp50 sl19 trail15@15 t20m,-1.51,-146.12,-6.05,94,0.5,"[183.0, -146.12, 14.72, -57.65]","[0.594, 0.0, 0.773, 0.214]","{""max_liq"": 10000, ""tp_mult"": 1.5, ""sl_mult"": 0.8, ""trail_pct"": 0.15, ""trail_act"": 0.15, ""timeout_min"": 20}"
BOND_FAST,liq<$10K tp50 sl19 trail15@15 t30m,-35.3,-217.39,-141.19,94,0.5,"[198.54, -217.39, 6.05, -128.39]","[0.719, 0.0, 0.773, 0.0]","{""max_liq"": 10000, ""tp_mult"": 1.5, ""sl_mult"": 0.8, ""trail_pct"": 0.15, ""trail_act"": 0.15, ""timeout_min"": 30}"
BOND_FAST,liq<$10K tp50 sl19 trail15@25 t15m,-19.01,-146.12,-76.02,94,0.5,"[119.95, -146.12, 14.94, -64.8]","[0.594, 0.0, 0.636, 0.214]","{""max_liq"": 10000, ""tp_mult"": 1.5, ""sl_mult"": 0.8, ""trail_pct"": 0.15, ""trail_act"": 0.25, ""timeout_min"": 15}"
BOND_FAST,liq<$10K tp50 sl19 trail15@25 t20m,-4.12,-146.12,-16.48,94,0.5,"[183.0, -146.12, 4.29, -57.65]","[0.594, 0.0, 0.682, 0.214]","{""max_liq"": 10000, ""tp_mult"": 1.5, ""sl_mult"": 0.8, ""trail_pct"": 0.15, ""trail_act"": 0.25, ""timeout_min"": 20}"
BOND_FAST,liq<$10K tp50 sl19 trail15@25 t30m,-42.52,-240.05,-170.06,94,0.25,"[198.54, -240.05, -0.16, -128.39]","[0.719, 0.0, 0.682, 0.0]","{""max_liq"": 10000, ""tp_mult"": 1.5, ""sl_mult"": 0.8, ""trail_pct"": 0.15, ""trail_act"": 0.25, ""timeout_min"": 30}"
BOND_FAST,liq<$10K tp50 sl19 trail20@15 t15m,-24.33,-146.12,-97.33,94,0.5,"[100.51, -146.12, 13.08, -64.8]","[0.594, 0.0, 0.636, 0.214]","{""max_liq"": 10000, ""tp_mult"": 1.5, ""sl_mult"": 0.8, ""trail_pct"": 0.2, ""trail_act"": 0.15, ""timeout_min"": 15}"
BOND_FAST,liq<$10K tp50 sl19 trail20@15 t20m,-25.04,-146.12,-100.14,94,0.25,"[144.73, -146.12, -41.11, -57.65]","[0.594, 0.0, 0.136, 0.214]","{""max_liq"": 10000, ""tp_mult"": 1.5, ""sl_mult"": 0.8, ""trail_pct"": 0.2, ""trail_act"": 0.15, ""timeout_min"": 20}"
BOND_FAST,liq<$10K tp50 sl19 trail20@15 t30m,-72.32,-240.05,-289.29,94,0.25,"[117.43, -240.05, -38.27, -128.39]","[0.688, 0.0, 0.136, 0.0]","{""max_liq"": 10000, ""tp_mult"": 1.5, ""sl_mult"": 0.8, ""trail_pct"": 0.2, ""trail_act"": 0.15, ""timeout_min"": 30}"
BOND_FAST,liq<$10K tp50 sl19 trail20@25 t15m,-24.33,-146.12,-97.33,94,0.5,"[100.51, -146.12, 13.08, -64.8]","[0.594, 0.0, 0.636, 0.214]","{""max_liq"": 10000, ""tp_mult"": 1.5, ""sl_mult"": 0.8, ""trail_pct"": 0.2, ""trail_act"": 0.25, ""timeout_min"": 15}"
BOND_FAST,liq<$10K tp50 sl19 trail20@25 t20m,-25.04,-146.12,-100.14,94,0.25,"[144.73, -146.12, -41.11, -57.65]","[0.594, 0.0, 0.136, 0.214]","{""max_liq"": 10000, ""tp_mult"": 1.5, ""sl_mult"": 0.8, ""trail_pct"": 0.2, ""trail_act"": 0.25, ""timeout_min"": 20}"
BOND_FAST,liq<$10K tp50 sl19 trail20@25 t30m,-72.32,-240.05,-289.29,94,0.25,"[117.43, -240.05, -38.27, -128.39]","[0.688, 0.0, 0.136, 0.0]","{""max_liq"": 10000, ""tp_mult"": 1.5, ""sl_mult"": 0.8, ""trail_pct"": 0.2, ""trail_act"": 0.25, ""timeout_min"": 30}"
BOND_FAST,liq<$10K tp80 sl30 notrail t15m,-27.32,-176.3,-109.28,94,0.5,"[118.74, -176.3, 13.08, -64.8]","[0.469, 0.0, 0.636, 0.214]","{""max_liq"": 10000, ""tp_mult"": 1.8, ""sl_mult"": 0.7, ""trail_pct"": 0.0, ""trail_act"": 0.15, ""timeout_min"": 15}"
BOND_FAST,liq<$10K tp80 sl30 notrail t20m,-41.26,-176.3,-165.02,94,0.25,"[139.47, -176.3, -70.54, -57.65]","[0.469, 0.0, 0.091, 0.214]","{""max_liq"": 10000, ""tp_mult"": 1.8, ""sl_mult"": 0.7, ""trail_pct"": 0.0, ""trail_act"": 0.15, ""timeout_min"": 20}"
BOND_FAST,liq<$10K tp80 sl30 notrail t30m,-139.89,-270.23,-559.56,94,0.0,"[-106.98, -270.23, -42.27, -140.08]","[0.344, 0.0, 0.091, 0.0]","{""max_liq"": 10000, ""tp_mult"": 1.8, ""sl_mult"": 0.7, ""trail_pct"": 0.0, ""trail_act"": 0.15, ""timeout_min"": 30}"
BOND_FAST,liq<$10K tp80 sl30 notrail t15m,-27.32,-176.3,-109.28,94,0.5,"[118.74, -176.3, 13.08, -64.8]","[0.469, 0.0, 0.636, 0.214]","{""max_liq"": 10000, ""tp_mult"": 1.8, ""sl_mult"": 0.7, ""trail_pct"": 0.0, ""trail_act"": 0.25, ""timeout_min"": 15}"
BOND_FAST,liq<$10K tp80 sl30 notrail t20m,-41.26,-176.3,-165.02,94,0.25,"[139.47, -176.3, -70.54, -57.65]","[0.469, 0.0, 0.091, 0.214]","{""max_liq"": 10000, ""tp_mult"": 1.8, ""sl_mult"": 0.7, ""trail_pct"": 0.0, ""trail_act"": 0.25, ""timeout_min"": 20}"
BOND_FAST,liq<$10K tp80 sl30 notrail t30m,-139.89,-270.23,-559.56,94,0.0,"[-106.98, -270.23, -42.27, -140.08]","[0.344, 0.0, 0.091, 0.0]","{""max_liq"": 10000, ""tp_mult"": 1.8, ""sl_mult"": 0.7, ""trail_pct"": 0.0, ""trail_act"": 0.25, ""timeout_min"": 30}"
BOND_FAST,liq<$10K tp80 sl30 trail10@15 t15m,-31.37,-176.3,-125.47,94,0.5,"[51.15, -176.3, 64.49, -64.8]","[0.562, 0.0, 0.864, 0.214]","{""max_liq"": 10000, ""tp_mult"": 1.8, ""sl_mult"": 0.7, ""trail_pct"": 0.1, ""trail_act"": 0.15, ""timeout_min"": 15}"
BOND_FAST,liq<$10K tp80 sl30 trail10@15 t20m,-6.63,-176.3,-26.52,94,0.5,"[138.86, -176.3, 68.57, -57.65]","[0.562, 0.0, 0.864, 0.214]","{""max_liq"": 10000, ""tp_mult"": 1.8, ""sl_mult"": 0.7, ""trail_pct"": 0.1, ""trail_act"": 0.15, ""timeout_min"": 20}"
BOND_FAST,liq<$10K tp80 sl30 trail10@15 t30m,-37.6,-218.67,-150.39,94,0.5,"[154.4, -218.67, 53.95, -140.08]","[0.688, 0.231, 0.864, 0.0]","{""max_liq"": 10000, ""tp_mult"": 1.8, ""sl_mult"": 0.7, ""trail_pct"": 0.1, ""trail_act"": 0.15, ""timeout_min"": 30}"
BOND_FAST,liq<$10K tp80 sl30 trail10@25 t15m,-33.78,-176.3,-135.11,94,0.5,"[51.15, -176.3, 54.84, -64.8]","[0.562, 0.0, 0.727, 0.214]","{""max_liq"": 10000, ""tp_mult"": 1.8, ""sl_mult"": 0.7, ""trail_pct"": 0.1, ""trail_act"": 0.25, ""timeout_min"": 15}"
BOND_FAST,liq<$10K tp80 sl30 trail10@25 t20m,-13.17,-176.3,-52.69,94,0.5,"[138.86, -176.3, 42.4, -57.65]","[0.562, 0.0, 0.682, 0.214]","{""max_liq"": 10000, ""tp_mult"": 1.8, ""sl_mult"": 0.7, ""trail_pct"": 0.1, ""trail_act"": 0.25, ""timeout_min"": 20}"
BOND_FAST,liq<$10K tp80 sl30 trail10@25 t30m,-52.84,-270.23,-211.33,94,0.5,"[154.4, -270.23, 44.57, -140.08]","[0.688, 0.0, 0.682, 0.0]","{""max_liq"": 10000, ""tp_mult"": 1.8, ""sl_mult"": 0.7, ""trail_pct"": 0.1, ""trail_act"": 0.25, ""timeout_min"": 30}"
BOND_FAST,liq<$10K tp80 sl30 trail15@15 t15m,-52.29,-176.3,-209.17,94,0.5,"[13.83, -176.3, 18.1, -64.8]","[0.5, 0.0, 0.727, 0.214]","{""max_liq"": 10000, ""tp_mult"": 1.8, ""sl_mult"": 0.7, ""trail_pct"": 0.15, ""trail_act"": 0.15, ""timeout_min"": 15}"
BOND_FAST,liq<$10K tp80 sl30 trail15@15 t20m,-35.59,-176.3,-142.35,94,0.5,"[76.87, -176.3, 14.72, -57.65]","[0.5, 0.0, 0.773, 0.214]","{""max_liq"": 10000, ""tp_mult"": 1.8, ""sl_mult"": 0.7, ""trail_pct"": 0.15, ""trail_act"": 0.15, ""timeout_min"": 20}"
BOND_FAST,liq<$10K tp80 sl30 trail15@15 t30m,-72.95,-247.57,-291.78,94,0.5,"[92.42, -247.57, 3.45, -140.08]","[0.625, 0.0, 0.773, 0.0]","{""max_liq"": 10000, ""tp_mult"": 1.8, ""sl_mult"": 0.7, ""trail_pct"": 0.15, ""trail_act"": 0.15, ""timeout_min"": 30}"
BOND_FAST,liq<$10K tp80 sl30 trail15@25 t15m,-53.08,-176.3,-212.33,94,0.5,"[13.83, -176.3, 14.94, -64.8]","[0.5, 0.0, 0.636, 0.214]","{""max_liq"": 10000, ""tp_mult"": 1.8, ""sl_mult"": 0.7, ""trail_pct"": 0.15, ""trail_act"": 0.25, ""timeout_min"": 15}"
BOND_FAST,liq<$10K tp80 sl30 trail15@25 t20m,-38.2,-176.3,-152.78,94,0.5,"[76.87, -176.3, 4.29, -57.65]","[0.5, 0.0, 0.682, 0.214]","{""max_liq"": 10000, ""tp_mult"": 1.8, ""sl_mult"": 0.7, ""trail_pct"": 0.15, ""trail_act"": 0.25, ""timeout_min"": 20}"
BOND_FAST,liq<$10K tp80 sl30 trail15@25 t30m,-77.86,-270.23,-311.43,94,0.5,"[92.42, -270.23, 6.47, -140.08]","[0.625, 0.0, 0.682, 0.0]","{""max_liq"": 10000, ""tp_mult"": 1.8, ""sl_mult"": 0.7, ""trail_pct"": 0.15, ""trail_act"": 0.25, ""timeout_min"": 30}"
BOND_FAST,liq<$10K tp80 sl30 trail20@15 t15m,-59.51,-176.3,-238.02,94,0.25,"[-10.01, -176.3, 13.08, -64.8]","[0.5, 0.0, 0.636, 0.214]","{""max_liq"": 10000, ""tp_mult"": 1.8, ""sl_mult"": 0.7, ""trail_pct"": 0.2, ""trail_act"": 0.15, ""timeout_min"": 15}"
BOND_FAST,liq<$10K tp80 sl30 trail20@15 t20m,-60.21,-176.3,-240.83,94,0.25,"[34.22, -176.3, -41.11, -57.65]","[0.5, 0.0, 0.136, 0.214]","{""max_liq"": 10000, ""tp_mult"": 1.8, ""sl_mult"": 0.7, ""trail_pct"": 0.2, ""trail_act"": 0.15, ""timeout_min"": 20}"
BOND_FAST,liq<$10K tp80 sl30 trail20@15 t30m,-108.76,-270.23,-435.04,94,0.25,"[6.91, -270.23, -31.64, -140.08]","[0.594, 0.0, 0.136, 0.0]","{""max_liq"": 10000, ""tp_mult"": 1.8, ""sl_mult"": 0.7, ""trail_pct"": 0.2, ""trail_act"": 0.15, ""timeout_min"": 30}"
BOND_FAST,liq<$10K tp80 sl30 trail20@25 t15m,-59.51,-176.3,-238.02,94,0.25,"[-10.01, -176.3, 13.08, -64.8]","[0.5, 0.0, 0.636, 0.214]","{""max_liq"": 10000, ""tp_mult"": 1.8, ""sl_mult"": 0.7, ""trail_pct"": 0.2, ""trail_act"": 0.25, ""timeout_min"": 15}"
BOND_FAST,liq<$10K tp80 sl30 trail20@25 t20m,-60.21,-176.3,-240.83,94,0.25,"[34.22, -176.3, -41.11, -57.65]","[0.5, 0.0, 0.136, 0.214]","{""max_liq"": 10000, ""tp_mult"": 1.8, ""sl_mult"": 0.7, ""trail_pct"": 0.2, ""trail_act"": 0.25, ""timeout_min"": 20}"
BOND_FAST,liq<$10K tp80 sl30 trail20@25 t30m,-108.76,-270.23,-435.04,94,0.25,"[6.91, -270.23, -31.64, -140.08]","[0.594, 0.0, 0.136, 0.0]","{""max_liq"": 10000, ""tp_mult"": 1.8, ""sl_mult"": 0.7, ""trail_pct"": 0.2, ""trail_act"": 0.25, ""timeout_min"": 30}"
BOND_FAST,liq<$10K tp80 sl25 notrail t15m,-19.8,-161.21,-79.19,94,0.5,"[133.74, -161.21, 13.08, -64.8]","[0.469, 0.0, 0.636, 0.214]","{""max_liq"": 10000, ""tp_mult"": 1.8, ""sl_mult"": 0.75, ""trail_pct"": 0.0, ""trail_act"": 0.15, ""timeout_min"": 15}"
BOND_FAST,liq<$10K tp80 sl25 notrail t20m,-33.73,-161.21,-134.93,94,0.25,"[154.47, -161.21, -70.54, -57.65]","[0.469, 0.0, 0.091, 0.214]","{""max_liq"": 10000, ""tp_mult"": 1.8, ""sl_mult"": 0.75, ""trail_pct"": 0.0, ""trail_act"": 0.15, ""timeout_min"": 20}"
BOND_FAST,liq<$10K tp80 sl25 notrail t30m,-162.93,-255.14,-651.7,94,0.0,"[-91.98, -255.14, -153.71, -150.87]","[0.344, 0.0, 0.091, 0.0]","{""max_liq"": 10000, ""tp_mult"": 1.8, ""sl_mult"": 0.75, ""trail_pct"": 0.0, ""trail_act"": 0.15, ""timeout_min"": 30}"
BOND_FAST,liq<$10K tp80 sl25 notrail t15m,-19.8,-161.21,-79.19,94,0.5,"[133.74, -161.21, 13.08, -64.8]","[0.469, 0.0, 0.636, 0.214]","{""max_liq"": 10000, ""tp_mult"": 1.8, ""sl_mult"": 0.75, ""trail_pct"": 0.0, ""trail_act"": 0.25, ""timeout_min"": 15}"
BOND_FAST,liq<$10K tp80 sl25 notrail t20m,-33.73,-161.21,-134.93,94,0.25,"[154.47, -161.21, -70.54, -57.65]","[0.469, 0.0, 0.091, 0.214]","{""max_liq"": 10000, ""tp_mult"": 1.8, ""sl_mult"": 0.75, ""trail_pct"": 0.0, ""trail_act"": 0.25, ""timeout_min"": 20}"
BOND_FAST,liq<$10K tp80 sl25 notrail t30m,-162.93,-255.14,-651.7,94,0.0,"[-91.98, -255.14, -153.71, -150.87]","[0.344, 0.0, 0.091, 0.0]","{""max_liq"": 10000, ""tp_mult"": 1.8, ""sl_mult"": 0.75, ""trail_pct"": 0.0, ""trail_act"": 0.25, ""timeout_min"": 30}"
BOND_FAST,liq<$10K tp80 sl25 trail10@15 t15m,-23.84,-161.21,-95.38,94,0.5,"[66.15, -161.21, 64.49, -64.8]","[0.562, 0.0, 0.864, 0.214]","{""max_liq"": 10000, ""tp_mult"": 1.8, ""sl_mult"": 0.75, ""trail_pct"": 0.1, ""trail_act"": 0.15, ""timeout_min"": 15}"
BOND_FAST,liq<$10K tp80 sl25 trail10@15 t20m,0.89,-161.21,3.57,94,0.5,"[153.86, -161.21, 68.57, -57.65]","[0.562, 0.0, 0.864, 0.214]","{""max_liq"": 10000, ""tp_mult"": 1.8, ""sl_mult"": 0.75, ""trail_pct"": 0.1, ""trail_act"": 0.15, ""timeout_min"": 20}"
BOND_FAST,liq<$10K tp80 sl25 trail10@15 t30m,-33.08,-203.58,-132.29,94,0.5,"[169.4, -203.58, 52.75, -150.87]","[0.688, 0.231, 0.864, 0.0]","{""max_liq"": 10000, ""tp_mult"": 1.8, ""sl_mult"": 0.75, ""trail_pct"": 0.1, ""trail_act"": 0.15, ""timeout_min"": 30}"
BOND_FAST,liq<$10K tp80 sl25 trail10@25 t15m,-26.25,-161.21,-105.02,94,0.5,"[66.15, -161.21, 54.84, -64.8]","[0.562, 0.0, 0.727, 0.214]","{""max_liq"": 10000, ""tp_mult"": 1.8, ""sl_mult"": 0.75, ""trail_pct"": 0.1, ""trail_act"": 0.25, ""timeout_min"": 15}"
BOND_FAST,liq<$10K tp80 sl25 trail10@25 t20m,-5.65,-161.21,-22.6,94,0.5,"[153.86, -161.21, 42.4, -57.65]","[0.562, 0.0, 0.682, 0.214]","{""max_liq"": 10000, ""tp_mult"": 1.8, ""sl_mult"": 0.75, ""trail_pct"": 0.1, ""trail_act"": 0.25, ""timeout_min"": 20}"
BOND_FAST,liq<$10K tp80 sl25 trail10@25 t30m,-48.31,-255.14,-193.23,94,0.5,"[169.4, -255.14, 43.37, -150.87]","[0.688, 0.0, 0.682, 0.0]","{""max_liq"": 10000, ""tp_mult"": 1.8, ""sl_mult"": 0.75, ""trail_pct"": 0.1, ""trail_act"": 0.25, ""timeout_min"": 30}"
BOND_FAST,liq<$10K tp80 sl25 trail15@15 t15m,-44.77,-161.21,-179.08,94,0.5,"[28.83, -161.21, 18.1, -64.8]","[0.5, 0.0, 0.727, 0.214]","{""max_liq"": 10000, ""tp_mult"": 1.8, ""sl_mult"": 0.75, ""trail_pct"": 0.15, ""trail_act"": 0.15, ""timeout_min"": 15}"
BOND_FAST,liq<$10K tp80 sl25 trail15@15 t20m,-28.07,-161.21,-112.26,94,0.5,"[91.87, -161.21, 14.72, -57.65]","[0.5, 0.0, 0.773, 0.214]","{""max_liq"": 10000, ""tp_mult"": 1.8, ""sl_mult"": 0.75, ""trail_pct"": 0.15, ""trail_act"": 0.15, ""timeout_min"": 20}"
BOND_FAST,liq<$10K tp80 sl25 trail15@15 t30m,-68.42,-232.48,-273.68,94,0.5,"[107.42, -232.48, 2.25, -150.87]","[0.625, 0.0, 0.773, 0.0]","{""max_liq"": 10000, ""tp_mult"": 1.8, ""sl_mult"": 0.75, ""trail_pct"": 0.15, ""trail_act"": 0.15, ""timeout_min"": 30}"
BOND_FAST,liq<$10K tp80 sl25 trail15@25 t15m,-45.56,-161.21,-182.24,94,0.5,"[28.83, -161.21, 14.94, -64.8]","[0.5, 0.0, 0.636, 0.214]","{""max_liq"": 10000, ""tp_mult"": 1.8, ""sl_mult"": 0.75, ""trail_pct"": 0.15, ""trail_act"": 0.25, ""timeout_min"": 15}"
BOND_FAST,liq<$10K tp80 sl25 trail15@25 t20m,-30.68,-161.21,-122.7,94,0.5,"[91.87, -161.21, 4.29, -57.65]","[0.5, 0.0, 0.682, 0.214]","{""max_liq"": 10000, ""tp_mult"": 1.8, ""sl_mult"": 0.75, ""trail_pct"": 0.15, ""trail_act"": 0.25, ""timeout_min"": 20}"
BOND_FAST,liq<$10K tp80 sl25 trail15@25 t30m,-73.33,-255.14,-293.33,94,0.5,"[107.42, -255.14, 5.27, -150.87]","[0.625, 0.0, 0.682, 0.0]","{""max_liq"": 10000, ""tp_mult"": 1.8, ""sl_mult"": 0.75, ""trail_pct"": 0.15, ""trail_act"": 0.25, ""timeout_min"": 30}"
BOND_FAST,liq<$10K tp80 sl25 trail20@15 t15m,-51.98,-161.21,-207.93,94,0.5,"[4.99, -161.21, 13.08, -64.8]","[0.5, 0.0, 0.636, 0.214]","{""max_liq"": 10000, ""tp_mult"": 1.8, ""sl_mult"": 0.75, ""trail_pct"": 0.2, ""trail_act"": 0.15, ""timeout_min"": 15}"
BOND_FAST,liq<$10K tp80 sl25 trail20@15 t20m,-52.69,-161.21,-210.74,94,0.25,"[49.22, -161.21, -41.11, -57.65]","[0.5, 0.0, 0.136, 0.214]","{""max_liq"": 10000, ""tp_mult"": 1.8, ""sl_mult"": 0.75, ""trail_pct"": 0.2, ""trail_act"": 0.15, ""timeout_min"": 20}"
BOND_FAST,liq<$10K tp80 sl25 trail20@15 t30m,-104.23,-255.14,-416.93,94,0.25,"[21.91, -255.14, -32.84, -150.87]","[0.594, 0.0, 0.136, 0.0]","{""max_liq"": 10000, ""tp_mult"": 1.8, ""sl_mult"": 0.75, ""trail_pct"": 0.2, ""trail_act"": 0.15, ""timeout_min"": 30}"
BOND_FAST,liq<$10K tp80 sl25 trail20@25 t15m,-51.98,-161.21,-207.93,94,0.5,"[4.99, -161.21, 13.08, -64.8]","[0.5, 0.0, 0.636, 0.214]","{""max_liq"": 10000, ""tp_mult"": 1.8, ""sl_mult"": 0.75, ""trail_pct"": 0.2, ""trail_act"": 0.25, ""timeout_min"": 15}"
BOND_FAST,liq<$10K tp80 sl25 trail20@25 t20m,-52.69,-161.21,-210.74,94,0.25,"[49.22, -161.21, -41.11, -57.65]","[0.5, 0.0, 0.136, 0.214]","{""max_liq"": 10000, ""tp_mult"": 1.8, ""sl_mult"": 0.75, ""trail_pct"": 0.2, ""trail_act"": 0.25, ""timeout_min"": 20}"
BOND_FAST,liq<$10K tp80 sl25 trail20@25 t30m,-104.23,-255.14,-416.93,94,0.25,"[21.91, -255.14, -32.84, -150.87]","[0.594, 0.0, 0.136, 0.0]","{""max_liq"": 10000, ""tp_mult"": 1.8, ""sl_mult"": 0.75, ""trail_pct"": 0.2, ""trail_act"": 0.25, ""timeout_min"": 30}"
BOND_FAST,liq<$10K tp80 sl19 notrail t15m,-12.27,-146.12,-49.1,94,0.5,"[148.74, -146.12, 13.08, -64.8]","[0.469, 0.0, 0.636, 0.214]","{""max_liq"": 10000, ""tp_mult"": 1.8, ""sl_mult"": 0.8, ""trail_pct"": 0.0, ""trail_act"": 0.15, ""timeout_min"": 15}"
BOND_FAST,liq<$10K tp80 sl19 notrail t20m,-26.21,-146.12,-104.84,94,0.25,"[169.47, -146.12, -70.54, -57.65]","[0.469, 0.0, 0.091, 0.214]","{""max_liq"": 10000, ""tp_mult"": 1.8, ""sl_mult"": 0.8, ""trail_pct"": 0.0, ""trail_act"": 0.15, ""timeout_min"": 20}"
BOND_FAST,liq<$10K tp80 sl19 notrail t30m,-152.89,-240.05,-611.56,94,0.0,"[-76.98, -240.05, -166.14, -128.39]","[0.344, 0.0, 0.091, 0.0]","{""max_liq"": 10000, ""tp_mult"": 1.8, ""sl_mult"": 0.8, ""trail_pct"": 0.0, ""trail_act"": 0.15, ""timeout_min"": 30}"
BOND_FAST,liq<$10K tp80 sl19 notrail t15m,-12.27,-146.12,-49.1,94,0.5,"[148.74, -146.12, 13.08, -64.8]","[0.469, 0.0, 0.636, 0.214]","{""max_liq"": 10000, ""tp_mult"": 1.8, ""sl_mult"": 0.8, ""trail_pct"": 0.0, ""trail_act"": 0.25, ""timeout_min"": 15}"
BOND_FAST,liq<$10K tp80 sl19 notrail t20m,-26.21,-146.12,-104.84,94,0.25,"[169.47, -146.12, -70.54, -57.65]","[0.469, 0.0, 0.091, 0.214]","{""max_liq"": 10000, ""tp_mult"": 1.8, ""sl_mult"": 0.8, ""trail_pct"": 0.0, ""trail_act"": 0.25, ""timeout_min"": 20}"
BOND_FAST,liq<$10K tp80 sl19 notrail t30m,-152.89,-240.05,-611.56,94,0.0,"[-76.98, -240.05, -166.14, -128.39]","[0.344, 0.0, 0.091, 0.0]","{""max_liq"": 10000, ""tp_mult"": 1.8, ""sl_mult"": 0.8, ""trail_pct"": 0.0, ""trail_act"": 0.25, ""timeout_min"": 30}"
BOND_FAST,liq<$10K tp80 sl19 trail10@15 t15m,-16.32,-146.12,-65.29,94,0.5,"[81.15, -146.12, 64.49, -64.8]","[0.562, 0.0, 0.864, 0.214]","{""max_liq"": 10000, ""tp_mult"": 1.8, ""sl_mult"": 0.8, ""trail_pct"": 0.1, ""trail_act"": 0.15, ""timeout_min"": 15}"
BOND_FAST,liq<$10K tp80 sl19 trail10@15 t20m,8.42,-146.12,33.66,94,0.5,"[168.86, -146.12, 68.57, -57.65]","[0.562, 0.0, 0.864, 0.214]","{""max_liq"": 10000, ""tp_mult"": 1.8, ""sl_mult"": 0.8, ""trail_pct"": 0.1, ""trail_act"": 0.15, ""timeout_min"": 20}"
BOND_FAST,liq<$10K tp80 sl19 trail10@15 t30m,-18.98,-188.49,-75.92,94,0.5,"[184.4, -188.49, 56.55, -128.39]","[0.688, 0.231, 0.864, 0.0]","{""max_liq"": 10000, ""tp_mult"": 1.8, ""sl_mult"": 0.8, ""trail_pct"": 0.1, ""trail_act"": 0.15, ""timeout_min"": 30}"
BOND_FAST,liq<$10K tp80 sl19 trail10@25 t15m,-18.73,-146.12,-74.93,94,0.5,"[81.15, -146.12, 54.84, -64.8]","[0.562, 0.0, 0.727, 0.214]","{""max_liq"": 10000, ""tp_mult"": 1.8, ""sl_mult"": 0.8, ""trail_pct"": 0.1, ""trail_act"": 0.25, ""timeout_min"": 15}"
BOND_FAST,liq<$10K tp80 sl19 trail10@25 t20m,1.87,-146.12,7.49,94,0.5,"[168.86, -146.12, 42.4, -57.65]","[0.562, 0.0, 0.682, 0.214]","{""max_liq"": 10000, ""tp_mult"": 1.8, ""sl_mult"": 0.8, ""trail_pct"": 0.1, ""trail_act"": 0.25, ""timeout_min"": 20}"
BOND_FAST,liq<$10K tp80 sl19 trail10@25 t30m,-36.52,-240.05,-146.09,94,0.5,"[184.4, -240.05, 37.94, -128.39]","[0.688, 0.0, 0.682, 0.0]","{""max_liq"": 10000, ""tp_mult"": 1.8, ""sl_mult"": 0.8, ""trail_pct"": 0.1, ""trail_act"": 0.25, ""timeout_min"": 30}"
BOND_FAST,liq<$10K tp80 sl19 trail15@15 t15m,-37.25,-146.12,-148.99,94,0.5,"[43.83, -146.12, 18.1, -64.8]","[0.5, 0.0, 0.727, 0.214]","{""max_liq"": 10000, ""tp_mult"": 1.8, ""sl_mult"": 0.8, ""trail_pct"": 0.15, ""trail_act"": 0.15, ""timeout_min"": 15}"
BOND_FAST,liq<$10K tp80 sl19 trail15@15 t20m,-20.54,-146.12,-82.17,94,0.5,"[106.87, -146.12, 14.72, -57.65]","[0.5, 0.0, 0.773, 0.214]","{""max_liq"": 10000, ""tp_mult"": 1.8, ""sl_mult"": 0.8, ""trail_pct"": 0.15, ""trail_act"": 0.15, ""timeout_min"": 20}"
BOND_FAST,liq<$10K tp80 sl19 trail15@15 t30m,-54.33,-217.39,-217.31,94,0.5,"[122.42, -217.39, 6.05, -128.39]","[0.625, 0.0, 0.773, 0.0]","{""max_liq"": 10000, ""tp_mult"": 1.8, ""sl_mult"": 0.8, ""trail_pct"": 0.15, ""trail_act"": 0.15, ""timeout_min"": 30}"
BOND_FAST,liq<$10K tp80 sl19 trail15@25 t15m,-38.04,-146.12,-152.15,94,0.5,"[43.83, -146.12, 14.94, -64.8]","[0.5, 0.0, 0.636, 0.214]","{""max_liq"": 10000, ""tp_mult"": 1.8, ""sl_mult"": 0.8, ""trail_pct"": 0.15, ""trail_act"": 0.25, ""timeout_min"": 15}"
BOND_FAST,liq<$10K tp80 sl19 trail15@25 t20m,-23.15,-146.12,-92.61,94,0.5,"[106.87, -146.12, 4.29, -57.65]","[0.5, 0.0, 0.682, 0.214]","{""max_liq"": 10000, ""tp_mult"": 1.8, ""sl_mult"": 0.8, ""trail_pct"": 0.15, ""trail_act"": 0.25, ""timeout_min"": 20}"
BOND_FAST,liq<$10K tp80 sl19 trail15@25 t30m,-61.55,-240.05,-246.19,94,0.25,"[122.42, -240.05, -0.16, -128.39]","[0.625, 0.0, 0.682, 0.0]","{""max_liq"": 10000, ""tp_mult"": 1.8, ""sl_mult"": 0.8, ""trail_pct"": 0.15, ""trail_act"": 0.25, ""timeout_min"": 30}"
BOND_FAST,liq<$10K tp80 sl19 trail20@15 t15m,-44.46,-146.12,-177.84,94,0.5,"[19.99, -146.12, 13.08, -64.8]","[0.5, 0.0, 0.636, 0.214]","{""max_liq"": 10000, ""tp_mult"": 1.8, ""sl_mult"": 0.8, ""trail_pct"": 0.2, ""trail_act"": 0.15, ""timeout_min"": 15}"
BOND_FAST,liq<$10K tp80 sl19 trail20@15 t20m,-45.16,-146.12,-180.66,94,0.25,"[64.22, -146.12, -41.11, -57.65]","[0.5, 0.0, 0.136, 0.214]","{""max_liq"": 10000, ""tp_mult"": 1.8, ""sl_mult"": 0.8, ""trail_pct"": 0.2, ""trail_act"": 0.15, ""timeout_min"": 20}"
BOND_FAST,liq<$10K tp80 sl19 trail20@15 t30m,-92.45,-240.05,-369.8,94,0.25,"[36.91, -240.05, -38.27, -128.39]","[0.594, 0.0, 0.136, 0.0]","{""max_liq"": 10000, ""tp_mult"": 1.8, ""sl_mult"": 0.8, ""trail_pct"": 0.2, ""trail_act"": 0.15, ""timeout_min"": 30}"
BOND_FAST,liq<$10K tp80 sl19 trail20@25 t15m,-44.46,-146.12,-177.84,94,0.5,"[19.99, -146.12, 13.08, -64.8]","[0.5, 0.0, 0.636, 0.214]","{""max_liq"": 10000, ""tp_mult"": 1.8, ""sl_mult"": 0.8, ""trail_pct"": 0.2, ""trail_act"": 0.25, ""timeout_min"": 15}"
BOND_FAST,liq<$10K tp80 sl19 trail20@25 t20m,-45.16,-146.12,-180.66,94,0.25,"[64.22, -146.12, -41.11, -57.65]","[0.5, 0.0, 0.136, 0.214]","{""max_liq"": 10000, ""tp_mult"": 1.8, ""sl_mult"": 0.8, ""trail_pct"": 0.2, ""trail_act"": 0.25, ""timeout_min"": 20}"
BOND_FAST,liq<$10K tp80 sl19 trail20@25 t30m,-92.45,-240.05,-369.8,94,0.25,"[36.91, -240.05, -38.27, -128.39]","[0.594, 0.0, 0.136, 0.0]","{""max_liq"": 10000, ""tp_mult"": 1.8, ""sl_mult"": 0.8, ""trail_pct"": 0.2, ""trail_act"": 0.25, ""timeout_min"": 30}"
PEAK_TRAIL_V2,tiers10/18/30/45 act15 sl50 t30m,-20.58,-268.3,-82.32,128,0.75,"[122.9, -268.3, 47.35, 15.73]","[0.688, 0.375, 0.719, 0.562]","{""tiers"": [[1.3, 0.1], [1.8, 0.18], [3.0, 0.3], [6.0, 0.45]], ""trail_act"": 0.15, ""sl_mult"": 0.5, ""timeout_min"": 30}"
PEAK_TRAIL_V2,tiers10/18/30/45 act15 sl50 t60m,24.64,-214.88,98.59,128,0.75,"[117.77, -214.88, 63.97, 131.72]","[0.562, 0.375, 0.719, 0.562]","{""tiers"": [[1.3, 0.1], [1.8, 0.18], [3.0, 0.3], [6.0, 0.45]], ""trail_act"": 0.15, ""sl_mult"": 0.5, ""timeout_min"": 60}"
PEAK_TRAIL_V2,tiers10/18/30/45 act15 sl50 t90m,24.79,-231.83,99.17,128,0.75,"[110.0, -231.83, 63.97, 157.02]","[0.562, 0.375, 0.719, 0.625]","{""tiers"": [[1.3, 0.1], [1.8, 0.18], [3.0, 0.3], [6.0, 0.45]], ""trail_act"": 0.15, ""sl_mult"": 0.5, ""timeout_min"": 90}"
PEAK_TRAIL_V2,tiers10/18/30/45 act15 sl40 t30m,-12.66,-238.12,-50.64,128,0.75,"[124.4, -238.12, 47.35, 15.73]","[0.688, 0.375, 0.719, 0.562]","{""tiers"": [[1.3, 0.1], [1.8, 0.18], [3.0, 0.3], [6.0, 0.45]], ""trail_act"": 0.15, ""sl_mult"": 0.6, ""timeout_min"": 30}"
PEAK_TRAIL_V2,tiers10/18/30/45 act15 sl40 t60m,33.91,-184.7,135.63,128,0.75,"[119.45, -184.7, 69.15, 131.72]","[0.562, 0.375, 0.719, 0.562]","{""tiers"": [[1.3, 0.1], [1.8, 0.18], [3.0, 0.3], [6.0, 0.45]], ""trail_act"": 0.15, ""sl_mult"": 0.6, ""timeout_min"": 60}"
PEAK_TRAIL_V2,tiers10/18/30/45 act15 sl40 t90m,35.34,-201.65,141.38,128,0.75,"[116.86, -201.65, 69.15, 157.02]","[0.562, 0.375, 0.719, 0.625]","{""tiers"": [[1.3, 0.1], [1.8, 0.18], [3.0, 0.3], [6.0, 0.45]], ""trail_act"": 0.15, ""sl_mult"": 0.6, ""timeout_min"": 90}"
PEAK_TRAIL_V2,tiers10/18/30/45 act15 sl30 t30m,-5.86,-207.94,-23.46,128,0.75,"[154.4, -207.94, 14.35, 15.73]","[0.688, 0.375, 0.719, 0.562]","{""tiers"": [[1.3, 0.1], [1.8, 0.18], [3.0, 0.3], [6.0, 0.45]], ""trail_act"": 0.15, ""sl_mult"": 0.7, ""timeout_min"": 30}"
PEAK_TRAIL_V2,tiers10/18/30/45 act15 sl30 t60m,40.16,-154.52,160.66,128,0.75,"[149.63, -154.52, 41.33, 124.22]","[0.562, 0.375, 0.719, 0.562]","{""tiers"": [[1.3, 0.1], [1.8, 0.18], [3.0, 0.3], [6.0, 0.45]], ""trail_act"": 0.15, ""sl_mult"": 0.7, ""timeout_min"": 60}"
PEAK_TRAIL_V2,tiers10/18/30/45 act15 sl30 t90m,36.24,-183.26,144.97,128,0.75,"[152.22, -183.26, 41.33, 134.68]","[0.562, 0.375, 0.719, 0.594]","{""tiers"": [[1.3, 0.1], [1.8, 0.18], [3.0, 0.3], [6.0, 0.45]], ""trail_act"": 0.15, ""sl_mult"": 0.7, ""timeout_min"": 90}"
PEAK_TRAIL_V2,tiers10/18/30/45 act20 sl50 t30m,-54.99,-375.19,-219.96,128,0.75,"[122.9, -375.19, 16.59, 15.73]","[0.688, 0.0, 0.562, 0.562]","{""tiers"": [[1.3, 0.1], [1.8, 0.18], [3.0, 0.3], [6.0, 0.45]], ""trail_act"": 0.2, ""sl_mult"": 0.5, ""timeout_min"": 30}"
PEAK_TRAIL_V2,tiers10/18/30/45 act20 sl50 t60m,15.56,-240.64,62.25,128,0.75,"[117.77, -240.64, 53.39, 131.72]","[0.562, 0.0, 0.562, 0.562]","{""tiers"": [[1.3, 0.1], [1.8, 0.18], [3.0, 0.3], [6.0, 0.45]], ""trail_act"": 0.2, ""sl_mult"": 0.5, ""timeout_min"": 60}"
PEAK_TRAIL_V2,tiers10/18/30/45 act20 sl50 t90m,16.82,-253.15,67.26,128,0.75,"[110.0, -253.15, 53.39, 157.02]","[0.562, 0.0, 0.562, 0.625]","{""tiers"": [[1.3, 0.1], [1.8, 0.18], [3.0, 0.3], [6.0, 0.45]], ""trail_act"": 0.2, ""sl_mult"": 0.5, ""timeout_min"": 90}"
PEAK_TRAIL_V2,tiers10/18/30/45 act20 sl40 t30m,-47.07,-345.01,-188.28,128,0.75,"[124.4, -345.01, 16.59, 15.73]","[0.688, 0.0, 0.562, 0.562]","{""tiers"": [[1.3, 0.1], [1.8, 0.18], [3.0, 0.3], [6.0, 0.45]], ""trail_act"": 0.2, ""sl_mult"": 0.6, ""timeout_min"": 30}"
PEAK_TRAIL_V2,tiers10/18/30/45 act20 sl40 t60m,24.82,-210.46,99.28,128,0.75,"[119.45, -210.46, 58.57, 131.72]","[0.562, 0.0, 0.562, 0.562]","{""tiers"": [[1.3, 0.1], [1.8, 0.18], [3.0, 0.3], [6.0, 0.45]], ""trail_act"": 0.2, ""sl_mult"": 0.6, ""timeout_min"": 60}"
PEAK_TRAIL_V2,tiers10/18/30/45 act20 sl40 t90m,27.37,-222.97,109.48,128,0.75,"[116.86, -222.97, 58.57, 157.02]","[0.562, 0.0, 0.562, 0.625]","{""tiers"": [[1.3, 0.1], [1.8, 0.18], [3.0, 0.3], [6.0, 0.45]], ""trail_act"": 0.2, ""sl_mult"": 0.6, ""timeout_min"": 90}"
PEAK_TRAIL_V2,tiers10/18/30/45 act20 sl30 t30m,-40.28,-314.83,-161.1,128,0.5,"[154.4, -314.83, -16.41, 15.73]","[0.688, 0.0, 0.562, 0.562]","{""tiers"": [[1.3, 0.1], [1.8, 0.18], [3.0, 0.3], [6.0, 0.45]], ""trail_act"": 0.2, ""sl_mult"": 0.7, ""timeout_min"": 30}"
PEAK_TRAIL_V2,tiers10/18/30/45 act20 sl30 t60m,31.08,-180.28,124.32,128,0.75,"[149.63, -180.28, 30.74, 124.22]","[0.562, 0.0, 0.562, 0.562]","{""tiers"": [[1.3, 0.1], [1.8, 0.18], [3.0, 0.3], [6.0, 0.45]], ""trail_act"": 0.2, ""sl_mult"": 0.7, ""timeout_min"": 60}"
PEAK_TRAIL_V2,tiers10/18/30/45 act20 sl30 t90m,23.64,-223.08,94.57,128,0.75,"[152.22, -223.08, 30.74, 134.68]","[0.562, 0.0, 0.562, 0.594]","{""tiers"": [[1.3, 0.1], [1.8, 0.18], [3.0, 0.3], [6.0, 0.45]], ""trail_act"": 0.2, ""sl_mult"": 0.7, ""timeout_min"": 90}"
PEAK_TRAIL_V2,tiers10/18/30/45 act25 sl50 t30m,-56.66,-375.19,-226.62,128,0.75,"[122.9, -375.19, 9.94, 15.73]","[0.688, 0.0, 0.469, 0.562]","{""tiers"": [[1.3, 0.1], [1.8, 0.18], [3.0, 0.3], [6.0, 0.45]], ""trail_act"": 0.25, ""sl_mult"": 0.5, ""timeout_min"": 30}"
PEAK_TRAIL_V2,tiers10/18/30/45 act25 sl50 t60m,12.41,-240.64,49.65,128,0.75,"[117.77, -240.64, 40.79, 131.72]","[0.562, 0.0, 0.406, 0.562]","{""tiers"": [[1.3, 0.1], [1.8, 0.18], [3.0, 0.3], [6.0, 0.45]], ""trail_act"": 0.25, ""sl_mult"": 0.5, ""timeout_min"": 60}"
PEAK_TRAIL_V2,tiers10/18/30/45 act25 sl50 t90m,10.2,-253.15,40.81,128,0.75,"[110.0, -253.15, 26.93, 157.02]","[0.562, 0.0, 0.406, 0.625]","{""tiers"": [[1.3, 0.1], [1.8, 0.18], [3.0, 0.3], [6.0, 0.45]], ""trail_act"": 0.25, ""sl_mult"": 0.5, ""timeout_min"": 90}"
PEAK_TRAIL_V2,tiers10/18/30/45 act25 sl40 t30m,-48.73,-345.01,-194.94,128,0.75,"[124.4, -345.01, 9.94, 15.73]","[0.688, 0.0, 0.469, 0.562]","{""tiers"": [[1.3, 0.1], [1.8, 0.18], [3.0, 0.3], [6.0, 0.45]], ""trail_act"": 0.25, ""sl_mult"": 0.6, ""timeout_min"": 30}"
PEAK_TRAIL_V2,tiers10/18/30/45 act25 sl40 t60m,21.67,-210.46,86.69,128,0.75,"[119.45, -210.46, 45.97, 131.72]","[0.562, 0.0, 0.406, 0.562]","{""tiers"": [[1.3, 0.1], [1.8, 0.18], [3.0, 0.3], [6.0, 0.45]], ""trail_act"": 0.25, ""sl_mult"": 0.6, ""timeout_min"": 60}"
PEAK_TRAIL_V2,tiers10/18/30/45 act25 sl40 t90m,20.76,-222.97,83.02,128,0.75,"[116.86, -222.97, 32.11, 157.02]","[0.562, 0.0, 0.406, 0.625]","{""tiers"": [[1.3, 0.1], [1.8, 0.18], [3.0, 0.3], [6.0, 0.45]], ""trail_act"": 0.25, ""sl_mult"": 0.6, ""timeout_min"": 90}"
PEAK_TRAIL_V2,tiers10/18/30/45 act25 sl30 t30m,-41.94,-314.83,-167.76,128,0.5,"[154.4, -314.83, -23.06, 15.73]","[0.688, 0.0, 0.469, 0.562]","{""tiers"": [[1.3, 0.1], [1.8, 0.18], [3.0, 0.3], [6.0, 0.45]], ""trail_act"": 0.25, ""sl_mult"": 0.7, ""timeout_min"": 30}"
PEAK_TRAIL_V2,tiers10/18/30/45 act25 sl30 t60m,27.93,-180.28,111.72,128,0.75,"[149.63, -180.28, 18.15, 124.22]","[0.562, 0.0, 0.406, 0.562]","{""tiers"": [[1.3, 0.1], [1.8, 0.18], [3.0, 0.3], [6.0, 0.45]], ""trail_act"": 0.25, ""sl_mult"": 0.7, ""timeout_min"": 60}"
PEAK_TRAIL_V2,tiers10/18/30/45 act25 sl30 t90m,17.03,-223.08,68.11,128,0.75,"[152.22, -223.08, 4.29, 134.68]","[0.562, 0.0, 0.406, 0.594]","{""tiers"": [[1.3, 0.1], [1.8, 0.18], [3.0, 0.3], [6.0, 0.45]], ""trail_act"": 0.25, ""sl_mult"": 0.7, ""timeout_min"": 90}"
PEAK_TRAIL_V2,tiers10/18/30/55 act15 sl50 t30m,-20.58,-268.3,-82.32,128,0.75,"[122.9, -268.3, 47.35, 15.73]","[0.688, 0.375, 0.719, 0.562]","{""tiers"": [[1.3, 0.1], [1.8, 0.18], [3.0, 0.3], [6.0, 0.55]], ""trail_act"": 0.15, ""sl_mult"": 0.5, ""timeout_min"": 30}"
PEAK_TRAIL_V2,tiers10/18/30/55 act15 sl50 t60m,24.64,-214.88,98.59,128,0.75,"[117.77, -214.88, 63.97, 131.72]","[0.562, 0.375, 0.719, 0.562]","{""tiers"": [[1.3, 0.1], [1.8, 0.18], [3.0, 0.3], [6.0, 0.55]], ""trail_act"": 0.15, ""sl_mult"": 0.5, ""timeout_min"": 60}"
PEAK_TRAIL_V2,tiers10/18/30/55 act15 sl50 t90m,24.79,-231.83,99.17,128,0.75,"[110.0, -231.83, 63.97, 157.02]","[0.562, 0.375, 0.719, 0.625]","{""tiers"": [[1.3, 0.1], [1.8, 0.18], [3.0, 0.3], [6.0, 0.55]], ""trail_act"": 0.15, ""sl_mult"": 0.5, ""timeout_min"": 90}"
PEAK_TRAIL_V2,tiers10/18/30/55 act15 sl40 t30m,-12.66,-238.12,-50.64,128,0.75,"[124.4, -238.12, 47.35, 15.73]","[0.688, 0.375, 0.719, 0.562]","{""tiers"": [[1.3, 0.1], [1.8, 0.18], [3.0, 0.3], [6.0, 0.55]], ""trail_act"": 0.15, ""sl_mult"": 0.6, ""timeout_min"": 30}"
PEAK_TRAIL_V2,tiers10/18/30/55 act15 sl40 t60m,33.91,-184.7,135.63,128,0.75,"[119.45, -184.7, 69.15, 131.72]","[0.562, 0.375, 0.719, 0.562]","{""tiers"": [[1.3, 0.1], [1.8, 0.18], [3.0, 0.3], [6.0, 0.55]], ""trail_act"": 0.15, ""sl_mult"": 0.6, ""timeout_min"": 60}"
PEAK_TRAIL_V2,tiers10/18/30/55 act15 sl40 t90m,35.34,-201.65,141.38,128,0.75,"[116.86, -201.65, 69.15, 157.02]","[0.562, 0.375, 0.719, 0.625]","{""tiers"": [[1.3, 0.1], [1.8, 0.18], [3.0, 0.3], [6.0, 0.55]], ""trail_act"": 0.15, ""sl_mult"": 0.6, ""timeout_min"": 90}"
PEAK_TRAIL_V2,tiers10/18/30/55 act15 sl30 t30m,-5.86,-207.94,-23.46,128,0.75,"[154.4, -207.94, 14.35, 15.73]","[0.688, 0.375, 0.719, 0.562]","{""tiers"": [[1.3, 0.1], [1.8, 0.18], [3.0, 0.3], [6.0, 0.55]], ""trail_act"": 0.15, ""sl_mult"": 0.7, ""timeout_min"": 30}"
PEAK_TRAIL_V2,tiers10/18/30/55 act15 sl30 t60m,40.16,-154.52,160.66,128,0.75,"[149.63, -154.52, 41.33, 124.22]","[0.562, 0.375, 0.719, 0.562]","{""tiers"": [[1.3, 0.1], [1.8, 0.18], [3.0, 0.3], [6.0, 0.55]], ""trail_act"": 0.15, ""sl_mult"": 0.7, ""timeout_min"": 60}"
PEAK_TRAIL_V2,tiers10/18/30/55 act15 sl30 t90m,36.24,-183.26,144.97,128,0.75,"[152.22, -183.26, 41.33, 134.68]","[0.562, 0.375, 0.719, 0.594]","{""tiers"": [[1.3, 0.1], [1.8, 0.18], [3.0, 0.3], [6.0, 0.55]], ""trail_act"": 0.15, ""sl_mult"": 0.7, ""timeout_min"": 90}"
PEAK_TRAIL_V2,tiers10/18/30/55 act20 sl50 t30m,-54.99,-375.19,-219.96,128,0.75,"[122.9, -375.19, 16.59, 15.73]","[0.688, 0.0, 0.562, 0.562]","{""tiers"": [[1.3, 0.1], [1.8, 0.18], [3.0, 0.3], [6.0, 0.55]], ""trail_act"": 0.2, ""sl_mult"": 0.5, ""timeout_min"": 30}"
PEAK_TRAIL_V2,tiers10/18/30/55 act20 sl50 t60m,15.56,-240.64,62.25,128,0.75,"[117.77, -240.64, 53.39, 131.72]","[0.562, 0.0, 0.562, 0.562]","{""tiers"": [[1.3, 0.1], [1.8, 0.18], [3.0, 0.3], [6.0, 0.55]], ""trail_act"": 0.2, ""sl_mult"": 0.5, ""timeout_min"": 60}"
PEAK_TRAIL_V2,tiers10/18/30/55 act20 sl50 t90m,16.82,-253.15,67.26,128,0.75,"[110.0, -253.15, 53.39, 157.02]","[0.562, 0.0, 0.562, 0.625]","{""tiers"": [[1.3, 0.1], [1.8, 0.18], [3.0, 0.3], [6.0, 0.55]], ""trail_act"": 0.2, ""sl_mult"": 0.5, ""timeout_min"": 90}"
PEAK_TRAIL_V2,tiers10/18/30/55 act20 sl40 t30m,-47.07,-345.01,-188.28,128,0.75,"[124.4, -345.01, 16.59, 15.73]","[0.688, 0.0, 0.562, 0.562]","{""tiers"": [[1.3, 0.1], [1.8, 0.18], [3.0, 0.3], [6.0, 0.55]], ""trail_act"": 0.2, ""sl_mult"": 0.6, ""timeout_min"": 30}"
PEAK_TRAIL_V2,tiers10/18/30/55 act20 sl40 t60m,24.82,-210.46,99.28,128,0.75,"[119.45, -210.46, 58.57, 131.72]","[0.562, 0.0, 0.562, 0.562]","{""tiers"": [[1.3, 0.1], [1.8, 0.18], [3.0, 0.3], [6.0, 0.55]], ""trail_act"": 0.2, ""sl_mult"": 0.6, ""timeout_min"": 60}"
PEAK_TRAIL_V2,tiers10/18/30/55 act20 sl40 t90m,27.37,-222.97,109.48,128,0.75,"[116.86, -222.97, 58.57, 157.02]","[0.562, 0.0, 0.562, 0.625]","{""tiers"": [[1.3, 0.1], [1.8, 0.18], [3.0, 0.3], [6.0, 0.55]], ""trail_act"": 0.2, ""sl_mult"": 0.6, ""timeout_min"": 90}"
PEAK_TRAIL_V2,tiers10/18/30/55 act20 sl30 t30m,-40.28,-314.83,-161.1,128,0.5,"[154.4, -314.83, -16.41, 15.73]","[0.688, 0.0, 0.562, 0.562]","{""tiers"": [[1.3, 0.1], [1.8, 0.18], [3.0, 0.3], [6.0, 0.55]], ""trail_act"": 0.2, ""sl_mult"": 0.7, ""timeout_min"": 30}"
PEAK_TRAIL_V2,tiers10/18/30/55 act20 sl30 t60m,31.08,-180.28,124.32,128,0.75,"[149.63, -180.28, 30.74, 124.22]","[0.562, 0.0, 0.562, 0.562]","{""tiers"": [[1.3, 0.1], [1.8, 0.18], [3.0, 0.3], [6.0, 0.55]], ""trail_act"": 0.2, ""sl_mult"": 0.7, ""timeout_min"": 60}"
PEAK_TRAIL_V2,tiers10/18/30/55 act20 sl30 t90m,23.64,-223.08,94.57,128,0.75,"[152.22, -223.08, 30.74, 134.68]","[0.562, 0.0, 0.562, 0.594]","{""tiers"": [[1.3, 0.1], [1.8, 0.18], [3.0, 0.3], [6.0, 0.55]], ""trail_act"": 0.2, ""sl_mult"": 0.7, ""timeout_min"": 90}"
PEAK_TRAIL_V2,tiers10/18/30/55 act25 sl50 t30m,-56.66,-375.19,-226.62,128,0.75,"[122.9, -375.19, 9.94, 15.73]","[0.688, 0.0, 0.469, 0.562]","{""tiers"": [[1.3, 0.1], [1.8, 0.18], [3.0, 0.3], [6.0, 0.55]], ""trail_act"": 0.25, ""sl_mult"": 0.5, ""timeout_min"": 30}"
PEAK_TRAIL_V2,tiers10/18/30/55 act25 sl50 t60m,12.41,-240.64,49.65,128,0.75,"[117.77, -240.64, 40.79, 131.72]","[0.562, 0.0, 0.406, 0.562]","{""tiers"": [[1.3, 0.1], [1.8, 0.18], [3.0, 0.3], [6.0, 0.55]], ""trail_act"": 0.25, ""sl_mult"": 0.5, ""timeout_min"": 60}"
PEAK_TRAIL_V2,tiers10/18/30/55 act25 sl50 t90m,10.2,-253.15,40.81,128,0.75,"[110.0, -253.15, 26.93, 157.02]","[0.562, 0.0, 0.406, 0.625]","{""tiers"": [[1.3, 0.1], [1.8, 0.18], [3.0, 0.3], [6.0, 0.55]], ""trail_act"": 0.25, ""sl_mult"": 0.5, ""timeout_min"": 90}"
PEAK_TRAIL_V2,tiers10/18/30/55 act25 sl40 t30m,-48.73,-345.01,-194.94,128,0.75,"[124.4, -345.01, 9.94, 15.73]","[0.688, 0.0, 0.469, 0.562]","{""tiers"": [[1.3, 0.1], [1.8, 0.18], [3.0, 0.3], [6.0, 0.55]], ""trail_act"": 0.25, ""sl_mult"": 0.6, ""timeout_min"": 30}"
PEAK_TRAIL_V2,tiers10/18/30/55 act25 sl40 t60m,21.67,-210.46,86.69,128,0.75,"[119.45, -210.46, 45.97, 131.72]","[0.562, 0.0, 0.406, 0.562]","{""tiers"": [[1.3, 0.1], [1.8, 0.18], [3.0, 0.3], [6.0, 0.55]], ""trail_act"": 0.25, ""sl_mult"": 0.6, ""timeout_min"": 60}"
PEAK_TRAIL_V2,tiers10/18/30/55 act25 sl40 t90m,20.76,-222.97,83.02,128,0.75,"[116.86, -222.97, 32.11, 157.02]","[0.562, 0.0, 0.406, 0.625]","{""tiers"": [[1.3, 0.1], [1.8, 0.18], [3.0, 0.3], [6.0, 0.55]], ""trail_act"": 0.25, ""sl_mult"": 0.6, ""timeout_min"": 90}"
PEAK_TRAIL_V2,tiers10/18/30/55 act25 sl30 t30m,-41.94,-314.83,-167.76,128,0.5,"[154.4, -314.83, -23.06, 15.73]","[0.688, 0.0, 0.469, 0.562]","{""tiers"": [[1.3, 0.1], [1.8, 0.18], [3.0, 0.3], [6.0, 0.55]], ""trail_act"": 0.25, ""sl_mult"": 0.7, ""timeout_min"": 30}"
PEAK_TRAIL_V2,tiers10/18/30/55 act25 sl30 t60m,27.93,-180.28,111.72,128,0.75,"[149.63, -180.28, 18.15, 124.22]","[0.562, 0.0, 0.406, 0.562]","{""tiers"": [[1.3, 0.1], [1.8, 0.18], [3.0, 0.3], [6.0, 0.55]], ""trail_act"": 0.25, ""sl_mult"": 0.7, ""timeout_min"": 60}"
PEAK_TRAIL_V2,tiers10/18/30/55 act25 sl30 t90m,17.03,-223.08,68.11,128,0.75,"[152.22, -223.08, 4.29, 134.68]","[0.562, 0.0, 0.406, 0.594]","{""tiers"": [[1.3, 0.1], [1.8, 0.18], [3.0, 0.3], [6.0, 0.55]], ""trail_act"": 0.25, ""sl_mult"": 0.7, ""timeout_min"": 90}"
PEAK_TRAIL_V2,tiers10/18/40/45 act15 sl50 t30m,-20.58,-268.3,-82.32,128,0.75,"[122.9, -268.3, 47.35, 15.73]","[0.688, 0.375, 0.719, 0.562]","{""tiers"": [[1.3, 0.1], [1.8, 0.18], [3.0, 0.4], [6.0, 0.45]], ""trail_act"": 0.15, ""sl_mult"": 0.5, ""timeout_min"": 30}"
PEAK_TRAIL_V2,tiers10/18/40/45 act15 sl50 t60m,24.64,-214.88,98.59,128,0.75,"[117.77, -214.88, 63.97, 131.72]","[0.562, 0.375, 0.719, 0.562]","{""tiers"": [[1.3, 0.1], [1.8, 0.18], [3.0, 0.4], [6.0, 0.45]], ""trail_act"": 0.15, ""sl_mult"": 0.5, ""timeout_min"": 60}"
PEAK_TRAIL_V2,tiers10/18/40/45 act15 sl50 t90m,24.79,-231.83,99.17,128,0.75,"[110.0, -231.83, 63.97, 157.02]","[0.562, 0.375, 0.719, 0.625]","{""tiers"": [[1.3, 0.1], [1.8, 0.18], [3.0, 0.4], [6.0, 0.45]], ""trail_act"": 0.15, ""sl_mult"": 0.5, ""timeout_min"": 90}"
PEAK_TRAIL_V2,tiers10/18/40/45 act15 sl40 t30m,-12.66,-238.12,-50.64,128,0.75,"[124.4, -238.12, 47.35, 15.73]","[0.688, 0.375, 0.719, 0.562]","{""tiers"": [[1.3, 0.1], [1.8, 0.18], [3.0, 0.4], [6.0, 0.45]], ""trail_act"": 0.15, ""sl_mult"": 0.6, ""timeout_min"": 30}"
PEAK_TRAIL_V2,tiers10/18/40/45 act15 sl40 t60m,33.91,-184.7,135.63,128,0.75,"[119.45, -184.7, 69.15, 131.72]","[0.562, 0.375, 0.719, 0.562]","{""tiers"": [[1.3, 0.1], [1.8, 0.18], [3.0, 0.4], [6.0, 0.45]], ""trail_act"": 0.15, ""sl_mult"": 0.6, ""timeout_min"": 60}"
PEAK_TRAIL_V2,tiers10/18/40/45 act15 sl40 t90m,35.34,-201.65,141.38,128,0.75,"[116.86, -201.65, 69.15, 157.02]","[0.562, 0.375, 0.719, 0.625]","{""tiers"": [[1.3, 0.1], [1.8, 0.18], [3.0, 0.4], [6.0, 0.45]], ""trail_act"": 0.15, ""sl_mult"": 0.6, ""timeout_min"": 90}"
PEAK_TRAIL_V2,tiers10/18/40/45 act15 sl30 t30m,-5.86,-207.94,-23.46,128,0.75,"[154.4, -207.94, 14.35, 15.73]","[0.688, 0.375, 0.719, 0.562]","{""tiers"": [[1.3, 0.1], [1.8, 0.18], [3.0, 0.4], [6.0, 0.45]], ""trail_act"": 0.15, ""sl_mult"": 0.7, ""timeout_min"": 30}"
PEAK_TRAIL_V2,tiers10/18/40/45 act15 sl30 t60m,40.16,-154.52,160.66,128,0.75,"[149.63, -154.52, 41.33, 124.22]","[0.562, 0.375, 0.719, 0.562]","{""tiers"": [[1.3, 0.1], [1.8, 0.18], [3.0, 0.4], [6.0, 0.45]], ""trail_act"": 0.15, ""sl_mult"": 0.7, ""timeout_min"": 60}"
PEAK_TRAIL_V2,tiers10/18/40/45 act15 sl30 t90m,36.24,-183.26,144.97,128,0.75,"[152.22, -183.26, 41.33, 134.68]","[0.562, 0.375, 0.719, 0.594]","{""tiers"": [[1.3, 0.1], [1.8, 0.18], [3.0, 0.4], [6.0, 0.45]], ""trail_act"": 0.15, ""sl_mult"": 0.7, ""timeout_min"": 90}"
PEAK_TRAIL_V2,tiers10/18/40/45 act20 sl50 t30m,-54.99,-375.19,-219.96,128,0.75,"[122.9, -375.19, 16.59, 15.73]","[0.688, 0.0, 0.562, 0.562]","{""tiers"": [[1.3, 0.1], [1.8, 0.18], [3.0, 0.4], [6.0, 0.45]], ""trail_act"": 0.2, ""sl_mult"": 0.5, ""timeout_min"": 30}"
PEAK_TRAIL_V2,tiers10/18/40/45 act20 sl50 t60m,15.56,-240.64,62.25,128,0.75,"[117.77, -240.64, 53.39, 131.72]","[0.562, 0.0, 0.562, 0.562]","{""tiers"": [[1.3, 0.1], [1.8, 0.18], [3.0, 0.4], [6.0, 0.45]], ""trail_act"": 0.2, ""sl_mult"": 0.5, ""timeout_min"": 60}"
PEAK_TRAIL_V2,tiers10/18/40/45 act20 sl50 t90m,16.82,-253.15,67.26,128,0.75,"[110.0, -253.15, 53.39, 157.02]","[0.562, 0.0, 0.562, 0.625]","{""tiers"": [[1.3, 0.1], [1.8, 0.18], [3.0, 0.4], [6.0, 0.45]], ""trail_act"": 0.2, ""sl_mult"": 0.5, ""timeout_min"": 90}"
PEAK_TRAIL_V2,tiers10/18/40/45 act20 sl40 t30m,-47.07,-345.01,-188.28,128,0.75,"[124.4, -345.01, 16.59, 15.73]","[0.688, 0.0, 0.562, 0.562]","{""tiers"": [[1.3, 0.1], [1.8, 0.18], [3.0, 0.4], [6.0, 0.45]], ""trail_act"": 0.2, ""sl_mult"": 0.6, ""timeout_min"": 30}"
PEAK_TRAIL_V2,tiers10/18/40/45 act20 sl40 t60m,24.82,-210.46,99.28,128,0.75,"[119.45, -210.46, 58.57, 131.72]","[0.562, 0.0, 0.562, 0.562]","{""tiers"": [[1.3, 0.1], [1.8, 0.18], [3.0, 0.4], [6.0, 0.45]], ""trail_act"": 0.2, ""sl_mult"": 0.6, ""timeout_min"": 60}"
PEAK_TRAIL_V2,tiers10/18/40/45 act20 sl40 t90m,27.37,-222.97,109.48,128,0.75,"[116.86, -222.97, 58.57, 157.02]","[0.562, 0.0, 0.562, 0.625]","{""tiers"": [[1.3, 0.1], [1.8, 0.18], [3.0, 0.4], [6.0, 0.45]], ""trail_act"": 0.2, ""sl_mult"": 0.6, ""timeout_min"": 90}"
PEAK_TRAIL_V2,tiers10/18/40/45 act20 sl30 t30m,-40.28,-314.83,-161.1,128,0.5,"[154.4, -314.83, -16.41, 15.73]","[0.688, 0.0, 0.562, 0.562]","{""tiers"": [[1.3, 0.1], [1.8, 0.18], [3.0, 0.4], [6.0, 0.45]], ""trail_act"": 0.2, ""sl_mult"": 0.7, ""timeout_min"": 30}"
PEAK_TRAIL_V2,tiers10/18/40/45 act20 sl30 t60m,31.08,-180.28,124.32,128,0.75,"[149.63, -180.28, 30.74, 124.22]","[0.562, 0.0, 0.562, 0.562]","{""tiers"": [[1.3, 0.1], [1.8, 0.18], [3.0, 0.4], [6.0, 0.45]], ""trail_act"": 0.2, ""sl_mult"": 0.7, ""timeout_min"": 60}"
PEAK_TRAIL_V2,tiers10/18/40/45 act20 sl30 t90m,23.64,-223.08,94.57,128,0.75,"[152.22, -223.08, 30.74, 134.68]","[0.562, 0.0, 0.562, 0.594]","{""tiers"": [[1.3, 0.1], [1.8, 0.18], [3.0, 0.4], [6.0, 0.45]], ""trail_act"": 0.2, ""sl_mult"": 0.7, ""timeout_min"": 90}"
PEAK_TRAIL_V2,tiers10/18/40/45 act25 sl50 t30m,-56.66,-375.19,-226.62,128,0.75,"[122.9, -375.19, 9.94, 15.73]","[0.688, 0.0, 0.469, 0.562]","{""tiers"": [[1.3, 0.1], [1.8, 0.18], [3.0, 0.4], [6.0, 0.45]], ""trail_act"": 0.25, ""sl_mult"": 0.5, ""timeout_min"": 30}"
PEAK_TRAIL_V2,tiers10/18/40/45 act25 sl50 t60m,12.41,-240.64,49.65,128,0.75,"[117.77, -240.64, 40.79, 131.72]","[0.562, 0.0, 0.406, 0.562]","{""tiers"": [[1.3, 0.1], [1.8, 0.18], [3.0, 0.4], [6.0, 0.45]], ""trail_act"": 0.25, ""sl_mult"": 0.5, ""timeout_min"": 60}"
PEAK_TRAIL_V2,tiers10/18/40/45 act25 sl50 t90m,10.2,-253.15,40.81,128,0.75,"[110.0, -253.15, 26.93, 157.02]","[0.562, 0.0, 0.406, 0.625]","{""tiers"": [[1.3, 0.1], [1.8, 0.18], [3.0, 0.4], [6.0, 0.45]], ""trail_act"": 0.25, ""sl_mult"": 0.5, ""timeout_min"": 90}"
PEAK_TRAIL_V2,tiers10/18/40/45 act25 sl40 t30m,-48.73,-345.01,-194.94,128,0.75,"[124.4, -345.01, 9.94, 15.73]","[0.688, 0.0, 0.469, 0.562]","{""tiers"": [[1.3, 0.1], [1.8, 0.18], [3.0, 0.4], [6.0, 0.45]], ""trail_act"": 0.25, ""sl_mult"": 0.6, ""timeout_min"": 30}"
PEAK_TRAIL_V2,tiers10/18/40/45 act25 sl40 t60m,21.67,-210.46,86.69,128,0.75,"[119.45, -210.46, 45.97, 131.72]","[0.562, 0.0, 0.406, 0.562]","{""tiers"": [[1.3, 0.1], [1.8, 0.18], [3.0, 0.4], [6.0, 0.45]], ""trail_act"": 0.25, ""sl_mult"": 0.6, ""timeout_min"": 60}"
PEAK_TRAIL_V2,tiers10/18/40/45 act25 sl40 t90m,20.76,-222.97,83.02,128,0.75,"[116.86, -222.97, 32.11, 157.02]","[0.562, 0.0, 0.406, 0.625]","{""tiers"": [[1.3, 0.1], [1.8, 0.18], [3.0, 0.4], [6.0, 0.45]], ""trail_act"": 0.25, ""sl_mult"": 0.6, ""timeout_min"": 90}"
PEAK_TRAIL_V2,tiers10/18/40/45 act25 sl30 t30m,-41.94,-314.83,-167.76,128,0.5,"[154.4, -314.83, -23.06, 15.73]","[0.688, 0.0, 0.469, 0.562]","{""tiers"": [[1.3, 0.1], [1.8, 0.18], [3.0, 0.4], [6.0, 0.45]], ""trail_act"": 0.25, ""sl_mult"": 0.7, ""timeout_min"": 30}"
PEAK_TRAIL_V2,tiers10/18/40/45 act25 sl30 t60m,27.93,-180.28,111.72,128,0.75,"[149.63, -180.28, 18.15, 124.22]","[0.562, 0.0, 0.406, 0.562]","{""tiers"": [[1.3, 0.1], [1.8, 0.18], [3.0, 0.4], [6.0, 0.45]], ""trail_act"": 0.25, ""sl_mult"": 0.7, ""timeout_min"": 60}"
PEAK_TRAIL_V2,tiers10/18/40/45 act25 sl30 t90m,17.03,-223.08,68.11,128,0.75,"[152.22, -223.08, 4.29, 134.68]","[0.562, 0.0, 0.406, 0.594]","{""tiers"": [[1.3, 0.1], [1.8, 0.18], [3.0, 0.4], [6.0, 0.45]], ""trail_act"": 0.25, ""sl_mult"": 0.7, ""timeout_min"": 90}"
PEAK_TRAIL_V2,tiers10/18/40/55 act15 sl50 t30m,-20.58,-268.3,-82.32,128,0.75,"[122.9, -268.3, 47.35, 15.73]","[0.688, 0.375, 0.719, 0.562]","{""tiers"": [[1.3, 0.1], [1.8, 0.18], [3.0, 0.4], [6.0, 0.55]], ""trail_act"": 0.15, ""sl_mult"": 0.5, ""timeout_min"": 30}"
PEAK_TRAIL_V2,tiers10/18/40/55 act15 sl50 t60m,24.64,-214.88,98.59,128,0.75,"[117.77, -214.88, 63.97, 131.72]","[0.562, 0.375, 0.719, 0.562]","{""tiers"": [[1.3, 0.1], [1.8, 0.18], [3.0, 0.4], [6.0, 0.55]], ""trail_act"": 0.15, ""sl_mult"": 0.5, ""timeout_min"": 60}"
PEAK_TRAIL_V2,tiers10/18/40/55 act15 sl50 t90m,24.79,-231.83,99.17,128,0.75,"[110.0, -231.83, 63.97, 157.02]","[0.562, 0.375, 0.719, 0.625]","{""tiers"": [[1.3, 0.1], [1.8, 0.18], [3.0, 0.4], [6.0, 0.55]], ""trail_act"": 0.15, ""sl_mult"": 0.5, ""timeout_min"": 90}"
PEAK_TRAIL_V2,tiers10/18/40/55 act15 sl40 t30m,-12.66,-238.12,-50.64,128,0.75,"[124.4, -238.12, 47.35, 15.73]","[0.688, 0.375, 0.719, 0.562]","{""tiers"": [[1.3, 0.1], [1.8, 0.18], [3.0, 0.4], [6.0, 0.55]], ""trail_act"": 0.15, ""sl_mult"": 0.6, ""timeout_min"": 30}"
PEAK_TRAIL_V2,tiers10/18/40/55 act15 sl40 t60m,33.91,-184.7,135.63,128,0.75,"[119.45, -184.7, 69.15, 131.72]","[0.562, 0.375, 0.719, 0.562]","{""tiers"": [[1.3, 0.1], [1.8, 0.18], [3.0, 0.4], [6.0, 0.55]], ""trail_act"": 0.15, ""sl_mult"": 0.6, ""timeout_min"": 60}"
PEAK_TRAIL_V2,tiers10/18/40/55 act15 sl40 t90m,35.34,-201.65,141.38,128,0.75,"[116.86, -201.65, 69.15, 157.02]","[0.562, 0.375, 0.719, 0.625]","{""tiers"": [[1.3, 0.1], [1.8, 0.18], [3.0, 0.4], [6.0, 0.55]], ""trail_act"": 0.15, ""sl_mult"": 0.6, ""timeout_min"": 90}"
PEAK_TRAIL_V2,tiers10/18/40/55 act15 sl30 t30m,-5.86,-207.94,-23.46,128,0.75,"[154.4, -207.94, 14.35, 15.73]","[0.688, 0.375, 0.719, 0.562]","{""tiers"": [[1.3, 0.1], [1.8, 0.18], [3.0, 0.4], [6.0, 0.55]], ""trail_act"": 0.15, ""sl_mult"": 0.7, ""timeout_min"": 30}"
PEAK_TRAIL_V2,tiers10/18/40/55 act15 sl30 t60m,40.16,-154.52,160.66,128,0.75,"[149.63, -154.52, 41.33, 124.22]","[0.562, 0.375, 0.719, 0.562]","{""tiers"": [[1.3, 0.1], [1.8, 0.18], [3.0, 0.4], [6.0, 0.55]], ""trail_act"": 0.15, ""sl_mult"": 0.7, ""timeout_min"": 60}"
PEAK_TRAIL_V2,tiers10/18/40/55 act15 sl30 t90m,36.24,-183.26,144.97,128,0.75,"[152.22, -183.26, 41.33, 134.68]","[0.562, 0.375, 0.719, 0.594]","{""tiers"": [[1.3, 0.1], [1.8, 0.18], [3.0, 0.4], [6.0, 0.55]], ""trail_act"": 0.15, ""sl_mult"": 0.7, ""timeout_min"": 90}"
PEAK_TRAIL_V2,tiers10/18/40/55 act20 sl50 t30m,-54.99,-375.19,-219.96,128,0.75,"[122.9, -375.19, 16.59, 15.73]","[0.688, 0.0, 0.562, 0.562]","{""tiers"": [[1.3, 0.1], [1.8, 0.18], [3.0, 0.4], [6.0, 0.55]], ""trail_act"": 0.2, ""sl_mult"": 0.5, ""timeout_min"": 30}"
PEAK_TRAIL_V2,tiers10/18/40/55 act20 sl50 t60m,15.56,-240.64,62.25,128,0.75,"[117.77, -240.64, 53.39, 131.72]","[0.562, 0.0, 0.562, 0.562]","{""tiers"": [[1.3, 0.1], [1.8, 0.18], [3.0, 0.4], [6.0, 0.55]], ""trail_act"": 0.2, ""sl_mult"": 0.5, ""timeout_min"": 60}"
PEAK_TRAIL_V2,tiers10/18/40/55 act20 sl50 t90m,16.82,-253.15,67.26,128,0.75,"[110.0, -253.15, 53.39, 157.02]","[0.562, 0.0, 0.562, 0.625]","{""tiers"": [[1.3, 0.1], [1.8, 0.18], [3.0, 0.4], [6.0, 0.55]], ""trail_act"": 0.2, ""sl_mult"": 0.5, ""timeout_min"": 90}"
PEAK_TRAIL_V2,tiers10/18/40/55 act20 sl40 t30m,-47.07,-345.01,-188.28,128,0.75,"[124.4, -345.01, 16.59, 15.73]","[0.688, 0.0, 0.562, 0.562]","{""tiers"": [[1.3, 0.1], [1.8, 0.18], [3.0, 0.4], [6.0, 0.55]], ""trail_act"": 0.2, ""sl_mult"": 0.6, ""timeout_min"": 30}"
PEAK_TRAIL_V2,tiers10/18/40/55 act20 sl40 t60m,24.82,-210.46,99.28,128,0.75,"[119.45, -210.46, 58.57, 131.72]","[0.562, 0.0, 0.562, 0.562]","{""tiers"": [[1.3, 0.1], [1.8, 0.18], [3.0, 0.4], [6.0, 0.55]], ""trail_act"": 0.2, ""sl_mult"": 0.6, ""timeout_min"": 60}"
PEAK_TRAIL_V2,tiers10/18/40/55 act20 sl40 t90m,27.37,-222.97,109.48,128,0.75,"[116.86, -222.97, 58.57, 157.02]","[0.562, 0.0, 0.562, 0.625]","{""tiers"": [[1.3, 0.1], [1.8, 0.18], [3.0, 0.4], [6.0, 0.55]], ""trail_act"": 0.2, ""sl_mult"": 0.6, ""timeout_min"": 90}"
PEAK_TRAIL_V2,tiers10/18/40/55 act20 sl30 t30m,-40.28,-314.83,-161.1,128,0.5,"[154.4, -314.83, -16.41, 15.73]","[0.688, 0.0, 0.562, 0.562]","{""tiers"": [[1.3, 0.1], [1.8, 0.18], [3.0, 0.4], [6.0, 0.55]], ""trail_act"": 0.2, ""sl_mult"": 0.7, ""timeout_min"": 30}"
PEAK_TRAIL_V2,tiers10/18/40/55 act20 sl30 t60m,31.08,-180.28,124.32,128,0.75,"[149.63, -180.28, 30.74, 124.22]","[0.562, 0.0, 0.562, 0.562]","{""tiers"": [[1.3, 0.1], [1.8, 0.18], [3.0, 0.4], [6.0, 0.55]], ""trail_act"": 0.2, ""sl_mult"": 0.7, ""timeout_min"": 60}"
PEAK_TRAIL_V2,tiers10/18/40/55 act20 sl30 t90m,23.64,-223.08,94.57,128,0.75,"[152.22, -223.08, 30.74, 134.68]","[0.562, 0.0, 0.562, 0.594]","{""tiers"": [[1.3, 0.1], [1.8, 0.18], [3.0, 0.4], [6.0, 0.55]], ""trail_act"": 0.2, ""sl_mult"": 0.7, ""timeout_min"": 90}"
PEAK_TRAIL_V2,tiers10/18/40/55 act25 sl50 t30m,-56.66,-375.19,-226.62,128,0.75,"[122.9, -375.19, 9.94, 15.73]","[0.688, 0.0, 0.469, 0.562]","{""tiers"": [[1.3, 0.1], [1.8, 0.18], [3.0, 0.4], [6.0, 0.55]], ""trail_act"": 0.25, ""sl_mult"": 0.5, ""timeout_min"": 30}"
PEAK_TRAIL_V2,tiers10/18/40/55 act25 sl50 t60m,12.41,-240.64,49.65,128,0.75,"[117.77, -240.64, 40.79, 131.72]","[0.562, 0.0, 0.406, 0.562]","{""tiers"": [[1.3, 0.1], [1.8, 0.18], [3.0, 0.4], [6.0, 0.55]], ""trail_act"": 0.25, ""sl_mult"": 0.5, ""timeout_min"": 60}"
PEAK_TRAIL_V2,tiers10/18/40/55 act25 sl50 t90m,10.2,-253.15,40.81,128,0.75,"[110.0, -253.15, 26.93, 157.02]","[0.562, 0.0, 0.406, 0.625]","{""tiers"": [[1.3, 0.1], [1.8, 0.18], [3.0, 0.4], [6.0, 0.55]], ""trail_act"": 0.25, ""sl_mult"": 0.5, ""timeout_min"": 90}"
PEAK_TRAIL_V2,tiers10/18/40/55 act25 sl40 t30m,-48.73,-345.01,-194.94,128,0.75,"[124.4, -345.01, 9.94, 15.73]","[0.688, 0.0, 0.469, 0.562]","{""tiers"": [[1.3, 0.1], [1.8, 0.18], [3.0, 0.4], [6.0, 0.55]], ""trail_act"": 0.25, ""sl_mult"": 0.6, ""timeout_min"": 30}"
PEAK_TRAIL_V2,tiers10/18/40/55 act25 sl40 t60m,21.67,-210.46,86.69,128,0.75,"[119.45, -210.46, 45.97, 131.72]","[0.562, 0.0, 0.406, 0.562]","{""tiers"": [[1.3, 0.1], [1.8, 0.18], [3.0, 0.4], [6.0, 0.55]], ""trail_act"": 0.25, ""sl_mult"": 0.6, ""timeout_min"": 60}"
PEAK_TRAIL_V2,tiers10/18/40/55 act25 sl40 t90m,20.76,-222.97,83.02,128,0.75,"[116.86, -222.97, 32.11, 157.02]","[0.562, 0.0, 0.406, 0.625]","{""tiers"": [[1.3, 0.1], [1.8, 0.18], [3.0, 0.4], [6.0, 0.55]], ""trail_act"": 0.25, ""sl_mult"": 0.6, ""timeout_min"": 90}"
PEAK_TRAIL_V2,tiers10/18/40/55 act25 sl30 t30m,-41.94,-314.83,-167.76,128,0.5,"[154.4, -314.83, -23.06, 15.73]","[0.688, 0.0, 0.469, 0.562]","{""tiers"": [[1.3, 0.1], [1.8, 0.18], [3.0, 0.4], [6.0, 0.55]], ""trail_act"": 0.25, ""sl_mult"": 0.7, ""timeout_min"": 30}"
PEAK_TRAIL_V2,tiers10/18/40/55 act25 sl30 t60m,27.93,-180.28,111.72,128,0.75,"[149.63, -180.28, 18.15, 124.22]","[0.562, 0.0, 0.406, 0.562]","{""tiers"": [[1.3, 0.1], [1.8, 0.18], [3.0, 0.4], [6.0, 0.55]], ""trail_act"": 0.25, ""sl_mult"": 0.7, ""timeout_min"": 60}"
PEAK_TRAIL_V2,tiers10/18/40/55 act25 sl30 t90m,17.03,-223.08,68.11,128,0.75,"[152.22, -223.08, 4.29, 134.68]","[0.562, 0.0, 0.406, 0.594]","{""tiers"": [[1.3, 0.1], [1.8, 0.18], [3.0, 0.4], [6.0, 0.55]], ""trail_act"": 0.25, ""sl_mult"": 0.7, ""timeout_min"": 90}"
PEAK_TRAIL_V2,tiers10/25/30/45 act15 sl50 t30m,-20.58,-268.3,-82.32,128,0.75,"[122.9, -268.3, 47.35, 15.73]","[0.688, 0.375, 0.719, 0.562]","{""tiers"": [[1.3, 0.1], [1.8, 0.25], [3.0, 0.3], [6.0, 0.45]], ""trail_act"": 0.15, ""sl_mult"": 0.5, ""timeout_min"": 30}"
PEAK_TRAIL_V2,tiers10/25/30/45 act15 sl50 t60m,24.64,-214.88,98.59,128,0.75,"[117.77, -214.88, 63.97, 131.72]","[0.562, 0.375, 0.719, 0.562]","{""tiers"": [[1.3, 0.1], [1.8, 0.25], [3.0, 0.3], [6.0, 0.45]], ""trail_act"": 0.15, ""sl_mult"": 0.5, ""timeout_min"": 60}"
PEAK_TRAIL_V2,tiers10/25/30/45 act15 sl50 t90m,24.79,-231.83,99.17,128,0.75,"[110.0, -231.83, 63.97, 157.02]","[0.562, 0.375, 0.719, 0.625]","{""tiers"": [[1.3, 0.1], [1.8, 0.25], [3.0, 0.3], [6.0, 0.45]], ""trail_act"": 0.15, ""sl_mult"": 0.5, ""timeout_min"": 90}"
PEAK_TRAIL_V2,tiers10/25/30/45 act15 sl40 t30m,-12.66,-238.12,-50.64,128,0.75,"[124.4, -238.12, 47.35, 15.73]","[0.688, 0.375, 0.719, 0.562]","{""tiers"": [[1.3, 0.1], [1.8, 0.25], [3.0, 0.3], [6.0, 0.45]], ""trail_act"": 0.15, ""sl_mult"": 0.6, ""timeout_min"": 30}"
PEAK_TRAIL_V2,tiers10/25/30/45 act15 sl40 t60m,33.91,-184.7,135.63,128,0.75,"[119.45, -184.7, 69.15, 131.72]","[0.562, 0.375, 0.719, 0.562]","{""tiers"": [[1.3, 0.1], [1.8, 0.25], [3.0, 0.3], [6.0, 0.45]], ""trail_act"": 0.15, ""sl_mult"": 0.6, ""timeout_min"": 60}"
PEAK_TRAIL_V2,tiers10/25/30/45 act15 sl40 t90m,35.34,-201.65,141.38,128,0.75,"[116.86, -201.65, 69.15, 157.02]","[0.562, 0.375, 0.719, 0.625]","{""tiers"": [[1.3, 0.1], [1.8, 0.25], [3.0, 0.3], [6.0, 0.45]], ""trail_act"": 0.15, ""sl_mult"": 0.6, ""timeout_min"": 90}"
PEAK_TRAIL_V2,tiers10/25/30/45 act15 sl30 t30m,-5.86,-207.94,-23.46,128,0.75,"[154.4, -207.94, 14.35, 15.73]","[0.688, 0.375, 0.719, 0.562]","{""tiers"": [[1.3, 0.1], [1.8, 0.25], [3.0, 0.3], [6.0, 0.45]], ""trail_act"": 0.15, ""sl_mult"": 0.7, ""timeout_min"": 30}"
PEAK_TRAIL_V2,tiers10/25/30/45 act15 sl30 t60m,40.16,-154.52,160.66,128,0.75,"[149.63, -154.52, 41.33, 124.22]","[0.562, 0.375, 0.719, 0.562]","{""tiers"": [[1.3, 0.1], [1.8, 0.25], [3.0, 0.3], [6.0, 0.45]], ""trail_act"": 0.15, ""sl_mult"": 0.7, ""timeout_min"": 60}"
PEAK_TRAIL_V2,tiers10/25/30/45 act15 sl30 t90m,36.24,-183.26,144.97,128,0.75,"[152.22, -183.26, 41.33, 134.68]","[0.562, 0.375, 0.719, 0.594]","{""tiers"": [[1.3, 0.1], [1.8, 0.25], [3.0, 0.3], [6.0, 0.45]], ""trail_act"": 0.15, ""sl_mult"": 0.7, ""timeout_min"": 90}"
PEAK_TRAIL_V2,tiers10/25/30/45 act20 sl50 t30m,-54.99,-375.19,-219.96,128,0.75,"[122.9, -375.19, 16.59, 15.73]","[0.688, 0.0, 0.562, 0.562]","{""tiers"": [[1.3, 0.1], [1.8, 0.25], [3.0, 0.3], [6.0, 0.45]], ""trail_act"": 0.2, ""sl_mult"": 0.5, ""timeout_min"": 30}"
PEAK_TRAIL_V2,tiers10/25/30/45 act20 sl50 t60m,15.56,-240.64,62.25,128,0.75,"[117.77, -240.64, 53.39, 131.72]","[0.562, 0.0, 0.562, 0.562]","{""tiers"": [[1.3, 0.1], [1.8, 0.25], [3.0, 0.3], [6.0, 0.45]], ""trail_act"": 0.2, ""sl_mult"": 0.5, ""timeout_min"": 60}"
PEAK_TRAIL_V2,tiers10/25/30/45 act20 sl50 t90m,16.82,-253.15,67.26,128,0.75,"[110.0, -253.15, 53.39, 157.02]","[0.562, 0.0, 0.562, 0.625]","{""tiers"": [[1.3, 0.1], [1.8, 0.25], [3.0, 0.3], [6.0, 0.45]], ""trail_act"": 0.2, ""sl_mult"": 0.5, ""timeout_min"": 90}"
PEAK_TRAIL_V2,tiers10/25/30/45 act20 sl40 t30m,-47.07,-345.01,-188.28,128,0.75,"[124.4, -345.01, 16.59, 15.73]","[0.688, 0.0, 0.562, 0.562]","{""tiers"": [[1.3, 0.1], [1.8, 0.25], [3.0, 0.3], [6.0, 0.45]], ""trail_act"": 0.2, ""sl_mult"": 0.6, ""timeout_min"": 30}"
PEAK_TRAIL_V2,tiers10/25/30/45 act20 sl40 t60m,24.82,-210.46,99.28,128,0.75,"[119.45, -210.46, 58.57, 131.72]","[0.562, 0.0, 0.562, 0.562]","{""tiers"": [[1.3, 0.1], [1.8, 0.25], [3.0, 0.3], [6.0, 0.45]], ""trail_act"": 0.2, ""sl_mult"": 0.6, ""timeout_min"": 60}"
PEAK_TRAIL_V2,tiers10/25/30/45 act20 sl40 t90m,27.37,-222.97,109.48,128,0.75,"[116.86, -222.97, 58.57, 157.02]","[0.562, 0.0, 0.562, 0.625]","{""tiers"": [[1.3, 0.1], [1.8, 0.25], [3.0, 0.3], [6.0, 0.45]], ""trail_act"": 0.2, ""sl_mult"": 0.6, ""timeout_min"": 90}"
PEAK_TRAIL_V2,tiers10/25/30/45 act20 sl30 t30m,-40.28,-314.83,-161.1,128,0.5,"[154.4, -314.83, -16.41, 15.73]","[0.688, 0.0, 0.562, 0.562]","{""tiers"": [[1.3, 0.1], [1.8, 0.25], [3.0, 0.3], [6.0, 0.45]], ""trail_act"": 0.2, ""sl_mult"": 0.7, ""timeout_min"": 30}"
PEAK_TRAIL_V2,tiers10/25/30/45 act20 sl30 t60m,31.08,-180.28,124.32,128,0.75,"[149.63, -180.28, 30.74, 124.22]","[0.562, 0.0, 0.562, 0.562]","{""tiers"": [[1.3, 0.1], [1.8, 0.25], [3.0, 0.3], [6.0, 0.45]], ""trail_act"": 0.2, ""sl_mult"": 0.7, ""timeout_min"": 60}"
PEAK_TRAIL_V2,tiers10/25/30/45 act20 sl30 t90m,23.64,-223.08,94.57,128,0.75,"[152.22, -223.08, 30.74, 134.68]","[0.562, 0.0, 0.562, 0.594]","{""tiers"": [[1.3, 0.1], [1.8, 0.25], [3.0, 0.3], [6.0, 0.45]], ""trail_act"": 0.2, ""sl_mult"": 0.7, ""timeout_min"": 90}"
PEAK_TRAIL_V2,tiers10/25/30/45 act25 sl50 t30m,-56.66,-375.19,-226.62,128,0.75,"[122.9, -375.19, 9.94, 15.73]","[0.688, 0.0, 0.469, 0.562]","{""tiers"": [[1.3, 0.1], [1.8, 0.25], [3.0, 0.3], [6.0, 0.45]], ""trail_act"": 0.25, ""sl_mult"": 0.5, ""timeout_min"": 30}"
PEAK_TRAIL_V2,tiers10/25/30/45 act25 sl50 t60m,12.41,-240.64,49.65,128,0.75,"[117.77, -240.64, 40.79, 131.72]","[0.562, 0.0, 0.406, 0.562]","{""tiers"": [[1.3, 0.1], [1.8, 0.25], [3.0, 0.3], [6.0, 0.45]], ""trail_act"": 0.25, ""sl_mult"": 0.5, ""timeout_min"": 60}"
PEAK_TRAIL_V2,tiers10/25/30/45 act25 sl50 t90m,10.2,-253.15,40.81,128,0.75,"[110.0, -253.15, 26.93, 157.02]","[0.562, 0.0, 0.406, 0.625]","{""tiers"": [[1.3, 0.1], [1.8, 0.25], [3.0, 0.3], [6.0, 0.45]], ""trail_act"": 0.25, ""sl_mult"": 0.5, ""timeout_min"": 90}"
PEAK_TRAIL_V2,tiers10/25/30/45 act25 sl40 t30m,-48.73,-345.01,-194.94,128,0.75,"[124.4, -345.01, 9.94, 15.73]","[0.688, 0.0, 0.469, 0.562]","{""tiers"": [[1.3, 0.1], [1.8, 0.25], [3.0, 0.3], [6.0, 0.45]], ""trail_act"": 0.25, ""sl_mult"": 0.6, ""timeout_min"": 30}"
PEAK_TRAIL_V2,tiers10/25/30/45 act25 sl40 t60m,21.67,-210.46,86.69,128,0.75,"[119.45, -210.46, 45.97, 131.72]","[0.562, 0.0, 0.406, 0.562]","{""tiers"": [[1.3, 0.1], [1.8, 0.25], [3.0, 0.3], [6.0, 0.45]], ""trail_act"": 0.25, ""sl_mult"": 0.6, ""timeout_min"": 60}"
PEAK_TRAIL_V2,tiers10/25/30/45 act25 sl40 t90m,20.76,-222.97,83.02,128,0.75,"[116.86, -222.97, 32.11, 157.02]","[0.562, 0.0, 0.406, 0.625]","{""tiers"": [[1.3, 0.1], [1.8, 0.25], [3.0, 0.3], [6.0, 0.45]], ""trail_act"": 0.25, ""sl_mult"": 0.6, ""timeout_min"": 90}"
PEAK_TRAIL_V2,tiers10/25/30/45 act25 sl30 t30m,-41.94,-314.83,-167.76,128,0.5,"[154.4, -314.83, -23.06, 15.73]","[0.688, 0.0, 0.469, 0.562]","{""tiers"": [[1.3, 0.1], [1.8, 0.25], [3.0, 0.3], [6.0, 0.45]], ""trail_act"": 0.25, ""sl_mult"": 0.7, ""timeout_min"": 30}"
PEAK_TRAIL_V2,tiers10/25/30/45 act25 sl30 t60m,27.93,-180.28,111.72,128,0.75,"[149.63, -180.28, 18.15, 124.22]","[0.562, 0.0, 0.406, 0.562]","{""tiers"": [[1.3, 0.1], [1.8, 0.25], [3.0, 0.3], [6.0, 0.45]], ""trail_act"": 0.25, ""sl_mult"": 0.7, ""timeout_min"": 60}"
PEAK_TRAIL_V2,tiers10/25/30/45 act25 sl30 t90m,17.03,-223.08,68.11,128,0.75,"[152.22, -223.08, 4.29, 134.68]","[0.562, 0.0, 0.406, 0.594]","{""tiers"": [[1.3, 0.1], [1.8, 0.25], [3.0, 0.3], [6.0, 0.45]], ""trail_act"": 0.25, ""sl_mult"": 0.7, ""timeout_min"": 90}"
PEAK_TRAIL_V2,tiers10/25/30/55 act15 sl50 t30m,-20.58,-268.3,-82.32,128,0.75,"[122.9, -268.3, 47.35, 15.73]","[0.688, 0.375, 0.719, 0.562]","{""tiers"": [[1.3, 0.1], [1.8, 0.25], [3.0, 0.3], [6.0, 0.55]], ""trail_act"": 0.15, ""sl_mult"": 0.5, ""timeout_min"": 30}"
PEAK_TRAIL_V2,tiers10/25/30/55 act15 sl50 t60m,24.64,-214.88,98.59,128,0.75,"[117.77, -214.88, 63.97, 131.72]","[0.562, 0.375, 0.719, 0.562]","{""tiers"": [[1.3, 0.1], [1.8, 0.25], [3.0, 0.3], [6.0, 0.55]], ""trail_act"": 0.15, ""sl_mult"": 0.5, ""timeout_min"": 60}"
PEAK_TRAIL_V2,tiers10/25/30/55 act15 sl50 t90m,24.79,-231.83,99.17,128,0.75,"[110.0, -231.83, 63.97, 157.02]","[0.562, 0.375, 0.719, 0.625]","{""tiers"": [[1.3, 0.1], [1.8, 0.25], [3.0, 0.3], [6.0, 0.55]], ""trail_act"": 0.15, ""sl_mult"": 0.5, ""timeout_min"": 90}"
PEAK_TRAIL_V2,tiers10/25/30/55 act15 sl40 t30m,-12.66,-238.12,-50.64,128,0.75,"[124.4, -238.12, 47.35, 15.73]","[0.688, 0.375, 0.719, 0.562]","{""tiers"": [[1.3, 0.1], [1.8, 0.25], [3.0, 0.3], [6.0, 0.55]], ""trail_act"": 0.15, ""sl_mult"": 0.6, ""timeout_min"": 30}"
PEAK_TRAIL_V2,tiers10/25/30/55 act15 sl40 t60m,33.91,-184.7,135.63,128,0.75,"[119.45, -184.7, 69.15, 131.72]","[0.562, 0.375, 0.719, 0.562]","{""tiers"": [[1.3, 0.1], [1.8, 0.25], [3.0, 0.3], [6.0, 0.55]], ""trail_act"": 0.15, ""sl_mult"": 0.6, ""timeout_min"": 60}"
PEAK_TRAIL_V2,tiers10/25/30/55 act15 sl40 t90m,35.34,-201.65,141.38,128,0.75,"[116.86, -201.65, 69.15, 157.02]","[0.562, 0.375, 0.719, 0.625]","{""tiers"": [[1.3, 0.1], [1.8, 0.25], [3.0, 0.3], [6.0, 0.55]], ""trail_act"": 0.15, ""sl_mult"": 0.6, ""timeout_min"": 90}"
PEAK_TRAIL_V2,tiers10/25/30/55 act15 sl30 t30m,-5.86,-207.94,-23.46,128,0.75,"[154.4, -207.94, 14.35, 15.73]","[0.688, 0.375, 0.719, 0.562]","{""tiers"": [[1.3, 0.1], [1.8, 0.25], [3.0, 0.3], [6.0, 0.55]], ""trail_act"": 0.15, ""sl_mult"": 0.7, ""timeout_min"": 30}"
PEAK_TRAIL_V2,tiers10/25/30/55 act15 sl30 t60m,40.16,-154.52,160.66,128,0.75,"[149.63, -154.52, 41.33, 124.22]","[0.562, 0.375, 0.719, 0.562]","{""tiers"": [[1.3, 0.1], [1.8, 0.25], [3.0, 0.3], [6.0, 0.55]], ""trail_act"": 0.15, ""sl_mult"": 0.7, ""timeout_min"": 60}"
PEAK_TRAIL_V2,tiers10/25/30/55 act15 sl30 t90m,36.24,-183.26,144.97,128,0.75,"[152.22, -183.26, 41.33, 134.68]","[0.562, 0.375, 0.719, 0.594]","{""tiers"": [[1.3, 0.1], [1.8, 0.25], [3.0, 0.3], [6.0, 0.55]], ""trail_act"": 0.15, ""sl_mult"": 0.7, ""timeout_min"": 90}"
PEAK_TRAIL_V2,tiers10/25/30/55 act20 sl50 t30m,-54.99,-375.19,-219.96,128,0.75,"[122.9, -375.19, 16.59, 15.73]","[0.688, 0.0, 0.562, 0.562]","{""tiers"": [[1.3, 0.1], [1.8, 0.25], [3.0, 0.3], [6.0, 0.55]], ""trail_act"": 0.2, ""sl_mult"": 0.5, ""timeout_min"": 30}"
PEAK_TRAIL_V2,tiers10/25/30/55 act20 sl50 t60m,15.56,-240.64,62.25,128,0.75,"[117.77, -240.64, 53.39, 131.72]","[0.562, 0.0, 0.562, 0.562]","{""tiers"": [[1.3, 0.1], [1.8, 0.25], [3.0, 0.3], [6.0, 0.55]], ""trail_act"": 0.2, ""sl_mult"": 0.5, ""timeout_min"": 60}"
PEAK_TRAIL_V2,tiers10/25/30/55 act20 sl50 t90m,16.82,-253.15,67.26,128,0.75,"[110.0, -253.15, 53.39, 157.02]","[0.562, 0.0, 0.562, 0.625]","{""tiers"": [[1.3, 0.1], [1.8, 0.25], [3.0, 0.3], [6.0, 0.55]], ""trail_act"": 0.2, ""sl_mult"": 0.5, ""timeout_min"": 90}"
PEAK_TRAIL_V2,tiers10/25/30/55 act20 sl40 t30m,-47.07,-345.01,-188.28,128,0.75,"[124.4, -345.01, 16.59, 15.73]","[0.688, 0.0, 0.562, 0.562]","{""tiers"": [[1.3, 0.1], [1.8, 0.25], [3.0, 0.3], [6.0, 0.55]], ""trail_act"": 0.2, ""sl_mult"": 0.6, ""timeout_min"": 30}"
PEAK_TRAIL_V2,tiers10/25/30/55 act20 sl40 t60m,24.82,-210.46,99.28,128,0.75,"[119.45, -210.46, 58.57, 131.72]","[0.562, 0.0, 0.562, 0.562]","{""tiers"": [[1.3, 0.1], [1.8, 0.25], [3.0, 0.3], [6.0, 0.55]], ""trail_act"": 0.2, ""sl_mult"": 0.6, ""timeout_min"": 60}"
PEAK_TRAIL_V2,tiers10/25/30/55 act20 sl40 t90m,27.37,-222.97,109.48,128,0.75,"[116.86, -222.97, 58.57, 157.02]","[0.562, 0.0, 0.562, 0.625]","{""tiers"": [[1.3, 0.1], [1.8, 0.25], [3.0, 0.3], [6.0, 0.55]], ""trail_act"": 0.2, ""sl_mult"": 0.6, ""timeout_min"": 90}"
PEAK_TRAIL_V2,tiers10/25/30/55 act20 sl30 t30m,-40.28,-314.83,-161.1,128,0.5,"[154.4, -314.83, -16.41, 15.73]","[0.688, 0.0, 0.562, 0.562]","{""tiers"": [[1.3, 0.1], [1.8, 0.25], [3.0, 0.3], [6.0, 0.55]], ""trail_act"": 0.2, ""sl_mult"": 0.7, ""timeout_min"": 30}"
PEAK_TRAIL_V2,tiers10/25/30/55 act20 sl30 t60m,31.08,-180.28,124.32,128,0.75,"[149.63, -180.28, 30.74, 124.22]","[0.562, 0.0, 0.562, 0.562]","{""tiers"": [[1.3, 0.1], [1.8, 0.25], [3.0, 0.3], [6.0, 0.55]], ""trail_act"": 0.2, ""sl_mult"": 0.7, ""timeout_min"": 60}"
PEAK_TRAIL_V2,tiers10/25/30/55 act20 sl30 t90m,23.64,-223.08,94.57,128,0.75,"[152.22, -223.08, 30.74, 134.68]","[0.562, 0.0, 0.562, 0.594]","{""tiers"": [[1.3, 0.1], [1.8, 0.25], [3.0, 0.3], [6.0, 0.55]], ""trail_act"": 0.2, ""sl_mult"": 0.7, ""timeout_min"": 90}"
PEAK_TRAIL_V2,tiers10/25/30/55 act25 sl50 t30m,-56.66,-375.19,-226.62,128,0.75,"[122.9, -375.19, 9.94, 15.73]","[0.688, 0.0, 0.469, 0.562]","{""tiers"": [[1.3, 0.1], [1.8, 0.25], [3.0, 0.3], [6.0, 0.55]], ""trail_act"": 0.25, ""sl_mult"": 0.5, ""timeout_min"": 30}"
PEAK_TRAIL_V2,tiers10/25/30/55 act25 sl50 t60m,12.41,-240.64,49.65,128,0.75,"[117.77, -240.64, 40.79, 131.72]","[0.562, 0.0, 0.406, 0.562]","{""tiers"": [[1.3, 0.1], [1.8, 0.25], [3.0, 0.3], [6.0, 0.55]], ""trail_act"": 0.25, ""sl_mult"": 0.5, ""timeout_min"": 60}"
PEAK_TRAIL_V2,tiers10/25/30/55 act25 sl50 t90m,10.2,-253.15,40.81,128,0.75,"[110.0, -253.15, 26.93, 157.02]","[0.562, 0.0, 0.406, 0.625]","{""tiers"": [[1.3, 0.1], [1.8, 0.25], [3.0, 0.3], [6.0, 0.55]], ""trail_act"": 0.25, ""sl_mult"": 0.5, ""timeout_min"": 90}"
PEAK_TRAIL_V2,tiers10/25/30/55 act25 sl40 t30m,-48.73,-345.01,-194.94,128,0.75,"[124.4, -345.01, 9.94, 15.73]","[0.688, 0.0, 0.469, 0.562]","{""tiers"": [[1.3, 0.1], [1.8, 0.25], [3.0, 0.3], [6.0, 0.55]], ""trail_act"": 0.25, ""sl_mult"": 0.6, ""timeout_min"": 30}"
PEAK_TRAIL_V2,tiers10/25/30/55 act25 sl40 t60m,21.67,-210.46,86.69,128,0.75,"[119.45, -210.46, 45.97, 131.72]","[0.562, 0.0, 0.406, 0.562]","{""tiers"": [[1.3, 0.1], [1.8, 0.25], [3.0, 0.3], [6.0, 0.55]], ""trail_act"": 0.25, ""sl_mult"": 0.6, ""timeout_min"": 60}"
PEAK_TRAIL_V2,tiers10/25/30/55 act25 sl40 t90m,20.76,-222.97,83.02,128,0.75,"[116.86, -222.97, 32.11, 157.02]","[0.562, 0.0, 0.406, 0.625]","{""tiers"": [[1.3, 0.1], [1.8, 0.25], [3.0, 0.3], [6.0, 0.55]], ""trail_act"": 0.25, ""sl_mult"": 0.6, ""timeout_min"": 90}"
PEAK_TRAIL_V2,tiers10/25/30/55 act25 sl30 t30m,-41.94,-314.83,-167.76,128,0.5,"[154.4, -314.83, -23.06, 15.73]","[0.688, 0.0, 0.469, 0.562]","{""tiers"": [[1.3, 0.1], [1.8, 0.25], [3.0, 0.3], [6.0, 0.55]], ""trail_act"": 0.25, ""sl_mult"": 0.7, ""timeout_min"": 30}"
PEAK_TRAIL_V2,tiers10/25/30/55 act25 sl30 t60m,27.93,-180.28,111.72,128,0.75,"[149.63, -180.28, 18.15, 124.22]","[0.562, 0.0, 0.406, 0.562]","{""tiers"": [[1.3, 0.1], [1.8, 0.25], [3.0, 0.3], [6.0, 0.55]], ""trail_act"": 0.25, ""sl_mult"": 0.7, ""timeout_min"": 60}"
PEAK_TRAIL_V2,tiers10/25/30/55 act25 sl30 t90m,17.03,-223.08,68.11,128,0.75,"[152.22, -223.08, 4.29, 134.68]","[0.562, 0.0, 0.406, 0.594]","{""tiers"": [[1.3, 0.1], [1.8, 0.25], [3.0, 0.3], [6.0, 0.55]], ""trail_act"": 0.25, ""sl_mult"": 0.7, ""timeout_min"": 90}"
PEAK_TRAIL_V2,tiers10/25/40/45 act15 sl50 t30m,-20.58,-268.3,-82.32,128,0.75,"[122.9, -268.3, 47.35, 15.73]","[0.688, 0.375, 0.719, 0.562]","{""tiers"": [[1.3, 0.1], [1.8, 0.25], [3.0, 0.4], [6.0, 0.45]], ""trail_act"": 0.15, ""sl_mult"": 0.5, ""timeout_min"": 30}"
PEAK_TRAIL_V2,tiers10/25/40/45 act15 sl50 t60m,24.64,-214.88,98.59,128,0.75,"[117.77, -214.88, 63.97, 131.72]","[0.562, 0.375, 0.719, 0.562]","{""tiers"": [[1.3, 0.1], [1.8, 0.25], [3.0, 0.4], [6.0, 0.45]], ""trail_act"": 0.15, ""sl_mult"": 0.5, ""timeout_min"": 60}"
PEAK_TRAIL_V2,tiers10/25/40/45 act15 sl50 t90m,24.79,-231.83,99.17,128,0.75,"[110.0, -231.83, 63.97, 157.02]","[0.562, 0.375, 0.719, 0.625]","{""tiers"": [[1.3, 0.1], [1.8, 0.25], [3.0, 0.4], [6.0, 0.45]], ""trail_act"": 0.15, ""sl_mult"": 0.5, ""timeout_min"": 90}"
PEAK_TRAIL_V2,tiers10/25/40/45 act15 sl40 t30m,-12.66,-238.12,-50.64,128,0.75,"[124.4, -238.12, 47.35, 15.73]","[0.688, 0.375, 0.719, 0.562]","{""tiers"": [[1.3, 0.1], [1.8, 0.25], [3.0, 0.4], [6.0, 0.45]], ""trail_act"": 0.15, ""sl_mult"": 0.6, ""timeout_min"": 30}"
PEAK_TRAIL_V2,tiers10/25/40/45 act15 sl40 t60m,33.91,-184.7,135.63,128,0.75,"[119.45, -184.7, 69.15, 131.72]","[0.562, 0.375, 0.719, 0.562]","{""tiers"": [[1.3, 0.1], [1.8, 0.25], [3.0, 0.4], [6.0, 0.45]], ""trail_act"": 0.15, ""sl_mult"": 0.6, ""timeout_min"": 60}"
PEAK_TRAIL_V2,tiers10/25/40/45 act15 sl40 t90m,35.34,-201.65,141.38,128,0.75,"[116.86, -201.65, 69.15, 157.02]","[0.562, 0.375, 0.719, 0.625]","{""tiers"": [[1.3, 0.1], [1.8, 0.25], [3.0, 0.4], [6.0, 0.45]], ""trail_act"": 0.15, ""sl_mult"": 0.6, ""timeout_min"": 90}"
PEAK_TRAIL_V2,tiers10/25/40/45 act15 sl30 t30m,-5.86,-207.94,-23.46,128,0.75,"[154.4, -207.94, 14.35, 15.73]","[0.688, 0.375, 0.719, 0.562]","{""tiers"": [[1.3, 0.1], [1.8, 0.25], [3.0, 0.4], [6.0, 0.45]], ""trail_act"": 0.15, ""sl_mult"": 0.7, ""timeout_min"": 30}"
PEAK_TRAIL_V2,tiers10/25/40/45 act15 sl30 t60m,40.16,-154.52,160.66,128,0.75,"[149.63, -154.52, 41.33, 124.22]","[0.562, 0.375, 0.719, 0.562]","{""tiers"": [[1.3, 0.1], [1.8, 0.25], [3.0, 0.4], [6.0, 0.45]], ""trail_act"": 0.15, ""sl_mult"": 0.7, ""timeout_min"": 60}"
PEAK_TRAIL_V2,tiers10/25/40/45 act15 sl30 t90m,36.24,-183.26,144.97,128,0.75,"[152.22, -183.26, 41.33, 134.68]","[0.562, 0.375, 0.719, 0.594]","{""tiers"": [[1.3, 0.1], [1.8, 0.25], [3.0, 0.4], [6.0, 0.45]], ""trail_act"": 0.15, ""sl_mult"": 0.7, ""timeout_min"": 90}"
PEAK_TRAIL_V2,tiers10/25/40/45 act20 sl50 t30m,-54.99,-375.19,-219.96,128,0.75,"[122.9, -375.19, 16.59, 15.73]","[0.688, 0.0, 0.562, 0.562]","{""tiers"": [[1.3, 0.1], [1.8, 0.25], [3.0, 0.4], [6.0, 0.45]], ""trail_act"": 0.2, ""sl_mult"": 0.5, ""timeout_min"": 30}"
PEAK_TRAIL_V2,tiers10/25/40/45 act20 sl50 t60m,15.56,-240.64,62.25,128,0.75,"[117.77, -240.64, 53.39, 131.72]","[0.562, 0.0, 0.562, 0.562]","{""tiers"": [[1.3, 0.1], [1.8, 0.25], [3.0, 0.4], [6.0, 0.45]], ""trail_act"": 0.2, ""sl_mult"": 0.5, ""timeout_min"": 60}"
PEAK_TRAIL_V2,tiers10/25/40/45 act20 sl50 t90m,16.82,-253.15,67.26,128,0.75,"[110.0, -253.15, 53.39, 157.02]","[0.562, 0.0, 0.562, 0.625]","{""tiers"": [[1.3, 0.1], [1.8, 0.25], [3.0, 0.4], [6.0, 0.45]], ""trail_act"": 0.2, ""sl_mult"": 0.5, ""timeout_min"": 90}"
PEAK_TRAIL_V2,tiers10/25/40/45 act20 sl40 t30m,-47.07,-345.01,-188.28,128,0.75,"[124.4, -345.01, 16.59, 15.73]","[0.688, 0.0, 0.562, 0.562]","{""tiers"": [[1.3, 0.1], [1.8, 0.25], [3.0, 0.4], [6.0, 0.45]], ""trail_act"": 0.2, ""sl_mult"": 0.6, ""timeout_min"": 30}"
PEAK_TRAIL_V2,tiers10/25/40/45 act20 sl40 t60m,24.82,-210.46,99.28,128,0.75,"[119.45, -210.46, 58.57, 131.72]","[0.562, 0.0, 0.562, 0.562]","{""tiers"": [[1.3, 0.1], [1.8, 0.25], [3.0, 0.4], [6.0, 0.45]], ""trail_act"": 0.2, ""sl_mult"": 0.6, ""timeout_min"": 60}"
PEAK_TRAIL_V2,tiers10/25/40/45 act20 sl40 t90m,27.37,-222.97,109.48,128,0.75,"[116.86, -222.97, 58.57, 157.02]","[0.562, 0.0, 0.562, 0.625]","{""tiers"": [[1.3, 0.1], [1.8, 0.25], [3.0, 0.4], [6.0, 0.45]], ""trail_act"": 0.2, ""sl_mult"": 0.6, ""timeout_min"": 90}"
PEAK_TRAIL_V2,tiers10/25/40/45 act20 sl30 t30m,-40.28,-314.83,-161.1,128,0.5,"[154.4, -314.83, -16.41, 15.73]","[0.688, 0.0, 0.562, 0.562]","{""tiers"": [[1.3, 0.1], [1.8, 0.25], [3.0, 0.4], [6.0, 0.45]], ""trail_act"": 0.2, ""sl_mult"": 0.7, ""timeout_min"": 30}"
PEAK_TRAIL_V2,tiers10/25/40/45 act20 sl30 t60m,31.08,-180.28,124.32,128,0.75,"[149.63, -180.28, 30.74, 124.22]","[0.562, 0.0, 0.562, 0.562]","{""tiers"": [[1.3, 0.1], [1.8, 0.25], [3.0, 0.4], [6.0, 0.45]], ""trail_act"": 0.2, ""sl_mult"": 0.7, ""timeout_min"": 60}"
PEAK_TRAIL_V2,tiers10/25/40/45 act20 sl30 t90m,23.64,-223.08,94.57,128,0.75,"[152.22, -223.08, 30.74, 134.68]","[0.562, 0.0, 0.562, 0.594]","{""tiers"": [[1.3, 0.1], [1.8, 0.25], [3.0, 0.4], [6.0, 0.45]], ""trail_act"": 0.2, ""sl_mult"": 0.7, ""timeout_min"": 90}"
PEAK_TRAIL_V2,tiers10/25/40/45 act25 sl50 t30m,-56.66,-375.19,-226.62,128,0.75,"[122.9, -375.19, 9.94, 15.73]","[0.688, 0.0, 0.469, 0.562]","{""tiers"": [[1.3, 0.1], [1.8, 0.25], [3.0, 0.4], [6.0, 0.45]], ""trail_act"": 0.25, ""sl_mult"": 0.5, ""timeout_min"": 30}"
PEAK_TRAIL_V2,tiers10/25/40/45 act25 sl50 t60m,12.41,-240.64,49.65,128,0.75,"[117.77, -240.64, 40.79, 131.72]","[0.562, 0.0, 0.406, 0.562]","{""tiers"": [[1.3, 0.1], [1.8, 0.25], [3.0, 0.4], [6.0, 0.45]], ""trail_act"": 0.25, ""sl_mult"": 0.5, ""timeout_min"": 60}"
PEAK_TRAIL_V2,tiers10/25/40/45 act25 sl50 t90m,10.2,-253.15,40.81,128,0.75,"[110.0, -253.15, 26.93, 157.02]","[0.562, 0.0, 0.406, 0.625]","{""tiers"": [[1.3, 0.1], [1.8, 0.25], [3.0, 0.4], [6.0, 0.45]], ""trail_act"": 0.25, ""sl_mult"": 0.5, ""timeout_min"": 90}"
PEAK_TRAIL_V2,tiers10/25/40/45 act25 sl40 t30m,-48.73,-345.01,-194.94,128,0.75,"[124.4, -345.01, 9.94, 15.73]","[0.688, 0.0, 0.469, 0.562]","{""tiers"": [[1.3, 0.1], [1.8, 0.25], [3.0, 0.4], [6.0, 0.45]], ""trail_act"": 0.25, ""sl_mult"": 0.6, ""timeout_min"": 30}"
PEAK_TRAIL_V2,tiers10/25/40/45 act25 sl40 t60m,21.67,-210.46,86.69,128,0.75,"[119.45, -210.46, 45.97, 131.72]","[0.562, 0.0, 0.406, 0.562]","{""tiers"": [[1.3, 0.1], [1.8, 0.25], [3.0, 0.4], [6.0, 0.45]], ""trail_act"": 0.25, ""sl_mult"": 0.6, ""timeout_min"": 60}"
PEAK_TRAIL_V2,tiers10/25/40/45 act25 sl40 t90m,20.76,-222.97,83.02,128,0.75,"[116.86, -222.97, 32.11, 157.02]","[0.562, 0.0, 0.406, 0.625]","{""tiers"": [[1.3, 0.1], [1.8, 0.25], [3.0, 0.4], [6.0, 0.45]], ""trail_act"": 0.25, ""sl_mult"": 0.6, ""timeout_min"": 90}"
PEAK_TRAIL_V2,tiers10/25/40/45 act25 sl30 t30m,-41.94,-314.83,-167.76,128,0.5,"[154.4, -314.83, -23.06, 15.73]","[0.688, 0.0, 0.469, 0.562]","{""tiers"": [[1.3, 0.1], [1.8, 0.25], [3.0, 0.4], [6.0, 0.45]], ""trail_act"": 0.25, ""sl_mult"": 0.7, ""timeout_min"": 30}"
PEAK_TRAIL_V2,tiers10/25/40/45 act25 sl30 t60m,27.93,-180.28,111.72,128,0.75,"[149.63, -180.28, 18.15, 124.22]","[0.562, 0.0, 0.406, 0.562]","{""tiers"": [[1.3, 0.1], [1.8, 0.25], [3.0, 0.4], [6.0, 0.45]], ""trail_act"": 0.25, ""sl_mult"": 0.7, ""timeout_min"": 60}"
PEAK_TRAIL_V2,tiers10/25/40/45 act25 sl30 t90m,17.03,-223.08,68.11,128,0.75,"[152.22, -223.08, 4.29, 134.68]","[0.562, 0.0, 0.406, 0.594]","{""tiers"": [[1.3, 0.1], [1.8, 0.25], [3.0, 0.4], [6.0, 0.45]], ""trail_act"": 0.25, ""sl_mult"": 0.7, ""timeout_min"": 90}"
PEAK_TRAIL_V2,tiers10/25/40/55 act15 sl50 t30m,-20.58,-268.3,-82.32,128,0.75,"[122.9, -268.3, 47.35, 15.73]","[0.688, 0.375, 0.719, 0.562]","{""tiers"": [[1.3, 0.1], [1.8, 0.25], [3.0, 0.4], [6.0, 0.55]], ""trail_act"": 0.15, ""sl_mult"": 0.5, ""timeout_min"": 30}"
PEAK_TRAIL_V2,tiers10/25/40/55 act15 sl50 t60m,24.64,-214.88,98.59,128,0.75,"[117.77, -214.88, 63.97, 131.72]","[0.562, 0.375, 0.719, 0.562]","{""tiers"": [[1.3, 0.1], [1.8, 0.25], [3.0, 0.4], [6.0, 0.55]], ""trail_act"": 0.15, ""sl_mult"": 0.5, ""timeout_min"": 60}"
PEAK_TRAIL_V2,tiers10/25/40/55 act15 sl50 t90m,24.79,-231.83,99.17,128,0.75,"[110.0, -231.83, 63.97, 157.02]","[0.562, 0.375, 0.719, 0.625]","{""tiers"": [[1.3, 0.1], [1.8, 0.25], [3.0, 0.4], [6.0, 0.55]], ""trail_act"": 0.15, ""sl_mult"": 0.5, ""timeout_min"": 90}"
PEAK_TRAIL_V2,tiers10/25/40/55 act15 sl40 t30m,-12.66,-238.12,-50.64,128,0.75,"[124.4, -238.12, 47.35, 15.73]","[0.688, 0.375, 0.719, 0.562]","{""tiers"": [[1.3, 0.1], [1.8, 0.25], [3.0, 0.4], [6.0, 0.55]], ""trail_act"": 0.15, ""sl_mult"": 0.6, ""timeout_min"": 30}"
PEAK_TRAIL_V2,tiers10/25/40/55 act15 sl40 t60m,33.91,-184.7,135.63,128,0.75,"[119.45, -184.7, 69.15, 131.72]","[0.562, 0.375, 0.719, 0.562]","{""tiers"": [[1.3, 0.1], [1.8, 0.25], [3.0, 0.4], [6.0, 0.55]], ""trail_act"": 0.15, ""sl_mult"": 0.6, ""timeout_min"": 60}"
PEAK_TRAIL_V2,tiers10/25/40/55 act15 sl40 t90m,35.34,-201.65,141.38,128,0.75,"[116.86, -201.65, 69.15, 157.02]","[0.562, 0.375, 0.719, 0.625]","{""tiers"": [[1.3, 0.1], [1.8, 0.25], [3.0, 0.4], [6.0, 0.55]], ""trail_act"": 0.15, ""sl_mult"": 0.6, ""timeout_min"": 90}"
PEAK_TRAIL_V2,tiers10/25/40/55 act15 sl30 t30m,-5.86,-207.94,-23.46,128,0.75,"[154.4, -207.94, 14.35, 15.73]","[0.688, 0.375, 0.719, 0.562]","{""tiers"": [[1.3, 0.1], [1.8, 0.25], [3.0, 0.4], [6.0, 0.55]], ""trail_act"": 0.15, ""sl_mult"": 0.7, ""timeout_min"": 30}"
PEAK_TRAIL_V2,tiers10/25/40/55 act15 sl30 t60m,40.16,-154.52,160.66,128,0.75,"[149.63, -154.52, 41.33, 124.22]","[0.562, 0.375, 0.719, 0.562]","{""tiers"": [[1.3, 0.1], [1.8, 0.25], [3.0, 0.4], [6.0, 0.55]], ""trail_act"": 0.15, ""sl_mult"": 0.7, ""timeout_min"": 60}"
PEAK_TRAIL_V2,tiers10/25/40/55 act15 sl30 t90m,36.24,-183.26,144.97,128,0.75,"[152.22, -183.26, 41.33, 134.68]","[0.562, 0.375, 0.719, 0.594]","{""tiers"": [[1.3, 0.1], [1.8, 0.25], [3.0, 0.4], [6.0, 0.55]], ""trail_act"": 0.15, ""sl_mult"": 0.7, ""timeout_min"": 90}"
PEAK_TRAIL_V2,tiers10/25/40/55 act20 sl50 t30m,-54.99,-375.19,-219.96,128,0.75,"[122.9, -375.19, 16.59, 15.73]","[0.688, 0.0, 0.562, 0.562]","{""tiers"": [[1.3, 0.1], [1.8, 0.25], [3.0, 0.4], [6.0, 0.55]], ""trail_act"": 0.2, ""sl_mult"": 0.5, ""timeout_min"": 30}"
PEAK_TRAIL_V2,tiers10/25/40/55 act20 sl50 t60m,15.56,-240.64,62.25,128,0.75,"[117.77, -240.64, 53.39, 131.72]","[0.562, 0.0, 0.562, 0.562]","{""tiers"": [[1.3, 0.1], [1.8, 0.25], [3.0, 0.4], [6.0, 0.55]], ""trail_act"": 0.2, ""sl_mult"": 0.5, ""timeout_min"": 60}"
PEAK_TRAIL_V2,tiers10/25/40/55 act20 sl50 t90m,16.82,-253.15,67.26,128,0.75,"[110.0, -253.15, 53.39, 157.02]","[0.562, 0.0, 0.562, 0.625]","{""tiers"": [[1.3, 0.1], [1.8, 0.25], [3.0, 0.4], [6.0, 0.55]], ""trail_act"": 0.2, ""sl_mult"": 0.5, ""timeout_min"": 90}"
PEAK_TRAIL_V2,tiers10/25/40/55 act20 sl40 t30m,-47.07,-345.01,-188.28,128,0.75,"[124.4, -345.01, 16.59, 15.73]","[0.688, 0.0, 0.562, 0.562]","{""tiers"": [[1.3, 0.1], [1.8, 0.25], [3.0, 0.4], [6.0, 0.55]], ""trail_act"": 0.2, ""sl_mult"": 0.6, ""timeout_min"": 30}"
PEAK_TRAIL_V2,tiers10/25/40/55 act20 sl40 t60m,24.82,-210.46,99.28,128,0.75,"[119.45, -210.46, 58.57, 131.72]","[0.562, 0.0, 0.562, 0.562]","{""tiers"": [[1.3, 0.1], [1.8, 0.25], [3.0, 0.4], [6.0, 0.55]], ""trail_act"": 0.2, ""sl_mult"": 0.6, ""timeout_min"": 60}"
PEAK_TRAIL_V2,tiers10/25/40/55 act20 sl40 t90m,27.37,-222.97,109.48,128,0.75,"[116.86, -222.97, 58.57, 157.02]","[0.562, 0.0, 0.562, 0.625]","{""tiers"": [[1.3, 0.1], [1.8, 0.25], [3.0, 0.4], [6.0, 0.55]], ""trail_act"": 0.2, ""sl_mult"": 0.6, ""timeout_min"": 90}"
PEAK_TRAIL_V2,tiers10/25/40/55 act20 sl30 t30m,-40.28,-314.83,-161.1,128,0.5,"[154.4, -314.83, -16.41, 15.73]","[0.688, 0.0, 0.562, 0.562]","{""tiers"": [[1.3, 0.1], [1.8, 0.25], [3.0, 0.4], [6.0, 0.55]], ""trail_act"": 0.2, ""sl_mult"": 0.7, ""timeout_min"": 30}"
PEAK_TRAIL_V2,tiers10/25/40/55 act20 sl30 t60m,31.08,-180.28,124.32,128,0.75,"[149.63, -180.28, 30.74, 124.22]","[0.562, 0.0, 0.562, 0.562]","{""tiers"": [[1.3, 0.1], [1.8, 0.25], [3.0, 0.4], [6.0, 0.55]], ""trail_act"": 0.2, ""sl_mult"": 0.7, ""timeout_min"": 60}"
PEAK_TRAIL_V2,tiers10/25/40/55 act20 sl30 t90m,23.64,-223.08,94.57,128,0.75,"[152.22, -223.08, 30.74, 134.68]","[0.562, 0.0, 0.562, 0.594]","{""tiers"": [[1.3, 0.1], [1.8, 0.25], [3.0, 0.4], [6.0, 0.55]], ""trail_act"": 0.2, ""sl_mult"": 0.7, ""timeout_min"": 90}"
PEAK_TRAIL_V2,tiers10/25/40/55 act25 sl50 t30m,-56.66,-375.19,-226.62,128,0.75,"[122.9, -375.19, 9.94, 15.73]","[0.688, 0.0, 0.469, 0.562]","{""tiers"": [[1.3, 0.1], [1.8, 0.25], [3.0, 0.4], [6.0, 0.55]], ""trail_act"": 0.25, ""sl_mult"": 0.5, ""timeout_min"": 30}"
PEAK_TRAIL_V2,tiers10/25/40/55 act25 sl50 t60m,12.41,-240.64,49.65,128,0.75,"[117.77, -240.64, 40.79, 131.72]","[0.562, 0.0, 0.406, 0.562]","{""tiers"": [[1.3, 0.1], [1.8, 0.25], [3.0, 0.4], [6.0, 0.55]], ""trail_act"": 0.25, ""sl_mult"": 0.5, ""timeout_min"": 60}"
PEAK_TRAIL_V2,tiers10/25/40/55 act25 sl50 t90m,10.2,-253.15,40.81,128,0.75,"[110.0, -253.15, 26.93, 157.02]","[0.562, 0.0, 0.406, 0.625]","{""tiers"": [[1.3, 0.1], [1.8, 0.25], [3.0, 0.4], [6.0, 0.55]], ""trail_act"": 0.25, ""sl_mult"": 0.5, ""timeout_min"": 90}"
PEAK_TRAIL_V2,tiers10/25/40/55 act25 sl40 t30m,-48.73,-345.01,-194.94,128,0.75,"[124.4, -345.01, 9.94, 15.73]","[0.688, 0.0, 0.469, 0.562]","{""tiers"": [[1.3, 0.1], [1.8, 0.25], [3.0, 0.4], [6.0, 0.55]], ""trail_act"": 0.25, ""sl_mult"": 0.6, ""timeout_min"": 30}"
PEAK_TRAIL_V2,tiers10/25/40/55 act25 sl40 t60m,21.67,-210.46,86.69,128,0.75,"[119.45, -210.46, 45.97, 131.72]","[0.562, 0.0, 0.406, 0.562]","{""tiers"": [[1.3, 0.1], [1.8, 0.25], [3.0, 0.4], [6.0, 0.55]], ""trail_act"": 0.25, ""sl_mult"": 0.6, ""timeout_min"": 60}"
PEAK_TRAIL_V2,tiers10/25/40/55 act25 sl40 t90m,20.76,-222.97,83.02,128,0.75,"[116.86, -222.97, 32.11, 157.02]","[0.562, 0.0, 0.406, 0.625]","{""tiers"": [[1.3, 0.1], [1.8, 0.25], [3.0, 0.4], [6.0, 0.55]], ""trail_act"": 0.25, ""sl_mult"": 0.6, ""timeout_min"": 90}"
PEAK_TRAIL_V2,tiers10/25/40/55 act25 sl30 t30m,-41.94,-314.83,-167.76,128,0.5,"[154.4, -314.83, -23.06, 15.73]","[0.688, 0.0, 0.469, 0.562]","{""tiers"": [[1.3, 0.1], [1.8, 0.25], [3.0, 0.4], [6.0, 0.55]], ""trail_act"": 0.25, ""sl_mult"": 0.7, ""timeout_min"": 30}"
PEAK_TRAIL_V2,tiers10/25/40/55 act25 sl30 t60m,27.93,-180.28,111.72,128,0.75,"[149.63, -180.28, 18.15, 124.22]","[0.562, 0.0, 0.406, 0.562]","{""tiers"": [[1.3, 0.1], [1.8, 0.25], [3.0, 0.4], [6.0, 0.55]], ""trail_act"": 0.25, ""sl_mult"": 0.7, ""timeout_min"": 60}"
PEAK_TRAIL_V2,tiers10/25/40/55 act25 sl30 t90m,17.03,-223.08,68.11,128,0.75,"[152.22, -223.08, 4.29, 134.68]","[0.562, 0.0, 0.406, 0.594]","{""tiers"": [[1.3, 0.1], [1.8, 0.25], [3.0, 0.4], [6.0, 0.55]], ""trail_act"": 0.25, ""sl_mult"": 0.7, ""timeout_min"": 90}"
PEAK_TRAIL_V2,tiers15/18/30/45 act15 sl50 t30m,-82.71,-332.41,-330.86,128,0.25,"[60.92, -332.41, -23.6, -35.76]","[0.625, 0.0, 0.531, 0.562]","{""tiers"": [[1.3, 0.15], [1.8, 0.18], [3.0, 0.3], [6.0, 0.45]], ""trail_act"": 0.15, ""sl_mult"": 0.5, ""timeout_min"": 30}"
PEAK_TRAIL_V2,tiers15/18/30/45 act15 sl50 t60m,-27.28,-248.69,-109.13,128,0.75,"[55.79, -248.69, 3.55, 80.23]","[0.5, 0.0, 0.531, 0.562]","{""tiers"": [[1.3, 0.15], [1.8, 0.18], [3.0, 0.3], [6.0, 0.45]], ""trail_act"": 0.15, ""sl_mult"": 0.5, ""timeout_min"": 60}"
PEAK_TRAIL_V2,tiers15/18/30/45 act15 sl50 t90m,-26.03,-261.2,-104.11,128,0.75,"[48.01, -261.2, 3.55, 105.52]","[0.5, 0.0, 0.531, 0.625]","{""tiers"": [[1.3, 0.15], [1.8, 0.18], [3.0, 0.3], [6.0, 0.45]], ""trail_act"": 0.15, ""sl_mult"": 0.5, ""timeout_min"": 90}"
PEAK_TRAIL_V2,tiers15/18/30/45 act15 sl40 t30m,-74.79,-302.23,-299.19,128,0.25,"[62.42, -302.23, -23.6, -35.76]","[0.625, 0.0, 0.531, 0.562]","{""tiers"": [[1.3, 0.15], [1.8, 0.18], [3.0, 0.3], [6.0, 0.45]], ""trail_act"": 0.15, ""sl_mult"": 0.6, ""timeout_min"": 30}"
PEAK_TRAIL_V2,tiers15/18/30/45 act15 sl40 t60m,-18.02,-218.51,-72.09,128,0.75,"[57.46, -218.51, 8.73, 80.23]","[0.5, 0.0, 0.531, 0.562]","{""tiers"": [[1.3, 0.15], [1.8, 0.18], [3.0, 0.3], [6.0, 0.45]], ""trail_act"": 0.15, ""sl_mult"": 0.6, ""timeout_min"": 60}"
PEAK_TRAIL_V2,tiers15/18/30/45 act15 sl40 t90m,-15.48,-231.02,-61.9,128,0.75,"[54.87, -231.02, 8.73, 105.52]","[0.5, 0.0, 0.531, 0.625]","{""tiers"": [[1.3, 0.15], [1.8, 0.18], [3.0, 0.3], [6.0, 0.45]], ""trail_act"": 0.15, ""sl_mult"": 0.6, ""timeout_min"": 90}"
PEAK_TRAIL_V2,tiers15/18/30/45 act15 sl30 t30m,-68.0,-272.05,-272.01,128,0.25,"[92.42, -272.05, -56.6, -35.76]","[0.625, 0.0, 0.531, 0.562]","{""tiers"": [[1.3, 0.15], [1.8, 0.18], [3.0, 0.3], [6.0, 0.45]], ""trail_act"": 0.15, ""sl_mult"": 0.7, ""timeout_min"": 30}"
PEAK_TRAIL_V2,tiers15/18/30/45 act15 sl30 t60m,-11.76,-188.33,-47.06,128,0.5,"[87.64, -188.33, -19.09, 72.73]","[0.5, 0.0, 0.531, 0.562]","{""tiers"": [[1.3, 0.15], [1.8, 0.18], [3.0, 0.3], [6.0, 0.45]], ""trail_act"": 0.15, ""sl_mult"": 0.7, ""timeout_min"": 60}"
PEAK_TRAIL_V2,tiers15/18/30/45 act15 sl30 t90m,-19.2,-231.13,-76.81,128,0.5,"[90.23, -231.13, -19.09, 83.19]","[0.5, 0.0, 0.531, 0.594]","{""tiers"": [[1.3, 0.15], [1.8, 0.18], [3.0, 0.3], [6.0, 0.45]], ""trail_act"": 0.15, ""sl_mult"": 0.7, ""timeout_min"": 90}"
PEAK_TRAIL_V2,tiers15/18/30/45 act20 sl50 t30m,-95.23,-375.19,-380.95,128,0.25,"[60.92, -375.19, -30.91, -35.76]","[0.625, 0.0, 0.531, 0.562]","{""tiers"": [[1.3, 0.15], [1.8, 0.18], [3.0, 0.3], [6.0, 0.45]], ""trail_act"": 0.2, ""sl_mult"": 0.5, ""timeout_min"": 30}"
PEAK_TRAIL_V2,tiers15/18/30/45 act20 sl50 t60m,-24.68,-240.64,-98.74,128,0.75,"[55.79, -240.64, 5.88, 80.23]","[0.5, 0.0, 0.531, 0.562]","{""tiers"": [[1.3, 0.15], [1.8, 0.18], [3.0, 0.3], [6.0, 0.45]], ""trail_act"": 0.2, ""sl_mult"": 0.5, ""timeout_min"": 60}"
PEAK_TRAIL_V2,tiers15/18/30/45 act20 sl50 t90m,-23.44,-253.15,-93.72,128,0.75,"[48.01, -253.15, 5.88, 105.52]","[0.5, 0.0, 0.531, 0.625]","{""tiers"": [[1.3, 0.15], [1.8, 0.18], [3.0, 0.3], [6.0, 0.45]], ""trail_act"": 0.2, ""sl_mult"": 0.5, ""timeout_min"": 90}"
PEAK_TRAIL_V2,tiers15/18/30/45 act20 sl40 t30m,-87.31,-345.01,-349.27,128,0.25,"[62.42, -345.01, -30.91, -35.76]","[0.625, 0.0, 0.531, 0.562]","{""tiers"": [[1.3, 0.15], [1.8, 0.18], [3.0, 0.3], [6.0, 0.45]], ""trail_act"": 0.2, ""sl_mult"": 0.6, ""timeout_min"": 30}"
PEAK_TRAIL_V2,tiers15/18/30/45 act20 sl40 t60m,-15.43,-210.46,-61.7,128,0.75,"[57.46, -210.46, 11.06, 80.23]","[0.5, 0.0, 0.531, 0.562]","{""tiers"": [[1.3, 0.15], [1.8, 0.18], [3.0, 0.3], [6.0, 0.45]], ""trail_act"": 0.2, ""sl_mult"": 0.6, ""timeout_min"": 60}"
PEAK_TRAIL_V2,tiers15/18/30/45 act20 sl40 t90m,-12.88,-222.97,-51.51,128,0.75,"[54.87, -222.97, 11.06, 105.52]","[0.5, 0.0, 0.531, 0.625]","{""tiers"": [[1.3, 0.15], [1.8, 0.18], [3.0, 0.3], [6.0, 0.45]], ""trail_act"": 0.2, ""sl_mult"": 0.6, ""timeout_min"": 90}"
PEAK_TRAIL_V2,tiers15/18/30/45 act20 sl30 t30m,-80.52,-314.83,-322.09,128,0.25,"[92.42, -314.83, -63.91, -35.76]","[0.625, 0.0, 0.531, 0.562]","{""tiers"": [[1.3, 0.15], [1.8, 0.18], [3.0, 0.3], [6.0, 0.45]], ""trail_act"": 0.2, ""sl_mult"": 0.7, ""timeout_min"": 30}"
PEAK_TRAIL_V2,tiers15/18/30/45 act20 sl30 t60m,-9.17,-180.28,-36.67,128,0.5,"[87.64, -180.28, -16.76, 72.73]","[0.5, 0.0, 0.531, 0.562]","{""tiers"": [[1.3, 0.15], [1.8, 0.18], [3.0, 0.3], [6.0, 0.45]], ""trail_act"": 0.2, ""sl_mult"": 0.7, ""timeout_min"": 60}"
PEAK_TRAIL_V2,tiers15/18/30/45 act20 sl30 t90m,-16.61,-223.08,-66.42,128,0.5,"[90.23, -223.08, -16.76, 83.19]","[0.5, 0.0, 0.531, 0.594]","{""tiers"": [[1.3, 0.15], [1.8, 0.18], [3.0, 0.3], [6.0, 0.45]], ""trail_act"": 0.2, ""sl_mult"": 0.7, ""timeout_min"": 90}"
PEAK_TRAIL_V2,tiers15/18/30/45 act25 sl50 t30m,-94.55,-375.19,-378.21,128,0.25,"[60.92, -375.19, -28.17, -35.76]","[0.625, 0.0, 0.469, 0.562]","{""tiers"": [[1.3, 0.15], [1.8, 0.18], [3.0, 0.3], [6.0, 0.45]], ""trail_act"": 0.25, ""sl_mult"": 0.5, ""timeout_min"": 30}"
PEAK_TRAIL_V2,tiers15/18/30/45 act25 sl50 t60m,-25.48,-240.64,-101.94,128,0.75,"[55.79, -240.64, 2.69, 80.23]","[0.5, 0.0, 0.406, 0.562]","{""tiers"": [[1.3, 0.15], [1.8, 0.18], [3.0, 0.3], [6.0, 0.45]], ""trail_act"": 0.25, ""sl_mult"": 0.5, ""timeout_min"": 60}"
PEAK_TRAIL_V2,tiers15/18/30/45 act25 sl50 t90m,-27.7,-253.15,-110.78,128,0.5,"[48.01, -253.15, -11.17, 105.52]","[0.5, 0.0, 0.406, 0.625]","{""tiers"": [[1.3, 0.15], [1.8, 0.18], [3.0, 0.3], [6.0, 0.45]], ""trail_act"": 0.25, ""sl_mult"": 0.5, ""timeout_min"": 90}"
PEAK_TRAIL_V2,tiers15/18/30/45 act25 sl40 t30m,-86.63,-345.01,-346.53,128,0.25,"[62.42, -345.01, -28.17, -35.76]","[0.625, 0.0, 0.469, 0.562]","{""tiers"": [[1.3, 0.15], [1.8, 0.18], [3.0, 0.3], [6.0, 0.45]], ""trail_act"": 0.25, ""sl_mult"": 0.6, ""timeout_min"": 30}"
PEAK_TRAIL_V2,tiers15/18/30/45 act25 sl40 t60m,-16.23,-210.46,-64.9,128,0.75,"[57.46, -210.46, 7.86, 80.23]","[0.5, 0.0, 0.406, 0.562]","{""tiers"": [[1.3, 0.15], [1.8, 0.18], [3.0, 0.3], [6.0, 0.45]], ""trail_act"": 0.25, ""sl_mult"": 0.6, ""timeout_min"": 60}"
PEAK_TRAIL_V2,tiers15/18/30/45 act25 sl40 t90m,-17.15,-222.97,-68.57,128,0.5,"[54.87, -222.97, -6.0, 105.52]","[0.5, 0.0, 0.406, 0.625]","{""tiers"": [[1.3, 0.15], [1.8, 0.18], [3.0, 0.3], [6.0, 0.45]], ""trail_act"": 0.25, ""sl_mult"": 0.6, ""timeout_min"": 90}"
PEAK_TRAIL_V2,tiers15/18/30/45 act25 sl30 t30m,-79.83,-314.83,-319.35,128,0.25,"[92.42, -314.83, -61.17, -35.76]","[0.625, 0.0, 0.469, 0.562]","{""tiers"": [[1.3, 0.15], [1.8, 0.18], [3.0, 0.3], [6.0, 0.45]], ""trail_act"": 0.25, ""sl_mult"": 0.7, ""timeout_min"": 30}"
PEAK_TRAIL_V2,tiers15/18/30/45 act25 sl30 t60m,-9.97,-180.28,-39.87,128,0.5,"[87.64, -180.28, -19.96, 72.73]","[0.5, 0.0, 0.406, 0.562]","{""tiers"": [[1.3, 0.15], [1.8, 0.18], [3.0, 0.3], [6.0, 0.45]], ""trail_act"": 0.25, ""sl_mult"": 0.7, ""timeout_min"": 60}"
PEAK_TRAIL_V2,tiers15/18/30/45 act25 sl30 t90m,-20.87,-223.08,-83.48,128,0.5,"[90.23, -223.08, -33.82, 83.19]","[0.5, 0.0, 0.406, 0.594]","{""tiers"": [[1.3, 0.15], [1.8, 0.18], [3.0, 0.3], [6.0, 0.45]], ""trail_act"": 0.25, ""sl_mult"": 0.7, ""timeout_min"": 90}"
PEAK_TRAIL_V2,tiers15/18/30/55 act15 sl50 t30m,-82.71,-332.41,-330.86,128,0.25,"[60.92, -332.41, -23.6, -35.76]","[0.625, 0.0, 0.531, 0.562]","{""tiers"": [[1.3, 0.15], [1.8, 0.18], [3.0, 0.3], [6.0, 0.55]], ""trail_act"": 0.15, ""sl_mult"": 0.5, ""timeout_min"": 30}"
PEAK_TRAIL_V2,tiers15/18/30/55 act15 sl50 t60m,-27.28,-248.69,-109.13,128,0.75,"[55.79, -248.69, 3.55, 80.23]","[0.5, 0.0, 0.531, 0.562]","{""tiers"": [[1.3, 0.15], [1.8, 0.18], [3.0, 0.3], [6.0, 0.55]], ""trail_act"": 0.15, ""sl_mult"": 0.5, ""timeout_min"": 60}"
PEAK_TRAIL_V2,tiers15/18/30/55 act15 sl50 t90m,-26.03,-261.2,-104.11,128,0.75,"[48.01, -261.2, 3.55, 105.52]","[0.5, 0.0, 0.531, 0.625]","{""tiers"": [[1.3, 0.15], [1.8, 0.18], [3.0, 0.3], [6.0, 0.55]], ""trail_act"": 0.15, ""sl_mult"": 0.5, ""timeout_min"": 90}"
PEAK_TRAIL_V2,tiers15/18/30/55 act15 sl40 t30m,-74.79,-302.23,-299.19,128,0.25,"[62.42, -302.23, -23.6, -35.76]","[0.625, 0.0, 0.531, 0.562]","{""tiers"": [[1.3, 0.15], [1.8, 0.18], [3.0, 0.3], [6.0, 0.55]], ""trail_act"": 0.15, ""sl_mult"": 0.6, ""timeout_min"": 30}"
PEAK_TRAIL_V2,tiers15/18/30/55 act15 sl40 t60m,-18.02,-218.51,-72.09,128,0.75,"[57.46, -218.51, 8.73, 80.23]","[0.5, 0.0, 0.531, 0.562]","{""tiers"": [[1.3, 0.15], [1.8, 0.18], [3.0, 0.3], [6.0, 0.55]], ""trail_act"": 0.15, ""sl_mult"": 0.6, ""timeout_min"": 60}"
PEAK_TRAIL_V2,tiers15/18/30/55 act15 sl40 t90m,-15.48,-231.02,-61.9,128,0.75,"[54.87, -231.02, 8.73, 105.52]","[0.5, 0.0, 0.531, 0.625]","{""tiers"": [[1.3, 0.15], [1.8, 0.18], [3.0, 0.3], [6.0, 0.55]], ""trail_act"": 0.15, ""sl_mult"": 0.6, ""timeout_min"": 90}"
PEAK_TRAIL_V2,tiers15/18/30/55 act15 sl30 t30m,-68.0,-272.05,-272.01,128,0.25,"[92.42, -272.05, -56.6, -35.76]","[0.625, 0.0, 0.531, 0.562]","{""tiers"": [[1.3, 0.15], [1.8, 0.18], [3.0, 0.3], [6.0, 0.55]], ""trail_act"": 0.15, ""sl_mult"": 0.7, ""timeout_min"": 30}"
PEAK_TRAIL_V2,tiers15/18/30/55 act15 sl30 t60m,-11.76,-188.33,-47.06,128,0.5,"[87.64, -188.33, -19.09, 72.73]","[0.5, 0.0, 0.531, 0.562]","{""tiers"": [[1.3, 0.15], [1.8, 0.18], [3.0, 0.3], [6.0, 0.55]], ""trail_act"": 0.15, ""sl_mult"": 0.7, ""timeout_min"": 60}"
PEAK_TRAIL_V2,tiers15/18/30/55 act15 sl30 t90m,-19.2,-231.13,-76.81,128,0.5,"[90.23, -231.13, -19.09, 83.19]","[0.5, 0.0, 0.531, 0.594]","{""tiers"": [[1.3, 0.15], [1.8, 0.18], [3.0, 0.3], [6.0, 0.55]], ""trail_act"": 0.15, ""sl_mult"": 0.7, ""timeout_min"": 90}"
PEAK_TRAIL_V2,tiers15/18/30/55 act20 sl50 t30m,-95.23,-375.19,-380.95,128,0.25,"[60.92, -375.19, -30.91, -35.76]","[0.625, 0.0, 0.531, 0.562]","{""tiers"": [[1.3, 0.15], [1.8, 0.18], [3.0, 0.3], [6.0, 0.55]], ""trail_act"": 0.2, ""sl_mult"": 0.5, ""timeout_min"": 30}"
PEAK_TRAIL_V2,tiers15/18/30/55 act20 sl50 t60m,-24.68,-240.64,-98.74,128,0.75,"[55.79, -240.64, 5.88, 80.23]","[0.5, 0.0, 0.531, 0.562]","{""tiers"": [[1.3, 0.15], [1.8, 0.18], [3.0, 0.3], [6.0, 0.55]], ""trail_act"": 0.2, ""sl_mult"": 0.5, ""timeout_min"": 60}"
PEAK_TRAIL_V2,tiers15/18/30/55 act20 sl50 t90m,-23.44,-253.15,-93.72,128,0.75,"[48.01, -253.15, 5.88, 105.52]","[0.5, 0.0, 0.531, 0.625]","{""tiers"": [[1.3, 0.15], [1.8, 0.18], [3.0, 0.3], [6.0, 0.55]], ""trail_act"": 0.2, ""sl_mult"": 0.5, ""timeout_min"": 90}"
PEAK_TRAIL_V2,tiers15/18/30/55 act20 sl40 t30m,-87.31,-345.01,-349.27,128,0.25,"[62.42, -345.01, -30.91, -35.76]","[0.625, 0.0, 0.531, 0.562]","{""tiers"": [[1.3, 0.15], [1.8, 0.18], [3.0, 0.3], [6.0, 0.55]], ""trail_act"": 0.2, ""sl_mult"": 0.6, ""timeout_min"": 30}"
PEAK_TRAIL_V2,tiers15/18/30/55 act20 sl40 t60m,-15.43,-210.46,-61.7,128,0.75,"[57.46, -210.46, 11.06, 80.23]","[0.5, 0.0, 0.531, 0.562]","{""tiers"": [[1.3, 0.15], [1.8, 0.18], [3.0, 0.3], [6.0, 0.55]], ""trail_act"": 0.2, ""sl_mult"": 0.6, ""timeout_min"": 60}"
PEAK_TRAIL_V2,tiers15/18/30/55 act20 sl40 t90m,-12.88,-222.97,-51.51,128,0.75,"[54.87, -222.97, 11.06, 105.52]","[0.5, 0.0, 0.531, 0.625]","{""tiers"": [[1.3, 0.15], [1.8, 0.18], [3.0, 0.3], [6.0, 0.55]], ""trail_act"": 0.2, ""sl_mult"": 0.6, ""timeout_min"": 90}"
PEAK_TRAIL_V2,tiers15/18/30/55 act20 sl30 t30m,-80.52,-314.83,-322.09,128,0.25,"[92.42, -314.83, -63.91, -35.76]","[0.625, 0.0, 0.531, 0.562]","{""tiers"": [[1.3, 0.15], [1.8, 0.18], [3.0, 0.3], [6.0, 0.55]], ""trail_act"": 0.2, ""sl_mult"": 0.7, ""timeout_min"": 30}"
PEAK_TRAIL_V2,tiers15/18/30/55 act20 sl30 t60m,-9.17,-180.28,-36.67,128,0.5,"[87.64, -180.28, -16.76, 72.73]","[0.5, 0.0, 0.531, 0.562]","{""tiers"": [[1.3, 0.15], [1.8, 0.18], [3.0, 0.3], [6.0, 0.55]], ""trail_act"": 0.2, ""sl_mult"": 0.7, ""timeout_min"": 60}"
PEAK_TRAIL_V2,tiers15/18/30/55 act20 sl30 t90m,-16.61,-223.08,-66.42,128,0.5,"[90.23, -223.08, -16.76, 83.19]","[0.5, 0.0, 0.531, 0.594]","{""tiers"": [[1.3, 0.15], [1.8, 0.18], [3.0, 0.3], [6.0, 0.55]], ""trail_act"": 0.2, ""sl_mult"": 0.7, ""timeout_min"": 90}"
PEAK_TRAIL_V2,tiers15/18/30/55 act25 sl50 t30m,-94.55,-375.19,-378.21,128,0.25,"[60.92, -375.19, -28.17, -35.76]","[0.625, 0.0, 0.469, 0.562]","{""tiers"": [[1.3, 0.15], [1.8, 0.18], [3.0, 0.3], [6.0, 0.55]], ""trail_act"": 0.25, ""sl_mult"": 0.5, ""timeout_min"": 30}"
PEAK_TRAIL_V2,tiers15/18/30/55 act25 sl50 t60m,-25.48,-240.64,-101.94,128,0.75,"[55.79, -240.64, 2.69, 80.23]","[0.5, 0.0, 0.406, 0.562]","{""tiers"": [[1.3, 0.15], [1.8, 0.18], [3.0, 0.3], [6.0, 0.55]], ""trail_act"": 0.25, ""sl_mult"": 0.5, ""timeout_min"": 60}"
PEAK_TRAIL_V2,tiers15/18/30/55 act25 sl50 t90m,-27.7,-253.15,-110.78,128,0.5,"[48.01, -253.15, -11.17, 105.52]","[0.5, 0.0, 0.406, 0.625]","{""tiers"": [[1.3, 0.15], [1.8, 0.18], [3.0, 0.3], [6.0, 0.55]], ""trail_act"": 0.25, ""sl_mult"": 0.5, ""timeout_min"": 90}"
PEAK_TRAIL_V2,tiers15/18/30/55 act25 sl40 t30m,-86.63,-345.01,-346.53,128,0.25,"[62.42, -345.01, -28.17, -35.76]","[0.625, 0.0, 0.469, 0.562]","{""tiers"": [[1.3, 0.15], [1.8, 0.18], [3.0, 0.3], [6.0, 0.55]], ""trail_act"": 0.25, ""sl_mult"": 0.6, ""timeout_min"": 30}"
PEAK_TRAIL_V2,tiers15/18/30/55 act25 sl40 t60m,-16.23,-210.46,-64.9,128,0.75,"[57.46, -210.46, 7.86, 80.23]","[0.5, 0.0, 0.406, 0.562]","{""tiers"": [[1.3, 0.15], [1.8, 0.18], [3.0, 0.3], [6.0, 0.55]], ""trail_act"": 0.25, ""sl_mult"": 0.6, ""timeout_min"": 60}"
PEAK_TRAIL_V2,tiers15/18/30/55 act25 sl40 t90m,-17.15,-222.97,-68.57,128,0.5,"[54.87, -222.97, -6.0, 105.52]","[0.5, 0.0, 0.406, 0.625]","{""tiers"": [[1.3, 0.15], [1.8, 0.18], [3.0, 0.3], [6.0, 0.55]], ""trail_act"": 0.25, ""sl_mult"": 0.6, ""timeout_min"": 90}"
PEAK_TRAIL_V2,tiers15/18/30/55 act25 sl30 t30m,-79.83,-314.83,-319.35,128,0.25,"[92.42, -314.83, -61.17, -35.76]","[0.625, 0.0, 0.469, 0.562]","{""tiers"": [[1.3, 0.15], [1.8, 0.18], [3.0, 0.3], [6.0, 0.55]], ""trail_act"": 0.25, ""sl_mult"": 0.7, ""timeout_min"": 30}"
PEAK_TRAIL_V2,tiers15/18/30/55 act25 sl30 t60m,-9.97,-180.28,-39.87,128,0.5,"[87.64, -180.28, -19.96, 72.73]","[0.5, 0.0, 0.406, 0.562]","{""tiers"": [[1.3, 0.15], [1.8, 0.18], [3.0, 0.3], [6.0, 0.55]], ""trail_act"": 0.25, ""sl_mult"": 0.7, ""timeout_min"": 60}"
PEAK_TRAIL_V2,tiers15/18/30/55 act25 sl30 t90m,-20.87,-223.08,-83.48,128,0.5,"[90.23, -223.08, -33.82, 83.19]","[0.5, 0.0, 0.406, 0.594]","{""tiers"": [[1.3, 0.15], [1.8, 0.18], [3.0, 0.3], [6.0, 0.55]], ""trail_act"": 0.25, ""sl_mult"": 0.7, ""timeout_min"": 90}"
PEAK_TRAIL_V2,tiers15/18/40/45 act15 sl50 t30m,-82.71,-332.41,-330.86,128,0.25,"[60.92, -332.41, -23.6, -35.76]","[0.625, 0.0, 0.531, 0.562]","{""tiers"": [[1.3, 0.15], [1.8, 0.18], [3.0, 0.4], [6.0, 0.45]], ""trail_act"": 0.15, ""sl_mult"": 0.5, ""timeout_min"": 30}"
PEAK_TRAIL_V2,tiers15/18/40/45 act15 sl50 t60m,-27.28,-248.69,-109.13,128,0.75,"[55.79, -248.69, 3.55, 80.23]","[0.5, 0.0, 0.531, 0.562]","{""tiers"": [[1.3, 0.15], [1.8, 0.18], [3.0, 0.4], [6.0, 0.45]], ""trail_act"": 0.15, ""sl_mult"": 0.5, ""timeout_min"": 60}"
PEAK_TRAIL_V2,tiers15/18/40/45 act15 sl50 t90m,-26.03,-261.2,-104.11,128,0.75,"[48.01, -261.2, 3.55, 105.52]","[0.5, 0.0, 0.531, 0.625]","{""tiers"": [[1.3, 0.15], [1.8, 0.18], [3.0, 0.4], [6.0, 0.45]], ""trail_act"": 0.15, ""sl_mult"": 0.5, ""timeout_min"": 90}"
PEAK_TRAIL_V2,tiers15/18/40/45 act15 sl40 t30m,-74.79,-302.23,-299.19,128,0.25,"[62.42, -302.23, -23.6, -35.76]","[0.625, 0.0, 0.531, 0.562]","{""tiers"": [[1.3, 0.15], [1.8, 0.18], [3.0, 0.4], [6.0, 0.45]], ""trail_act"": 0.15, ""sl_mult"": 0.6, ""timeout_min"": 30}"
PEAK_TRAIL_V2,tiers15/18/40/45 act15 sl40 t60m,-18.02,-218.51,-72.09,128,0.75,"[57.46, -218.51, 8.73, 80.23]","[0.5, 0.0, 0.531, 0.562]","{""tiers"": [[1.3, 0.15], [1.8, 0.18], [3.0, 0.4], [6.0, 0.45]], ""trail_act"": 0.15, ""sl_mult"": 0.6, ""timeout_min"": 60}"
PEAK_TRAIL_V2,tiers15/18/40/45 act15 sl40 t90m,-15.48,-231.02,-61.9,128,0.75,"[54.87, -231.02, 8.73, 105.52]","[0.5, 0.0, 0.531, 0.625]","{""tiers"": [[1.3, 0.15], [1.8, 0.18], [3.0, 0.4], [6.0, 0.45]], ""trail_act"": 0.15, ""sl_mult"": 0.6, ""timeout_min"": 90}"
PEAK_TRAIL_V2,tiers15/18/40/45 act15 sl30 t30m,-68.0,-272.05,-272.01,128,0.25,"[92.42, -272.05, -56.6, -35.76]","[0.625, 0.0, 0.531, 0.562]","{""tiers"": [[1.3, 0.15], [1.8, 0.18], [3.0, 0.4], [6.0, 0.45]], ""trail_act"": 0.15, ""sl_mult"": 0.7, ""timeout_min"": 30}"
PEAK_TRAIL_V2,tiers15/18/40/45 act15 sl30 t60m,-11.76,-188.33,-47.06,128,0.5,"[87.64, -188.33, -19.09, 72.73]","[0.5, 0.0, 0.531, 0.562]","{""tiers"": [[1.3, 0.15], [1.8, 0.18], [3.0, 0.4], [6.0, 0.45]], ""trail_act"": 0.15, ""sl_mult"": 0.7, ""timeout_min"": 60}"
PEAK_TRAIL_V2,tiers15/18/40/45 act15 sl30 t90m,-19.2,-231.13,-76.81,128,0.5,"[90.23, -231.13, -19.09, 83.19]","[0.5, 0.0, 0.531, 0.594]","{""tiers"": [[1.3, 0.15], [1.8, 0.18], [3.0, 0.4], [6.0, 0.45]], ""trail_act"": 0.15, ""sl_mult"": 0.7, ""timeout_min"": 90}"
PEAK_TRAIL_V2,tiers15/18/40/45 act20 sl50 t30m,-95.23,-375.19,-380.95,128,0.25,"[60.92, -375.19, -30.91, -35.76]","[0.625, 0.0, 0.531, 0.562]","{""tiers"": [[1.3, 0.15], [1.8, 0.18], [3.0, 0.4], [6.0, 0.45]], ""trail_act"": 0.2, ""sl_mult"": 0.5, ""timeout_min"": 30}"
PEAK_TRAIL_V2,tiers15/18/40/45 act20 sl50 t60m,-24.68,-240.64,-98.74,128,0.75,"[55.79, -240.64, 5.88, 80.23]","[0.5, 0.0, 0.531, 0.562]","{""tiers"": [[1.3, 0.15], [1.8, 0.18], [3.0, 0.4], [6.0, 0.45]], ""trail_act"": 0.2, ""sl_mult"": 0.5, ""timeout_min"": 60}"
PEAK_TRAIL_V2,tiers15/18/40/45 act20 sl50 t90m,-23.44,-253.15,-93.72,128,0.75,"[48.01, -253.15, 5.88, 105.52]","[0.5, 0.0, 0.531, 0.625]","{""tiers"": [[1.3, 0.15], [1.8, 0.18], [3.0, 0.4], [6.0, 0.45]], ""trail_act"": 0.2, ""sl_mult"": 0.5, ""timeout_min"": 90}"
PEAK_TRAIL_V2,tiers15/18/40/45 act20 sl40 t30m,-87.31,-345.01,-349.27,128,0.25,"[62.42, -345.01, -30.91, -35.76]","[0.625, 0.0, 0.531, 0.562]","{""tiers"": [[1.3, 0.15], [1.8, 0.18], [3.0, 0.4], [6.0, 0.45]], ""trail_act"": 0.2, ""sl_mult"": 0.6, ""timeout_min"": 30}"
PEAK_TRAIL_V2,tiers15/18/40/45 act20 sl40 t60m,-15.43,-210.46,-61.7,128,0.75,"[57.46, -210.46, 11.06, 80.23]","[0.5, 0.0, 0.531, 0.562]","{""tiers"": [[1.3, 0.15], [1.8, 0.18], [3.0, 0.4], [6.0, 0.45]], ""trail_act"": 0.2, ""sl_mult"": 0.6, ""timeout_min"": 60}"
PEAK_TRAIL_V2,tiers15/18/40/45 act20 sl40 t90m,-12.88,-222.97,-51.51,128,0.75,"[54.87, -222.97, 11.06, 105.52]","[0.5, 0.0, 0.531, 0.625]","{""tiers"": [[1.3, 0.15], [1.8, 0.18], [3.0, 0.4], [6.0, 0.45]], ""trail_act"": 0.2, ""sl_mult"": 0.6, ""timeout_min"": 90}"
PEAK_TRAIL_V2,tiers15/18/40/45 act20 sl30 t30m,-80.52,-314.83,-322.09,128,0.25,"[92.42, -314.83, -63.91, -35.76]","[0.625, 0.0, 0.531, 0.562]","{""tiers"": [[1.3, 0.15], [1.8, 0.18], [3.0, 0.4], [6.0, 0.45]], ""trail_act"": 0.2, ""sl_mult"": 0.7, ""timeout_min"": 30}"
PEAK_TRAIL_V2,tiers15/18/40/45 act20 sl30 t60m,-9.17,-180.28,-36.67,128,0.5,"[87.64, -180.28, -16.76, 72.73]","[0.5, 0.0, 0.531, 0.562]","{""tiers"": [[1.3, 0.15], [1.8, 0.18], [3.0, 0.4], [6.0, 0.45]], ""trail_act"": 0.2, ""sl_mult"": 0.7, ""timeout_min"": 60}"
PEAK_TRAIL_V2,tiers15/18/40/45 act20 sl30 t90m,-16.61,-223.08,-66.42,128,0.5,"[90.23, -223.08, -16.76, 83.19]","[0.5, 0.0, 0.531, 0.594]","{""tiers"": [[1.3, 0.15], [1.8, 0.18], [3.0, 0.4], [6.0, 0.45]], ""trail_act"": 0.2, ""sl_mult"": 0.7, ""timeout_min"": 90}"
PEAK_TRAIL_V2,tiers15/18/40/45 act25 sl50 t30m,-94.55,-375.19,-378.21,128,0.25,"[60.92, -375.19, -28.17, -35.76]","[0.625, 0.0, 0.469, 0.562]","{""tiers"": [[1.3, 0.15], [1.8, 0.18], [3.0, 0.4], [6.0, 0.45]], ""trail_act"": 0.25, ""sl_mult"": 0.5, ""timeout_min"": 30}"
PEAK_TRAIL_V2,tiers15/18/40/45 act25 sl50 t60m,-25.48,-240.64,-101.94,128,0.75,"[55.79, -240.64, 2.69, 80.23]","[0.5, 0.0, 0.406, 0.562]","{""tiers"": [[1.3, 0.15], [1.8, 0.18], [3.0, 0.4], [6.0, 0.45]], ""trail_act"": 0.25, ""sl_mult"": 0.5, ""timeout_min"": 60}"
PEAK_TRAIL_V2,tiers15/18/40/45 act25 sl50 t90m,-27.7,-253.15,-110.78,128,0.5,"[48.01, -253.15, -11.17, 105.52]","[0.5, 0.0, 0.406, 0.625]","{""tiers"": [[1.3, 0.15], [1.8, 0.18], [3.0, 0.4], [6.0, 0.45]], ""trail_act"": 0.25, ""sl_mult"": 0.5, ""timeout_min"": 90}"
PEAK_TRAIL_V2,tiers15/18/40/45 act25 sl40 t30m,-86.63,-345.01,-346.53,128,0.25,"[62.42, -345.01, -28.17, -35.76]","[0.625, 0.0, 0.469, 0.562]","{""tiers"": [[1.3, 0.15], [1.8, 0.18], [3.0, 0.4], [6.0, 0.45]], ""trail_act"": 0.25, ""sl_mult"": 0.6, ""timeout_min"": 30}"
PEAK_TRAIL_V2,tiers15/18/40/45 act25 sl40 t60m,-16.23,-210.46,-64.9,128,0.75,"[57.46, -210.46, 7.86, 80.23]","[0.5, 0.0, 0.406, 0.562]","{""tiers"": [[1.3, 0.15], [1.8, 0.18], [3.0, 0.4], [6.0, 0.45]], ""trail_act"": 0.25, ""sl_mult"": 0.6, ""timeout_min"": 60}"
PEAK_TRAIL_V2,tiers15/18/40/45 act25 sl40 t90m,-17.15,-222.97,-68.57,128,0.5,"[54.87, -222.97, -6.0, 105.52]","[0.5, 0.0, 0.406, 0.625]","{""tiers"": [[1.3, 0.15], [1.8, 0.18], [3.0, 0.4], [6.0, 0.45]], ""trail_act"": 0.25, ""sl_mult"": 0.6, ""timeout_min"": 90}"
PEAK_TRAIL_V2,tiers15/18/40/45 act25 sl30 t30m,-79.83,-314.83,-319.35,128,0.25,"[92.42, -314.83, -61.17, -35.76]","[0.625, 0.0, 0.469, 0.562]","{""tiers"": [[1.3, 0.15], [1.8, 0.18], [3.0, 0.4], [6.0, 0.45]], ""trail_act"": 0.25, ""sl_mult"": 0.7, ""timeout_min"": 30}"
PEAK_TRAIL_V2,tiers15/18/40/45 act25 sl30 t60m,-9.97,-180.28,-39.87,128,0.5,"[87.64, -180.28, -19.96, 72.73]","[0.5, 0.0, 0.406, 0.562]","{""tiers"": [[1.3, 0.15], [1.8, 0.18], [3.0, 0.4], [6.0, 0.45]], ""trail_act"": 0.25, ""sl_mult"": 0.7, ""timeout_min"": 60}"
PEAK_TRAIL_V2,tiers15/18/40/45 act25 sl30 t90m,-20.87,-223.08,-83.48,128,0.5,"[90.23, -223.08, -33.82, 83.19]","[0.5, 0.0, 0.406, 0.594]","{""tiers"": [[1.3, 0.15], [1.8, 0.18], [3.0, 0.4], [6.0, 0.45]], ""trail_act"": 0.25, ""sl_mult"": 0.7, ""timeout_min"": 90}"
PEAK_TRAIL_V2,tiers15/18/40/55 act15 sl50 t30m,-82.71,-332.41,-330.86,128,0.25,"[60.92, -332.41, -23.6, -35.76]","[0.625, 0.0, 0.531, 0.562]","{""tiers"": [[1.3, 0.15], [1.8, 0.18], [3.0, 0.4], [6.0, 0.55]], ""trail_act"": 0.15, ""sl_mult"": 0.5, ""timeout_min"": 30}"
PEAK_TRAIL_V2,tiers15/18/40/55 act15 sl50 t60m,-27.28,-248.69,-109.13,128,0.75,"[55.79, -248.69, 3.55, 80.23]","[0.5, 0.0, 0.531, 0.562]","{""tiers"": [[1.3, 0.15], [1.8, 0.18], [3.0, 0.4], [6.0, 0.55]], ""trail_act"": 0.15, ""sl_mult"": 0.5, ""timeout_min"": 60}"
PEAK_TRAIL_V2,tiers15/18/40/55 act15 sl50 t90m,-26.03,-261.2,-104.11,128,0.75,"[48.01, -261.2, 3.55, 105.52]","[0.5, 0.0, 0.531, 0.625]","{""tiers"": [[1.3, 0.15], [1.8, 0.18], [3.0, 0.4], [6.0, 0.55]], ""trail_act"": 0.15, ""sl_mult"": 0.5, ""timeout_min"": 90}"
PEAK_TRAIL_V2,tiers15/18/40/55 act15 sl40 t30m,-74.79,-302.23,-299.19,128,0.25,"[62.42, -302.23, -23.6, -35.76]","[0.625, 0.0, 0.531, 0.562]","{""tiers"": [[1.3, 0.15], [1.8, 0.18], [3.0, 0.4], [6.0, 0.55]], ""trail_act"": 0.15, ""sl_mult"": 0.6, ""timeout_min"": 30}"
PEAK_TRAIL_V2,tiers15/18/40/55 act15 sl40 t60m,-18.02,-218.51,-72.09,128,0.75,"[57.46, -218.51, 8.73, 80.23]","[0.5, 0.0, 0.531, 0.562]","{""tiers"": [[1.3, 0.15], [1.8, 0.18], [3.0, 0.4], [6.0, 0.55]], ""trail_act"": 0.15, ""sl_mult"": 0.6, ""timeout_min"": 60}"
PEAK_TRAIL_V2,tiers15/18/40/55 act15 sl40 t90m,-15.48,-231.02,-61.9,128,0.75,"[54.87, -231.02, 8.73, 105.52]","[0.5, 0.0, 0.531, 0.625]","{""tiers"": [[1.3, 0.15], [1.8, 0.18], [3.0, 0.4], [6.0, 0.55]], ""trail_act"": 0.15, ""sl_mult"": 0.6, ""timeout_min"": 90}"
PEAK_TRAIL_V2,tiers15/18/40/55 act15 sl30 t30m,-68.0,-272.05,-272.01,128,0.25,"[92.42, -272.05, -56.6, -35.76]","[0.625, 0.0, 0.531, 0.562]","{""tiers"": [[1.3, 0.15], [1.8, 0.18], [3.0, 0.4], [6.0, 0.55]], ""trail_act"": 0.15, ""sl_mult"": 0.7, ""timeout_min"": 30}"
PEAK_TRAIL_V2,tiers15/18/40/55 act15 sl30 t60m,-11.76,-188.33,-47.06,128,0.5,"[87.64, -188.33, -19.09, 72.73]","[0.5, 0.0, 0.531, 0.562]","{""tiers"": [[1.3, 0.15], [1.8, 0.18], [3.0, 0.4], [6.0, 0.55]], ""trail_act"": 0.15, ""sl_mult"": 0.7, ""timeout_min"": 60}"
PEAK_TRAIL_V2,tiers15/18/40/55 act15 sl30 t90m,-19.2,-231.13,-76.81,128,0.5,"[90.23, -231.13, -19.09, 83.19]","[0.5, 0.0, 0.531, 0.594]","{""tiers"": [[1.3, 0.15], [1.8, 0.18], [3.0, 0.4], [6.0, 0.55]], ""trail_act"": 0.15, ""sl_mult"": 0.7, ""timeout_min"": 90}"
PEAK_TRAIL_V2,tiers15/18/40/55 act20 sl50 t30m,-95.23,-375.19,-380.95,128,0.25,"[60.92, -375.19, -30.91, -35.76]","[0.625, 0.0, 0.531, 0.562]","{""tiers"": [[1.3, 0.15], [1.8, 0.18], [3.0, 0.4], [6.0, 0.55]], ""trail_act"": 0.2, ""sl_mult"": 0.5, ""timeout_min"": 30}"
PEAK_TRAIL_V2,tiers15/18/40/55 act20 sl50 t60m,-24.68,-240.64,-98.74,128,0.75,"[55.79, -240.64, 5.88, 80.23]","[0.5, 0.0, 0.531, 0.562]","{""tiers"": [[1.3, 0.15], [1.8, 0.18], [3.0, 0.4], [6.0, 0.55]], ""trail_act"": 0.2, ""sl_mult"": 0.5, ""timeout_min"": 60}"
PEAK_TRAIL_V2,tiers15/18/40/55 act20 sl50 t90m,-23.44,-253.15,-93.72,128,0.75,"[48.01, -253.15, 5.88, 105.52]","[0.5, 0.0, 0.531, 0.625]","{""tiers"": [[1.3, 0.15], [1.8, 0.18], [3.0, 0.4], [6.0, 0.55]], ""trail_act"": 0.2, ""sl_mult"": 0.5, ""timeout_min"": 90}"
PEAK_TRAIL_V2,tiers15/18/40/55 act20 sl40 t30m,-87.31,-345.01,-349.27,128,0.25,"[62.42, -345.01, -30.91, -35.76]","[0.625, 0.0, 0.531, 0.562]","{""tiers"": [[1.3, 0.15], [1.8, 0.18], [3.0, 0.4], [6.0, 0.55]], ""trail_act"": 0.2, ""sl_mult"": 0.6, ""timeout_min"": 30}"
PEAK_TRAIL_V2,tiers15/18/40/55 act20 sl40 t60m,-15.43,-210.46,-61.7,128,0.75,"[57.46, -210.46, 11.06, 80.23]","[0.5, 0.0, 0.531, 0.562]","{""tiers"": [[1.3, 0.15], [1.8, 0.18], [3.0, 0.4], [6.0, 0.55]], ""trail_act"": 0.2, ""sl_mult"": 0.6, ""timeout_min"": 60}"
PEAK_TRAIL_V2,tiers15/18/40/55 act20 sl40 t90m,-12.88,-222.97,-51.51,128,0.75,"[54.87, -222.97, 11.06, 105.52]","[0.5, 0.0, 0.531, 0.625]","{""tiers"": [[1.3, 0.15], [1.8, 0.18], [3.0, 0.4], [6.0, 0.55]], ""trail_act"": 0.2, ""sl_mult"": 0.6, ""timeout_min"": 90}"
PEAK_TRAIL_V2,tiers15/18/40/55 act20 sl30 t30m,-80.52,-314.83,-322.09,128,0.25,"[92.42, -314.83, -63.91, -35.76]","[0.625, 0.0, 0.531, 0.562]","{""tiers"": [[1.3, 0.15], [1.8, 0.18], [3.0, 0.4], [6.0, 0.55]], ""trail_act"": 0.2, ""sl_mult"": 0.7, ""timeout_min"": 30}"
PEAK_TRAIL_V2,tiers15/18/40/55 act20 sl30 t60m,-9.17,-180.28,-36.67,128,0.5,"[87.64, -180.28, -16.76, 72.73]","[0.5, 0.0, 0.531, 0.562]","{""tiers"": [[1.3, 0.15], [1.8, 0.18], [3.0, 0.4], [6.0, 0.55]], ""trail_act"": 0.2, ""sl_mult"": 0.7, ""timeout_min"": 60}"
PEAK_TRAIL_V2,tiers15/18/40/55 act20 sl30 t90m,-16.61,-223.08,-66.42,128,0.5,"[90.23, -223.08, -16.76, 83.19]","[0.5, 0.0, 0.531, 0.594]","{""tiers"": [[1.3, 0.15], [1.8, 0.18], [3.0, 0.4], [6.0, 0.55]], ""trail_act"": 0.2, ""sl_mult"": 0.7, ""timeout_min"": 90}"
PEAK_TRAIL_V2,tiers15/18/40/55 act25 sl50 t30m,-94.55,-375.19,-378.21,128,0.25,"[60.92, -375.19, -28.17, -35.76]","[0.625, 0.0, 0.469, 0.562]","{""tiers"": [[1.3, 0.15], [1.8, 0.18], [3.0, 0.4], [6.0, 0.55]], ""trail_act"": 0.25, ""sl_mult"": 0.5, ""timeout_min"": 30}"
PEAK_TRAIL_V2,tiers15/18/40/55 act25 sl50 t60m,-25.48,-240.64,-101.94,128,0.75,"[55.79, -240.64, 2.69, 80.23]","[0.5, 0.0, 0.406, 0.562]","{""tiers"": [[1.3, 0.15], [1.8, 0.18], [3.0, 0.4], [6.0, 0.55]], ""trail_act"": 0.25, ""sl_mult"": 0.5, ""timeout_min"": 60}"
PEAK_TRAIL_V2,tiers15/18/40/55 act25 sl50 t90m,-27.7,-253.15,-110.78,128,0.5,"[48.01, -253.15, -11.17, 105.52]","[0.5, 0.0, 0.406, 0.625]","{""tiers"": [[1.3, 0.15], [1.8, 0.18], [3.0, 0.4], [6.0, 0.55]], ""trail_act"": 0.25, ""sl_mult"": 0.5, ""timeout_min"": 90}"
PEAK_TRAIL_V2,tiers15/18/40/55 act25 sl40 t30m,-86.63,-345.01,-346.53,128,0.25,"[62.42, -345.01, -28.17, -35.76]","[0.625, 0.0, 0.469, 0.562]","{""tiers"": [[1.3, 0.15], [1.8, 0.18], [3.0, 0.4], [6.0, 0.55]], ""trail_act"": 0.25, ""sl_mult"": 0.6, ""timeout_min"": 30}"
PEAK_TRAIL_V2,tiers15/18/40/55 act25 sl40 t60m,-16.23,-210.46,-64.9,128,0.75,"[57.46, -210.46, 7.86, 80.23]","[0.5, 0.0, 0.406, 0.562]","{""tiers"": [[1.3, 0.15], [1.8, 0.18], [3.0, 0.4], [6.0, 0.55]], ""trail_act"": 0.25, ""sl_mult"": 0.6, ""timeout_min"": 60}"
PEAK_TRAIL_V2,tiers15/18/40/55 act25 sl40 t90m,-17.15,-222.97,-68.57,128,0.5,"[54.87, -222.97, -6.0, 105.52]","[0.5, 0.0, 0.406, 0.625]","{""tiers"": [[1.3, 0.15], [1.8, 0.18], [3.0, 0.4], [6.0, 0.55]], ""trail_act"": 0.25, ""sl_mult"": 0.6, ""timeout_min"": 90}"
PEAK_TRAIL_V2,tiers15/18/40/55 act25 sl30 t30m,-79.83,-314.83,-319.35,128,0.25,"[92.42, -314.83, -61.17, -35.76]","[0.625, 0.0, 0.469, 0.562]","{""tiers"": [[1.3, 0.15], [1.8, 0.18], [3.0, 0.4], [6.0, 0.55]], ""trail_act"": 0.25, ""sl_mult"": 0.7, ""timeout_min"": 30}"
PEAK_TRAIL_V2,tiers15/18/40/55 act25 sl30 t60m,-9.97,-180.28,-39.87,128,0.5,"[87.64, -180.28, -19.96, 72.73]","[0.5, 0.0, 0.406, 0.562]","{""tiers"": [[1.3, 0.15], [1.8, 0.18], [3.0, 0.4], [6.0, 0.55]], ""trail_act"": 0.25, ""sl_mult"": 0.7, ""timeout_min"": 60}"
PEAK_TRAIL_V2,tiers15/18/40/55 act25 sl30 t90m,-20.87,-223.08,-83.48,128,0.5,"[90.23, -223.08, -33.82, 83.19]","[0.5, 0.0, 0.406, 0.594]","{""tiers"": [[1.3, 0.15], [1.8, 0.18], [3.0, 0.4], [6.0, 0.55]], ""trail_act"": 0.25, ""sl_mult"": 0.7, ""timeout_min"": 90}"
PEAK_TRAIL_V2,tiers15/25/30/45 act15 sl50 t30m,-82.71,-332.41,-330.86,128,0.25,"[60.92, -332.41, -23.6, -35.76]","[0.625, 0.0, 0.531, 0.562]","{""tiers"": [[1.3, 0.15], [1.8, 0.25], [3.0, 0.3], [6.0, 0.45]], ""trail_act"": 0.15, ""sl_mult"": 0.5, ""timeout_min"": 30}"
PEAK_TRAIL_V2,tiers15/25/30/45 act15 sl50 t60m,-27.28,-248.69,-109.13,128,0.75,"[55.79, -248.69, 3.55, 80.23]","[0.5, 0.0, 0.531, 0.562]","{""tiers"": [[1.3, 0.15], [1.8, 0.25], [3.0, 0.3], [6.0, 0.45]], ""trail_act"": 0.15, ""sl_mult"": 0.5, ""timeout_min"": 60}"
PEAK_TRAIL_V2,tiers15/25/30/45 act15 sl50 t90m,-26.03,-261.2,-104.11,128,0.75,"[48.01, -261.2, 3.55, 105.52]","[0.5, 0.0, 0.531, 0.625]","{""tiers"": [[1.3, 0.15], [1.8, 0.25], [3.0, 0.3], [6.0, 0.45]], ""trail_act"": 0.15, ""sl_mult"": 0.5, ""timeout_min"": 90}"
PEAK_TRAIL_V2,tiers15/25/30/45 act15 sl40 t30m,-74.79,-302.23,-299.19,128,0.25,"[62.42, -302.23, -23.6, -35.76]","[0.625, 0.0, 0.531, 0.562]","{""tiers"": [[1.3, 0.15], [1.8, 0.25], [3.0, 0.3], [6.0, 0.45]], ""trail_act"": 0.15, ""sl_mult"": 0.6, ""timeout_min"": 30}"
PEAK_TRAIL_V2,tiers15/25/30/45 act15 sl40 t60m,-18.02,-218.51,-72.09,128,0.75,"[57.46, -218.51, 8.73, 80.23]","[0.5, 0.0, 0.531, 0.562]","{""tiers"": [[1.3, 0.15], [1.8, 0.25], [3.0, 0.3], [6.0, 0.45]], ""trail_act"": 0.15, ""sl_mult"": 0.6, ""timeout_min"": 60}"
PEAK_TRAIL_V2,tiers15/25/30/45 act15 sl40 t90m,-15.48,-231.02,-61.9,128,0.75,"[54.87, -231.02, 8.73, 105.52]","[0.5, 0.0, 0.531, 0.625]","{""tiers"": [[1.3, 0.15], [1.8, 0.25], [3.0, 0.3], [6.0, 0.45]], ""trail_act"": 0.15, ""sl_mult"": 0.6, ""timeout_min"": 90}"
PEAK_TRAIL_V2,tiers15/25/30/45 act15 sl30 t30m,-68.0,-272.05,-272.01,128,0.25,"[92.42, -272.05, -56.6, -35.76]","[0.625, 0.0, 0.531, 0.562]","{""tiers"": [[1.3, 0.15], [1.8, 0.25], [3.0, 0.3], [6.0, 0.45]], ""trail_act"": 0.15, ""sl_mult"": 0.7, ""timeout_min"": 30}"
PEAK_TRAIL_V2,tiers15/25/30/45 act15 sl30 t60m,-11.76,-188.33,-47.06,128,0.5,"[87.64, -188.33, -19.09, 72.73]","[0.5, 0.0, 0.531, 0.562]","{""tiers"": [[1.3, 0.15], [1.8, 0.25], [3.0, 0.3], [6.0, 0.45]], ""trail_act"": 0.15, ""sl_mult"": 0.7, ""timeout_min"": 60}"
PEAK_TRAIL_V2,tiers15/25/30/45 act15 sl30 t90m,-19.2,-231.13,-76.81,128,0.5,"[90.23, -231.13, -19.09, 83.19]","[0.5, 0.0, 0.531, 0.594]","{""tiers"": [[1.3, 0.15], [1.8, 0.25], [3.0, 0.3], [6.0, 0.45]], ""trail_act"": 0.15, ""sl_mult"": 0.7, ""timeout_min"": 90}"
PEAK_TRAIL_V2,tiers15/25/30/45 act20 sl50 t30m,-95.23,-375.19,-380.95,128,0.25,"[60.92, -375.19, -30.91, -35.76]","[0.625, 0.0, 0.531, 0.562]","{""tiers"": [[1.3, 0.15], [1.8, 0.25], [3.0, 0.3], [6.0, 0.45]], ""trail_act"": 0.2, ""sl_mult"": 0.5, ""timeout_min"": 30}"
PEAK_TRAIL_V2,tiers15/25/30/45 act20 sl50 t60m,-24.68,-240.64,-98.74,128,0.75,"[55.79, -240.64, 5.88, 80.23]","[0.5, 0.0, 0.531, 0.562]","{""tiers"": [[1.3, 0.15], [1.8, 0.25], [3.0, 0.3], [6.0, 0.45]], ""trail_act"": 0.2, ""sl_mult"": 0.5, ""timeout_min"": 60}"
PEAK_TRAIL_V2,tiers15/25/30/45 act20 sl50 t90m,-23.44,-253.15,-93.72,128,0.75,"[48.01, -253.15, 5.88, 105.52]","[0.5, 0.0, 0.531, 0.625]","{""tiers"": [[1.3, 0.15], [1.8, 0.25], [3.0, 0.3], [6.0, 0.45]], ""trail_act"": 0.2, ""sl_mult"": 0.5, ""timeout_min"": 90}"
PEAK_TRAIL_V2,tiers15/25/30/45 act20 sl40 t30m,-87.31,-345.01,-349.27,128,0.25,"[62.42, -345.01, -30.91, -35.76]","[0.625, 0.0, 0.531, 0.562]","{""tiers"": [[1.3, 0.15], [1.8, 0.25], [3.0, 0.3], [6.0, 0.45]], ""trail_act"": 0.2, ""sl_mult"": 0.6, ""timeout_min"": 30}"
PEAK_TRAIL_V2,tiers15/25/30/45 act20 sl40 t60m,-15.43,-210.46,-61.7,128,0.75,"[57.46, -210.46, 11.06, 80.23]","[0.5, 0.0, 0.531, 0.562]","{""tiers"": [[1.3, 0.15], [1.8, 0.25], [3.0, 0.3], [6.0, 0.45]], ""trail_act"": 0.2, ""sl_mult"": 0.6, ""timeout_min"": 60}"
PEAK_TRAIL_V2,tiers15/25/30/45 act20 sl40 t90m,-12.88,-222.97,-51.51,128,0.75,"[54.87, -222.97, 11.06, 105.52]","[0.5, 0.0, 0.531, 0.625]","{""tiers"": [[1.3, 0.15], [1.8, 0.25], [3.0, 0.3], [6.0, 0.45]], ""trail_act"": 0.2, ""sl_mult"": 0.6, ""timeout_min"": 90}"
PEAK_TRAIL_V2,tiers15/25/30/45 act20 sl30 t30m,-80.52,-314.83,-322.09,128,0.25,"[92.42, -314.83, -63.91, -35.76]","[0.625, 0.0, 0.531, 0.562]","{""tiers"": [[1.3, 0.15], [1.8, 0.25], [3.0, 0.3], [6.0, 0.45]], ""trail_act"": 0.2, ""sl_mult"": 0.7, ""timeout_min"": 30}"
PEAK_TRAIL_V2,tiers15/25/30/45 act20 sl30 t60m,-9.17,-180.28,-36.67,128,0.5,"[87.64, -180.28, -16.76, 72.73]","[0.5, 0.0, 0.531, 0.562]","{""tiers"": [[1.3, 0.15], [1.8, 0.25], [3.0, 0.3], [6.0, 0.45]], ""trail_act"": 0.2, ""sl_mult"": 0.7, ""timeout_min"": 60}"
PEAK_TRAIL_V2,tiers15/25/30/45 act20 sl30 t90m,-16.61,-223.08,-66.42,128,0.5,"[90.23, -223.08, -16.76, 83.19]","[0.5, 0.0, 0.531, 0.594]","{""tiers"": [[1.3, 0.15], [1.8, 0.25], [3.0, 0.3], [6.0, 0.45]], ""trail_act"": 0.2, ""sl_mult"": 0.7, ""timeout_min"": 90}"
PEAK_TRAIL_V2,tiers15/25/30/45 act25 sl50 t30m,-94.55,-375.19,-378.21,128,0.25,"[60.92, -375.19, -28.17, -35.76]","[0.625, 0.0, 0.469, 0.562]","{""tiers"": [[1.3, 0.15], [1.8, 0.25], [3.0, 0.3], [6.0, 0.45]], ""trail_act"": 0.25, ""sl_mult"": 0.5, ""timeout_min"": 30}"
PEAK_TRAIL_V2,tiers15/25/30/45 act25 sl50 t60m,-25.48,-240.64,-101.94,128,0.75,"[55.79, -240.64, 2.69, 80.23]","[0.5, 0.0, 0.406, 0.562]","{""tiers"": [[1.3, 0.15], [1.8, 0.25], [3.0, 0.3], [6.0, 0.45]], ""trail_act"": 0.25, ""sl_mult"": 0.5, ""timeout_min"": 60}"
PEAK_TRAIL_V2,tiers15/25/30/45 act25 sl50 t90m,-27.7,-253.15,-110.78,128,0.5,"[48.01, -253.15, -11.17, 105.52]","[0.5, 0.0, 0.406, 0.625]","{""tiers"": [[1.3, 0.15], [1.8, 0.25], [3.0, 0.3], [6.0, 0.45]], ""trail_act"": 0.25, ""sl_mult"": 0.5, ""timeout_min"": 90}"
PEAK_TRAIL_V2,tiers15/25/30/45 act25 sl40 t30m,-86.63,-345.01,-346.53,128,0.25,"[62.42, -345.01, -28.17, -35.76]","[0.625, 0.0, 0.469, 0.562]","{""tiers"": [[1.3, 0.15], [1.8, 0.25], [3.0, 0.3], [6.0, 0.45]], ""trail_act"": 0.25, ""sl_mult"": 0.6, ""timeout_min"": 30}"
PEAK_TRAIL_V2,tiers15/25/30/45 act25 sl40 t60m,-16.23,-210.46,-64.9,128,0.75,"[57.46, -210.46, 7.86, 80.23]","[0.5, 0.0, 0.406, 0.562]","{""tiers"": [[1.3, 0.15], [1.8, 0.25], [3.0, 0.3], [6.0, 0.45]], ""trail_act"": 0.25, ""sl_mult"": 0.6, ""timeout_min"": 60}"
PEAK_TRAIL_V2,tiers15/25/30/45 act25 sl40 t90m,-17.15,-222.97,-68.57,128,0.5,"[54.87, -222.97, -6.0, 105.52]","[0.5, 0.0, 0.406, 0.625]","{""tiers"": [[1.3, 0.15], [1.8, 0.25], [3.0, 0.3], [6.0, 0.45]], ""trail_act"": 0.25, ""sl_mult"": 0.6, ""timeout_min"": 90}"
PEAK_TRAIL_V2,tiers15/25/30/45 act25 sl30 t30m,-79.83,-314.83,-319.35,128,0.25,"[92.42, -314.83, -61.17, -35.76]","[0.625, 0.0, 0.469, 0.562]","{""tiers"": [[1.3, 0.15], [1.8, 0.25], [3.0, 0.3], [6.0, 0.45]], ""trail_act"": 0.25, ""sl_mult"": 0.7, ""timeout_min"": 30}"
PEAK_TRAIL_V2,tiers15/25/30/45 act25 sl30 t60m,-9.97,-180.28,-39.87,128,0.5,"[87.64, -180.28, -19.96, 72.73]","[0.5, 0.0, 0.406, 0.562]","{""tiers"": [[1.3, 0.15], [1.8, 0.25], [3.0, 0.3], [6.0, 0.45]], ""trail_act"": 0.25, ""sl_mult"": 0.7, ""timeout_min"": 60}"
PEAK_TRAIL_V2,tiers15/25/30/45 act25 sl30 t90m,-20.87,-223.08,-83.48,128,0.5,"[90.23, -223.08, -33.82, 83.19]","[0.5, 0.0, 0.406, 0.594]","{""tiers"": [[1.3, 0.15], [1.8, 0.25], [3.0, 0.3], [6.0, 0.45]], ""trail_act"": 0.25, ""sl_mult"": 0.7, ""timeout_min"": 90}"
PEAK_TRAIL_V2,tiers15/25/30/55 act15 sl50 t30m,-82.71,-332.41,-330.86,128,0.25,"[60.92, -332.41, -23.6, -35.76]","[0.625, 0.0, 0.531, 0.562]","{""tiers"": [[1.3, 0.15], [1.8, 0.25], [3.0, 0.3], [6.0, 0.55]], ""trail_act"": 0.15, ""sl_mult"": 0.5, ""timeout_min"": 30}"
PEAK_TRAIL_V2,tiers15/25/30/55 act15 sl50 t60m,-27.28,-248.69,-109.13,128,0.75,"[55.79, -248.69, 3.55, 80.23]","[0.5, 0.0, 0.531, 0.562]","{""tiers"": [[1.3, 0.15], [1.8, 0.25], [3.0, 0.3], [6.0, 0.55]], ""trail_act"": 0.15, ""sl_mult"": 0.5, ""timeout_min"": 60}"
PEAK_TRAIL_V2,tiers15/25/30/55 act15 sl50 t90m,-26.03,-261.2,-104.11,128,0.75,"[48.01, -261.2, 3.55, 105.52]","[0.5, 0.0, 0.531, 0.625]","{""tiers"": [[1.3, 0.15], [1.8, 0.25], [3.0, 0.3], [6.0, 0.55]], ""trail_act"": 0.15, ""sl_mult"": 0.5, ""timeout_min"": 90}"
PEAK_TRAIL_V2,tiers15/25/30/55 act15 sl40 t30m,-74.79,-302.23,-299.19,128,0.25,"[62.42, -302.23, -23.6, -35.76]","[0.625, 0.0, 0.531, 0.562]","{""tiers"": [[1.3, 0.15], [1.8, 0.25], [3.0, 0.3], [6.0, 0.55]], ""trail_act"": 0.15, ""sl_mult"": 0.6, ""timeout_min"": 30}"
PEAK_TRAIL_V2,tiers15/25/30/55 act15 sl40 t60m,-18.02,-218.51,-72.09,128,0.75,"[57.46, -218.51, 8.73, 80.23]","[0.5, 0.0, 0.531, 0.562]","{""tiers"": [[1.3, 0.15], [1.8, 0.25], [3.0, 0.3], [6.0, 0.55]], ""trail_act"": 0.15, ""sl_mult"": 0.6, ""timeout_min"": 60}"
PEAK_TRAIL_V2,tiers15/25/30/55 act15 sl40 t90m,-15.48,-231.02,-61.9,128,0.75,"[54.87, -231.02, 8.73, 105.52]","[0.5, 0.0, 0.531, 0.625]","{""tiers"": [[1.3, 0.15], [1.8, 0.25], [3.0, 0.3], [6.0, 0.55]], ""trail_act"": 0.15, ""sl_mult"": 0.6, ""timeout_min"": 90}"
PEAK_TRAIL_V2,tiers15/25/30/55 act15 sl30 t30m,-68.0,-272.05,-272.01,128,0.25,"[92.42, -272.05, -56.6, -35.76]","[0.625, 0.0, 0.531, 0.562]","{""tiers"": [[1.3, 0.15], [1.8, 0.25], [3.0, 0.3], [6.0, 0.55]], ""trail_act"": 0.15, ""sl_mult"": 0.7, ""timeout_min"": 30}"
PEAK_TRAIL_V2,tiers15/25/30/55 act15 sl30 t60m,-11.76,-188.33,-47.06,128,0.5,"[87.64, -188.33, -19.09, 72.73]","[0.5, 0.0, 0.531, 0.562]","{""tiers"": [[1.3, 0.15], [1.8, 0.25], [3.0, 0.3], [6.0, 0.55]], ""trail_act"": 0.15, ""sl_mult"": 0.7, ""timeout_min"": 60}"
PEAK_TRAIL_V2,tiers15/25/30/55 act15 sl30 t90m,-19.2,-231.13,-76.81,128,0.5,"[90.23, -231.13, -19.09, 83.19]","[0.5, 0.0, 0.531, 0.594]","{""tiers"": [[1.3, 0.15], [1.8, 0.25], [3.0, 0.3], [6.0, 0.55]], ""trail_act"": 0.15, ""sl_mult"": 0.7, ""timeout_min"": 90}"
PEAK_TRAIL_V2,tiers15/25/30/55 act20 sl50 t30m,-95.23,-375.19,-380.95,128,0.25,"[60.92, -375.19, -30.91, -35.76]","[0.625, 0.0, 0.531, 0.562]","{""tiers"": [[1.3, 0.15], [1.8, 0.25], [3.0, 0.3], [6.0, 0.55]], ""trail_act"": 0.2, ""sl_mult"": 0.5, ""timeout_min"": 30}"
PEAK_TRAIL_V2,tiers15/25/30/55 act20 sl50 t60m,-24.68,-240.64,-98.74,128,0.75,"[55.79, -240.64, 5.88, 80.23]","[0.5, 0.0, 0.531, 0.562]","{""tiers"": [[1.3, 0.15], [1.8, 0.25], [3.0, 0.3], [6.0, 0.55]], ""trail_act"": 0.2, ""sl_mult"": 0.5, ""timeout_min"": 60}"
PEAK_TRAIL_V2,tiers15/25/30/55 act20 sl50 t90m,-23.44,-253.15,-93.72,128,0.75,"[48.01, -253.15, 5.88, 105.52]","[0.5, 0.0, 0.531, 0.625]","{""tiers"": [[1.3, 0.15], [1.8, 0.25], [3.0, 0.3], [6.0, 0.55]], ""trail_act"": 0.2, ""sl_mult"": 0.5, ""timeout_min"": 90}"
PEAK_TRAIL_V2,tiers15/25/30/55 act20 sl40 t30m,-87.31,-345.01,-349.27,128,0.25,"[62.42, -345.01, -30.91, -35.76]","[0.625, 0.0, 0.531, 0.562]","{""tiers"": [[1.3, 0.15], [1.8, 0.25], [3.0, 0.3], [6.0, 0.55]], ""trail_act"": 0.2, ""sl_mult"": 0.6, ""timeout_min"": 30}"
PEAK_TRAIL_V2,tiers15/25/30/55 act20 sl40 t60m,-15.43,-210.46,-61.7,128,0.75,"[57.46, -210.46, 11.06, 80.23]","[0.5, 0.0, 0.531, 0.562]","{""tiers"": [[1.3, 0.15], [1.8, 0.25], [3.0, 0.3], [6.0, 0.55]], ""trail_act"": 0.2, ""sl_mult"": 0.6, ""timeout_min"": 60}"
PEAK_TRAIL_V2,tiers15/25/30/55 act20 sl40 t90m,-12.88,-222.97,-51.51,128,0.75,"[54.87, -222.97, 11.06, 105.52]","[0.5, 0.0, 0.531, 0.625]","{""tiers"": [[1.3, 0.15], [1.8, 0.25], [3.0, 0.3], [6.0, 0.55]], ""trail_act"": 0.2, ""sl_mult"": 0.6, ""timeout_min"": 90}"
PEAK_TRAIL_V2,tiers15/25/30/55 act20 sl30 t30m,-80.52,-314.83,-322.09,128,0.25,"[92.42, -314.83, -63.91, -35.76]","[0.625, 0.0, 0.531, 0.562]","{""tiers"": [[1.3, 0.15], [1.8, 0.25], [3.0, 0.3], [6.0, 0.55]], ""trail_act"": 0.2, ""sl_mult"": 0.7, ""timeout_min"": 30}"
PEAK_TRAIL_V2,tiers15/25/30/55 act20 sl30 t60m,-9.17,-180.28,-36.67,128,0.5,"[87.64, -180.28, -16.76, 72.73]","[0.5, 0.0, 0.531, 0.562]","{""tiers"": [[1.3, 0.15], [1.8, 0.25], [3.0, 0.3], [6.0, 0.55]], ""trail_act"": 0.2, ""sl_mult"": 0.7, ""timeout_min"": 60}"
PEAK_TRAIL_V2,tiers15/25/30/55 act20 sl30 t90m,-16.61,-223.08,-66.42,128,0.5,"[90.23, -223.08, -16.76, 83.19]","[0.5, 0.0, 0.531, 0.594]","{""tiers"": [[1.3, 0.15], [1.8, 0.25], [3.0, 0.3], [6.0, 0.55]], ""trail_act"": 0.2, ""sl_mult"": 0.7, ""timeout_min"": 90}"
PEAK_TRAIL_V2,tiers15/25/30/55 act25 sl50 t30m,-94.55,-375.19,-378.21,128,0.25,"[60.92, -375.19, -28.17, -35.76]","[0.625, 0.0, 0.469, 0.562]","{""tiers"": [[1.3, 0.15], [1.8, 0.25], [3.0, 0.3], [6.0, 0.55]], ""trail_act"": 0.25, ""sl_mult"": 0.5, ""timeout_min"": 30}"
PEAK_TRAIL_V2,tiers15/25/30/55 act25 sl50 t60m,-25.48,-240.64,-101.94,128,0.75,"[55.79, -240.64, 2.69, 80.23]","[0.5, 0.0, 0.406, 0.562]","{""tiers"": [[1.3, 0.15], [1.8, 0.25], [3.0, 0.3], [6.0, 0.55]], ""trail_act"": 0.25, ""sl_mult"": 0.5, ""timeout_min"": 60}"
PEAK_TRAIL_V2,tiers15/25/30/55 act25 sl50 t90m,-27.7,-253.15,-110.78,128,0.5,"[48.01, -253.15, -11.17, 105.52]","[0.5, 0.0, 0.406, 0.625]","{""tiers"": [[1.3, 0.15], [1.8, 0.25], [3.0, 0.3], [6.0, 0.55]], ""trail_act"": 0.25, ""sl_mult"": 0.5, ""timeout_min"": 90}"
PEAK_TRAIL_V2,tiers15/25/30/55 act25 sl40 t30m,-86.63,-345.01,-346.53,128,0.25,"[62.42, -345.01, -28.17, -35.76]","[0.625, 0.0, 0.469, 0.562]","{""tiers"": [[1.3, 0.15], [1.8, 0.25], [3.0, 0.3], [6.0, 0.55]], ""trail_act"": 0.25, ""sl_mult"": 0.6, ""timeout_min"": 30}"
PEAK_TRAIL_V2,tiers15/25/30/55 act25 sl40 t60m,-16.23,-210.46,-64.9,128,0.75,"[57.46, -210.46, 7.86, 80.23]","[0.5, 0.0, 0.406, 0.562]","{""tiers"": [[1.3, 0.15], [1.8, 0.25], [3.0, 0.3], [6.0, 0.55]], ""trail_act"": 0.25, ""sl_mult"": 0.6, ""timeout_min"": 60}"
PEAK_TRAIL_V2,tiers15/25/30/55 act25 sl40 t90m,-17.15,-222.97,-68.57,128,0.5,"[54.87, -222.97, -6.0, 105.52]","[0.5, 0.0, 0.406, 0.625]","{""tiers"": [[1.3, 0.15], [1.8, 0.25], [3.0, 0.3], [6.0, 0.55]], ""trail_act"": 0.25, ""sl_mult"": 0.6, ""timeout_min"": 90}"
PEAK_TRAIL_V2,tiers15/25/30/55 act25 sl30 t30m,-79.83,-314.83,-319.35,128,0.25,"[92.42, -314.83, -61.17, -35.76]","[0.625, 0.0, 0.469, 0.562]","{""tiers"": [[1.3, 0.15], [1.8, 0.25], [3.0, 0.3], [6.0, 0.55]], ""trail_act"": 0.25, ""sl_mult"": 0.7, ""timeout_min"": 30}"
PEAK_TRAIL_V2,tiers15/25/30/55 act25 sl30 t60m,-9.97,-180.28,-39.87,128,0.5,"[87.64, -180.28, -19.96, 72.73]","[0.5, 0.0, 0.406, 0.562]","{""tiers"": [[1.3, 0.15], [1.8, 0.25], [3.0, 0.3], [6.0, 0.55]], ""trail_act"": 0.25, ""sl_mult"": 0.7, ""timeout_min"": 60}"
PEAK_TRAIL_V2,tiers15/25/30/55 act25 sl30 t90m,-20.87,-223.08,-83.48,128,0.5,"[90.23, -223.08, -33.82, 83.19]","[0.5, 0.0, 0.406, 0.594]","{""tiers"": [[1.3, 0.15], [1.8, 0.25], [3.0, 0.3], [6.0, 0.55]], ""trail_act"": 0.25, ""sl_mult"": 0.7, ""timeout_min"": 90}"
PEAK_TRAIL_V2,tiers15/25/40/45 act15 sl50 t30m,-82.71,-332.41,-330.86,128,0.25,"[60.92, -332.41, -23.6, -35.76]","[0.625, 0.0, 0.531, 0.562]","{""tiers"": [[1.3, 0.15], [1.8, 0.25], [3.0, 0.4], [6.0, 0.45]], ""trail_act"": 0.15, ""sl_mult"": 0.5, ""timeout_min"": 30}"
PEAK_TRAIL_V2,tiers15/25/40/45 act15 sl50 t60m,-27.28,-248.69,-109.13,128,0.75,"[55.79, -248.69, 3.55, 80.23]","[0.5, 0.0, 0.531, 0.562]","{""tiers"": [[1.3, 0.15], [1.8, 0.25], [3.0, 0.4], [6.0, 0.45]], ""trail_act"": 0.15, ""sl_mult"": 0.5, ""timeout_min"": 60}"
PEAK_TRAIL_V2,tiers15/25/40/45 act15 sl50 t90m,-26.03,-261.2,-104.11,128,0.75,"[48.01, -261.2, 3.55, 105.52]","[0.5, 0.0, 0.531, 0.625]","{""tiers"": [[1.3, 0.15], [1.8, 0.25], [3.0, 0.4], [6.0, 0.45]], ""trail_act"": 0.15, ""sl_mult"": 0.5, ""timeout_min"": 90}"
PEAK_TRAIL_V2,tiers15/25/40/45 act15 sl40 t30m,-74.79,-302.23,-299.19,128,0.25,"[62.42, -302.23, -23.6, -35.76]","[0.625, 0.0, 0.531, 0.562]","{""tiers"": [[1.3, 0.15], [1.8, 0.25], [3.0, 0.4], [6.0, 0.45]], ""trail_act"": 0.15, ""sl_mult"": 0.6, ""timeout_min"": 30}"
PEAK_TRAIL_V2,tiers15/25/40/45 act15 sl40 t60m,-18.02,-218.51,-72.09,128,0.75,"[57.46, -218.51, 8.73, 80.23]","[0.5, 0.0, 0.531, 0.562]","{""tiers"": [[1.3, 0.15], [1.8, 0.25], [3.0, 0.4], [6.0, 0.45]], ""trail_act"": 0.15, ""sl_mult"": 0.6, ""timeout_min"": 60}"
PEAK_TRAIL_V2,tiers15/25/40/45 act15 sl40 t90m,-15.48,-231.02,-61.9,128,0.75,"[54.87, -231.02, 8.73, 105.52]","[0.5, 0.0, 0.531, 0.625]","{""tiers"": [[1.3, 0.15], [1.8, 0.25], [3.0, 0.4], [6.0, 0.45]], ""trail_act"": 0.15, ""sl_mult"": 0.6, ""timeout_min"": 90}"
PEAK_TRAIL_V2,tiers15/25/40/45 act15 sl30 t30m,-68.0,-272.05,-272.01,128,0.25,"[92.42, -272.05, -56.6, -35.76]","[0.625, 0.0, 0.531, 0.562]","{""tiers"": [[1.3, 0.15], [1.8, 0.25], [3.0, 0.4], [6.0, 0.45]], ""trail_act"": 0.15, ""sl_mult"": 0.7, ""timeout_min"": 30}"
PEAK_TRAIL_V2,tiers15/25/40/45 act15 sl30 t60m,-11.76,-188.33,-47.06,128,0.5,"[87.64, -188.33, -19.09, 72.73]","[0.5, 0.0, 0.531, 0.562]","{""tiers"": [[1.3, 0.15], [1.8, 0.25], [3.0, 0.4], [6.0, 0.45]], ""trail_act"": 0.15, ""sl_mult"": 0.7, ""timeout_min"": 60}"
PEAK_TRAIL_V2,tiers15/25/40/45 act15 sl30 t90m,-19.2,-231.13,-76.81,128,0.5,"[90.23, -231.13, -19.09, 83.19]","[0.5, 0.0, 0.531, 0.594]","{""tiers"": [[1.3, 0.15], [1.8, 0.25], [3.0, 0.4], [6.0, 0.45]], ""trail_act"": 0.15, ""sl_mult"": 0.7, ""timeout_min"": 90}"
PEAK_TRAIL_V2,tiers15/25/40/45 act20 sl50 t30m,-95.23,-375.19,-380.95,128,0.25,"[60.92, -375.19, -30.91, -35.76]","[0.625, 0.0, 0.531, 0.562]","{""tiers"": [[1.3, 0.15], [1.8, 0.25], [3.0, 0.4], [6.0, 0.45]], ""trail_act"": 0.2, ""sl_mult"": 0.5, ""timeout_min"": 30}"
PEAK_TRAIL_V2,tiers15/25/40/45 act20 sl50 t60m,-24.68,-240.64,-98.74,128,0.75,"[55.79, -240.64, 5.88, 80.23]","[0.5, 0.0, 0.531, 0.562]","{""tiers"": [[1.3, 0.15], [1.8, 0.25], [3.0, 0.4], [6.0, 0.45]], ""trail_act"": 0.2, ""sl_mult"": 0.5, ""timeout_min"": 60}"
PEAK_TRAIL_V2,tiers15/25/40/45 act20 sl50 t90m,-23.44,-253.15,-93.72,128,0.75,"[48.01, -253.15, 5.88, 105.52]","[0.5, 0.0, 0.531, 0.625]","{""tiers"": [[1.3, 0.15], [1.8, 0.25], [3.0, 0.4], [6.0, 0.45]], ""trail_act"": 0.2, ""sl_mult"": 0.5, ""timeout_min"": 90}"
PEAK_TRAIL_V2,tiers15/25/40/45 act20 sl40 t30m,-87.31,-345.01,-349.27,128,0.25,"[62.42, -345.01, -30.91, -35.76]","[0.625, 0.0, 0.531, 0.562]","{""tiers"": [[1.3, 0.15], [1.8, 0.25], [3.0, 0.4], [6.0, 0.45]], ""trail_act"": 0.2, ""sl_mult"": 0.6, ""timeout_min"": 30}"
PEAK_TRAIL_V2,tiers15/25/40/45 act20 sl40 t60m,-15.43,-210.46,-61.7,128,0.75,"[57.46, -210.46, 11.06, 80.23]","[0.5, 0.0, 0.531, 0.562]","{""tiers"": [[1.3, 0.15], [1.8, 0.25], [3.0, 0.4], [6.0, 0.45]], ""trail_act"": 0.2, ""sl_mult"": 0.6, ""timeout_min"": 60}"
PEAK_TRAIL_V2,tiers15/25/40/45 act20 sl40 t90m,-12.88,-222.97,-51.51,128,0.75,"[54.87, -222.97, 11.06, 105.52]","[0.5, 0.0, 0.531, 0.625]","{""tiers"": [[1.3, 0.15], [1.8, 0.25], [3.0, 0.4], [6.0, 0.45]], ""trail_act"": 0.2, ""sl_mult"": 0.6, ""timeout_min"": 90}"
PEAK_TRAIL_V2,tiers15/25/40/45 act20 sl30 t30m,-80.52,-314.83,-322.09,128,0.25,"[92.42, -314.83, -63.91, -35.76]","[0.625, 0.0, 0.531, 0.562]","{""tiers"": [[1.3, 0.15], [1.8, 0.25], [3.0, 0.4], [6.0, 0.45]], ""trail_act"": 0.2, ""sl_mult"": 0.7, ""timeout_min"": 30}"
PEAK_TRAIL_V2,tiers15/25/40/45 act20 sl30 t60m,-9.17,-180.28,-36.67,128,0.5,"[87.64, -180.28, -16.76, 72.73]","[0.5, 0.0, 0.531, 0.562]","{""tiers"": [[1.3, 0.15], [1.8, 0.25], [3.0, 0.4], [6.0, 0.45]], ""trail_act"": 0.2, ""sl_mult"": 0.7, ""timeout_min"": 60}"
PEAK_TRAIL_V2,tiers15/25/40/45 act20 sl30 t90m,-16.61,-223.08,-66.42,128,0.5,"[90.23, -223.08, -16.76, 83.19]","[0.5, 0.0, 0.531, 0.594]","{""tiers"": [[1.3, 0.15], [1.8, 0.25], [3.0, 0.4], [6.0, 0.45]], ""trail_act"": 0.2, ""sl_mult"": 0.7, ""timeout_min"": 90}"
PEAK_TRAIL_V2,tiers15/25/40/45 act25 sl50 t30m,-94.55,-375.19,-378.21,128,0.25,"[60.92, -375.19, -28.17, -35.76]","[0.625, 0.0, 0.469, 0.562]","{""tiers"": [[1.3, 0.15], [1.8, 0.25], [3.0, 0.4], [6.0, 0.45]], ""trail_act"": 0.25, ""sl_mult"": 0.5, ""timeout_min"": 30}"
PEAK_TRAIL_V2,tiers15/25/40/45 act25 sl50 t60m,-25.48,-240.64,-101.94,128,0.75,"[55.79, -240.64, 2.69, 80.23]","[0.5, 0.0, 0.406, 0.562]","{""tiers"": [[1.3, 0.15], [1.8, 0.25], [3.0, 0.4], [6.0, 0.45]], ""trail_act"": 0.25, ""sl_mult"": 0.5, ""timeout_min"": 60}"
PEAK_TRAIL_V2,tiers15/25/40/45 act25 sl50 t90m,-27.7,-253.15,-110.78,128,0.5,"[48.01, -253.15, -11.17, 105.52]","[0.5, 0.0, 0.406, 0.625]","{""tiers"": [[1.3, 0.15], [1.8, 0.25], [3.0, 0.4], [6.0, 0.45]], ""trail_act"": 0.25, ""sl_mult"": 0.5, ""timeout_min"": 90}"
PEAK_TRAIL_V2,tiers15/25/40/45 act25 sl40 t30m,-86.63,-345.01,-346.53,128,0.25,"[62.42, -345.01, -28.17, -35.76]","[0.625, 0.0, 0.469, 0.562]","{""tiers"": [[1.3, 0.15], [1.8, 0.25], [3.0, 0.4], [6.0, 0.45]], ""trail_act"": 0.25, ""sl_mult"": 0.6, ""timeout_min"": 30}"
PEAK_TRAIL_V2,tiers15/25/40/45 act25 sl40 t60m,-16.23,-210.46,-64.9,128,0.75,"[57.46, -210.46, 7.86, 80.23]","[0.5, 0.0, 0.406, 0.562]","{""tiers"": [[1.3, 0.15], [1.8, 0.25], [3.0, 0.4], [6.0, 0.45]], ""trail_act"": 0.25, ""sl_mult"": 0.6, ""timeout_min"": 60}"
PEAK_TRAIL_V2,tiers15/25/40/45 act25 sl40 t90m,-17.15,-222.97,-68.57,128,0.5,"[54.87, -222.97, -6.0, 105.52]","[0.5, 0.0, 0.406, 0.625]","{""tiers"": [[1.3, 0.15], [1.8, 0.25], [3.0, 0.4], [6.0, 0.45]], ""trail_act"": 0.25, ""sl_mult"": 0.6, ""timeout_min"": 90}"
PEAK_TRAIL_V2,tiers15/25/40/45 act25 sl30 t30m,-79.83,-314.83,-319.35,128,0.25,"[92.42, -314.83, -61.17, -35.76]","[0.625, 0.0, 0.469, 0.562]","{""tiers"": [[1.3, 0.15], [1.8, 0.25], [3.0, 0.4], [6.0, 0.45]], ""trail_act"": 0.25, ""sl_mult"": 0.7, ""timeout_min"": 30}"
PEAK_TRAIL_V2,tiers15/25/40/45 act25 sl30 t60m,-9.97,-180.28,-39.87,128,0.5,"[87.64, -180.28, -19.96, 72.73]","[0.5, 0.0, 0.406, 0.562]","{""tiers"": [[1.3, 0.15], [1.8, 0.25], [3.0, 0.4], [6.0, 0.45]], ""trail_act"": 0.25, ""sl_mult"": 0.7, ""timeout_min"": 60}"
PEAK_TRAIL_V2,tiers15/25/40/45 act25 sl30 t90m,-20.87,-223.08,-83.48,128,0.5,"[90.23, -223.08, -33.82, 83.19]","[0.5, 0.0, 0.406, 0.594]","{""tiers"": [[1.3, 0.15], [1.8, 0.25], [3.0, 0.4], [6.0, 0.45]], ""trail_act"": 0.25, ""sl_mult"": 0.7, ""timeout_min"": 90}"
PEAK_TRAIL_V2,tiers15/25/40/55 act15 sl50 t30m,-82.71,-332.41,-330.86,128,0.25,"[60.92, -332.41, -23.6, -35.76]","[0.625, 0.0, 0.531, 0.562]","{""tiers"": [[1.3, 0.15], [1.8, 0.25], [3.0, 0.4], [6.0, 0.55]], ""trail_act"": 0.15, ""sl_mult"": 0.5, ""timeout_min"": 30}"
PEAK_TRAIL_V2,tiers15/25/40/55 act15 sl50 t60m,-27.28,-248.69,-109.13,128,0.75,"[55.79, -248.69, 3.55, 80.23]","[0.5, 0.0, 0.531, 0.562]","{""tiers"": [[1.3, 0.15], [1.8, 0.25], [3.0, 0.4], [6.0, 0.55]], ""trail_act"": 0.15, ""sl_mult"": 0.5, ""timeout_min"": 60}"
PEAK_TRAIL_V2,tiers15/25/40/55 act15 sl50 t90m,-26.03,-261.2,-104.11,128,0.75,"[48.01, -261.2, 3.55, 105.52]","[0.5, 0.0, 0.531, 0.625]","{""tiers"": [[1.3, 0.15], [1.8, 0.25], [3.0, 0.4], [6.0, 0.55]], ""trail_act"": 0.15, ""sl_mult"": 0.5, ""timeout_min"": 90}"
PEAK_TRAIL_V2,tiers15/25/40/55 act15 sl40 t30m,-74.79,-302.23,-299.19,128,0.25,"[62.42, -302.23, -23.6, -35.76]","[0.625, 0.0, 0.531, 0.562]","{""tiers"": [[1.3, 0.15], [1.8, 0.25], [3.0, 0.4], [6.0, 0.55]], ""trail_act"": 0.15, ""sl_mult"": 0.6, ""timeout_min"": 30}"
PEAK_TRAIL_V2,tiers15/25/40/55 act15 sl40 t60m,-18.02,-218.51,-72.09,128,0.75,"[57.46, -218.51, 8.73, 80.23]","[0.5, 0.0, 0.531, 0.562]","{""tiers"": [[1.3, 0.15], [1.8, 0.25], [3.0, 0.4], [6.0, 0.55]], ""trail_act"": 0.15, ""sl_mult"": 0.6, ""timeout_min"": 60}"
PEAK_TRAIL_V2,tiers15/25/40/55 act15 sl40 t90m,-15.48,-231.02,-61.9,128,0.75,"[54.87, -231.02, 8.73, 105.52]","[0.5, 0.0, 0.531, 0.625]","{""tiers"": [[1.3, 0.15], [1.8, 0.25], [3.0, 0.4], [6.0, 0.55]], ""trail_act"": 0.15, ""sl_mult"": 0.6, ""timeout_min"": 90}"
PEAK_TRAIL_V2,tiers15/25/40/55 act15 sl30 t30m,-68.0,-272.05,-272.01,128,0.25,"[92.42, -272.05, -56.6, -35.76]","[0.625, 0.0, 0.531, 0.562]","{""tiers"": [[1.3, 0.15], [1.8, 0.25], [3.0, 0.4], [6.0, 0.55]], ""trail_act"": 0.15, ""sl_mult"": 0.7, ""timeout_min"": 30}"
PEAK_TRAIL_V2,tiers15/25/40/55 act15 sl30 t60m,-11.76,-188.33,-47.06,128,0.5,"[87.64, -188.33, -19.09, 72.73]","[0.5, 0.0, 0.531, 0.562]","{""tiers"": [[1.3, 0.15], [1.8, 0.25], [3.0, 0.4], [6.0, 0.55]], ""trail_act"": 0.15, ""sl_mult"": 0.7, ""timeout_min"": 60}"
PEAK_TRAIL_V2,tiers15/25/40/55 act15 sl30 t90m,-19.2,-231.13,-76.81,128,0.5,"[90.23, -231.13, -19.09, 83.19]","[0.5, 0.0, 0.531, 0.594]","{""tiers"": [[1.3, 0.15], [1.8, 0.25], [3.0, 0.4], [6.0, 0.55]], ""trail_act"": 0.15, ""sl_mult"": 0.7, ""timeout_min"": 90}"
PEAK_TRAIL_V2,tiers15/25/40/55 act20 sl50 t30m,-95.23,-375.19,-380.95,128,0.25,"[60.92, -375.19, -30.91, -35.76]","[0.625, 0.0, 0.531, 0.562]","{""tiers"": [[1.3, 0.15], [1.8, 0.25], [3.0, 0.4], [6.0, 0.55]], ""trail_act"": 0.2, ""sl_mult"": 0.5, ""timeout_min"": 30}"
PEAK_TRAIL_V2,tiers15/25/40/55 act20 sl50 t60m,-24.68,-240.64,-98.74,128,0.75,"[55.79, -240.64, 5.88, 80.23]","[0.5, 0.0, 0.531, 0.562]","{""tiers"": [[1.3, 0.15], [1.8, 0.25], [3.0, 0.4], [6.0, 0.55]], ""trail_act"": 0.2, ""sl_mult"": 0.5, ""timeout_min"": 60}"
PEAK_TRAIL_V2,tiers15/25/40/55 act20 sl50 t90m,-23.44,-253.15,-93.72,128,0.75,"[48.01, -253.15, 5.88, 105.52]","[0.5, 0.0, 0.531, 0.625]","{""tiers"": [[1.3, 0.15], [1.8, 0.25], [3.0, 0.4], [6.0, 0.55]], ""trail_act"": 0.2, ""sl_mult"": 0.5, ""timeout_min"": 90}"
PEAK_TRAIL_V2,tiers15/25/40/55 act20 sl40 t30m,-87.31,-345.01,-349.27,128,0.25,"[62.42, -345.01, -30.91, -35.76]","[0.625, 0.0, 0.531, 0.562]","{""tiers"": [[1.3, 0.15], [1.8, 0.25], [3.0, 0.4], [6.0, 0.55]], ""trail_act"": 0.2, ""sl_mult"": 0.6, ""timeout_min"": 30}"
PEAK_TRAIL_V2,tiers15/25/40/55 act20 sl40 t60m,-15.43,-210.46,-61.7,128,0.75,"[57.46, -210.46, 11.06, 80.23]","[0.5, 0.0, 0.531, 0.562]","{""tiers"": [[1.3, 0.15], [1.8, 0.25], [3.0, 0.4], [6.0, 0.55]], ""trail_act"": 0.2, ""sl_mult"": 0.6, ""timeout_min"": 60}"
PEAK_TRAIL_V2,tiers15/25/40/55 act20 sl40 t90m,-12.88,-222.97,-51.51,128,0.75,"[54.87, -222.97, 11.06, 105.52]","[0.5, 0.0, 0.531, 0.625]","{""tiers"": [[1.3, 0.15], [1.8, 0.25], [3.0, 0.4], [6.0, 0.55]], ""trail_act"": 0.2, ""sl_mult"": 0.6, ""timeout_min"": 90}"
PEAK_TRAIL_V2,tiers15/25/40/55 act20 sl30 t30m,-80.52,-314.83,-322.09,128,0.25,"[92.42, -314.83, -63.91, -35.76]","[0.625, 0.0, 0.531, 0.562]","{""tiers"": [[1.3, 0.15], [1.8, 0.25], [3.0, 0.4], [6.0, 0.55]], ""trail_act"": 0.2, ""sl_mult"": 0.7, ""timeout_min"": 30}"
PEAK_TRAIL_V2,tiers15/25/40/55 act20 sl30 t60m,-9.17,-180.28,-36.67,128,0.5,"[87.64, -180.28, -16.76, 72.73]","[0.5, 0.0, 0.531, 0.562]","{""tiers"": [[1.3, 0.15], [1.8, 0.25], [3.0, 0.4], [6.0, 0.55]], ""trail_act"": 0.2, ""sl_mult"": 0.7, ""timeout_min"": 60}"
PEAK_TRAIL_V2,tiers15/25/40/55 act20 sl30 t90m,-16.61,-223.08,-66.42,128,0.5,"[90.23, -223.08, -16.76, 83.19]","[0.5, 0.0, 0.531, 0.594]","{""tiers"": [[1.3, 0.15], [1.8, 0.25], [3.0, 0.4], [6.0, 0.55]], ""trail_act"": 0.2, ""sl_mult"": 0.7, ""timeout_min"": 90}"
PEAK_TRAIL_V2,tiers15/25/40/55 act25 sl50 t30m,-94.55,-375.19,-378.21,128,0.25,"[60.92, -375.19, -28.17, -35.76]","[0.625, 0.0, 0.469, 0.562]","{""tiers"": [[1.3, 0.15], [1.8, 0.25], [3.0, 0.4], [6.0, 0.55]], ""trail_act"": 0.25, ""sl_mult"": 0.5, ""timeout_min"": 30}"
PEAK_TRAIL_V2,tiers15/25/40/55 act25 sl50 t60m,-25.48,-240.64,-101.94,128,0.75,"[55.79, -240.64, 2.69, 80.23]","[0.5, 0.0, 0.406, 0.562]","{""tiers"": [[1.3, 0.15], [1.8, 0.25], [3.0, 0.4], [6.0, 0.55]], ""trail_act"": 0.25, ""sl_mult"": 0.5, ""timeout_min"": 60}"
PEAK_TRAIL_V2,tiers15/25/40/55 act25 sl50 t90m,-27.7,-253.15,-110.78,128,0.5,"[48.01, -253.15, -11.17, 105.52]","[0.5, 0.0, 0.406, 0.625]","{""tiers"": [[1.3, 0.15], [1.8, 0.25], [3.0, 0.4], [6.0, 0.55]], ""trail_act"": 0.25, ""sl_mult"": 0.5, ""timeout_min"": 90}"
PEAK_TRAIL_V2,tiers15/25/40/55 act25 sl40 t30m,-86.63,-345.01,-346.53,128,0.25,"[62.42, -345.01, -28.17, -35.76]","[0.625, 0.0, 0.469, 0.562]","{""tiers"": [[1.3, 0.15], [1.8, 0.25], [3.0, 0.4], [6.0, 0.55]], ""trail_act"": 0.25, ""sl_mult"": 0.6, ""timeout_min"": 30}"
PEAK_TRAIL_V2,tiers15/25/40/55 act25 sl40 t60m,-16.23,-210.46,-64.9,128,0.75,"[57.46, -210.46, 7.86, 80.23]","[0.5, 0.0, 0.406, 0.562]","{""tiers"": [[1.3, 0.15], [1.8, 0.25], [3.0, 0.4], [6.0, 0.55]], ""trail_act"": 0.25, ""sl_mult"": 0.6, ""timeout_min"": 60}"
PEAK_TRAIL_V2,tiers15/25/40/55 act25 sl40 t90m,-17.15,-222.97,-68.57,128,0.5,"[54.87, -222.97, -6.0, 105.52]","[0.5, 0.0, 0.406, 0.625]","{""tiers"": [[1.3, 0.15], [1.8, 0.25], [3.0, 0.4], [6.0, 0.55]], ""trail_act"": 0.25, ""sl_mult"": 0.6, ""timeout_min"": 90}"
PEAK_TRAIL_V2,tiers15/25/40/55 act25 sl30 t30m,-79.83,-314.83,-319.35,128,0.25,"[92.42, -314.83, -61.17, -35.76]","[0.625, 0.0, 0.469, 0.562]","{""tiers"": [[1.3, 0.15], [1.8, 0.25], [3.0, 0.4], [6.0, 0.55]], ""trail_act"": 0.25, ""sl_mult"": 0.7, ""timeout_min"": 30}"
PEAK_TRAIL_V2,tiers15/25/40/55 act25 sl30 t60m,-9.97,-180.28,-39.87,128,0.5,"[87.64, -180.28, -19.96, 72.73]","[0.5, 0.0, 0.406, 0.562]","{""tiers"": [[1.3, 0.15], [1.8, 0.25], [3.0, 0.4], [6.0, 0.55]], ""trail_act"": 0.25, ""sl_mult"": 0.7, ""timeout_min"": 60}"
PEAK_TRAIL_V2,tiers15/25/40/55 act25 sl30 t90m,-20.87,-223.08,-83.48,128,0.5,"[90.23, -223.08, -33.82, 83.19]","[0.5, 0.0, 0.406, 0.594]","{""tiers"": [[1.3, 0.15], [1.8, 0.25], [3.0, 0.4], [6.0, 0.55]], ""trail_act"": 0.25, ""sl_mult"": 0.7, ""timeout_min"": 90}"
