tree
version=v4
num_class=1
num_tree_per_iteration=1
label_index=0
max_feature_idx=70
objective=binary sigmoid:1
feature_names=token_age_hours short_term_heat price_change_6h mentions sentiment liq_mcap_ratio onchain_multiplier safety_penalty sentiment_consistency ultra_short_heat buy_sell_ratio_5m price_change_1h volatility_proxy market_cap_log mention_velocity volume_velocity day_of_week hour_paris is_weekend is_prime_time median_peak_return entry_vs_median_peak win_rate_7d market_heat_24h relative_volume kol_saturation activity_ratio_raw kol_freshness mention_heat_ratio consensus_val conviction_val breadth_val price_action_val time_spread_minutes first_call_age_minutes kol_cascade_rate lifecycle_velocity phase_duration_cycles best_kol_win_rate volume_24h_log volume_1h_log liquidity_usd_log buy_sell_ratio_24h price_change_5m price_change_24h volume_mcap_ratio top10_holder_pct risk_score helius_top20_pct helius_onchain_bsr buys_24h pvp_same_name_count new_kol_ratio mentions_delta kol_arrival_rate entry_timing_quality pump_momentum_pen gate_mult hype_pen entry_drift_mult price_velocity ath_ratio momentum_direction price_drift_from_first_seen lifecycle_phase_num social_momentum_num call_type_score mention_acceleration_v2 volume_acceleration_v2 price_acceleration whale_count_delta
feature_infos=[0:19790.299999999999] [0:6] [-96.390000000000001:9999.9999000000007] [0:15] [-0.51600000000000001:0.85099999999999998] [0:1.948428] [0.72499999999999998:1.3] none [0.443:1] [0:12] [0:1] [-98.790000000000006:9999.9999000000007] [0:999.99900000000002] [2.4578779774000807:20.467616296774541] [-18.292000000000002:12.473000000000001] [-12.784000000000001:25.405000000000001] [0:6] [0:23] [0:1] [0:1] [1.0634999999999999:1.6601999999999999] [0.0025000000000000001:5] [0:0.59999999999999998] [-21.34:44.259999999999998] [0:1409.3942] [29:314] [0:1] [0:1] [0:8] [0:1] [0.25:1] [0:0.78800000000000003] [0.312:0.5] [0:7126] [1.3:9365.3999999999996] [1:8] [-3:5] [1:297] [0.042000000000000003:1] [0.029558802241544401:17.774586529983718] [0.10436001532424277:16.202099338046629] [0.029558802241544401:18.175870016187563] [0:1] [-93:2396] [-99.620000000000005:9999.9999000000007] [8.8999999999999995e-05:1822.8445690000001] [0:201.5] [1:10000] [3.5499999999999998:100] [0.33700000000000002:0.90000000000000002] [0:105498] [1:29] [0:1] [-7:6] [0:9.6839999999999993] [0.23300000000000001:0.86699999999999999] [0.45000000000000001:1] none [0.59999999999999998:1] none [-40.636000000000003:18.260999999999999] [0.0016000000000000001:1] [-3:5] [0:1594000] [0:5] [0:2] [-1:1] [-18.518000000000001:11.710000000000001] [-12.815:25.207000000000001] [-40.636000000000003:28.672999999999998] [-66:37]
tree_sizes=1697 1291 1705 1712 1728 1406 1722 1716 1728 1725 1618 1718 1721 1722 1616 1724 1717 1729 1515 1726 1718 1732 1730 1713 1729 1513 1734 1723 1730 1521 1198 1728 1518 1732 1708 1727 1529 1640 1727 1715 1726 1426 1724 1298 1315 1414 1727 1719 1732 1722 1730 1314 1725 1731 1314 1730 1422 1725 1731 1733 1732 1717 1732 1410 1311 1530 1732 1627 1718 1714 1728 1733 1728 1724 1737 1736 1735 1734 1735 1729 1733 1316 1729 1740 1519 1721 1730 1725 1732 1742 1738 1213 1728 1735 1730 1736 1732

Tree=0
num_leaves=15
num_cat=0
split_feature=40 24 20 16 17 41 2 11 11 17 17 43 50 25
split_gain=17.6433 14.6882 11.7214 14.3515 13.3322 11.5988 10.5353 12.0622 12.1641 10.0549 13.2579 9.03563 7.48219 7.22947
threshold=14.55649343593408 0.28640000000000004 1.2208500000000002 2.5000000000000004 14.500000000000002 10.536787027788494 -10.524999999999999 2.0750000000000006 19.820000000000004 5.5000000000000009 18.500000000000004 -0.26499999999999996 426.50000000000006 62.500000000000007
decision_type=8 2 2 2 2 8 10 10 10 2 2 8 2 2
left_child=1 5 3 4 -3 12 -4 11 -9 -10 -11 -8 -1 -5
right_child=-2 2 6 13 -6 -7 7 8 9 10 -12 -13 -14 -15
leaf_value=-0.50258055937955881 -0.44648414057455804 -0.51718083016771743 -0.64432186510842815 -0.54443324096534595 -0.64599284892134967 -0.44239122574989231 -0.44851262644053003 -0.66539446837248106 -0.63595182571176956 -0.50589622515444732 -0.62032688898198496 -0.56833942301644991 -0.61230818106280216 -0.4511878860458578
leaf_weight=19.869411528110504 20.495674878358841 20.490755438804626 28.637811094522476 16.870467603206635 19.398953497409821 23.516173928976059 15.354359954595564 20.411331743001938 20.229051858186722 37.318112790584564 18.916779220104218 15.901199609041216 12.580806165933607 26.627812922000885
leaf_count=76 76 79 118 66 80 87 57 85 83 143 77 63 51 99
internal_value=-0.546418 -0.553337 -0.565314 -0.531578 -0.579805 -0.501956 -0.583253 -0.56961 -0.589012 -0.568632 -0.544403 -0.509451 -0.545144 -0.487335
internal_weight=316.619 296.123 240.157 83.388 39.8897 55.9664 156.769 128.131 96.8753 76.4639 56.2349 31.2556 32.4502 43.4983
internal_count=1240 1164 950 324 159 214 626 508 388 303 220 120 127 165
is_linear=0
shrinkage=1


Tree=1
num_leaves=11
num_cat=0
split_feature=40 13 21 9 56 20 2 43 40 13
split_gain=17.3792 15.7224 12.1835 13.6987 12.8721 11.2219 9.5218 7.66292 8.29069 7.35709
threshold=14.4772516190425 8.1973417274242077 0.35755000000000003 0.23450000000000001 0.80000000000000016 1.1720500000000003 830.50000000000011 -10.674999999999999 11.178831442752699 12.659134734406386
decision_type=10 8 2 8 2 2 10 8 10 8
left_child=1 -1 -3 4 -4 -5 7 8 -7 -9
right_child=-2 2 3 5 -6 6 -8 9 -10 -11
leaf_value=0.14397781482496774 0.16872676835867276 -0.076163516885269303 0.013712352420994086 0.10033469591180268 0.15988027640756861 0.0077750320757811664 0.084189799056748268 0.018422116501584949 -0.1084372003572916 -0.044734836101100732
leaf_weight=12.554636940360067 10.335891991853712 16.530382066965103 13.766321718692781 17.240745052695274 16.373389825224876 14.997494399547579 18.34895171225071 156.47866822779179 15.440585404634474 26.786920443177223
leaf_count=45 36 69 54 64 59 59 69 611 65 109
internal_value=0.0266683 0.0219067 0.016726 0.0222237 0.0931426 0.0136466 0.00720279 0.000589097 -0.0511526 0.00918678
internal_weight=318.854 308.518 295.963 279.433 30.1397 249.293 232.053 213.704 30.4381 183.266
internal_count=1240 1204 1159 1090 113 977 913 844 124 720
is_linear=0
shrinkage=0.111365


Tree=2
num_leaves=15
num_cat=0
split_feature=48 0 42 42 20 16 8 48 42 61 12 2 17 10
split_gain=23.1821 11.5126 13.6562 14.3259 11.4643 14.4211 11.158 10.7397 8.76977 12.6934 7.93934 7.40667 8.62599 8.46669
threshold=94.955000000000013 113.70000000000002 0.60350000000000004 0.51450000000000007 1.2308000000000001 2.5000000000000004 0.91100000000000014 40.235000000000007 0.55850000000000011 0.6916000000000001 26.523500000000002 1.6400000000000003 10.500000000000002 0.6585000000000002
decision_type=10 8 2 2 2 2 2 10 2 8 10 10 2 2
left_child=1 4 3 -3 5 -1 7 -6 -7 -10 -5 12 -8 -13
right_child=-2 2 -4 10 6 8 11 -9 9 -11 -12 13 -14 -15
leaf_value=-0.010928272173989777 0.13475734243256263 0.13262050467677292 0.14755419437966988 0.054605770709270945 0.11687890095123188 0.018276297727301341 -0.014549471685423102 -0.032812580773172145 0.032017441850206323 0.18191496969206278 -0.059026403074428885 0.0034722735801407259 -0.13430770254169122 -0.080768802122718711
leaf_weight=42.066212370991707 21.660508289933205 11.609225183725355 15.946688026189802 12.980833932757379 14.323038250207903 18.118663623929024 14.596774861216547 10.150766104459761 12.324429750442507 16.278129503130913 18.476535618305206 78.512219086289406 15.28756435215473 18.228974983096123
leaf_count=167 76 42 57 49 53 69 59 41 47 56 75 308 66 75
internal_value=0.0235031 0.0154383 0.059505 0.026885 0.00459459 0.0363565 -0.0140641 0.0547626 0.078946 0.117352 -0.0121128 -0.0273726 -0.0758375 -0.0123937
internal_weight=320.561 298.9 59.0133 43.0666 239.887 88.7874 151.099 24.4738 46.7212 28.6026 31.4574 126.626 29.8843 96.7412
internal_count=1240 1164 223 166 941 339 602 94 172 103 124 508 125 383
is_linear=0
shrinkage=0.111365


Tree=3
num_leaves=15
num_cat=0
split_feature=5 68 20 17 32 41 24 5 20 41 60 20 29 5
split_gain=13.1586 11.343 8.30929 7.49783 9.78668 8.19692 14.1911 13.8587 8.32603 7.27901 6.94411 6.70923 5.31728 4.10159
threshold=0.93345250000000013 -0.04349999999999999 1.1673000000000002 19.500000000000004 0.42300000000000004 10.45081050339744 6.6309500000000012 0.15696050000000003 1.2183000000000002 10.061744965179749 -0.23099999999999998 1.1924500000000002 0.10535000000000001 0.33627250000000003
decision_type=10 8 2 2 2 8 2 10 2 10 10 2 2 10
left_child=1 9 -3 4 10 8 7 -7 11 -1 -4 -6 -10 -5
right_child=-2 2 3 13 5 6 -8 -9 12 -11 -12 -13 -14 -15
leaf_value=0.03078300749489218 0.10559450200827843 0.10207732902482607 0.14230990104545896 -0.058098684119557528 -0.028919487470384614 0.023066748340708345 -0.050007586603660101 0.13787195184708018 -0.095496889245723027 0.14411421934043975 0.017940646354296562 0.077591463837610161 -0.020961182032151509 0.014136849427587193
leaf_weight=15.686257004737856 21.173629403114319 11.109203681349753 11.55468498170376 32.881962954998016 12.425454199314119 44.100366473197937 20.340535998344421 18.528655722737312 14.592403724789618 12.765719175338743 10.775459706783293 17.876130506396294 63.898450016975403 13.836048975586889
leaf_count=60 76 40 41 134 49 167 82 66 61 45 41 66 257 55
internal_value=0.0207363 0.0147521 0.00774875 0.00372799 0.0125511 0.00442191 0.0307902 0.0570434 -0.0156809 0.081658 0.0823284 0.0338912 -0.0348277 -0.0366895
internal_weight=321.545 300.371 271.919 260.81 214.092 191.762 82.9696 62.629 108.792 28.452 22.3301 30.3016 78.4909 46.718
internal_count=1240 1164 1059 1019 830 748 315 233 433 105 82 115 318 189
is_linear=0
shrinkage=0.111365


Tree=4
num_leaves=15
num_cat=0
split_feature=15 38 38 22 61 14 13 42 20 47 67 49 17 22
split_gain=11.9039 15.0248 11.0876 9.85147 9.78245 10.7905 10.1204 8.97952 7.89943 8.32166 7.89777 7.81314 7.22702 6.48075
threshold=0.0075000000000000006 0.21900000000000003 0.18300000000000002 0.22815000000000002 0.84440000000000015 0.21850000000000003 12.529130587737614 0.57450000000000012 1.1982000000000002 2144.0000000000005 -0.0014999999999999998 0.81950000000000001 14.500000000000002 0.23475000000000004
decision_type=10 10 8 2 8 10 8 2 2 8 10 8 2 2
left_child=2 10 3 12 8 6 11 -3 -4 13 -2 -6 -1 -10
right_child=1 7 4 -5 5 -7 -8 -9 9 -11 -12 -13 -14 -15
leaf_value=0.059575747832282318 -0.077092705894255542 0.051642112891921436 0.033997081694506097 0.10647118346282633 -0.007753171210084335 -0.077559214184890257 -0.051514236788563254 0.14604883247524278 0.023472794681393735 -0.079913918833264486 0.046964063931917883 0.089535044360371588 -0.064879648991934907 -0.047795200456840208
leaf_weight=13.000123128294947 12.386592209339144 29.830710381269455 23.317464008927345 23.283374279737473 13.83389028906822 10.591632336378096 11.387286722660063 21.546646296977997 30.546085268259048 37.001302301883698 13.085294321179388 39.234936639666557 10.427534595131872 32.818392097949982
leaf_count=48 50 111 88 84 53 42 46 75 120 155 49 142 43 134
internal_value=0.0183244 0.056575 0.00634485 0.0551682 -0.0051272 0.0265876 0.0437128 0.0912488 -0.0243769 -0.037946 -0.0133338 0.0641602 0.0041497 -0.0134274
internal_weight=322.291 76.8492 245.442 46.711 198.731 75.0477 64.4561 51.3774 123.683 100.366 25.4719 53.0688 23.4277 63.3645
internal_count=1240 285 955 175 780 283 241 186 497 409 99 195 91 254
is_linear=0
shrinkage=0.111365


Tree=5
num_leaves=12
num_cat=0
split_feature=48 21 68 20 43 43 31 34 24 1 38
split_gain=15.5312 8.84392 9.20179 6.84991 7.37074 7.40793 8.61791 6.93435 6.56296 4.94497 4.8538
threshold=94.955000000000013 0.35755000000000003 -0.061499999999999992 1.1720500000000003 -10.674999999999999 19.140000000000004 0.12050000000000001 8.1500000000000004 0.19485000000000002 4.8835000000000006 0.29900000000000004
decision_type=10 2 8 2 8 10 2 2 2 10 10
left_child=1 -1 -3 -4 9 7 -7 -6 -9 -5 -11
right_child=-2 2 3 4 5 6 -8 8 -10 10 -12
leaf_value=-0.066661169781948887 0.10597380139932792 0.082807859330211758 0.074099822903072765 0.011999459164793442 0.081783773098683898 -0.10992601568418815 0.011985145897539989 0.066769648672170098 0.002608239592186117 -0.029382798946945919 -0.13882586761308444
leaf_weight=17.763984799385071 22.255418181419373 22.418023407459259 18.320137456059456 11.410229384899141 19.711754158139229 12.712183848023416 16.537327900528908 23.080371424555779 138.14273348450661 10.984131574630739 9.2983964979648572
leaf_count=75 76 80 65 45 73 53 64 84 539 45 41
internal_value=0.0162042 0.00955064 0.0143436 0.00844203 0.00346596 0.0110178 -0.0409736 0.0194267 0.011798 -0.0465938 -0.0795927
internal_weight=322.635 300.379 282.615 260.197 241.877 210.184 29.2495 180.935 161.223 31.6928 20.2825
internal_count=1240 1164 1089 1009 944 813 117 696 623 131 86
is_linear=0
shrinkage=0.111365


Tree=6
num_leaves=15
num_cat=0
split_feature=48 21 63 5 63 6 42 42 48 0 19 6 55 48
split_gain=12.2744 7.69834 8.86893 11.6717 10.4498 6.91614 6.31128 9.48597 10.5659 7.91642 7.23344 7.01274 8.59869 5.16969
threshold=95.570000000000007 0.35755000000000003 0.98350000000000015 0.17623000000000003 0.7390000000000001 1.0065000000000002 0.58550000000000002 0.55150000000000021 45.135000000000012 19.750000000000004 1.0000000180025095e-35 1.1095000000000004 0.61650000000000016 54.835000000000008
decision_type=10 2 2 10 2 2 2 2 8 10 2 2 2 8
left_child=1 -1 3 4 -3 -4 7 11 -9 13 -10 -7 -13 -8
right_child=-2 2 5 -5 -6 6 9 8 10 -11 -12 12 -14 -15
leaf_value=-0.062692771237905828 0.097300934240199477 -0.076849284808163526 0.078456581041385504 0.10311625100317941 0.072593900117075782 -0.082168235690626479 -0.023259887089195828 0.10875511888347197 -0.026941255562395714 0.023032258919804729 0.056805508800302801 -0.031250782928382487 0.052538062794758901 -0.10007669892953043
leaf_weight=17.648983508348465 20.710407420992851 11.82391205430031 14.456358686089514 28.196007743477821 11.395155012607573 15.484251618385313 24.682254984974861 20.398733645677567 26.182744070887566 23.345355674624443 24.997250825166702 39.018088728189468 24.872646570205688 19.455922812223434
leaf_count=76 70 47 52 100 41 63 98 75 104 88 95 156 95 80
internal_value=0.0143601 0.00866902 0.0131015 0.0549649 -0.00347563 0.00385633 -0.00107739 0.0115758 0.0409766 -0.0293923 0.0139478 -0.0149279 0.00135662 -0.0571372
internal_weight=322.668 301.958 284.309 51.4151 23.2191 232.894 218.437 150.954 71.5787 67.4835 51.18 79.375 63.8907 44.1382
internal_count=1240 1170 1094 188 88 906 854 588 274 266 199 314 251 178
is_linear=0
shrinkage=0.111365


Tree=7
num_leaves=15
num_cat=0
split_feature=48 17 9 48 6 40 40 45 11 14 38 11 38 6
split_gain=9.69459 7.51702 9.23751 9.08404 8.67883 8.66055 12.2582 10.2112 7.16998 10.2022 6.54485 6.73695 6.05956 11.9214
threshold=95.570000000000007 19.500000000000004 0.23450000000000001 51.110000000000007 1.0105000000000002 10.436577820390665 9.40468957408679 3.2313970000000007 2.3350000000000004 0.46900000000000003 0.29900000000000004 24.885000000000002 0.32350000000000007 1.1615000000000002
decision_type=10 2 8 10 2 10 8 10 10 8 10 8 10 2
left_child=1 2 3 -1 -4 6 8 -8 9 -6 -3 -12 -7 -14
right_child=-2 10 4 -5 5 12 7 -9 -10 -11 11 -13 13 -15
leaf_value=0.13188888449178457 0.086401347981293286 -0.063082374353610624 0.085219550700584679 0.0057767067221188434 -0.0073391662522187592 0.044509877257212692 -0.12183859463750803 0.0076578598573520751 -0.035895096075346029 0.12743463716490308 -0.057620070157822015 0.061280322762251142 -0.059852641137281413 0.050300121424734119
leaf_weight=15.834967449307443 20.723824083805084 31.225944384932518 16.74206954240799 12.840734452009199 17.684903770685196 64.411585927009583 22.0352403819561 11.473972767591475 24.639821499586105 11.482810139656069 9.8483165651559812 14.770444288849832 25.638003662228584 23.219220355153084
leaf_count=55 70 128 59 50 68 244 92 45 98 41 41 56 106 87
internal_value=0.0127161 0.00765473 0.01603 0.0754427 0.00818727 0.00175401 -0.0245979 -0.0774753 0.0083183 0.0456935 -0.0292262 0.0136862 0.0220747 -0.0074878
internal_weight=322.572 301.848 246.003 28.6757 217.328 200.586 87.3167 33.5092 53.8075 29.1677 55.8447 24.6188 113.269 48.8572
internal_count=1240 1170 945 105 840 781 344 137 207 109 225 97 437 193
is_linear=0
shrinkage=0.111365


Tree=8
num_leaves=15
num_cat=0
split_feature=48 21 9 48 69 46 48 12 16 46 43 61 61 42
split_gain=7.69915 6.25612 7.53003 9.11814 7.59875 7.20334 6.6822 6.60641 8.73202 10.0831 8.38173 6.40717 7.80583 4.79468
threshold=95.570000000000007 0.35755000000000003 0.23450000000000001 44.920000000000009 0.29500000000000004 23.320000000000004 34.155000000000008 369.59000000000009 2.5000000000000004 55.665000000000006 -15.674999999999999 0.45465000000000005 0.76145000000000007 0.55950000000000022
decision_type=10 2 8 10 10 10 8 10 2 10 10 10 10 2
left_child=1 -1 3 -3 5 6 -4 8 9 -7 -10 -8 -13 -6
right_child=-2 2 4 -5 13 7 11 -9 10 -11 -12 12 -14 -15
leaf_value=-0.058215877217217875 0.077045662018229766 0.12834485835195494 -0.11221959671898951 0.0069843666088533728 0.013377325372398817 0.026468490850073502 0.030400526663473319 0.082568965148438367 -0.047498235397439172 -0.057664559931545983 0.048363416986500089 -0.10623760364587831 0.00019380668992512645 0.11479423005910901
leaf_weight=17.319775104522705 20.655642285943031 14.172796711325647 10.900736957788466 16.784828826785088 11.347761750221254 29.757522717118263 21.756112635135651 14.539140358567236 13.874837324023245 43.451709806919098 61.099297553300858 15.271516740322111 19.375343397259712 11.82539841532707
leaf_count=76 70 48 46 64 43 115 83 53 56 176 228 66 75 41
internal_value=0.0112672 0.00675794 0.0107208 0.0625686 0.00437865 -0.00174162 -0.0323874 0.0109293 0.00389527 -0.0234567 0.0306132 -0.0169455 -0.0466973 0.0651629
internal_weight=322.132 301.477 284.157 30.9576 253.199 230.026 67.3037 162.723 148.183 73.2092 74.9741 56.403 34.6469 23.1732
internal_count=1240 1170 1094 112 982 898 270 628 575 291 284 224 141 84
is_linear=0
shrinkage=0.111365


Tree=9
num_leaves=15
num_cat=0
split_feature=5 9 56 2 31 2 39 9 2 6 38 38 4 11
split_gain=7.57521 7.09784 8.60428 6.83105 10.2773 7.19494 9.81774 12.9781 8.22675 7.04748 6.85883 11.3373 6.73463 7.62244
threshold=0.93345250000000013 0.23450000000000001 0.80000000000000016 830.50000000000011 0.024500000000000004 58.14500000000001 11.345383988827708 1.4895000000000003 160.50000000000003 1.0755000000000001 0.21900000000000003 0.40950000000000003 0.18950000000000003 13.760000000000002
decision_type=10 8 2 10 2 8 2 10 10 2 8 10 2 10
left_child=1 2 -1 4 9 6 7 -6 -7 -3 -10 -12 13 -8
right_child=-2 3 -4 -5 5 8 12 -9 10 -11 11 -13 -14 -15
leaf_value=-0.013337916795731625 0.074454056594672177 -0.12464062842353797 0.097975223073506354 0.056784407419395375 0.10701323563624535 -0.059380031305655771 -0.015865114956311512 -0.016449163404601917 0.071138681930152534 -0.021788598644074321 -0.046609332417406363 0.063607264160006768 -0.058109041858213445 0.095589763298482691
leaf_weight=14.615641206502913 21.129110872745514 13.702854692935942 20.930589556694031 23.287894487380981 29.272581174969673 37.135065227746964 21.759857013821602 16.502927035093307 15.387364923954008 20.866076752543449 38.001255020499229 16.641354635357857 20.392732933163643 11.696657001972197
leaf_count=57 76 55 73 84 105 152 90 66 56 84 153 62 84 43
internal_value=0.00999939 0.00546028 0.0521855 -0.000812864 -0.0063733 0.00301913 0.0245669 0.0624866 -0.0170056 -0.0625797 0.00545388 -0.0130294 -0.00765367 0.0230783
internal_weight=321.322 300.193 35.5462 264.647 241.359 206.79 99.6248 45.7755 107.165 34.5689 70.03 54.6426 53.8492 33.4565
internal_count=1240 1164 130 1034 950 811 388 171 423 139 271 215 217 133
is_linear=0
shrinkage=0.111365


Tree=10
num_leaves=14
num_cat=0
split_feature=40 38 20 0 63 45 50 55 68 49 55 40 38
split_gain=6.69078 6.67115 7.31012 6.2256 10.461 8.82705 9.09676 6.61997 7.95654 8.81839 5.98605 5.8206 11.1861
threshold=14.4772516190425 0.082000000000000017 1.1664000000000001 113.70000000000002 1.0370000000000001 1.0272450000000002 375.00000000000006 0.3665000000000001 2.7920000000000003 0.81200000000000017 0.65000000000000013 9.5074889920333998 0.24350000000000002
decision_type=10 8 2 8 2 10 2 2 8 8 2 8 10
left_child=1 -1 -3 5 11 6 -4 -7 10 -10 -9 12 -5
right_child=-2 2 3 4 -6 7 -8 8 9 -11 -12 -13 -14
leaf_value=0.082025339877386222 0.096156363990032648 0.088666565673333211 -0.00018723333346660185 0.011177397777600323 -0.045352418936044442 -0.085314531581354949 -0.11311954715525056 0.079436884989271497 -0.097484893962030458 0.0010787383367297778 -0.010625139186880099 0.011134362179313934 0.15897209360060488
leaf_weight=13.64876966178417 10.533661425113676 11.699597537517546 16.554650753736496 11.496404811739923 16.455883979797363 10.671839743852614 19.029742762446404 26.53143601119519 12.372041270136831 124.85735096037388 13.952789738774298 18.619925186038017 14.222887322306631
leaf_count=50 36 41 63 43 65 45 80 95 52 499 53 71 47
internal_value=0.00886583 0.00589844 0.00239118 -0.00115086 0.0304513 -0.00973235 -0.0606017 -0.000119635 0.00499222 -0.00780197 0.048379 0.0586014 0.0929373
internal_weight=320.647 310.113 296.465 284.765 60.7951 223.97 35.5844 188.385 177.714 137.229 40.4842 44.3392 25.7193
internal_count=1240 1204 1154 1113 226 887 143 744 699 551 148 161 90
is_linear=0
shrinkage=0.111365


Tree=11
num_leaves=15
num_cat=0
split_feature=61 5 42 20 41 34 10 9 21 45 11 10 42 5
split_gain=5.78278 12.853 6.77046 6.46507 7.11672 7.92583 6.74417 6.33027 5.06263 4.9143 5.9039 6.63495 10.0404 9.30565
threshold=0.68885000000000007 0.93345250000000013 0.59650000000000014 1.3436000000000001 9.6959945204337163 25.250000000000004 0.50550000000000017 0.22950000000000004 1.0585000000000002 5.1783290000000006 -6.6249999999999991 0.65450000000000019 0.55150000000000021 0.24746000000000004
decision_type=8 10 2 2 10 2 2 8 2 8 8 2 2 10
left_child=2 7 3 4 5 -1 -5 -2 -4 10 -9 12 -12 -14
right_child=1 -3 8 6 -6 -7 -8 9 -10 -11 11 -13 13 -15
leaf_value=0.0070853861913098698 0.073462682426176151 0.13111448618991989 -0.12799675903768776 -0.11964207039761947 -0.01460107976665893 0.11932467256402644 -0.00036406543084375017 0.08248600471139042 -0.018529140065753839 -0.04131565335169822 -0.025180552826252631 -0.048600008676998763 0.070265367552891658 -0.017370952113525819
leaf_weight=17.556417927145961 18.83995458483696 11.961440220475195 9.7474633753299731 9.8659999370574969 37.682081967592239 14.066833004355429 14.578964918851851 13.767557069659231 11.369952544569967 23.973527923226357 43.237205252051353 22.981114774942398 48.365283221006393 21.783202424645424
leaf_count=71 66 40 43 43 150 52 60 50 46 94 171 93 175 86
internal_value=0.00787309 0.0190872 -0.0121251 0.000699087 0.0180753 0.0570357 -0.048535 0.0121385 -0.0690927 0.00549843 0.0129787 0.00595579 0.0170197 0.0430411
internal_weight=319.777 204.909 114.868 93.7503 69.3053 31.6233 24.445 192.948 21.1174 174.108 150.134 136.367 113.386 70.1485
internal_count=1240 775 465 376 273 123 103 735 89 669 575 525 432 261
is_linear=0
shrinkage=0.111365


Tree=12
num_leaves=15
num_cat=0
split_feature=38 8 0 0 45 42 42 20 40 0 16 49 45 31
split_gain=5.73491 6.14453 9.74508 8.44949 12.3045 7.9062 9.29074 7.31565 7.12524 6.62155 6.24043 7.15864 6.4635 5.89277
threshold=0.073000000000000009 0.82850000000000013 21.750000000000004 127.20000000000002 1.0272450000000002 0.60350000000000004 0.52350000000000019 1.3373500000000003 10.008615026921959 643.40000000000009 2.5000000000000004 0.83050000000000013 2.5920270000000003 0.040500000000000008
decision_type=8 2 10 8 10 2 2 2 8 8 2 8 10 2
left_child=-1 2 -2 4 -3 6 -5 10 -9 -8 11 -6 -13 -12
right_child=1 3 -4 5 7 -7 9 8 -10 -11 13 12 -14 -15
leaf_value=0.088649246287322098 0.1121873019133786 -0.072973427791980128 -0.017976349892010791 0.092588748938825266 -0.087831075124939692 0.10132420719834007 0.035345706693959235 -0.092393010689643812 -0.0073524885336220249 -0.07982193793181902 0.10501889704548276 0.074772385714332895 -0.016998277310662203 0.022214397665338802
leaf_weight=10.321416944265364 15.752790942788126 33.081364393234253 13.02188231050968 11.482040196657179 12.154269322752951 17.145012453198433 11.177628353238108 17.190906912088394 42.330085247755051 13.863909631967543 12.973194926977156 13.041075006127356 35.216911792755127 59.999507203698158
leaf_count=37 56 137 52 40 51 59 42 74 172 56 46 48 143 227
internal_value=0.00698834 0.00425322 0.0532565 -0.000786238 -0.0102223 0.0389332 0.00962515 0.00053506 -0.0319264 -0.0283858 0.015026 -0.0114387 0.00778619 0.0369456
internal_weight=318.752 308.431 28.7747 279.656 225.987 53.6686 36.5236 192.906 59.521 25.0415 133.385 60.4123 48.258 72.9727
internal_count=1240 1203 108 1095 898 197 138 761 246 98 515 242 191 273
is_linear=0
shrinkage=0.111365


Tree=13
num_leaves=15
num_cat=0
split_feature=48 41 22 32 2 42 38 31 34 38 40 40 55 44
split_gain=4.696 4.79023 4.8225 4.56218 7.76495 9.63453 8.59346 9.16995 5.69268 5.64318 5.51375 7.69559 9.91664 9.29458
threshold=95.570000000000007 8.7235934823630146 0.090150000000000022 0.48300000000000004 -3.3399999999999994 0.48450000000000004 0.40150000000000008 0.19500000000000003 332.15000000000003 0.52750000000000019 11.654966501913389 10.423978762406968 0.55000000000000016 31.855000000000004
decision_type=10 8 2 2 8 2 10 2 2 10 10 10 2 10
left_child=1 -1 -3 4 8 -6 7 -7 -4 10 11 13 -13 -5
right_child=-2 2 3 9 5 6 -8 -9 -10 -11 -12 12 -14 -15
leaf_value=-0.076859896273104911 0.058634183988128391 -0.049645974548560866 0.13530293575942712 0.02836899965734611 -0.10290385881907628 0.014574955441987407 0.069492859591752207 -0.088117932849318084 0.026140261740354272 -0.084855363667545841 -0.043353999276440264 -0.019756554742986421 0.11353943541777337 -0.088224796476084222
leaf_weight=9.097455680370329 19.861059829592705 18.590787693858147 11.55118501186371 21.511081248521805 8.7227143794298154 92.867946282029152 30.86173240840435 12.200453564524649 12.204964980483053 11.027306869626043 26.37851770222187 11.567594125866892 17.204672306776047 13.992179006338118
leaf_count=38 70 75 42 86 36 355 112 51 48 47 110 48 63 59
internal_value=0.00620099 0.00270135 0.00521119 0.00898985 0.0202378 0.0105411 0.0178263 0.0026433 0.0792506 -0.00963221 -0.000473785 0.0171126 0.0599234 -0.0175609
internal_weight=317.64 297.779 288.681 270.09 168.409 144.653 135.93 105.068 23.7561 101.681 90.654 64.2755 28.7723 35.5033
internal_count=1240 1170 1132 1057 644 554 518 406 90 413 366 256 111 145
is_linear=0
shrinkage=0.111365


Tree=14
num_leaves=14
num_cat=0
split_feature=43 34 34 24 40 10 10 5 49 44 49 50 43
split_gain=5.02199 5.32722 5.73027 4.31047 10.9247 7.00522 15.7007 6.55666 5.60324 6.0247 5.2655 3.42787 3.33144
threshold=19.140000000000004 25.850000000000005 12.050000000000002 0.19485000000000002 6.7774781721679718 0.11650000000000002 0.39650000000000007 0.92141400000000007 0.89550000000000007 607.50000000000011 0.77750000000000019 176.00000000000003 0.63000000000000012
decision_type=10 2 2 2 10 2 2 10 10 10 10 2 10
left_child=3 2 -2 10 -5 -6 -7 8 9 -8 -1 -12 -10
right_child=1 -3 -4 4 5 6 7 -9 12 -11 11 -13 -14
leaf_value=0.081239612676551179 -0.056051870797543514 -0.10530121646959792 0.051611968655651978 -0.077133372161529434 0.081407715577763329 -0.091484076741037951 0.0077157079879123409 0.096823164861572691 -0.08432629302930765 0.067115227883753723 0.047504382298790941 -0.039705704440709429 0.0040830870523544237
leaf_weight=21.824557796120644 13.580166071653368 9.5700092762708646 11.174039170145987 18.753267034888268 16.412338644266129 18.693977117538452 126.21239387989044 11.561466678977011 11.407866463065149 25.457582414150238 11.291679799556734 11.066046223044394 9.8220429569482786
leaf_count=77 56 41 42 77 60 79 501 42 48 92 41 45 39
internal_value=0.00548532 -0.0347339 -0.00742258 0.0103746 0.0044481 0.0114193 0.00576154 0.0156208 0.0101866 0.0176907 0.0423255 0.00430632 -0.0433888
internal_weight=316.827 34.3242 24.7542 282.503 238.321 219.568 203.155 184.461 172.9 151.67 44.1823 22.3577 21.2299
internal_count=1240 139 98 1101 938 861 801 722 680 593 163 86 87
is_linear=0
shrinkage=0.111365


Tree=15
num_leaves=15
num_cat=0
split_feature=17 6 5 12 11 11 55 9 6 61 0 38 42 21
split_gain=4.71615 5.48946 5.35611 9.37963 4.74073 7.28334 7.16802 5.92456 5.57737 8.62534 8.27472 6.79639 6.6414 5.56422
threshold=19.500000000000004 0.99600000000000011 0.33627250000000003 23.327500000000004 2.0750000000000006 13.760000000000002 0.61650000000000016 0.57450000000000012 1.1245000000000003 0.84040000000000015 10.700000000000001 0.35050000000000003 0.54950000000000021 0.35755000000000003
decision_type=2 2 10 8 8 8 2 8 2 8 10 10 2 2
left_child=1 -1 -2 -4 6 7 13 -6 12 11 -11 -10 -7 -3
right_child=2 4 3 -5 5 8 -8 -9 9 10 -12 -13 -14 -15
leaf_value=0.080252772993241336 -0.049656279160640374 -0.065254579044968911 -0.059903341078376707 0.089857710549053574 0.012539592315866302 -0.099613814909441295 0.07473790921870567 -0.092474622289282271 0.024972048667096201 0.10987000129828237 -0.0044086560453656127 -0.05895000493945933 0.00022564595145705232 0.022788203016882676
leaf_weight=13.565084069967268 36.607363924384117 10.969569206237791 9.5931975692510623 11.284899622201918 10.411652535200124 11.08768108487129 28.038920804858208 18.448329076170921 34.040586337447166 21.264924362301826 12.444843277335165 18.455110281705856 32.381673589348793 47.21233543753624
leaf_count=48 152 50 41 42 41 47 101 80 132 74 48 76 126 182
internal_value=0.00486654 0.0112884 -0.0239785 0.0210092 0.00746321 -0.00396277 0.0284808 -0.0545636 0.00729307 0.0236981 0.0676591 -0.00451706 -0.0252233 0.00617598
internal_weight=315.806 258.321 57.4855 20.8781 244.756 158.535 86.2208 28.86 129.675 86.2055 33.7098 52.4957 43.4694 58.1819
internal_count=1240 1005 235 83 957 624 333 121 503 330 122 208 173 232
is_linear=0
shrinkage=0.111365


Tree=16
num_leaves=15
num_cat=0
split_feature=13 13 63 41 33 32 11 29 61 23 46 1 17 17
split_gain=4.93251 5.71735 7.1077 6.17757 4.85819 6.56751 5.57335 8.27471 8.88632 8.07439 6.96029 3.87901 3.45372 2.85416
threshold=8.1973417274242077 8.8761206949871898 0.98350000000000015 10.003401256438332 11.500000000000002 0.42050000000000004 -8.2449999999999992 0.10565000000000001 0.86655000000000015 -0.044999999999999991 22.835000000000004 0.65800000000000014 12.500000000000002 9.5000000000000018
decision_type=8 10 2 10 10 2 10 2 8 2 10 8 2 2
left_child=-1 -2 3 11 5 -4 9 8 -8 -7 -9 -3 -5 -11
right_child=1 2 4 12 -6 6 7 10 -10 13 -12 -13 -14 -15
leaf_value=0.0724000371728582 -0.058719793773897619 0.049822692525744824 0.070475006100627999 0.044857536546977682 -0.061520603737155032 -0.026799933132670373 -0.1314214129688609 -0.045614741327013104 -0.0067807700193933352 0.12069350600309092 0.013053318064929029 -0.043309473389291427 0.1266409448619979 0.040609692908498356
leaf_weight=12.666594192385672 18.38531269133091 10.619651883840563 15.975975468754767 14.493281319737436 16.175118029117584 15.484639406204222 13.770336136221887 33.085887521505356 14.659710764884947 10.352731719613077 103.63449040055275 11.60966572165489 11.531691089272497 11.904646933078764
leaf_count=45 75 40 58 54 68 64 61 140 58 38 405 47 40 47
internal_value=0.00431846 0.0014575 0.00536547 0.0442976 -0.00262412 0.00172515 -0.00368465 -0.0125116 -0.0671775 0.0349203 -0.00113875 0.00114945 0.0811243 0.0778929
internal_weight=314.35 301.683 283.298 48.2543 235.044 218.868 202.892 165.15 28.43 37.742 136.72 22.2293 26.025 22.2574
internal_count=1240 1195 1120 181 939 871 813 664 119 149 545 87 94 85
is_linear=0
shrinkage=0.111365


Tree=17
num_leaves=15
num_cat=0
split_feature=8 43 0 68 20 40 43 16 42 13 13 20 32 43
split_gain=4.42299 6.27371 5.677 6.39696 5.54977 7.26577 8.27941 5.98462 5.97352 5.4828 5.38102 5.52237 8.40037 5.13239
threshold=0.84400000000000008 -0.58999999999999986 127.20000000000002 -0.08699999999999998 1.3373500000000003 8.6473640849969584 19.450000000000006 2.5000000000000004 0.60950000000000004 11.648699409310781 12.322730548399445 1.2525000000000002 0.48050000000000004 5.5850000000000009
decision_type=2 8 8 10 2 8 10 2 2 10 8 2 2 8
left_child=1 -1 4 -4 7 -6 8 -2 13 -3 11 12 -9 -7
right_child=2 9 3 -5 5 6 -8 10 -10 -11 -12 -13 -14 -15
leaf_value=0.10667477164245794 -0.019408626897895815 0.060354906363063905 0.06233977643635203 -0.016642071540441668 -0.12406014985226742 -0.0092501827646239102 -0.11423672517325614 0.097552893002112701 -0.078419864860413399 -0.055262590218417167 -0.037453984920211694 -0.0082875346063854497 -0.00039570046147562353 0.077810657552478249
leaf_weight=12.002581983804701 76.522295728325844 10.659422636032106 33.001044675707817 20.672384664416313 9.7331653237342817 26.469701200723655 9.6678945720195753 27.763995170593262 9.9421793520450574 9.7284202575683576 14.614563927054403 22.357932284474373 17.810397952795029 12.292753010988227
leaf_count=43 311 41 121 80 45 112 43 96 44 41 58 90 69 46
internal_value=0.00382625 0.0427936 -0.000665245 0.031906 -0.00836395 -0.0349664 -0.0200981 0.00302129 -0.00139631 0.00514969 0.0238231 0.0370168 0.0592585 0.0183404
internal_weight=313.239 32.3904 280.848 53.6734 227.175 68.1057 58.3725 159.069 48.7046 20.3878 82.5469 67.9323 45.5744 38.7625
internal_count=1240 125 1115 201 914 290 245 624 202 82 313 255 165 158
is_linear=0
shrinkage=0.111365


Tree=18
num_leaves=13
num_cat=0
split_feature=13 40 68 22 63 45 32 67 25 13 25 25
split_gain=3.8921 5.08985 4.87367 4.71651 4.90962 10.8331 5.75168 6.36321 6.74773 4.49557 3.75083 3.76524
threshold=8.1973417274242077 4.2380162364344054 -0.077499999999999986 0.11520000000000001 1.1270000000000002 1.6124275000000001 0.42300000000000004 -0.018499999999999996 80.500000000000014 11.078426725616405 64.500000000000014 53.500000000000007
decision_type=8 10 8 2 2 10 2 8 2 8 2 2
left_child=-1 -2 9 10 6 -6 -5 -8 -9 -3 11 -4
right_child=1 2 3 4 5 -7 7 8 -10 -11 -12 -13
leaf_value=0.064273771276251362 -0.075227602158944959 0.00093834629797158193 -0.047332046791271447 0.072665951433165829 -0.12431031913568157 0.01753266711570681 0.090485840432304648 -0.010469489413759237 0.044627862662149659 0.10109909133547326 -0.077392108652351355 0.039947933104421456
leaf_weight=12.499662503600119 10.524093881249426 10.590913921594622 13.68727219104767 17.61205643415451 10.956882372498514 17.080823361873627 10.410719290375708 134.93490017950535 34.644818484783173 11.729188695549963 16.029466465115547 11.097078174352644
leaf_count=45 43 42 57 64 48 68 39 548 134 41 69 42
internal_value=0.00338839 0.000843149 0.00361804 -0.000566526 0.00573215 -0.0378719 0.0119228 0.00597503 0.000782435 0.0536058 -0.035407 -0.008223
internal_weight=311.798 299.298 288.774 266.454 225.64 28.0377 197.602 179.99 169.58 22.3201 40.8138 24.7844
internal_count=1240 1195 1152 1069 901 116 785 721 682 83 168 99
is_linear=0
shrinkage=0.111365


Tree=19
num_leaves=15
num_cat=0
split_feature=20 38 2 6 43 42 2 50 38 20 12 4 9 9
split_gain=3.66541 4.73045 4.02992 4.73943 9.33778 8.30897 6.91414 6.02789 5.65 4.55724 8.91806 7.32706 6.60927 8.60692
threshold=1.1664000000000001 0.082000000000000017 830.50000000000011 1.1345000000000003 -0.074999999999999997 0.54350000000000021 55.205000000000005 991.50000000000011 0.27850000000000008 1.3483500000000002 113.39100000000001 0.22750000000000004 0.51200000000000012 1.5185000000000002
decision_type=2 8 10 2 10 2 8 2 8 2 10 2 8 10
left_child=-1 -2 3 4 6 -6 7 -3 -7 11 -11 12 -5 -14
right_child=1 2 -4 9 5 8 -8 -9 -10 10 -12 -13 13 -15
leaf_value=0.064198459397093621 0.065324738694720663 0.05330567755121858 0.044262573614245418 0.088775069116207111 -0.14055381158870586 -0.090028172537497661 -0.045716373196919492 -0.033261175214795567 0.00088882919370205033 -0.065364831999841763 0.042121913425537408 -0.02258858058194093 -0.015899579957602366 0.087359746605304836
leaf_weight=11.684065878391264 13.383804157376288 33.431663021445274 21.229846328496933 23.316618025302887 12.066882044076918 13.678126886487005 24.108252689242363 14.208086282014845 22.253399282693863 25.049251288175583 15.486956030130385 34.111822247505188 32.222107887268066 14.518933117389677
leaf_count=42 49 126 78 86 55 57 101 60 90 113 60 138 130 55
internal_value=0.00300635 0.000613193 -0.00241586 -0.00616594 -0.0225564 -0.0605788 0.00286975 0.0274724 -0.0337001 0.00739231 -0.024281 0.0197247 0.040338 0.0161595
internal_weight=310.75 299.066 285.682 264.452 119.746 47.9984 71.748 47.6397 35.9315 144.706 40.5362 104.169 70.0577 46.741
internal_count=1240 1198 1149 1071 489 202 287 186 147 582 173 409 271 185
is_linear=0
shrinkage=0.111365


Tree=20
num_leaves=15
num_cat=0
split_feature=43 45 13 41 61 38 24 0 0 34 43 46 13 24
split_gain=3.49816 5.00769 3.35484 5.81754 5.64131 6.62328 5.13258 6.06623 6.03304 5.91819 4.64214 4.32993 8.03408 3.26578
threshold=19.140000000000004 1.6529365000000003 12.659134734406386 10.852548925021633 0.95280000000000009 0.28150000000000003 0.23755000000000004 668.00000000000011 113.70000000000002 8.1500000000000004 -20.679999999999996 67.540000000000006 10.089940766526228 1.2501000000000002
decision_type=10 8 8 10 8 10 2 8 10 2 8 8 10 2
left_child=2 -2 3 6 5 -4 11 8 9 -8 -11 -1 -13 -3
right_child=1 13 4 -5 -6 -7 7 -9 -10 10 -12 12 -14 -15
leaf_value=0.081618111185732839 0.031195687237919045 -0.111310132491274 0.049444146662557198 0.082637536622989199 -0.080420697835380792 -0.049267473157218418 0.062984402577678539 -0.079093432778445591 0.086774573061320623 -0.080475035036294496 -0.002864092239560718 0.058408485441710768 -0.066401526038792125 -0.025186281303971991
leaf_weight=18.944897621870041 10.681883737444876 9.4356693923473376 18.401249423623085 13.731887385249136 13.708243370056151 15.555276706814764 15.868394777178763 11.541669845581053 10.340385898947714 10.385194167494772 120.3622272759676 17.3506323248148 10.128441303968428 13.030953228473662
leaf_count=71 44 42 70 51 58 66 61 48 37 49 485 63 42 53
internal_value=0.0026484 -0.0315326 0.0067516 0.0123562 -0.0201189 0.00420318 0.00786232 -0.0011668 0.00455877 -0.00123463 -0.00903434 0.0406498 0.0123782 -0.06139
internal_weight=309.467 33.1485 276.319 228.654 47.6648 33.9565 214.922 168.498 156.956 146.616 130.747 46.424 27.4791 22.4666
internal_count=1240 139 1101 907 194 136 856 680 632 595 534 176 105 95
is_linear=0
shrinkage=0.111365


Tree=21
num_leaves=15
num_cat=0
split_feature=17 38 0 6 43 6 8 11 23 61 0 40 38 61
split_gain=3.76742 5.60573 13.9226 4.54174 4.74798 7.97724 6.68228 5.51372 6.91095 5.2809 5.69405 5.43025 5.38084 5.12595
threshold=19.500000000000004 0.28400000000000003 1.5500000000000003 0.99600000000000011 -0.074999999999999997 1.1345000000000003 0.89050000000000018 -0.23499999999999996 -0.57499999999999984 0.83250000000000013 26.250000000000004 10.898661068298061 0.34450000000000003 0.68885000000000007
decision_type=2 10 10 2 8 2 2 10 2 8 10 8 10 8
left_child=3 -2 -3 -1 6 -6 -5 8 -8 10 12 -11 -7 -9
right_child=1 2 -4 4 5 9 7 13 -10 11 -12 -13 -14 -15
leaf_value=0.071987975600412007 -0.057564049983408215 -0.071957893111094309 0.088913626982275784 0.093618378666042251 -0.038739380305036208 -0.0011992150172689573 -0.01754403428506773 -0.053165435268017779 0.088134777403838918 -0.013215646845845593 0.052218015991446452 0.082713959486411207 -0.095573638800050001 0.017816762270797058
leaf_weight=13.104180589318274 29.179215759038925 12.630620837211611 14.139782205224035 14.337968051433561 61.15791580080986 21.635100841522217 12.455565914511679 21.217989310622215 19.952058807015419 11.184376507997511 13.349163711071013 21.105417534708977 11.475610375404356 31.108732342720032
leaf_count=48 125 56 54 53 253 85 51 93 75 47 52 76 50 122
internal_value=0.00234395 -0.0237951 0.0129847 0.00814841 0.00464475 -0.00856065 0.0233006 0.0113933 0.0474953 0.0148671 -0.00916154 0.0494634 -0.0339301 -0.0109517
internal_weight=308.034 55.9496 26.7704 252.084 238.98 139.908 99.0723 84.7343 32.4076 78.7497 46.4599 32.2898 33.1107 52.3267
internal_count=1240 235 110 1005 957 563 394 341 126 310 187 123 135 215
is_linear=0
shrinkage=0.111365


Tree=22
num_leaves=15
num_cat=0
split_feature=14 63 24 9 22 13 31 49 1 24 22 42 1 45
split_gain=3.1289 4.67284 4.39223 4.78877 4.3581 3.95619 3.5765 5.40588 6.00669 5.03656 6.57471 4.86721 2.46946 5.52167
threshold=0.61550000000000005 1.5150000000000003 0.054750000000000007 3.1015000000000001 0.12210000000000001 11.342661049286685 0.22650000000000003 0.89350000000000007 1.7420000000000002 0.90015000000000012 0.23200000000000001 0.55950000000000022 0.59750000000000003 1.3917070000000002
decision_type=10 2 2 8 2 8 2 10 10 2 2 2 10 10
left_child=2 -2 -1 4 5 -4 7 9 -9 10 -6 -11 -5 -14
right_child=1 -3 3 12 6 -7 -8 8 -10 11 -12 -13 13 -15
leaf_value=0.066339620733263827 0.070628841465494932 -0.022645349951406539 0.0021700063775825762 -0.0070055201996398657 0.036964782560462227 -0.071190085394686617 -0.038494510470989556 -0.087420520406562424 0.020960639667466044 0.011753466076349656 -0.035252608980380018 0.066692845543889656 -0.012804942356649454 -0.11741056780343165
leaf_weight=11.333249300718306 18.455782681703571 10.4079692363739 18.966165229678154 18.260332509875298 29.594628885388374 17.52291464805603 17.74490861594677 12.704907014966013 12.646430492401121 37.723476991057396 33.143858537077904 42.655796572566032 13.660444825887682 11.577640205621718
leaf_count=42 70 42 78 73 117 75 75 57 50 152 138 162 57 52
internal_value=0.0020718 0.0369695 -0.00155492 -0.00444823 0.00214992 -0.033039 0.00904924 0.0140614 -0.0333258 0.0224606 -0.00117486 0.040918 -0.0382465 -0.0608207
internal_weight=306.399 28.8638 277.535 266.202 222.703 36.4891 186.214 168.469 25.3513 143.118 62.7385 80.3793 43.4984 25.2381
internal_count=1240 112 1128 1086 904 153 751 676 107 569 255 314 182 109
is_linear=0
shrinkage=0.111365


Tree=23
num_leaves=15
num_cat=0
split_feature=41 43 41 68 31 12 9 6 23 9 9 40 21 21
split_gain=3.03115 4.5025 4.18008 4.71079 3.9268 9.81179 8.51554 7.99407 5.61181 5.29757 7.33418 4.94053 8.41269 5.37196
threshold=9.1736966017562462 -11.464999999999998 9.3378824178233959 -0.04349999999999999 0.091500000000000012 117.22200000000002 0.59450000000000014 1.0195000000000001 5.910000000000001 0.71650000000000003 0.18250000000000002 10.276863587014942 1.0080500000000001 1.5601000000000003
decision_type=8 10 8 8 2 8 10 2 2 10 10 8 2 2
left_child=1 -1 -2 -4 5 8 -7 -6 9 10 -5 12 -9 -13
right_child=2 -3 3 4 7 6 -8 11 -10 -11 -12 13 -14 -15
leaf_value=0.0060036126133319254 0.080976041503753468 -0.092644080348131083 0.046897376811359824 -0.00083894681073681343 0.086100522682846528 0 -0.12654421128951723 0.027004978410183515 0.061790491345888293 0.024744644864937156 -0.10804178967351639 -0.026311998118121547 -0.082263380237530326 0.031448887673006735
leaf_weight=13.220845133066179 8.7086319923400861 10.121331498026846 26.846271112561226 20.186242386698723 15.141090288758276 11.001088276505472 16.47104287147522 15.439624905586241 15.440526679158209 25.244184345006943 13.034474924206732 28.657768875360489 20.111714988946915 65.799140825867653
leaf_count=54 35 46 102 78 54 43 72 62 60 103 60 123 88 260
internal_value=0.00182438 -0.036739 0.00501811 0.00259567 -0.00222569 -0.0190461 -0.0758724 0.00951717 0.00206742 -0.0136927 -0.0429233 0.000592394 -0.0347883 0.0139167
internal_weight=305.424 23.3422 282.082 273.373 246.527 101.378 27.4721 145.149 73.9054 58.4649 33.2207 130.008 35.5513 94.4569
internal_count=1240 100 1140 1105 1003 416 115 587 301 241 138 533 150 383
is_linear=0
shrinkage=0.111365


Tree=24
num_leaves=15
num_cat=0
split_feature=38 9 9 9 9 23 2 48 13 25 0 49 43 24
split_gain=3.17155 4.27288 4.64706 5.66177 4.85956 6.13664 7.20631 5.86345 8.28656 5.31382 4.2658 10.0343 8.66533 8.35524
threshold=0.073000000000000009 2.8505000000000007 0.75400000000000011 0.62850000000000017 0.81950000000000001 -0.79499999999999993 41.355000000000011 60.025000000000006 11.290619025399337 59.500000000000007 1.0500000000000003 0.86450000000000016 -1.5699999999999998 1.6032500000000003
decision_type=8 10 10 10 10 2 8 8 10 2 8 10 8 2
left_child=-1 2 3 10 -4 6 -6 8 -7 -10 11 -2 -12 -14
right_child=1 -3 4 -5 5 7 -8 -9 9 -11 12 -13 13 -15
leaf_value=0.062756097551163834 -0.11511074055395586 -0.043962295364082235 0.092028395122430259 -0.06665662689673349 -0.10113079979979162 -0.090960349992833589 0.011322564981378569 0.063344098251331971 -0.021084979016057635 0.081996171664006967 0.063763457959962452 0.03336971930907856 0.016349389259554616 -0.054935981686870174
leaf_weight=10.163420438766478 11.987362176179888 25.63240097463131 10.790702939033507 18.469888269901276 10.819680511951445 9.2922922372817975 20.352816805243496 35.625605195760727 11.954710304737093 12.869880795478819 26.356629312038422 10.657670378684996 57.493283420801163 31.593415684998035
leaf_count=37 55 111 41 81 50 43 80 140 50 49 100 43 226 134
internal_value=0.00159341 -0.000519177 0.00362902 -0.00874867 0.0209833 0.0133792 -0.0276852 0.0317442 -0.00123147 0.0323259 -0.00099789 -0.0451972 0.00766571 -0.00892272
internal_weight=304.06 293.896 268.264 156.558 111.706 100.915 31.1725 69.7425 34.1169 24.8246 138.088 22.645 115.443 89.0867
internal_count=1240 1203 1092 639 453 412 130 282 142 99 558 98 460 360
is_linear=0
shrinkage=0.111365


Tree=25
num_leaves=13
num_cat=0
split_feature=66 13 21 5 40 10 10 16 38 38 9 2
split_gain=2.78291 5.18923 4.26394 5.68665 4.81167 4.25881 6.41997 6.06789 5.73983 4.34696 3.59718 3.5456
threshold=-0.87499999999999989 10.508177606473039 0.35755000000000003 0.93345250000000013 13.197092110722481 0.088500000000000009 0.33500000000000008 1.5000000000000002 0.063500000000000015 0.40950000000000003 0.83950000000000002 552.50000000000011
decision_type=2 8 2 10 8 2 2 2 10 10 10 10
left_child=1 -1 -2 4 5 7 -7 -4 10 -10 -8 -6
right_child=2 -3 3 -5 11 6 8 -9 9 -11 -12 -13
leaf_value=0.013571438069578369 -0.050952523353390067 -0.074199511740108207 0.11586493849570716 0.08706752213964393 -0.075749700905233239 -0.071729737398928031 0.10583035439479686 0.013174629867096173 -0.0077922639712564292 0.038884652903822398 0.015304727773956599 0.0066222528571001265
leaf_weight=17.237786680459976 15.807892031967638 16.189281687140465 10.843353495001795 10.975857868790625 14.8578137755394 12.88079486787319 11.536510035395624 20.932666152715683 118.0826218277216 31.302341371774673 10.349335268139837 11.467347636818884
leaf_count=69 75 71 39 44 64 57 43 81 488 124 41 44
internal_value=0.00138662 -0.0289154 0.00515431 0.00865972 0.00510421 0.0105871 0.00408587 0.0482403 0.00979207 0.00198353 0.0630566 -0.03984
internal_weight=302.464 33.4271 269.037 253.229 242.253 215.928 184.152 31.776 171.271 149.385 21.8858 26.3252
internal_count=1240 140 1100 1025 981 873 753 120 696 612 84 108
is_linear=0
shrinkage=0.111365


Tree=26
num_leaves=15
num_cat=0
split_feature=17 38 1 43 5 31 5 41 31 38 43 41 11 44
split_gain=3.16926 4.63891 6.52709 3.37249 6.55211 6.32529 7.67484 5.5276 5.48625 9.48168 6.85987 5.08787 5.80961 6.44121
threshold=19.500000000000004 0.28400000000000003 5.7520000000000016 -0.074999999999999997 0.46046450000000005 0.20350000000000004 0.38970250000000006 9.3378824178233959 0.024500000000000004 0.24050000000000002 4.7950000000000008 9.8064643276396524 1.0000000180025095e-35 111.50000000000001
decision_type=2 10 10 8 10 2 8 8 2 10 8 10 10 10
left_child=3 -2 -3 5 8 6 11 -8 9 -5 -10 -1 -13 -14
right_child=1 2 -4 4 -6 -7 7 -9 10 -11 -12 12 13 -15
leaf_value=0.10729513409011344 -0.054348131398763454 0.053243853216041727 -0.062421453390350892 -0.14100816828669502 0.046303155321620292 -0.04633429049914059 0.044730732698405107 -0.060103681084462304 -0.048162973213002599 0.0068621503571088625 0.015680199910484218 0.090640292329880814 -0.064859633487757015 0.04438944069315226
leaf_weight=16.692662283778191 28.28496378660202 16.486302942037582 9.5562130361795443 10.642915949225427 26.019632406532764 14.362903758883474 10.499062776565554 15.354234278202055 30.279139667749405 10.853223770856856 67.176518261432648 15.407394006848333 10.283950477838518 19.162597045302391
leaf_count=61 125 65 45 48 107 62 42 67 130 45 265 57 46 75
internal_value=0.00122915 -0.0231182 0.0107725 0.0065931 -0.00431108 0.0221345 0.0333948 -0.0175017 -0.0153887 -0.0663153 -0.00414807 0.0547864 0.0352284 0.00621004
internal_weight=301.062 54.3275 26.0425 246.734 144.971 101.763 87.3999 25.8533 118.952 21.4961 97.4557 61.5466 44.8539 29.4465
internal_count=1240 235 110 1005 595 410 348 109 488 93 395 239 178 121
is_linear=0
shrinkage=0.111365


Tree=27
num_leaves=15
num_cat=0
split_feature=46 60 11 34 9 61 9 46 63 38 9 38 0 43
split_gain=2.88349 5.29769 6.63748 5.0218 6.38703 4.01325 3.22896 3.20278 4.27408 7.16222 4.22521 3.90521 7.59522 6.04254
threshold=22.835000000000004 -2.9234999999999993 7.7550000000000008 8.9500000000000011 0.44950000000000007 0.86520000000000008 1.2650000000000003 36.850000000000001 1.0600000000000003 0.27700000000000008 0.72550000000000014 0.22400000000000003 113.70000000000002 -20.679999999999996
decision_type=10 10 8 2 8 8 8 10 2 10 10 10 10 10
left_child=1 3 5 -1 -5 -3 -6 10 11 -10 -2 -9 13 -13
right_child=7 2 -4 4 6 -7 -8 8 9 -11 -12 12 -14 -15
leaf_value=0.020917295012091816 0.095761569933928911 0.015933050393211891 0.063576780287421059 0.0040345062284535965 -0.13803361030905331 -0.068647922967929861 -0.048427910049849747 0.027497086492082091 -0.097776317328025941 0.029684708718899448 0.0024921712239381103 -0.097040058389739892 0.068200757014147198 -0.0076944032756755022
leaf_weight=10.856642216444014 11.350528523325922 14.921508684754373 17.78387363255024 10.467485859990122 12.599903509020807 13.018456310033796 8.3072598651051504 77.869432166218758 12.631991967558863 9.6279869675636274 12.871475890278814 11.066403701901434 14.039133235812185 62.068046405911446
leaf_count=46 43 61 68 44 63 56 37 307 56 40 53 51 53 262
internal_value=0.00107153 -0.0158719 0.0103818 -0.0443143 -0.0669101 -0.0234505 -0.102465 0.00812035 0.00318818 -0.0426131 0.0462291 0.00937005 -0.00681378 -0.0212239
internal_weight=299.48 87.9551 45.7238 42.2313 31.3746 27.94 20.9072 211.525 187.303 22.26 24.222 165.043 87.1736 73.1345
internal_count=1240 375 185 190 144 117 100 865 769 96 96 673 366 313
is_linear=0
shrinkage=0.111365


Tree=28
num_leaves=15
num_cat=0
split_feature=20 38 61 46 61 13 60 9 39 34 39 34 61 38
split_gain=2.67939 2.69364 3.13783 4.49848 10.1108 5.67674 5.54511 5.42532 4.54354 7.09388 4.49305 3.40864 3.08685 2.25736
threshold=1.1664000000000001 0.082000000000000017 0.95575000000000021 52.580000000000005 0.6916000000000001 12.806189576361788 0.17100000000000001 0.43350000000000005 10.463062616524137 8.1500000000000004 10.758310825002836 14.350000000000003 0.87285000000000013 0.29900000000000004
decision_type=2 8 10 8 8 10 10 8 2 2 2 2 8 10
left_child=-1 -2 3 4 7 11 8 -3 12 -10 -11 -6 -5 -8
right_child=1 2 -4 6 5 -7 13 -9 9 10 -12 -13 -14 -15
leaf_value=0.054094134403975126 0.048162820985599014 0.022123988713741227 -0.055947651987767293 -0.099937110647436697 0.022194984752038988 -0.0042491567060785815 0.00521818575118509 -0.083666226524806805 0.059858685115792225 0.045621108433981962 -0.025777951712825375 0.097287858981578032 -0.026791820381352617 0.077325576921494651
leaf_weight=11.309600874781607 13.098318696022032 10.687914967536928 13.468280971050261 12.13873276859522 10.778561428189276 16.589106328785419 10.394479706883432 13.717066586017607 16.471620678901672 12.213305473327635 103.62129440158606 24.835793174803257 17.523666173219681 11.223635539412497
leaf_count=42 49 44 58 56 42 69 43 65 65 48 449 95 71 44
internal_value=0.000925564 -0.00116877 -0.00353263 -0.000816666 0.0218483 0.0495171 -0.0102785 -0.0373062 -0.0173527 -0.00851443 -0.0182434 0.074582 -0.05675 0.0426889
internal_weight=298.071 286.762 273.663 260.195 76.6084 52.2035 183.587 24.405 161.969 132.306 115.835 35.6144 29.6624 21.6181
internal_count=1240 1198 1149 1091 315 206 776 109 689 562 497 137 127 87
is_linear=0
shrinkage=0.111365


Tree=29
num_leaves=13
num_cat=0
split_feature=13 40 39 48 40 9 9 34 44 29 29 9
split_gain=2.62372 4.38205 10.7974 7.49379 4.24207 3.20252 4.6837 5.34298 4.34124 8.96837 4.25561 3.74807
threshold=8.1973417274242077 6.9776234309619083 10.803440338910848 50.520000000000003 7.6082844083169219 3.1015000000000001 1.5530000000000002 7.8500000000000005 471.00000000000006 0.15645000000000003 0.25995000000000007 0.96350000000000013
decision_type=8 10 2 10 10 10 10 2 10 2 2 8
left_child=-1 2 3 -2 -3 6 7 -6 9 -8 11 -9
right_child=1 4 -4 -5 5 -7 8 10 -10 -11 -12 -13
leaf_value=0.052339704399652562 -0.072527743796395247 0.06075462326699433 -0.14490379609182671 0.060949397862969421 0.065895959378556995 -0.045958699182123183 0.060039215392013776 0.0047738242826959251 0.096804409656796028 -0.074764402807419389 -0.069235280211504435 -0.037581297284296288
leaf_weight=11.769137591123579 9.3865957409143501 15.05731390416622 8.8450822383165342 11.741686046123503 12.635079383850096 17.566591627895832 18.201215468347076 124.91017762571573 11.281854048371313 9.2193342596292478 13.468124032020567 32.688318341970444
leaf_count=45 41 58 42 46 48 81 73 520 40 43 59 144
internal_value=0.000809494 -0.00131585 -0.0415978 0.00161492 0.00341557 -0.000179168 0.0034334 -0.00398091 0.0386447 0.0146886 -0.00914638 -0.00400658
internal_weight=296.771 285.001 29.9734 21.1283 255.028 239.971 222.404 183.702 38.7024 27.4205 171.067 157.598
internal_count=1240 1195 129 87 1066 1008 927 771 156 116 723 664
is_linear=0
shrinkage=0.111365


Tree=30
num_leaves=10
num_cat=0
split_feature=48 45 38 45 41 40 2 40 2
split_gain=2.32701 3.48332 4.67185 4.65084 4.08574 4.05639 3.9932 3.62142 5.99391
threshold=95.570000000000007 18.241446000000003 0.32800000000000007 12.345854500000002 9.1427961522299235 13.197092110722481 830.50000000000011 12.478667106312617 108.50000000000001
decision_type=10 8 10 10 8 10 10 10 8
left_child=1 3 -3 4 -1 6 7 8 -6
right_child=-2 2 -4 -5 5 -7 -8 -9 -10
leaf_value=-0.076906061912644638 0.040561229676060011 -0.090988717106914266 0.010812810323388967 0.07524939040437191 0.010530512584681576 -0.054736847868127041 0.063421526437961492 0.047769083045554855 -0.031863659555686936
leaf_weight=8.5196148827671987 17.112010702490807 12.05640694499016 10.403622612357138 10.300833493471144 128.20895318686962 14.860807627439497 13.779833927750586 19.073887750506401 61.05441327393055
leaf_count=40 70 54 45 40 541 66 50 77 257
internal_value=0.00069938 -0.00174934 -0.0438007 0.00194003 -0.00113294 0.00158806 0.00535983 0.00151596 -0.0031415
internal_weight=295.37 278.258 22.46 255.798 245.498 236.978 222.117 208.337 189.263
internal_count=1240 1170 99 1071 1031 991 925 875 798
is_linear=0
shrinkage=0.111365


Tree=31
num_leaves=15
num_cat=0
split_feature=17 38 0 20 20 61 4 4 17 2 11 38 49 20
split_gain=2.35771 3.88947 7.53771 2.85879 6.6641 5.68636 5.23617 5.15218 4.57539 10.351 9.10298 3.83085 3.86078 3.76627
threshold=19.500000000000004 0.28400000000000003 1.5500000000000003 1.2505000000000002 1.2570000000000003 0.24860000000000002 -0.013499999999999998 0.12400000000000001 7.5000000000000009 119.50000000000001 65.895000000000024 0.29900000000000004 0.82650000000000012 1.1924500000000002
decision_type=2 10 10 2 2 8 2 2 2 8 8 8 8 2
left_child=3 -2 -3 11 -5 -6 -7 -8 9 -9 -10 12 -1 -13
right_child=1 2 -4 4 5 6 7 8 10 -11 -12 13 -14 -15
leaf_value=-0.0054890502333201563 -0.049675550540929668 -0.055287598283055676 0.066459468095065116 -0.088493431665924008 -0.083409107654546052 -0.064020357463711555 0.057725152870499459 0.018204435120432634 -0.011232464940277475 -0.10535477101671065 0.092823392045165584 -0.049895792649407536 0.057085831414850921 0.018683685299443618
leaf_weight=17.475168913602829 27.531302079558372 11.624557286500933 13.782261446118353 10.938484281301497 8.9877689182758314 11.217219948768614 27.341003961861134 22.536648541688919 29.739128634333618 13.406705692410467 16.047960445284836 15.330845445394514 40.570001140236855 28.186701826751232
leaf_count=71 125 56 54 49 42 49 112 97 130 63 59 64 155 114
internal_value=0.000611743 -0.0206725 0.0107266 0.00527507 -0.00502702 0.00202961 0.0084196 0.0158763 0.00186772 -0.027862 0.025222 0.0195052 0.0382342 -0.00545926
internal_weight=294.716 52.9381 25.4068 241.778 140.215 129.276 120.289 109.071 81.7304 35.9434 45.7871 101.563 58.0452 43.5175
internal_count=1240 235 110 1005 601 552 510 461 349 160 189 404 226 178
is_linear=0
shrinkage=0.111365


Tree=32
num_leaves=13
num_cat=0
split_feature=8 50 39 34 48 39 4 4 67 5 48 11
split_gain=2.25277 3.81825 2.52638 4.54445 6.48422 4.2903 3.19361 4.34618 5.94858 4.14702 3.16857 1.87868
threshold=0.79000000000000015 19767.500000000004 13.647633372717777 21.350000000000005 44.605000000000011 13.224132779640993 0.57650000000000012 0.36950000000000005 -0.012499999999999999 0.23713600000000004 45.135000000000012 91.38000000000001
decision_type=2 2 2 2 8 2 2 2 8 10 10 10
left_child=-1 2 5 -4 -5 6 7 8 -2 -9 -10 -7
right_child=1 -3 3 4 -6 11 -8 9 10 -11 -12 -13
leaf_value=0.037421779136315912 -0.064791355408301277 -0.066695139422013924 0.079958557637509822 -0.072043128503201895 0.046920433670403466 -0.020141822926459399 0.053450047317986117 0.011867387326208734 0.035660573503283804 -0.079648024655830957 0.00012123552985117193 -0.09145621909534378
leaf_weight=19.176258310675621 14.379051864147185 10.885353222489355 13.215239137411116 9.6041837781667727 13.914494290947912 9.3263303264975566 13.358313396573065 9.8446711599826831 43.269981265068054 16.267790570855141 110.89080360531807 9.0672276616096479
leaf_count=79 63 50 51 43 56 41 52 42 176 77 468 42
internal_value=0.000518792 -0.00206099 0.000609946 0.0277027 -0.00162857 -0.00378257 0.00077262 -0.00283865 0.00370736 -0.0451174 0.0101012 -0.0553369
internal_weight=293.2 274.023 263.138 36.7339 23.5187 226.404 208.011 194.652 168.54 26.1125 154.161 18.3936
internal_count=1240 1161 1111 150 99 961 878 826 707 119 644 83
is_linear=0
shrinkage=0.111365


Tree=33
num_leaves=15
num_cat=0
split_feature=20 66 6 6 24 4 24 38 29 42 42 24 25 15
split_gain=2.18093 2.46231 5.4441 3.64199 7.65364 4.98137 5.16355 4.05708 4.91357 3.74427 3.79397 3.32893 6.38885 3.16499
threshold=1.1664000000000001 -0.87499999999999989 1.1225000000000003 1.1345000000000003 0.22910000000000003 0.004000000000000001 0.8751000000000001 0.52750000000000019 0.10565000000000001 0.55150000000000021 0.61850000000000016 1.5146500000000003 55.500000000000007 -0.019499999999999997
decision_type=2 2 2 2 2 2 2 10 2 2 2 2 2 10
left_child=-1 2 -2 4 9 -6 -7 8 13 -3 -11 12 -10 -5
right_child=1 3 -4 7 5 6 -8 -9 11 10 -12 -13 -14 -15
leaf_value=0.048717127064252089 0.015766102267625273 -0.029735792768277206 -0.078538881210743566 -0.056306887879420855 -0.089720051553052738 -0.047237734696775328 0.02090970009656519 -0.049873884763641359 -0.0013694817341779694 0.093041486434354101 0.0086180504118189873 0.015248972399494182 0.091949308324334622 0.013661372418209566
leaf_weight=11.16463355720043 15.150578528642656 9.9487336724996549 15.196474052965639 14.724738076329229 15.674818225204943 32.996411323547363 23.671871289610863 11.374204859137533 14.481831401586531 13.074239134788515 13.378523826599119 59.438800357282162 24.407888650894165 17.577340766787529
leaf_count=42 64 43 70 67 73 148 103 50 62 49 54 247 92 76
internal_value=0.000443808 -0.00147089 -0.0314333 0.00215238 -0.0131813 -0.0341435 -0.0187577 0.0138999 0.0194584 0.0284579 0.0503722 0.0318406 0.0571801 -0.0182104
internal_weight=292.261 281.096 30.3471 250.749 108.745 72.3431 56.6683 142.005 130.631 36.4015 26.4528 98.3285 38.8897 32.3021
internal_count=1240 1198 134 1064 470 324 251 594 544 146 103 401 154 143
is_linear=0
shrinkage=0.111365


Tree=34
num_leaves=15
num_cat=0
split_feature=46 11 17 4 17 31 31 4 0 6 38 13 12 31
split_gain=2.2251 3.47217 9.72849 7.774 7.05744 6.77395 6.62022 6.59177 5.00746 5.42699 4.40105 4.3598 4.18389 3.7935
threshold=23.320000000000004 2.3350000000000004 6.5000000000000009 0.15250000000000002 15.500000000000002 0.091500000000000012 0.14350000000000002 0.041500000000000009 0.55000000000000016 1.1665000000000003 0.25700000000000006 10.962771986967233 60.556000000000004 0.08450000000000002
decision_type=10 8 2 2 2 2 2 2 8 2 8 10 8 2
left_child=-1 2 13 5 6 7 10 -3 -7 -10 -5 -4 -6 -2
right_child=1 3 11 4 12 8 -8 -9 9 -11 -12 -13 -14 -15
leaf_value=-0.014660079346184143 0.12777752806166173 -0.076649934556677152 -0.025960850064107553 0.016773064644253998 -0.044221925153313225 -0.028074862257780612 -0.14863869802391469 0.028227595280879782 0.08904685571929534 0.0073083581344286774 -0.089889863288362862 0.045909963309089807 0.050852926464382525 0.036264680237778436
leaf_weight=85.949324108660221 12.518278896808626 15.128983519971371 31.441244266927242 9.6807201281189972 10.382401004433634 10.391262859106062 9.7873172461986524 14.597038760781288 26.5907092243433 16.251862816512585 9.492953419685362 15.69120831787586 12.832626491785048 10.242155775427817
leaf_count=379 46 69 140 40 46 47 46 60 101 66 42 64 53 41
internal_value=0.000378353 0.00668616 0.0268391 -0.00373157 -0.037417 0.0174454 -0.07409 -0.0251247 0.0412305 0.0580575 -0.0359976 -0.00201812 0.00830097 0.0866294
internal_weight=290.978 205.029 69.8929 135.136 52.176 82.9599 28.961 29.726 53.2338 42.8426 19.1737 47.1325 23.215 22.7604
internal_count=1240 861 291 570 227 343 128 129 214 167 82 204 99 87
is_linear=0
shrinkage=0.111365


Tree=35
num_leaves=15
num_cat=0
split_feature=13 40 39 48 1 13 46 9 45 39 39 45 40 49
split_gain=2.31902 3.9343 7.05045 4.72031 3.74101 3.44197 3.39937 2.9763 2.92068 4.02388 5.65481 3.99973 8.07228 2.99126
threshold=8.1973417274242077 7.0761186994069698 10.803440338910848 50.520000000000003 0.50150000000000017 9.5969009432037655 81.725000000000009 0.46550000000000008 0.19185900000000003 11.333709249065706 11.717831122938859 1.0910650000000002 9.4659725093592701 0.84150000000000003
decision_type=8 10 2 10 10 10 8 10 10 2 2 10 10 10
left_child=-1 2 3 -2 7 6 -6 -3 -7 11 -11 12 -10 -12
right_child=1 4 -4 -5 5 8 -8 -9 9 10 13 -13 -14 -15
leaf_value=0.049374632765037368 -0.064420798663602896 0.086559310586844282 -0.12401328486607706 0.041450824821243105 -0.097291190653520765 -0.049554066873946853 -0.0058746413225938075 0.0052907534208108935 0.063199905140644205 -0.065487721039138039 -0.026948789476049503 0.065767120492820672 -0.073719460407132162 0.013811591285522938
leaf_weight=11.4770440608263 9.3261636495590263 11.294038370251657 8.7403425574302656 11.867306336760519 8.7794799879193324 12.34620627760887 11.90334966778755 11.104819059371946 11.56265300512314 15.863131269812582 28.553161270916462 24.538994491100311 9.92353607714176 102.34893469512463
leaf_count=45 42 43 44 48 41 55 54 46 44 74 123 97 49 435
internal_value=0.000314865 -0.00170677 -0.0398482 -0.00510297 0.0028899 -0.00141277 -0.044715 0.0463013 0.00294957 0.00631571 -0.00268941 0.0350473 -2.77267e-06 0.00491504
internal_weight=289.629 278.152 29.9338 21.1935 248.218 225.819 20.6828 22.3989 205.137 192.79 146.765 46.0252 21.4862 130.902
internal_count=1240 1195 134 90 1061 972 95 89 877 822 632 190 93 558
is_linear=0
shrinkage=0.111365


Tree=36
num_leaves=13
num_cat=0
split_feature=37 70 69 12 12 5 41 11 20 49 48 49
split_gain=2.15378 2.41977 4.76731 3.40307 7.52434 5.22097 6.68151 5.92891 5.77281 5.10427 4.11352 2.49038
threshold=25.500000000000004 1.0000000180025095e-35 0.89800000000000013 6.4300000000000006 14.765000000000002 0.3329450000000001 9.9713900937050255 79.320000000000007 1.2902500000000001 0.89550000000000007 54.835000000000008 0.85250000000000015
decision_type=2 10 10 8 10 10 8 8 2 10 10 8
left_child=1 2 3 10 11 6 -6 8 -7 -8 -1 -5
right_child=-2 -3 -4 4 5 7 9 -9 -10 -11 -12 -13
leaf_value=0.075295710766946689 0.047738463411561308 -0.046783567066227293 0.074694284447751849 -0.018197253278979503 -0.10044033561101427 0.041764275310839906 0.0021237887640383423 0.098191467437503413 -0.034271722694417181 -0.077293364424929206 -0.020912672778041489 -0.089179385390444871
leaf_weight=14.312010489404203 11.380895286798475 14.014062650501726 10.375349424779413 9.8393694236874598 9.6875573694705945 30.536096312105656 119.11379940807819 11.897888593375681 20.823736116290092 10.959279038012026 8.9475861936807615 16.390737906098366
leaf_count=57 48 63 43 43 47 125 495 47 100 54 42 76
internal_value=0.000255738 -0.0016932 0.000707709 -0.00232941 -0.00645025 0.000798231 -0.0112129 0.0273472 0.0109212 -0.0045618 0.0382541 -0.062581
internal_weight=288.278 276.897 262.883 252.508 229.248 203.018 139.761 63.2577 51.3598 130.073 23.2596 26.2301
internal_count=1240 1192 1129 1086 987 868 596 272 225 549 99 119
is_linear=0
shrinkage=0.111365


Tree=37
num_leaves=14
num_cat=0
split_feature=14 10 24 14 45 20 38 45 10 10 43 10 17
split_gain=2.14228 3.22997 3.18162 3.59324 3.30401 3.65923 4.8159 3.36929 3.56227 6.56147 5.75406 4.149 2.7291
threshold=0.46900000000000003 0.50550000000000017 0.054750000000000007 0.39050000000000007 1.0272450000000002 1.2890000000000004 0.21150000000000002 1.3168360000000001 0.40950000000000003 0.46450000000000008 32.965000000000011 0.11650000000000002 13.500000000000002
decision_type=10 2 2 10 10 2 10 10 2 2 8 2 2
left_child=2 -2 -1 4 5 6 -4 -6 11 -10 -11 -9 -7
right_child=1 -3 3 -5 7 12 -8 8 9 10 -12 -13 -14
leaf_value=0.058582411653192959 -0.0087675416114663691 0.061659336529824013 -0.00077341875515506261 -0.072448386223820938 0.057235896630999476 -0.038903885703134529 -0.098120116534745699 -0.00060531796483006238 0.093689882303089167 0.0064765844092093969 -0.087897836053291573 -0.082137512716651484 0.042123876733727701
leaf_weight=9.9274802356958372 15.774145960807799 16.516112849116325 10.854190222918989 9.6175257414579374 13.474277943372725 9.4460441172122973 15.081996373832224 18.850647032260895 10.057378470897673 124.40868298709393 8.5639129504561406 13.155948258936403 11.343373596668242
leaf_count=40 69 67 47 42 53 45 70 81 39 534 41 64 48
internal_value=0.000206308 0.0272321 -0.00321596 -0.00572457 -0.00299345 -0.0295051 -0.0574094 0.00357398 -0.000552679 0.00695846 0.00039297 -0.0341413 0.00527189
internal_weight=287.072 32.2903 254.781 244.854 235.236 46.7256 25.9362 188.511 175.037 143.03 132.973 32.0066 20.7894
internal_count=1240 136 1104 1064 1022 210 117 812 759 614 575 145 93
is_linear=0
shrinkage=0.111365


Tree=38
num_leaves=15
num_cat=0
split_feature=0 11 11 29 43 23 25 55 0 29 45 5 11 22
split_gain=2.06934 2.20213 5.45086 4.16912 6.65204 4.3563 3.52056 5.49301 5.74975 4.1595 6.84037 3.76029 5.80485 3.28613
threshold=9915.7000000000025 2.6700000000000004 21.825000000000003 0.15905000000000002 -0.40499999999999997 -0.57499999999999984 74.500000000000014 0.71650000000000003 34.800000000000004 0.10935000000000002 2.5809200000000003 0.35399700000000006 74.250000000000014 0.21720000000000003
decision_type=8 8 10 2 8 2 2 2 10 2 8 8 10 2
left_child=1 3 13 4 5 -1 7 8 11 10 -8 12 -4 -3
right_child=-2 2 6 -5 -6 -7 9 -9 -10 -11 -12 -13 -14 -15
leaf_value=0.0094590208259015332 0.053126227105422572 -0.006183032267608691 0.066309266777561271 -0.045090971085720279 -0.0076616153934752863 0.084736943613442736 0.055173876901558748 -0.070256500234564576 -0.067265281220670783 0.072770742968347679 -0.075440242263432267 0.06513372954347979 -0.021139486826600457 -0.064938485448490707
leaf_weight=16.03205244243145 8.8662298172712308 20.138652637600899 12.733554705977438 13.837968833744524 46.849795177578926 23.609608739614487 11.334389597177507 15.025023788213728 12.010946094989775 16.886189006268978 8.8592961356043798 15.170882448554037 36.109150826931 28.632626608014107
leaf_count=69 36 91 51 64 204 94 45 73 53 69 41 63 155 132
internal_value=0.000162476 -0.00152872 -0.00900588 0.0116476 0.0207339 0.0543114 0.0030495 -0.00872454 0.00342653 0.0319806 -0.00209202 0.0167021 0.00164373 -0.0406923
internal_weight=286.096 277.23 176.901 100.329 86.4915 39.6417 128.129 91.0496 76.0245 37.0799 20.1937 64.0136 48.8427 48.7713
internal_count=1240 1204 773 431 367 163 550 395 322 155 86 269 206 223
is_linear=0
shrinkage=0.111365


Tree=39
num_leaves=15
num_cat=0
split_feature=17 5 21 61 11 32 55 11 43 68 31 21 48 44
split_gain=1.90627 3.62417 3.87425 5.71382 3.23868 2.91972 7.7531 2.98484 4.77518 4.58488 5.28943 7.70083 4.49003 4.718
threshold=19.500000000000004 0.3329450000000001 2.0022500000000005 0.80395000000000005 1.4700000000000002 0.42300000000000004 0.55000000000000016 -5.6349999999999989 2.6250000000000004 -0.077499999999999986 0.091500000000000012 3.3748 24.175000000000001 442.50000000000006
decision_type=2 8 2 8 10 2 2 8 10 8 2 2 10 10
left_child=5 2 -2 -4 -3 6 -1 8 -7 -9 11 -11 -12 -14
right_child=1 4 3 -5 -6 7 -8 9 -10 10 12 -13 13 -15
leaf_value=-0.022061455196113539 -0.096732266000216088 -0.033929315541174926 0.042731250561456553 -0.072454928044042882 0.05871218329211831 0.0459819802656296 0.097463589861721642 0.063251599519806079 -0.03605902489419887 -0.016125209068682748 -0.069382241758647475 -0.11016511465315844 -0.0040432036246715519 0.055393900353495014
leaf_weight=13.183619752526285 10.748900808393953 8.1723242104053515 10.701620906591417 10.655992716550825 10.934144191443918 34.234878204762936 13.734061397612093 10.672995477914808 11.832639157772062 48.726008020341396 8.9336236417293531 13.885172262787817 54.702844046056271 23.743982166051865
leaf_count=60 53 40 47 48 47 141 53 42 53 220 42 65 238 91
internal_value=0.000127708 -0.0193284 -0.0421893 -0.0147042 0.0190483 0.0043954 0.0388957 -9.31542e-05 0.0248933 -0.00726216 -0.0122847 -0.0369921 0.00541063 0.0139376
internal_weight=284.863 51.213 32.1065 21.3576 19.1065 233.65 26.9177 206.732 46.0675 160.665 149.992 62.6112 87.3804 78.4468
internal_count=1240 235 148 95 87 1005 113 892 194 698 656 285 371 329
is_linear=0
shrinkage=0.111365


Tree=40
num_leaves=15
num_cat=0
split_feature=13 10 21 45 60 22 42 69 47 10 32 42 9 23
split_gain=2.12434 2.95381 5.11373 4.29525 5.9512 3.78526 4.45075 3.67052 3.57051 3.0093 5.62138 6.81388 5.77253 3.72831
threshold=8.1973417274242077 0.49850000000000005 1.1337000000000002 7.8197450000000011 -0.0074999999999999989 0.18695000000000003 0.5465000000000001 0.34300000000000003 51.000000000000007 0.57350000000000001 0.45450000000000007 0.57550000000000001 1.5665000000000002 0.35500000000000004
decision_type=8 2 2 8 10 2 2 10 10 2 2 2 8 2
left_child=-1 2 3 4 -2 -4 -7 9 -8 -3 12 -12 -11 -13
right_child=1 7 5 -5 -6 6 8 -9 -10 10 11 13 -14 -15
leaf_value=0.047319319698550626 0.06158801236655493 0.01865164262308178 -0.090582806826308981 -0.057269088210124268 -0.034976646764950797 -0.083955916153696172 0.048194592355895807 0.056746912994163949 -0.042161559954180083 -0.0051532906955232723 0.0021513756250152913 -0.12686972049723386 0.091515832048707071 -0.040644969425696315
leaf_weight=11.341294035315512 22.219153001904488 71.009444832801819 14.793279781937597 9.5288423597812635 12.284914076328276 9.97150966525078 11.581070527434351 16.298173658549786 10.198163583874701 29.108440652489662 28.89370235055685 10.709829911589624 10.391701370477675 14.920433834195135
leaf_count=45 91 307 70 46 56 48 48 68 44 125 127 53 42 70
internal_value=9.3543e-05 -0.00187352 -0.0182988 0.00889246 0.0271855 -0.0440389 -0.02233 0.00632698 0.00585121 0.00134319 -0.0117207 -0.0349027 0.0202597 -0.0767036
internal_weight=283.25 271.909 90.5769 44.0329 34.5041 46.544 31.7507 181.332 21.7792 165.034 94.0241 54.524 39.5001 25.6303
internal_count=1240 1195 403 193 147 210 140 792 92 724 417 250 167 123
is_linear=0
shrinkage=0.111365


Tree=41
num_leaves=12
num_cat=0
split_feature=70 13 13 2 14 9 12 12 23 23 46
split_gain=1.91298 3.04586 3.71381 2.98591 3.06923 3.78733 3.07663 6.44412 4.25525 4.24687 3.16165
threshold=1.0000000180025095e-35 8.1973417274242077 8.7343398154868748 -48.809999999999995 0.46900000000000003 0.64150000000000007 5.7440000000000007 16.119500000000006 -0.16499999999999998 -4.1549999999999994 52.930000000000007
decision_type=10 8 10 8 10 10 8 10 2 2 8
left_child=1 -1 -3 -4 6 -6 8 10 -5 -9 -8
right_child=-2 2 3 4 5 -7 7 9 -10 -11 -12
leaf_value=0.060790034391150348 -0.039327544162268316 -0.065818735632707737 0.059475205729337496 -0.019908801151063284 -0.0072022722847575465 0.087095166739417487 -0.0081696696275774371 0.04228560451843464 0.080796443809948146 -0.0078154504761648556 -0.088616153213298854
leaf_weight=10.568740040063856 14.504917234182356 10.273105002939699 10.910925723612307 9.3098058402538317 10.441957555711271 10.663066655397413 9.4879495799541491 24.60751686245203 11.77165090292692 142.45778492093086 16.869824007153511
leaf_count=42 67 51 48 42 47 43 44 99 48 629 80
internal_value=5.87341e-05 0.00219828 -0.000210274 0.00252079 -0.000113593 0.0404054 -0.00410369 -0.00850995 0.0362888 -0.000431499 -0.0596861
internal_weight=281.867 267.362 256.794 246.52 235.61 21.105 214.505 193.423 21.0815 167.065 26.3578
internal_count=1240 1173 1131 1080 1032 90 942 852 90 728 124
is_linear=0
shrinkage=0.111365


Tree=42
num_leaves=15
num_cat=0
split_feature=38 61 46 61 49 13 11 1 17 11 25 43 10 2
split_gain=2.656 2.44135 2.51625 6.03865 4.74307 4.17799 3.42967 4.56208 3.1674 3.94513 4.5804 3.00021 4.83253 5.41981
threshold=0.06900000000000002 0.95575000000000021 52.580000000000005 0.6916000000000001 0.86750000000000005 12.806189576361788 133.50000000000003 1.4445000000000003 19.500000000000004 119.50000000000001 58.500000000000007 2.3550000000000004 0.49850000000000005 27.965000000000003
decision_type=8 10 8 8 8 10 8 10 2 10 2 10 2 8
left_child=-1 2 3 4 -2 6 7 -5 11 10 -10 12 13 -4
right_child=1 -3 8 5 -6 -7 -8 -9 9 -11 -12 -13 -14 -15
leaf_value=0.063064355112949819 -0.091662790846150796 -0.049257981583668113 0.0090409567215762252 0.032256568178040915 0.010721206798456485 -0.0061932309744739669 0.011829791454640503 0.13280323506036162 0.0016186304811340005 0.030404341355840584 -0.0954752217363075 -0.022291982986084109 0.032542941988187378 -0.075039684506491414
leaf_weight=8.0565240830183011 9.0849851071834582 12.82032401114702 31.939119592308998 10.294316269457342 14.650846056640146 16.529702045023441 11.284059435129164 12.325520806014536 9.6733670607209223 8.0951710566878301 15.916077412664889 48.874926254153252 57.879170753061771 13.531470216810702
leaf_count=31 47 59 139 45 66 72 46 47 46 36 79 222 242 63
internal_value=4.27702e-05 -0.00181504 0.000520767 0.0178659 -0.0284355 0.0396716 0.0620547 0.087077 -0.00639518 -0.0372967 -0.0587427 0.000437924 0.0111942 -0.0159641
internal_weight=280.956 272.899 260.079 74.1694 23.7358 50.4336 33.9039 22.6198 185.909 33.6846 25.5894 152.225 103.35 45.4706
internal_count=1240 1209 1150 323 113 210 138 92 827 161 125 666 444 202
is_linear=0
shrinkage=0.111365


Tree=43
num_leaves=11
num_cat=0
split_feature=24 12 12 9 34 9 21 5 8 34
split_gain=1.92884 2.89967 3.92466 2.60707 3.69962 3.08422 2.22118 2.95448 3.62596 3.33799
threshold=0.037150000000000009 2.1045000000000003 4.5585000000000013 2.8505000000000007 15.65 2.1605000000000003 0.35755000000000003 0.29654650000000005 0.93000000000000016 7.6500000000000012
decision_type=2 10 10 10 2 10 2 10 2 2
left_child=-1 -2 -3 5 -5 6 -4 9 -9 -8
right_child=1 2 3 4 -6 -7 7 8 -10 -11
leaf_value=0.051504320501771471 -0.060443249516005479 0.069288768371967582 -0.043849997159476357 -0.088259133367905987 0.011514040229661541 0.053907166952538894 0.04662382415683846 0.06990059059034863 0.0069064784167302846 -0.015160707873864724
leaf_weight=8.7451827079057676 10.014139503240584 9.9301731139421445 14.681567154824732 10.000596895813944 8.5281684547662717 12.957059144973753 11.95990453660488 13.828710176050661 62.986322812736034 115.90413794666529
leaf_count=37 48 41 75 51 37 55 47 61 278 510
internal_value=2.49484e-05 -0.00163485 0.000620632 -0.00209476 -0.042297 0.00110843 -0.00200688 0.000990898 0.0182567 -0.00937584
internal_weight=279.536 270.791 260.777 250.846 18.5288 232.318 219.361 204.679 76.815 127.864
internal_count=1240 1203 1155 1114 88 1026 971 896 339 557
is_linear=0
shrinkage=0.111365


Tree=44
num_leaves=11
num_cat=0
split_feature=38 20 69 68 69 63 38 25 45 49
split_gain=2.21222 2.30881 2.5837 2.22074 2.89361 3.69257 4.95063 3.75777 3.58928 3.47284
threshold=0.06900000000000002 1.1664000000000001 -0.84849999999999992 -0.08699999999999998 -0.19399999999999998 1.1270000000000002 0.29900000000000004 80.500000000000014 6.891566000000001 0.86750000000000005
decision_type=8 2 8 8 8 2 10 2 8 8
left_child=-1 -2 -3 -4 -5 7 -7 9 -9 -6
right_child=1 2 3 4 5 6 -8 8 -10 -11
leaf_value=0.057829552714128693 0.049581147480962338 -0.061000795506180996 0.04018681673639897 0.056339810928824195 -0.027919406473865118 -0.10709154878574627 -0.0014962321932589925 0.010284849292007533 0.089397817171504121 0.0047507524206167042
leaf_weight=7.9736201018095008 10.470424756407736 9.4240862429141981 14.837130732834337 9.389901787042616 71.793964914977551 10.167796693742277 12.042609266936777 31.20847899466753 9.2228427380323392 92.077652923762798
leaf_count=31 41 47 63 38 330 51 55 136 36 412
internal_value=1.32713e-05 -0.00168742 -0.00375358 -0.001599 -0.00423025 -0.00674439 -0.0498705 -0.0020524 0.0283497 -0.00955789
internal_weight=278.609 270.635 260.164 250.74 235.903 226.513 22.2104 204.303 40.4313 163.872
internal_count=1240 1209 1168 1121 1058 1020 106 914 172 742
is_linear=0
shrinkage=0.111365


Tree=45
num_leaves=12
num_cat=0
split_feature=0 37 31 25 50 20 12 61 0 8 45
split_gain=1.71585 2.02008 4.53498 2.62882 6.32991 5.88917 2.98241 3.81587 3.23308 3.40648 5.58108
threshold=9632.4000000000033 25.500000000000004 0.0045000000000000014 80.500000000000014 1829.5000000000002 1.2727500000000003 6.4300000000000006 0.87145000000000017 1344.1500000000003 0.77250000000000008 0.31643750000000009
decision_type=8 2 2 2 2 2 8 8 10 2 10
left_child=1 2 -1 6 -5 -6 7 -4 9 -8 -11
right_child=-2 -3 3 4 5 -7 8 -9 -10 10 -12
leaf_value=-0.078213318154211675 0.047376850137471498 0.046812015276371098 -0.0096351366452719529 0.071896844964076834 0.039239285230595569 -0.077870409584539987 0.061239441358868864 0.084211771066768859 -0.07465912438389305 -0.091883372068789798 -0.0053346187051078768
leaf_weight=9.7075325250625593 9.1704051345586759 10.273957982659338 11.674027949571611 19.118969552218914 11.21799059957266 10.132473848760126 8.658435642719267 9.9368575960397703 9.1819339916110021 9.8135641068220121 158.83786354213953
leaf_count=49 38 45 55 78 46 50 35 39 44 49 712
internal_value=4.21515e-06 -0.00161068 -0.00353973 -0.000620508 0.0253465 -0.0163038 -0.00567383 0.0334822 -0.0102152 -0.00687387 -0.0103751
internal_weight=277.724 268.554 258.28 248.572 40.4694 21.3505 208.103 21.6109 186.492 177.31 168.651
internal_count=1240 1202 1157 1108 174 96 934 94 840 796 761
is_linear=0
shrinkage=0.111365


Tree=46
num_leaves=15
num_cat=0
split_feature=66 38 32 13 13 24 63 44 11 4 38 1 0 0
split_gain=1.93178 4.27692 2.59981 2.41455 2.858 8.0019 2.75994 6.37961 4.13181 5.3503 3.18025 4.57506 5.17822 3.97291
threshold=-0.87499999999999989 0.18850000000000003 0.46500000000000008 8.1973417274242077 9.2171321946043516 0.35965000000000008 1.1120000000000003 359.50000000000006 2.6700000000000004 0.20450000000000004 0.17450000000000002 1.1190000000000004 0.55000000000000016 5.6500000000000012
decision_type=2 10 2 8 10 2 2 8 8 2 10 8 10 10
left_child=1 -1 -3 -2 5 -5 8 -8 9 -6 13 -12 -13 -10
right_child=3 2 -4 4 6 -7 7 -9 10 -11 11 12 -14 -15
leaf_value=-0.092216381056491492 0.05819694705240646 0.033173788508860283 -0.045019669656365169 0.028830197522863574 0.0061909864534823982 -0.11091913876288347 -0.064237511707970707 0.041967291996522681 0.059305040124301503 0.074675927566867417 -0.07734984867361408 -0.062790708195396561 0.011061795990138883 -0.011123607096474076
leaf_weight=8.7467773333191889 9.5387986004352552 12.462021909654142 9.1421153545379621 10.477642476558687 34.372944906353951 9.8556103855371457 19.607080861926079 10.913754329085352 20.276017151772976 24.075531855225563 11.906798914074896 14.567555673420427 61.393062926828861 19.44625335931778
leaf_count=42 39 52 46 45 147 56 98 45 80 98 60 73 272 87
internal_value=-1.80424e-06 -0.0265151 5.08179e-05 0.00326063 0.00104542 -0.0388705 0.00479664 -0.0262362 0.00989175 0.0344133 -0.0013357 -0.0131628 -0.00309173 0.0248077
internal_weight=276.782 30.3509 21.6041 246.431 236.892 20.3333 216.559 30.5208 186.038 58.4485 127.59 87.8674 75.9606 39.7223
internal_count=1240 140 98 1100 1061 101 960 143 817 245 572 405 345 167
is_linear=0
shrinkage=0.111365


Tree=47
num_leaves=15
num_cat=0
split_feature=23 23 4 0 23 46 10 32 22 4 32 49 2 64
split_gain=1.75884 2.99529 4.5559 4.76771 4.48723 3.51436 4.32599 6.61266 3.69995 3.69822 5.19142 3.81983 4.71598 3.11223
threshold=-7.9749999999999996 -3.9249999999999994 0.24100000000000002 7.1000000000000005 -0.79499999999999993 66.055000000000021 0.47800000000000004 0.47000000000000003 0.10830000000000002 0.34700000000000003 0.47250000000000003 0.84150000000000003 389.50000000000006 3.5000000000000004
decision_type=2 2 2 10 2 10 2 2 2 2 2 8 8 2
left_child=-1 2 3 -2 13 8 7 -7 -6 11 -11 -10 -13 -3
right_child=1 4 -4 -5 5 6 -8 -9 9 10 -12 12 -14 -15
leaf_value=-0.040869107870285658 -0.0524454329114604 -0.046944623918365 0.0946987465266423 0.052988260183673322 -0.053250448523714501 -0.080899594979264508 0.056020215841403355 0.04809929659178331 -0.037293773558773308 0.011828399594915488 -0.091958970834183223 0.037938913896211304 -0.030718004729169319 0.023300566636650977
leaf_weight=12.483908995985983 9.8166239485144668 38.508182257413864 10.338410168886183 11.607564873993395 16.629637010395527 9.0165756642818469 31.333535015583038 10.86503431946039 15.370404429733751 12.990178763866425 11.054586358368397 59.510819643735886 15.664730176329611 9.8009574562311155
leaf_count=56 43 184 44 50 78 45 133 47 72 58 56 261 68 45
internal_value=-2.52324e-05 0.00191434 0.033979 0.00464372 -0.00249624 0.00549186 0.0302347 -0.0103662 -0.0041596 0.00295811 -0.0358571 0.0132738 0.0236227 -0.032678
internal_weight=274.991 262.507 31.7626 21.4242 230.745 182.436 51.2151 19.8816 131.22 114.591 24.0448 90.546 75.1755 48.3091
internal_count=1240 1184 137 93 1047 818 225 92 593 515 114 401 329 229
is_linear=0
shrinkage=0.111365


Tree=48
num_leaves=15
num_cat=0
split_feature=17 14 4 1 29 41 1 9 14 63 1 49 14 31
split_gain=1.59413 4.88132 3.39003 3.47412 3.53577 3.92024 3.18292 2.7129 4.72403 4.29145 3.41135 2.64347 4.31088 4.52915
threshold=4.5000000000000009 0.076500000000000012 0.023000000000000003 0.71200000000000008 0.10955000000000002 10.101635396040818 1.0730000000000002 0.51700000000000013 0.59450000000000014 0.77550000000000019 0.53150000000000019 0.88450000000000017 0.28150000000000003 0.083500000000000019
decision_type=2 8 2 8 2 10 10 10 8 2 10 10 10 2
left_child=1 -1 -3 -4 -5 -6 7 9 -9 -2 -11 12 13 -8
right_child=6 2 3 4 5 -7 11 8 -10 10 -12 -13 -14 -15
leaf_value=0.084355057261605471 -0.066357079115026932 0.052746333875040019 0.046594685288118408 -0.066626519444207 0.054987801402900688 -0.046410127163263162 -0.052068715212785006 -0.1091461968958406 -0.013505570066252281 0.050236968760913582 -0.033730085115822768 0.029375632974559925 0.055214245298972321 0.0023668068272760896
leaf_weight=10.551035851240156 10.383326865732668 12.70846454054117 9.6993505135178548 16.325637519359589 9.425368860363962 9.4877499714493734 26.641327813267708 10.918802618980406 15.544390574097635 15.90565510839224 9.6262220144271833 38.013105496764183 12.973152741789816 65.633244328200817
leaf_count=43 48 53 41 79 40 46 127 57 73 69 45 167 54 298
internal_value=-4.08973e-05 0.0147112 0.00195147 -0.0123968 -0.028655 0.00408251 -0.00493684 -0.0259354 -0.0529952 -0.00597654 0.0185501 0.00420117 -0.00488425 -0.0133417
internal_weight=273.837 68.1976 57.6466 44.9381 35.2388 18.9131 205.639 62.3784 26.4632 35.9152 25.5319 143.261 105.248 92.2746
internal_count=1240 302 259 206 165 86 938 292 130 162 114 646 479 425
is_linear=0
shrinkage=0.111365


Tree=49
num_leaves=15
num_cat=0
split_feature=46 43 23 11 14 23 38 66 4 44 2 21 25 49
split_gain=1.57613 3.19086 4.00056 3.29977 5.70014 4.00281 3.18048 2.84004 4.60774 3.54819 3.9776 3.91808 2.59849 4.15178
threshold=22.835000000000004 11.770000000000001 -0.79499999999999993 7.7550000000000008 2.2125000000000004 5.7950000000000008 0.32250000000000006 -0.36649999999999999 0.16250000000000003 821.50000000000011 326.50000000000006 4.5740500000000006 75.500000000000014 0.88650000000000018
decision_type=10 10 2 10 8 2 10 2 2 8 8 2 2 10
left_child=1 2 6 5 -5 -4 -1 8 -2 10 12 -12 13 -9
right_child=7 -3 3 4 -6 -7 -8 9 -10 -11 11 -13 -14 -15
leaf_value=-0.095424557497070364 0.013447540934527789 -0.069677864150943222 -0.061559578160910955 0.10915022472114212 -0.0019744372172487367 0.025671555579022742 -0.0035159991423895694 0.014396477874579542 -0.069228017748308932 0.061327341570209408 -0.086916990136345795 0.0079185474536571359 0.03740457347804807 -0.050458514180332231
leaf_weight=9.1253694668412226 18.450553312897682 10.748519457876681 12.31154076009989 9.4516166076064092 14.486725613474848 13.865096375346182 9.598840191960333 67.361471407115459 15.270561568439005 16.011436142027378 10.465960703790188 11.141901135444641 39.35091558098793 14.959282539784907
leaf_count=47 83 53 63 38 71 58 45 299 72 63 49 49 175 75
internal_value=-5.16142e-05 -0.0132415 -0.00441878 0.0119794 0.0418702 -0.0153272 -0.0483478 0.00538334 -0.02397 0.0116019 0.00603999 -0.0379817 0.0138639 0.00260208
internal_weight=272.6 79.5877 68.8392 50.115 23.9383 26.1766 18.7242 193.012 33.7211 159.291 143.28 21.6079 121.672 82.3208
internal_count=1240 375 322 230 109 121 92 865 155 710 647 98 549 374
is_linear=0
shrinkage=0.111365


Tree=50
num_leaves=15
num_cat=0
split_feature=61 9 16 9 11 48 31 9 23 38 23 16 43 46
split_gain=1.40369 1.80902 3.69947 3.43648 5.80352 5.37255 5.05606 4.96046 3.14998 7.12679 5.07875 3.12764 3.02471 4.09761
threshold=0.22625000000000003 0.27550000000000008 1.5000000000000002 0.74250000000000005 -17.604999999999997 35.415000000000006 0.14650000000000002 0.80500000000000016 -0.57499999999999984 0.31950000000000006 -2.8099999999999996 1.5000000000000002 1.4200000000000002 99.75500000000001
decision_type=8 8 2 8 10 10 2 8 2 10 2 2 8 8
left_child=-1 2 -2 4 -3 -6 11 -5 9 10 -9 -7 -10 -14
right_child=1 3 -4 7 5 6 -8 8 12 -11 -12 -13 13 -15
leaf_value=-0.031861093845765381 0.081418658953627515 0.055539497411615783 -0.00016544821229478169 0.085869619322871668 -0.085081204704295324 0.013178553452821798 0.04412187477725045 -0.013398760126047019 0.039836014365416533 0.039422415132396332 -0.09979504659313336 -0.064561280888367725 0.020163391058967514 -0.044758067037958989
leaf_weight=16.190666042268276 10.374368317425253 10.285694569349287 20.489897862076759 9.4834490790963155 18.431876197457314 9.5467516034841555 13.201916746795176 21.276857778429985 36.898682408034801 17.358090423047543 14.011004924774168 19.498541809618473 36.13572533428669 18.093975156545639
leaf_count=80 43 42 92 40 90 43 56 97 167 78 71 92 161 88
internal_value=-6.11758e-05 0.0019543 0.0272334 -0.00152206 -0.0217856 -0.0349051 -0.0129965 0.00785598 0.002705 -0.0189761 -0.0477233 -0.0389839 0.0152385 -0.0014843
internal_weight=271.277 255.087 30.8643 224.223 70.9648 60.6791 42.2472 153.258 143.774 52.646 35.2879 29.0453 91.1284 54.2297
internal_count=1240 1160 135 1025 323 281 191 702 662 246 168 135 416 249
is_linear=0
shrinkage=0.111365


Tree=51
num_leaves=11
num_cat=0
split_feature=48 48 40 22 40 1 38 31 40 30
split_gain=1.48364 2.02921 2.06496 3.10625 2.58365 3.29887 2.56865 2.34167 4.74034 4.01243
threshold=94.955000000000013 85.190000000000012 13.197092110722481 0.090150000000000022 6.7774781721679718 0.39850000000000008 0.35600000000000004 0.20350000000000004 12.716152810100981 0.36625000000000002
decision_type=10 10 10 2 8 8 8 2 10 2
left_child=1 2 3 -1 -5 -6 -4 8 -7 -9
right_child=-2 -3 6 4 5 7 -8 9 -10 -11
leaf_value=-0.049646034697596868 0.03267732340502575 -0.053017596579928043 0.0043604765133345401 -0.039726425573635975 0.057660758573405177 0.0048143153924859808 -0.075962524140037693 -0.063421019825319919 0.080308242956494913 0.026788377733550309
leaf_weight=13.170463494956492 16.124580502510071 9.3708070591092092 10.114119775593283 14.229989297688006 16.133431777358055 144.82705792039633 9.6172604411840421 14.88278713822365 11.109478421509264 10.366285711526869
leaf_count=63 76 47 46 71 68 661 46 70 46 46
internal_value=-7.60934e-05 -0.00215974 -0.000207124 0.0028228 0.00609286 0.00940094 -0.0347522 0.00509963 0.0101975 -0.0263553
internal_weight=269.946 253.822 244.451 224.719 211.549 197.319 19.7314 181.186 155.937 25.2491
internal_count=1240 1164 1117 1025 962 891 92 823 707 116
is_linear=0
shrinkage=0.111365


Tree=52
num_leaves=15
num_cat=0
split_feature=32 66 17 23 0 4 49 50 23 20 16 23 4 29
split_gain=1.53142 3.4611 3.93503 5.2474 6.49805 4.85865 4.02196 3.55705 3.30215 2.84527 6.55662 5.52155 5.04419 3.55599
threshold=0.48050000000000004 -0.58349999999999991 16.500000000000004 2.6100000000000008 4.6500000000000012 0.090000000000000011 0.86750000000000005 4272.5000000000009 0.03500000000000001 1.2201500000000001 2.5000000000000004 2.1650000000000005 -1.0000000180025095e-35 0.10965000000000001
decision_type=2 2 2 2 10 2 8 2 2 2 2 2 2 2
left_child=9 -2 3 6 -5 -4 -3 -8 -7 10 11 -1 -11 -12
right_child=1 2 5 4 -6 8 7 -9 -10 12 13 -13 -14 -15
leaf_value=0.021472683426369744 -0.071873662881387954 -0.095151784530053546 -0.035271323586687053 0.081368164828847095 -0.033089439100909522 0.10376476685817609 0.032156069946515355 -0.066903861791391128 0.01563903304375408 -0.078151247434244883 0.089250919173873206 -0.086355574911964453 0.0035592875834083207 0.0069508162719864762
leaf_weight=18.388992927968506 10.399170264601706 14.276477232575415 10.221609629690649 10.933173783123495 14.056059971451758 10.21217153966427 9.2489338889718073 8.7385331615805608 10.951536312699316 10.306801974773405 20.183008633553985 8.6613806560635549 102.97108794003725 9.6419288665056211
leaf_count=83 56 72 49 46 66 44 41 42 50 53 79 43 475 41
internal_value=-7.58319e-05 -0.0110885 -0.00394879 -0.0213291 0.0169579 0.0277329 -0.0510063 -0.0159273 0.0581975 0.00632975 0.026655 -0.013026 -0.00386877 0.0626694
internal_weight=269.191 99.0377 88.6385 57.2532 24.9892 31.3853 32.2639 17.9875 21.1637 170.153 56.8753 27.0504 113.278 29.8249
internal_count=1240 466 410 267 112 143 155 83 94 774 246 126 528 120
is_linear=0
shrinkage=0.111365


Tree=53
num_leaves=15
num_cat=0
split_feature=20 66 6 6 4 39 42 46 31 11 44 9 5 49
split_gain=1.33689 1.33085 3.80508 2.25235 4.25035 5.84037 3.26851 2.77966 3.24732 4.26481 6.65136 4.26679 3.54668 2.75927
threshold=1.1664000000000001 -0.87499999999999989 1.1225000000000003 1.1345000000000003 0.004000000000000001 10.803440338910848 0.50850000000000006 23.320000000000004 0.28250000000000003 2.6700000000000004 36.775000000000013 0.96350000000000013 0.35249850000000005 0.77750000000000019
decision_type=2 2 2 2 2 2 2 8 2 10 10 10 10 8
left_child=-1 2 -2 4 5 -3 -6 -5 9 11 -11 -9 -12 -8
right_child=1 3 -4 7 6 -7 13 8 -10 10 12 -13 -14 -15
leaf_value=0.039185146591615684 0.016290843738010163 -0.00021684072696871018 -0.066307338680548736 -0.046974723754100764 -0.056176608733724723 -0.11706140199487702 0.057285779709925648 0.059367093437850078 0.075906287409557377 -0.073334281907312546 -0.0019184901265971383 -0.028397428304687857 0.070829811265818304 -0.0010413499596651512
leaf_weight=10.334130659699438 13.900799237191679 11.203771464526655 13.74676740169525 9.6056712418794614 10.840137787163256 10.099374592304228 12.344468176364897 30.209967829287052 10.042437441647051 14.622022569179533 47.678270652890205 8.8795980811119062 10.06175886839628 54.205365493893623
leaf_count=42 64 51 70 48 57 56 53 127 42 73 214 43 47 253
internal_value=-8.67377e-05 -0.00166606 -0.0247514 0.00110824 -0.0115956 -0.0556451 0.000520408 0.0106774 0.0152417 0.00976879 -0.00623384 0.0394116 0.0107458 0.00976676
internal_weight=267.775 257.44 27.6476 229.793 98.6931 21.3031 77.39 131.1 121.494 111.452 72.3621 39.0896 57.74 66.5498
internal_count=1240 1198 134 1064 470 107 363 594 546 504 334 170 261 306
is_linear=0
shrinkage=0.111365


Tree=54
num_leaves=11
num_cat=0
split_feature=0 41 68 9 46 46 55 31 45 61
split_gain=1.35425 2.01863 1.62351 2.43154 2.3122 2.93638 3.48711 2.82976 4.07462 3.22375
threshold=9632.4000000000033 8.7235934823630146 -0.08699999999999998 3.4030000000000005 22.835000000000004 36.850000000000001 0.58350000000000002 0.025500000000000005 3.1737135000000003 0.28405000000000008
decision_type=8 8 8 10 8 8 2 2 8 10
left_child=1 -1 -3 4 -4 6 -6 8 -7 -9
right_child=-2 2 3 -5 5 7 -8 9 -10 -11
leaf_value=-0.050953266519791755 0.043105001461094965 0.032779776292086261 -0.041342099035092221 -0.046407365165527258 -0.0014295095239646328 0.0090852846463828924 0.092136338366579182 0.030441894750531114 -0.089990222977132411 -0.0050919172263512802
leaf_weight=9.8693014271557313 8.7027968838810903 17.828834265470505 14.981422699987887 14.402243606746195 9.974003694951536 10.518473587930204 9.7581588476896268 43.467967994511127 10.060672439634798 116.54028501361609
leaf_count=52 38 81 76 76 44 50 40 193 55 535
internal_value=-9.8418e-05 -0.00156201 0.000404273 -0.00210539 0.000854689 0.00401418 0.0448042 -0.00043871 -0.0393145 0.0045566
internal_weight=266.104 257.401 247.532 229.703 215.301 200.32 19.7322 180.587 20.5791 160.008
internal_count=1240 1202 1150 1069 993 917 84 833 105 728
is_linear=0
shrinkage=0.111365


Tree=55
num_leaves=15
num_cat=0
split_feature=61 42 55 46 23 55 46 61 46 42 46 61 49 22
split_gain=1.28809 4.13095 3.72883 4.36268 3.87454 3.66107 3.19547 4.59389 3.18076 3.0214 4.49925 5.03348 3.7273 3.38121
threshold=0.69475000000000009 0.59650000000000014 0.61650000000000016 51.885000000000012 -0.074999999999999997 0.65000000000000013 52.390000000000008 0.81470000000000009 81.015000000000015 0.60450000000000015 72.635000000000005 0.83250000000000013 0.85950000000000004 0.22450000000000003
decision_type=8 2 2 10 2 2 8 8 8 2 8 8 10 2
left_child=1 2 3 -1 -5 -4 7 -2 -3 10 11 -8 13 -12
right_child=6 8 5 4 -6 -7 9 -9 -10 -11 12 -13 -14 -15
leaf_value=-0.05402341539041005 0.080989602899045873 -0.10708334549239798 0.064087484273990469 -0.039937876140069377 0.043916145972480038 -0.015057227279330964 -0.11169224522944779 0.008005872556128139 -0.010552958368115576 0.02445146815963934 0.015476520187509661 -0.017647194601782806 0.050549129044071654 -0.054884376786661068
leaf_weight=23.009237080812454 14.850142277777193 8.7201164066791552 17.605498187243938 11.226687613874676 17.450443878769875 12.300648339092733 10.521972045302389 38.338527582585812 8.2643589749932271 31.783256642520428 19.262899905443192 21.516065716743469 15.367101594805716 15.10384728014469
leaf_count=118 62 49 75 57 75 58 52 177 41 146 87 99 73 71
internal_value=-9.47826e-05 -0.0101894 0.000202811 -0.0178974 0.0110627 0.0315099 0.00586863 0.0283967 -0.0601568 -0.00467687 -0.0160076 -0.0485567 0.00494534 -0.0154249
internal_weight=265.321 98.577 81.5925 51.6864 28.6771 29.9061 166.744 53.1887 16.9845 113.555 81.7719 32.038 49.7338 34.3667
internal_count=1240 473 383 250 132 133 767 239 90 528 382 151 231 158
is_linear=0
shrinkage=0.111365


Tree=56
num_leaves=12
num_cat=0
split_feature=24 1 21 10 24 10 6 42 42 31 50
split_gain=1.30781 2.17708 1.81537 3.02032 3.7459 3.43752 1.97053 6.21118 4.00496 3.84866 3.02456
threshold=0.029900000000000003 0.03500000000000001 0.35755000000000003 0.088500000000000009 0.61570000000000003 0.33500000000000008 1.1095000000000004 0.55150000000000021 0.49900000000000005 0.087500000000000008 742.50000000000011
decision_type=2 10 2 2 2 2 2 2 2 2 2
left_child=-1 -2 -3 4 -4 -5 7 -7 -8 -9 -10
right_child=1 2 3 5 -6 6 8 9 10 -11 -12
leaf_value=0.047203345710424491 -0.058850046506444306 -0.038806031549397442 0.0060596151318407353 -0.061245288460456439 0.09170126907042174 -0.090852940500977489 0.077920512321240851 -0.045767342167547201 0.060967106331662503 0.027730763525713457 -0.0014746177320382747
leaf_weight=7.0508923754096022 7.9317466616630545 13.82163108512759 17.254671260714534 11.419992886483668 10.026892103254793 11.115584820508955 9.5497203320264799 13.23327364772558 10.417505413293837 26.583059072494507 125.58558074384928
leaf_count=32 38 77 79 61 43 61 42 67 46 118 576
internal_value=-0.000110912 -0.00141218 0.000414441 0.00272253 0.0375629 -0.00184572 0.00160291 -0.0172459 0.00820358 0.00328451 0.00330283
internal_weight=263.991 256.94 249.008 235.186 27.2816 207.905 196.485 50.9319 145.553 39.8163 136.003
internal_count=1240 1208 1170 1093 122 971 910 246 664 185 622
is_linear=0
shrinkage=0.111365


Tree=57
num_leaves=15
num_cat=0
split_feature=24 31 31 24 12 11 43 24 6 24 23 20 11 38
split_gain=1.29209 2.388 3.05673 3.64117 2.88076 4.34049 2.52691 4.08437 3.95392 4.38811 3.92499 4.35382 4.2499 3.93616
threshold=23.713700000000006 0.20350000000000004 0.28850000000000003 0.99625000000000019 494.13750000000005 522.00000000000011 -0.074999999999999997 6.4799000000000015 1.1905000000000003 2.4930500000000007 -0.79499999999999993 1.1982000000000002 68.745000000000019 0.26600000000000007
decision_type=2 2 2 2 8 10 8 2 2 2 2 2 8 8
left_child=1 4 3 -3 5 6 10 8 9 -8 13 -12 -13 -1
right_child=-2 2 -4 -5 -6 -7 7 -9 -10 -11 11 12 -14 -15
leaf_value=0.028933695040637919 0.036494691538908636 -0.0055884417022419412 0.012639765236070856 -0.10172139967823751 -0.044990891650580615 0.077693221442257862 -0.0021998152576379209 -0.081805004547659127 0.052847553046629615 -0.079521851125188753 0.10238716573456887 0.036033536521093756 -0.050959457329372959 -0.056734769332528266
leaf_weight=12.154107816517355 11.436976566910742 9.079905468970539 12.655667051672934 10.623673856258391 14.835974350571631 9.9183950349688512 79.573599547147751 8.7369489744305593 13.859300240874289 10.281957246363161 9.556112200021742 37.073822468519211 8.5700552016496641 14.674865327775477
leaf_count=54 56 44 56 55 69 41 372 50 65 52 40 165 44 77
internal_value=-0.000111136 -0.0017781 -0.0300203 -0.0574584 0.00238708 0.00582955 0.00216075 -0.00867681 -0.00250936 -0.0110558 0.0170268 0.0340145 0.0196836 -0.0178975
internal_weight=263.031 251.594 32.3592 19.7036 219.235 204.399 194.481 112.452 103.715 89.8556 82.029 55.2 45.6439 26.829
internal_count=1240 1184 155 99 1029 960 919 539 489 424 380 249 209 131
is_linear=0
shrinkage=0.111365


Tree=58
num_leaves=15
num_cat=0
split_feature=17 38 0 48 32 31 25 1 48 13 31 48 5 6
split_gain=1.2583 3.10938 3.91641 2.43365 2.18231 3.11108 2.31652 3.79403 4.55345 3.70386 3.48086 2.76854 2.94654 3.84538
threshold=19.500000000000004 0.29900000000000004 2.2500000000000004 43.910000000000004 0.42300000000000004 0.10950000000000001 55.500000000000007 1.1190000000000004 57.505000000000003 12.145501988848276 0.098500000000000018 42.885000000000012 0.35249850000000005 1.1125000000000003
decision_type=2 10 10 10 2 2 2 10 8 10 2 10 10 2
left_child=4 3 -3 -2 5 -1 9 8 -8 -6 -11 -9 -13 -14
right_child=1 2 -4 -5 6 -7 7 11 -10 10 -12 12 13 -15
leaf_value=0.0014698735416069717 -0.084905484514594023 -0.032838804744970744 0.062921057796005431 -0.014686020629089162 -0.03896931883681938 0.08214816231807015 -0.072767013777834622 0.049266803253895319 0.0075678419245281108 0.067879650959697502 -0.023694962772195498 -0.015928082038206465 -0.023895863724005106 0.05791221419378928
leaf_weight=14.394006639719011 10.235172256827356 10.625459134578707 10.55267822742462 15.309106796979902 38.942742321640253 10.101215764880179 13.893477685749529 27.725183501839638 23.601622797548771 9.7163516134023684 10.933542437851427 33.358807615935802 10.562852606177328 21.836003959178925
leaf_count=70 54 57 45 79 192 43 73 119 108 41 48 160 53 98
internal_value=-0.000116739 -0.0166844 0.0148417 -0.0428508 0.00347909 0.0347698 -0.000539017 0.00773901 -0.0221798 -0.0187456 0.0193576 0.0197471 0.00728952 0.0312179
internal_weight=261.788 46.7224 21.1781 25.5443 215.066 24.4952 190.571 130.978 37.4951 59.5926 20.6499 93.4828 65.7577 32.3989
internal_count=1240 235 102 133 1005 113 892 611 181 281 89 430 311 151
is_linear=0
shrinkage=0.111365


Tree=59
num_leaves=15
num_cat=0
split_feature=20 69 38 6 38 20 16 31 11 24 11 17 24 0
split_gain=1.17801 1.54428 1.89245 1.80605 5.18571 4.15136 3.56102 3.49613 3.48603 4.04045 3.37571 3.19126 2.96646 3.31126
threshold=1.1664000000000001 -0.84849999999999992 0.54600000000000015 1.1585000000000003 0.32050000000000006 1.2505000000000002 2.5000000000000004 0.11750000000000001 580.50000000000011 2.0042500000000003 2.0750000000000006 13.500000000000002 1.4573000000000003 393.30000000000001
decision_type=2 8 10 2 10 2 2 2 10 2 10 2 2 8
left_child=-1 -2 3 8 5 6 -5 -7 9 12 -6 -12 13 -3
right_child=1 2 -4 4 10 7 -8 -9 -10 -11 11 -13 -14 -15
leaf_value=0.037261441380690936 -0.047074997399549116 -0.018660800678729151 -0.036775210703433391 -0.011691059366216049 0.10599140913902495 -0.0073300831630335054 0.067677375482404364 -0.087637479600312845 0.06241015912770348 -0.058357320616830924 -0.021680411478871602 0.067059175438648144 0.058424207879115342 0.030121695127117341
leaf_weight=10.053064882755278 8.9379265680909139 76.098933905363083 16.136681694537401 14.227520734071733 9.883999280631544 22.606663428246975 13.797170981764792 9.5834957361221296 8.7737228199839574 18.435358569025993 9.2376130446791667 11.000058338046072 9.2325602397322637 22.310076422989368
leaf_count=42 48 369 79 68 41 112 59 49 38 99 46 49 40 101
internal_value=-0.000113963 -0.0016183 6.2222e-05 0.00270524 0.0148927 -0.00396746 0.0273574 -0.0312618 -0.00545369 -0.0101822 0.0526199 0.0265169 -0.00192459 -0.00759392
internal_weight=260.315 250.262 241.324 225.187 90.3365 60.2149 28.0247 32.1902 134.851 126.077 30.1217 20.2377 107.642 98.409
internal_count=1240 1198 1150 1071 424 288 127 161 647 609 136 95 510 470
is_linear=0
shrinkage=0.111365


Tree=60
num_leaves=15
num_cat=0
split_feature=63 23 45 23 23 45 11 31 48 23 32 4 6 11
split_gain=1.21899 6.36205 4.09008 2.4867 3.54405 4.2587 5.61714 3.55268 4.33557 4.28123 4.89135 3.26839 3.25199 2.83723
threshold=1.1270000000000002 -1.1249999999999998 1.4576660000000001 -2.4499999999999997 -1.6849999999999998 1.7206450000000002 409.00000000000006 0.051500000000000004 68.230000000000018 5.1050000000000013 0.49850000000000005 0.14950000000000002 1.0955000000000001 -12.679999999999998
decision_type=2 2 8 2 2 8 8 2 8 2 2 2 2 8
left_child=3 -2 -3 13 -5 12 7 8 -7 11 -11 -9 -6 -1
right_child=1 2 -4 4 5 6 -8 9 -10 10 -12 -13 -14 -15
leaf_value=-0.033613823585869451 -0.10299395016109018 -0.050199799894601278 0.043714572565817483 -0.073876544929116689 -0.0067666362748708235 -0.10841049193018701 -0.091216867219205244 0.063243437854689541 -0.00408945205722801 -0.085387656823854033 0.019629696807509717 0.0046424456720087631 0.047639602512545239 0.035356347938532297
leaf_weight=8.8664345517754537 8.5220536887645704 9.1716050207614916 15.411766014993189 8.4799470007419568 23.381408005952835 8.2357623875141162 10.290228024125097 17.10370684787631 12.388709850609301 11.523456119000912 10.506668120622635 38.195424497127533 32.583544194698334 44.372927896678448
leaf_count=46 49 50 68 47 112 45 51 77 63 59 49 182 144 198
internal_value=-0.000109361 -0.0200696 0.00864676 0.00281216 -0.00367137 -4.13846e-05 -0.0129416 -0.00471108 -0.0457828 0.00623359 -0.0352689 0.0227808 0.0248962 0.0238562
internal_weight=259.034 33.1054 24.5834 225.928 172.689 164.209 108.244 97.9537 20.6245 77.3293 22.0301 55.2991 55.965 53.2394
internal_count=1240 167 118 1073 829 782 526 475 108 367 108 259 256 244
is_linear=0
shrinkage=0.111365


Tree=61
num_leaves=15
num_cat=0
split_feature=13 1 22 50 43 22 11 63 41 43 19 9 43 2
split_gain=1.2068 2.0428 1.55338 3.74207 2.4006 3.59204 2.89762 3.64001 3.72513 4.05584 3.68034 2.37165 2.3051 1.75331
threshold=8.1973417274242077 0.056000000000000008 0.12275000000000001 6359.5000000000009 -15.214999999999998 0.24235000000000004 409.00000000000006 1.1270000000000002 10.939162101645534 -1.2899999999999998 1.0000000180025095e-35 0.58600000000000008 2.8650000000000007 58.14500000000001
decision_type=8 10 2 2 8 2 10 2 10 8 2 10 8 8
left_child=-1 -2 3 11 5 -4 7 8 9 -6 -9 -3 -10 -13
right_child=1 2 4 -5 6 -7 -8 10 12 -11 -12 13 -14 -15
leaf_value=0.03704784430513549 -0.06160508555457346 -0.039042145384038537 0.010059430343777055 -0.083751968001808091 0.04094176261183987 -0.089168344432391605 -0.037243087225814792 -0.079319155402692396 0.027487402573663462 -0.0020640429451198273 0.011901766123662312 0.061356111855820634 0.1049182564784527 -0.0079438305735918396
leaf_weight=10.391631022095678 6.8621849641203871 12.508316174149515 10.05651977658272 8.8938541486859304 39.927303798496723 8.207949221134184 16.105726435780525 10.119408689439297 10.053705975413321 85.2116006501019 11.952665634453297 8.3836732134222967 9.1275464445352572 9.8100170269608515
leaf_count=45 36 63 51 46 179 44 75 58 48 410 59 38 39 49
internal_value=-0.000126838 -0.00169243 1.49935e-05 -0.0201412 0.00399403 -0.0344925 0.00784983 0.012219 0.0186637 0.0116516 -0.0298869 -0.00169015 0.064372 0.023949
internal_weight=257.612 247.22 240.358 39.5959 200.762 18.2645 182.498 166.392 144.32 125.139 22.0721 30.702 19.1813 18.1937
internal_count=1240 1195 1159 196 963 95 868 793 676 589 117 150 87 87
is_linear=0
shrinkage=0.111365


Tree=62
num_leaves=15
num_cat=0
split_feature=48 45 38 45 45 17 40 40 40 6 45 45 45 23
split_gain=1.20332 1.4663 2.54814 2.50281 4.02672 1.89852 3.57155 3.51172 4.97319 3.73424 3.11027 5.58981 2.05608 4.18219
threshold=95.570000000000007 18.241446000000003 0.32800000000000007 11.531147000000002 7.4187510000000012 4.5000000000000009 8.9175682289899765 10.352163031684439 9.7358510075700924 1.1715000000000002 1.0529950000000003 1.7206450000000002 2.4289460000000003 0.98000000000000009
decision_type=10 8 10 10 10 2 8 8 10 2 10 10 10 2
left_child=1 3 -3 4 5 6 -1 8 9 -7 -9 -12 -8 -14
right_child=-2 2 -4 -5 -6 7 12 10 -10 -11 11 -13 13 -15
leaf_value=0.078285485849769701 0.031306918399546455 -0.072295252841264965 0.010968658934802155 0.053337768728143137 -0.057930242413748487 0.0066621890296656751 -0.023256786022297211 -0.040028149622875188 -0.081370218725951932 -0.073563532699201198 0.081290702634257986 0.0042433403303809378 0.085376138021529657 -0.018032345855911399
leaf_weight=10.660668037831782 14.264302283525465 9.495434023439886 8.741516560316084 10.59040344506502 14.917377464473246 41.807085640728474 17.026618883013725 12.778626292943953 14.38625545799732 8.6893002241849882 14.559551402926443 59.137202572077513 9.0078247115016001 10.490659303963183
leaf_count=47 70 54 45 48 76 197 87 62 78 49 60 279 38 50
internal_value=-0.000123476 -0.00197694 -0.0323438 0.000491511 -0.00212687 0.00206213 0.0215687 -0.00401413 -0.0236011 -0.00712822 0.0106735 0.0194749 0.00499433 0.0297019
internal_weight=256.553 242.289 18.237 224.052 213.461 198.544 47.1858 151.358 64.8826 50.4964 86.4754 73.6968 36.5251 19.4985
internal_count=1240 1170 99 1071 1023 947 222 725 324 246 401 339 175 88
is_linear=0
shrinkage=0.111365


Tree=63
num_leaves=12
num_cat=0
split_feature=24 39 42 0 11 11 0 44 45 41 11
split_gain=1.17955 4.66483 3.56284 1.87177 2.20604 2.5748 2.63151 2.24773 2.18233 3.09912 1.70432
threshold=0.23755000000000004 10.474176237146745 0.55150000000000021 1604.7500000000002 409.00000000000006 258.00000000000006 127.20000000000002 629.00000000000011 1.0272450000000002 11.016498357005085 4.6800000000000006
decision_type=2 2 2 8 10 10 10 8 10 10 10
left_child=2 -2 -1 4 5 6 8 -6 -3 -10 -4
right_child=1 3 10 -5 7 -7 -8 -9 9 -11 -12
leaf_value=-0.030989802758762581 -0.077363130770868455 -0.054878139239215883 0.00957886305028075 -0.042057230428334778 -0.076731694618685384 0.062482698986635075 0.048995848648750437 0.0019452146919214069 -0.0035243576870038567 0.05029126333270692 0.060978365904888893
leaf_weight=13.940231554210184 10.139510717242954 8.7887315079569799 15.382242076098917 12.27010355144739 8.3012059703469259 9.7137370780110341 14.291725441813467 9.8050273656845111 120.7758062928915 14.908317007124422 16.761560373008251
leaf_count=68 53 51 72 63 43 43 68 44 587 74 74
internal_value=-0.000122412 -0.00368142 0.0160019 7.18543e-05 0.0028463 0.00681968 0.00340937 -0.0340851 -0.00109507 0.00238319 0.0364044
internal_weight=255.078 208.994 46.084 198.855 186.585 168.478 158.765 18.1062 144.473 135.684 32.1438
internal_count=1240 1026 214 973 910 823 780 87 712 661 146
is_linear=0
shrinkage=0.111365


Tree=64
num_leaves=11
num_cat=0
split_feature=50 39 12 2 2 38 21 50 40 49
split_gain=1.27459 2.27239 1.55078 2.9208 1.66589 3.32758 3.96182 2.95808 2.16827 2.53738
threshold=20788.500000000004 14.642113227862312 494.13750000000005 830.50000000000011 389.50000000000006 0.40950000000000003 4.885250000000001 10742.000000000002 12.433433648292352 0.88350000000000006
decision_type=2 2 8 8 10 10 2 2 10 10
left_child=1 2 3 4 7 6 -6 8 9 -1
right_child=-2 -3 -4 -5 5 -7 -8 -9 -10 -11
leaf_value=0.0010451729670323091 -0.039693007386826747 0.058880842766426723 -0.036512231087420216 0.067957600080164215 -0.10952890428905999 0.030112050313904674 -0.0059485053334709503 0.061245885539067652 0.039227094226637275 -0.04130061633245765
leaf_weight=141.23368844762444 9.7082143127918226 8.2568519338965398 13.99402968585491 7.9583430439233771 8.4386603087186849 8.7319783195853216 10.04997543245554 10.220944270491598 15.633054852485655 20.034954033792019
leaf_count=685 52 43 67 32 45 39 48 45 76 108
internal_value=-0.000116243 0.00145185 -0.000551759 0.00170865 -0.000747655 -0.0264918 -0.0532651 0.00299337 -0.000368136 -0.004211
internal_weight=254.261 244.552 236.296 222.302 214.343 27.2206 18.4886 187.123 176.902 161.269
internal_count=1240 1188 1145 1078 1046 132 93 914 869 793
is_linear=0
shrinkage=0.111365


Tree=65
num_leaves=13
num_cat=0
split_feature=0 41 5 50 31 24 11 5 55 22 68 45
split_gain=1.14613 1.52401 1.51919 1.40102 2.13719 2.74472 2.23745 3.38339 2.94855 4.94743 3.07637 2.02038
threshold=9632.4000000000033 8.7235934823630146 0.83075250000000012 20788.500000000004 0.20350000000000004 1.0808500000000001 -15.999999999999998 0.35152050000000007 0.65000000000000013 0.24520000000000003 0.020500000000000004 3.9942065000000002
decision_type=8 8 10 2 2 2 8 8 2 2 10 10
left_child=1 -1 3 4 6 -6 7 -3 10 -10 -8 -7
right_child=-2 2 -4 -5 5 11 8 -9 9 -11 -12 -13
leaf_value=-0.045523108242228119 0.040679989468317752 0.084083690295996827 0.044849567375836036 -0.044893450376783495 0.012117760460935018 -0.090522703205207736 0.013000641009681735 0.0016357700281538273 0.0052107372312939146 -0.080281555038615476 -0.047911611959458887 -0.01311649266079567
leaf_weight=9.3758781179785711 8.2624363601207715 10.416362285614015 9.1102461740374547 8.8793855309486371 12.418792746961119 9.5829081088304537 116.57674943655729 15.198816694319246 21.037189111113548 13.953694008290766 11.274359628558157 7.4641783758997908
leaf_count=52 38 46 53 48 59 49 548 72 102 72 64 37
internal_value=-0.000112971 -0.00149008 0.000256791 -0.00153116 0.000232265 -0.0276553 0.00459649 0.0351919 -0.000211651 -0.0288608 0.0076234 -0.0566733
internal_weight=253.551 245.289 235.913 226.802 217.923 29.4659 188.457 25.6152 162.842 34.9909 127.851 17.0471
internal_count=1240 1202 1150 1097 1049 145 904 118 786 174 612 86
is_linear=0
shrinkage=0.111365


Tree=66
num_leaves=15
num_cat=0
split_feature=32 42 22 29 41 22 41 41 42 17 50 41 8 20
split_gain=1.28195 3.47772 4.98255 4.54368 3.02727 3.34523 2.74486 2.50369 2.42012 2.13876 4.18398 6.21679 4.10457 3.8611
threshold=0.48050000000000004 0.57650000000000012 0.27520000000000006 0.10405000000000002 10.210823942710585 0.16630000000000003 9.6541299564051375 9.7875055262443329 0.47850000000000004 14.500000000000002 1039.0000000000002 10.106446228835233 0.94550000000000012 1.2131500000000004
decision_type=2 2 2 2 10 2 10 8 2 2 2 10 2 2
left_child=8 2 3 -2 5 -5 -3 -7 -1 12 -11 -12 -10 -14
right_child=1 6 -4 4 -6 7 -8 -9 9 10 11 -13 13 -15
leaf_value=-0.054218224582225714 -0.080678460334058621 -0.004808754093683182 0.071040218416413864 0.08230944560484664 -0.040541386984116488 -0.029159165107135402 -0.074705068466070237 0.047181025471681563 -0.024226195739799741 0.026613001881072098 -0.090731586615120333 0.0029130477037484139 0.075021349004506285 0.016202281156873808
leaf_weight=7.8822707384824744 9.4198651909828168 12.730179008096458 11.257371246814726 8.6416056379675883 13.007914654910563 13.610663689672949 15.458200871944426 8.755145311355589 19.311849109828472 28.529687065631151 13.458306290209292 25.317733690142632 19.960238419473171 45.305643603205681
leaf_count=43 53 66 52 37 64 68 86 40 97 135 75 121 85 218
internal_value=-0.000110613 -0.0105176 0.00369647 -0.0104772 0.00452998 0.0234617 -0.0431654 0.000691304 0.00593495 0.00906158 -0.00574397 -0.0295699 0.0208524 0.0342022
internal_weight=252.647 92.8809 64.6926 53.4352 44.0153 31.0074 28.1884 22.3658 159.766 151.883 67.3057 38.776 84.5777 65.2659
internal_count=1240 466 314 262 209 145 152 108 774 731 331 196 400 303
is_linear=0
shrinkage=0.111365


Tree=67
num_leaves=14
num_cat=0
split_feature=8 22 50 39 39 34 48 48 2 0 2 31 11
split_gain=1.31733 2.57893 2.18049 1.4931 3.02547 2.73308 3.30565 2.50729 4.43812 2.80402 2.78095 3.98221 3.8442
threshold=0.84400000000000008 0.23065000000000005 19767.500000000004 13.647633372717777 13.224132779640993 21.350000000000005 46.390000000000008 45.135000000000012 160.50000000000003 1933.9000000000003 119.50000000000001 0.094500000000000015 72.965000000000018
decision_type=2 2 2 2 2 2 8 8 10 8 10 2 10
left_child=1 -1 3 4 7 -5 -7 8 -2 10 12 -12 -9
right_child=2 -3 -4 5 -6 6 -8 9 -10 -11 11 -13 -14
leaf_value=0.059640200043679988 -0.026007056989826704 -0.01199294472327189 -0.059795490961764911 0.065846645979936502 -0.052508363636466986 -0.053190946009999726 0.039725673684445635 -0.0083227074699630775 0.073317743950942843 0.038593413093344256 -0.087418265787295321 -0.010247035841410325 0.065425884399246487
leaf_weight=12.590971708297731 9.2583159096539038 12.316837333142756 8.0284673869609815 11.224611982703211 14.924031943082808 8.8618016541004199 10.228176802396773 87.348933212459087 14.008596047759054 15.951417021453379 12.676236994564531 24.060043327510357 9.7434213981032354
leaf_count=62 55 63 46 48 78 45 50 431 59 74 70 114 45
internal_value=-0.000117197 0.0241881 -0.00279548 -0.000695646 -0.00439773 0.0222354 -0.00336862 -0.000244267 0.0337629 -0.00553189 -0.0107968 -0.0368959 -0.000914264
internal_weight=251.222 24.9078 226.314 218.286 187.971 30.3146 19.09 173.047 23.2669 149.78 133.829 36.7363 97.0924
internal_count=1240 125 1115 1069 926 143 95 848 114 734 660 184 476
is_linear=0
shrinkage=0.111365


Tree=68
num_leaves=15
num_cat=0
split_feature=24 39 14 9 22 43 0 43 20 20 23 22 42 10
split_gain=1.05864 1.92892 1.70986 2.11314 1.69489 4.89274 5.27206 3.40818 3.81277 4.0527 3.65039 3.47979 3.00786 3.11708
threshold=0.054750000000000007 9.9029234052100872 0.46900000000000003 0.63550000000000006 0.12390000000000002 2.6250000000000004 3.7500000000000004 -16.179999999999996 1.2514000000000001 1.2604500000000003 -0.074999999999999997 0.24335000000000004 0.55850000000000011 0.62650000000000017
decision_type=2 2 10 8 2 10 8 10 2 2 2 2 2 2
left_child=-1 -2 4 -4 5 6 -3 11 12 -10 -11 -6 -9 -14
right_child=1 2 3 -5 7 -7 -8 8 9 10 -12 -13 13 -15
leaf_value=0.033786173740622587 -0.038662495563453303 0.066273570081626196 -0.015352100639345499 0.052833872323989596 0.00084901257461000585 -0.087469722828458898 -0.04275949739838035 0.0015504080487192128 -0.07513358534612867 -0.030019425191999783 0.021346773752945823 -0.083920856185701512 0.075215697813702659 0
leaf_weight=10.922559164464472 16.289386093616486 9.6489216461777705 8.7029534280300158 15.926549494266508 13.699096120893957 10.673692703247069 12.788217708468435 24.737748175859451 9.4267198815941793 27.170281641185284 46.556135963648558 10.67050940543413 23.134526073932648 9.6883850432932359
leaf_count=52 78 44 45 76 72 60 66 120 51 143 230 60 99 44
internal_value=-0.000115488 -0.00166719 0.00103401 0.02871 -0.00240154 -0.0253988 0.00409638 0.00220654 0.00886985 -0.0063747 0.00240684 -0.0362381 0.0309052 0.0530067
internal_weight=250.036 239.113 222.824 24.6295 198.194 33.1108 22.4371 165.083 140.714 83.1531 73.7264 24.3696 57.5607 32.8229
internal_count=1240 1188 1110 121 989 170 110 819 687 424 373 132 263 143
is_linear=0
shrinkage=0.111365


Tree=69
num_leaves=15
num_cat=0
split_feature=13 40 47 4 45 22 45 9 11 9 29 39 46 0
split_gain=1.16607 1.8073 1.53203 4.27961 4.94318 2.3207 1.89749 1.72356 2.38112 2.89888 5.58865 3.46431 2.34671 2.83892
threshold=8.1973417274242077 5.1058493912073972 951.00000000000011 0.13750000000000004 3.3880195000000004 0.23030000000000003 18.241446000000003 0.28550000000000003 -15.999999999999998 0.74250000000000005 0.10595 12.484373501921086 47.905000000000008 20.150000000000002
decision_type=8 10 10 2 10 2 8 8 10 8 2 2 8 10
left_child=-1 -2 6 -4 5 -5 7 12 -9 10 -10 -11 -3 -14
right_child=1 2 3 4 -6 -7 -8 8 9 11 -12 -13 13 -15
leaf_value=0.036862055915648527 -0.047076099189303479 0.07059239942893486 0.066391038840434805 -0.012865400892280639 -0.080407136588501779 0.069186303945445643 -0.04938377797318854 0.032331694614852878 -0.10977352137024464 -0.01573457247432734 -0.01338948396256159 0.03026755206793149 -0.045218040535224366 0.044947959747471615
leaf_weight=10.142041340470312 10.40841783583164 9.1816557273268717 15.338769797235726 9.1195484548807197 8.0197728946804983 8.0277765318751317 10.70965640619397 17.947235457599163 9.5185729861259443 56.598147872835398 34.631584189832211 31.65886502340436 8.4565533772110957 8.8760206103324872
leaf_count=45 56 43 76 48 47 35 64 83 56 283 170 152 41 41
internal_value=-0.000117952 -0.00169365 0.000374095 0.0200182 -0.00821555 0.0255052 -0.00386394 -0.00110346 -0.00572403 -0.0108879 -0.0341862 0.00075857 0.0250705 0.000913347
internal_weight=248.635 238.493 228.084 40.5059 25.1671 17.1473 187.578 176.869 150.354 132.407 44.1502 88.257 26.5142 17.3326
internal_count=1240 1195 1139 206 130 83 933 869 744 661 226 435 125 82
is_linear=0
shrinkage=0.111365


Tree=70
num_leaves=15
num_cat=0
split_feature=32 42 29 16 13 44 2 43 2 38 16 2 29 12
split_gain=1.08789 2.82841 3.0143 2.99997 2.83925 2.41193 3.65109 2.25918 2.10369 2.41516 3.3763 5.7393 3.62248 3.00727
threshold=0.48050000000000004 0.58350000000000002 0.12365000000000001 1.5000000000000002 10.489523070518045 195.00000000000003 31.630000000000003 -1.5449999999999997 21.295000000000005 0.45150000000000007 2.5000000000000004 663.50000000000011 0.10985000000000002 177.00500000000002
decision_type=2 2 2 2 8 10 10 8 8 10 2 10 2 10
left_child=8 2 5 -4 -3 6 -2 -5 -1 10 11 13 -12 -10
right_child=1 4 3 7 -6 -7 -8 -9 9 -11 12 -13 -14 -15
leaf_value=0.023869533432803739 -0.030172783962383962 0.0036203676587822807 0.083055823057552824 -0.030565654548359786 -0.076032999798087475 -0.07008594266129059 0.053615840362419585 0.043276999544752587 -0.035015917177586425 0.0369798889395987 0.037662495515427302 0.047346004117391573 -0.025486754075831369 -0.11228285879015255
leaf_weight=51.785362932831049 20.428809575736526 9.3376449011266249 8.7714733779430407 10.588110521435736 13.620769709348677 8.7945164591073972 9.4241442307829839 9.9782225564122218 26.148414731025696 15.504395380616186 26.074508242309093 8.7726133391261083 19.824872888624668 8.2311077043414098
leaf_count=259 106 47 40 57 82 46 44 44 140 70 124 38 97 46
internal_value=-0.000118814 -0.0098066 0.00159586 0.0285201 -0.0436042 -0.0188236 -0.00369716 0.00522482 0.00551184 -0.00357345 -0.0106423 -0.0330105 0.0103709 -0.0535366
internal_weight=247.285 90.9437 67.9853 29.3378 22.9584 38.6475 29.853 20.5663 156.341 104.556 89.0515 43.1521 45.8994 34.3795
internal_count=1240 466 337 141 129 196 150 101 774 515 445 224 221 186
is_linear=0
shrinkage=0.111365


Tree=71
num_leaves=15
num_cat=0
split_feature=24 31 31 42 32 32 44 44 11 17 23 23 38 17
split_gain=1.01692 1.7768 2.4453 3.34701 1.58174 3.18143 2.9521 2.43506 2.20261 3.31807 3.32811 2.59421 2.05088 3.60571
threshold=23.713700000000006 0.20350000000000004 0.28850000000000003 0.56650000000000011 0.48050000000000004 0.49350000000000005 1188.0000000000002 821.50000000000011 -15.464999999999998 14.500000000000002 2.0050000000000003 2.2050000000000005 0.45150000000000007 9.5000000000000018
decision_type=2 2 2 2 2 2 10 8 10 2 2 2 10 2
left_child=1 4 3 -3 6 -6 7 12 -7 10 -10 -11 13 -1
right_child=-2 2 -4 -5 5 8 -8 -9 9 11 -12 -13 -14 -15
leaf_value=0.030228835277247977 0.03360777744105764 -0.10012878032758404 0.012097613673288439 -0.0047042603171651457 -0.073427828396422062 0.031957283172120363 -0.052689075618425764 0.077443791591394778 -0.079891444754986884 0.047349375326684734 -0.00088008097046259298 -0.031125994870790166 0.049433916020748404 -0.012882693417265076
leaf_weight=40.189487233757973 10.602873630821703 9.1437035202980095 12.039196267724035 9.1249760091304761 8.8800834566354734 17.108930572867393 8.8287882879376394 7.0684284269809714 13.474067702889444 13.660526819527151 13.019701309502123 8.4488923847675306 14.358710139989851 59.930381018668413
leaf_count=197 56 51 56 48 51 81 45 29 75 66 67 45 63 310
internal_value=-0.000126138 -0.00164952 -0.0268191 -0.0525059 0.00206859 -0.0108606 0.00947146 0.0139927 -0.00239422 -0.0145016 -0.0410912 0.0173274 0.0100685 0.00441548
internal_weight=245.879 235.276 30.3079 18.2687 204.968 74.5922 130.376 121.547 65.7121 48.6032 26.4938 22.1094 114.479 100.12
internal_count=1240 1184 155 99 1029 385 644 599 334 253 142 111 570 507
is_linear=0
shrinkage=0.111365


Tree=72
num_leaves=15
num_cat=0
split_feature=21 38 23 23 30 20 38 4 55 62 2 40 45 34
split_gain=0.950486 2.23392 1.45325 3.18015 2.76953 2.47373 2.43186 2.21602 4.13264 3.25531 3.11553 4.012 2.3928 1.29091
threshold=0.35755000000000003 0.30850000000000005 -7.464999999999999 -3.9249999999999994 0.78125000000000011 1.1720500000000003 0.30350000000000005 0.34150000000000008 0.55000000000000016 1.5000000000000002 333.50000000000006 10.392477396083526 2.2023850000000005 29.550000000000004
decision_type=2 10 2 2 2 2 10 2 2 2 8 10 8 2
left_child=1 -1 -2 6 5 -5 -4 10 -9 -10 11 -7 -12 -6
right_child=2 -3 3 4 13 7 -8 8 9 -11 12 -13 -14 -15
leaf_value=0.014340474563757087 -0.036859076424835491 -0.074507089197386106 0.014440210287454304 0.051937685863926428 -0.015880690129316533 -0.0074767852512157215 0.086915378351470882 0.021378795055695152 0.0037880594321629858 -0.086442777821729613 0.011568732812649326 0.037155611073849938 -0.051116502914918725 -0.080830845472115276
leaf_weight=7.298964358866213 11.5822541937232 6.7409374788403511 15.563172433525326 11.827704370021818 8.055775009095667 48.370197825133801 9.1281213313341123 14.327791519463061 7.5305728912353542 14.434507213532923 12.972656264901163 51.600123293697834 18.020957827568054 7.2344883307814589
leaf_count=42 59 42 76 53 42 244 39 71 37 86 62 250 96 41
internal_value=-0.000129672 -0.028265 0.00157976 0.00361544 -0.00116317 0.00271721 0.0412635 -0.000759032 -0.0251135 -0.0554741 0.00598447 0.015553 -0.0248552 -0.0466598
internal_weight=244.688 14.0399 230.648 219.066 194.375 179.085 24.6913 167.257 36.2929 21.9651 130.964 99.9703 30.9936 15.2903
internal_count=1240 84 1156 1097 982 899 115 846 194 123 652 494 158 83
is_linear=0
shrinkage=0.111365


Tree=73
num_leaves=15
num_cat=0
split_feature=69 63 63 41 68 61 12 34 49 17 21 31 22 43
split_gain=1.08799 1.3766 4.18262 2.0898 1.67742 2.30056 3.35773 3.04694 2.8886 3.25391 2.85667 2.92381 4.80375 2.63041
threshold=0.89800000000000013 0.77550000000000019 0.98350000000000015 8.8092401987964717 0.023500000000000004 0.86320000000000008 15.432 25.950000000000003 0.89550000000000007 11.500000000000002 1.1337000000000002 0.085500000000000007 0.22075000000000003 -1.2899999999999998
decision_type=10 2 2 10 10 8 10 2 8 2 2 2 2 10
left_child=1 3 -3 -1 5 6 7 -4 13 -10 -7 -12 -13 -8
right_child=-2 2 4 -5 -6 10 8 -9 9 -11 11 12 -14 -15
leaf_value=-0.0572401769161862 0.030057925444723431 0.056932017819677279 -0.019352261414094862 0.0035917752580304991 -0.052591457925250502 0.058505158711588526 0.028099721682086892 -0.10563607087715626 0.0018525010010785579 -0.094073067830210522 -0.040903065757142983 -0.028568530496533788 0.060095862334882261 -0.012811964367784714
leaf_weight=13.239287756383421 13.953732937574385 15.446998149156569 15.043074548244478 14.825790055096148 8.2100800797343236 15.160628899931906 40.228538088500493 7.6826024651527396 9.6599775701761263 8.009960785508154 13.417141355574129 13.437906086444857 17.359018892049789 37.781527407467372
leaf_count=70 75 72 80 78 50 70 194 45 49 50 69 67 78 193
internal_value=-0.000131323 -0.00197005 0.00124584 -0.0250785 -0.00337507 -0.00109805 -0.0100729 -0.0485538 -0.00092529 -0.0415897 0.0167872 0.00246579 0.0213841 0.00827605
internal_weight=243.456 229.503 201.437 28.0651 185.99 177.78 118.406 22.7257 95.68 17.6699 59.3747 44.2141 30.7969 78.0101
internal_count=1240 1165 1017 148 945 895 611 125 486 99 284 214 145 387
is_linear=0
shrinkage=0.111365


Tree=74
num_leaves=15
num_cat=0
split_feature=48 22 40 38 22 40 12 1 0 48 13 14 45 29
split_gain=0.981212 2.02099 1.71002 1.93982 1.52613 2.42235 3.64224 2.43948 2.08226 1.76072 5.26671 3.1808 2.92824 2.88809
threshold=94.170000000000016 0.21950000000000003 13.197092110722481 0.29900000000000004 0.090150000000000022 6.9776234309619083 23.503000000000004 0.50150000000000017 6.9500000000000011 38.245000000000012 12.34262577300637 0.43550000000000005 5.1783290000000006 0.14765000000000003
decision_type=10 2 10 10 2 8 10 8 10 10 8 8 8 2
left_child=2 -2 4 -4 -1 6 -6 8 -7 12 11 -11 13 -9
right_child=1 -3 3 -5 5 7 -8 9 -10 10 -12 -13 -14 -15
leaf_value=-0.038688889414119215 0.067205030200587351 -0.012848419445418979 -0.074283954221539911 -0.0019715953996752031 0.0092555729596018755 0.0069715620959875111 -0.095675934775876784 0.058806734660182783 0.081747175761925001 -0.065346572561408967 -0.088771850985066722 0.007487247978882494 -0.041811087534874551 -0.00082409038568713748
leaf_weight=11.412070479243992 7.7572923898696882 7.8631154298782349 8.3294110074639338 10.32639893516898 9.1831182464957255 9.0600142478942889 7.3989407196640959 22.649241011589766 9.4714854732155782 8.0601466521620768 8.6128419227898103 96.022915717214346 7.884237825870513 18.098099067807198
leaf_count=63 38 45 45 53 48 43 45 106 45 48 51 472 46 92
internal_value=-0.000133171 0.0268598 -0.00199791 -0.0342971 0.000897537 0.00320104 -0.0375204 0.00695946 0.0452294 0.00255885 -0.00507857 0.00183992 0.0202725 0.0323033
internal_weight=242.129 15.6204 226.509 18.6558 207.853 196.441 16.5821 179.859 18.5315 161.327 112.696 104.083 48.6316 40.7473
internal_count=1240 83 1157 98 1059 996 93 903 88 815 571 520 244 198
is_linear=0
shrinkage=0.111365


Tree=75
num_leaves=15
num_cat=0
split_feature=38 61 25 49 49 47 9 23 66 0 50 46 20 20
split_gain=0.914229 1.68619 2.29239 3.63191 3.2736 3.7765 3.80163 3.30713 3.7985 3.65315 2.30515 4.16404 2.59758 3.91165
threshold=0.082000000000000017 0.95575000000000021 80.500000000000014 0.89450000000000018 0.86750000000000005 502.00000000000006 0.82550000000000001 4.1500000000000012 -1.0000000180025095e-35 71.450000000000003 13766.500000000002 54.555000000000007 1.1989500000000002 1.2570000000000003
decision_type=8 10 2 8 8 10 10 2 2 8 2 8 2 2
left_child=-1 2 4 -4 5 7 -7 8 -2 -10 12 -12 -6 -14
right_child=1 -3 3 -5 10 6 -8 -9 9 -11 11 -13 13 -15
leaf_value=0.031018139727641347 0.0033964709947233609 -0.044296792732000205 0.045900094385323165 -0.026018724020957132 0.052179781089155636 -0.022981788136424916 0.083568283806159688 0.016309437633536008 -0.094336154236214512 -0.0069314161150259915 0.023861982858607605 -0.087039180023178606 -0.039604047155739154 0.019981573567408557
leaf_weight=11.142808899283407 11.189668238162993 10.948170386254786 28.779385462403297 12.47303271666169 17.996231622993946 9.8101528361439723 7.1930864080786696 10.963236875832079 23.369981449097398 7.9724276214838019 8.5333387851715106 8.2524357587099058 18.297296550124884 53.927198618650436
leaf_count=50 57 59 140 71 85 54 32 55 136 38 41 50 100 272
internal_value=-0.000131046 -0.00164528 0.000485918 0.0241369 -0.00500643 -0.0236414 0.0220499 -0.038178 -0.0522403 -0.072127 0.00726386 -0.0306166 0.0143198 0.00487596
internal_weight=240.848 229.706 218.757 41.2524 177.505 70.4986 17.0032 53.4953 42.5321 31.3424 107.007 16.7858 90.2207 72.2245
internal_count=1240 1190 1131 211 920 372 86 286 231 174 548 91 457 372
is_linear=0
shrinkage=0.111365


Tree=76
num_leaves=15
num_cat=0
split_feature=15 43 42 34 32 34 22 23 0 20 10 10 22 47
split_gain=0.945249 2.20788 2.52329 2.95127 2.62961 1.86325 2.9586 3.35696 2.96816 3.03954 2.22999 3.06502 3.14685 2.63299
threshold=0.0075000000000000006 -9.2449999999999992 0.59250000000000014 108.00000000000001 0.44150000000000006 25.950000000000003 0.23200000000000001 1.5850000000000002 145.40000000000003 1.2669000000000001 0.68550000000000011 0.59550000000000003 0.28245000000000003 951.00000000000011
decision_type=10 10 2 2 2 2 2 2 8 2 2 2 2 10
left_child=5 -2 3 -3 -5 10 7 -7 9 -8 11 12 13 -1
right_child=1 2 -4 4 -6 6 8 -9 -10 -11 -12 -13 -14 -15
leaf_value=-0.019111434471106369 0.051987754904818571 -0.072624986947733269 0.044415958793061559 0.04817671560798862 -0.030722824686399246 0.027278202570215695 -0.024006813131485488 -0.039828734937410862 0.012994527581676171 -0.10579378824338678 -0.037132446795999752 0.045555194339943789 0.059972549435684766 0.037377274687163474
leaf_weight=55.126255635172129 13.407519645988939 8.5000058114528674 11.417613878846167 9.5911178179085272 11.539303109049795 24.548576179891825 11.299379549920564 14.828415498137472 8.2632130533456785 11.300340805202721 13.824821293354033 23.730816520750523 9.4541264772415143 12.56021825969219
leaf_count=283 66 46 59 49 65 128 62 83 39 67 75 111 46 61
internal_value=-0.000141425 0.0127514 -4.62969e-05 -0.0172041 0.00505475 -0.00394181 -0.0182282 0.00198858 -0.0440461 -0.0649348 0.00480073 0.0105552 -0.00020233 -0.0086182
internal_weight=239.392 54.4556 41.048 29.6304 21.1304 184.936 70.2399 39.377 30.8629 22.5997 114.696 100.871 77.1406 67.6865
internal_count=1240 285 219 160 114 955 379 211 168 129 576 501 390 344
is_linear=0
shrinkage=0.111365


Tree=77
num_leaves=15
num_cat=0
split_feature=60 42 47 38 48 48 47 24 10 4 10 25 25 4
split_gain=0.927663 3.13627 1.66038 2.65974 2.02477 3.17364 2.75145 2.73963 2.62492 2.50557 3.18111 3.00926 3.21637 3.20127
threshold=0.17100000000000001 0.5545000000000001 9800.5000000000018 0.36700000000000005 33.845000000000006 37.780000000000008 951.00000000000011 0.65180000000000005 0.5445000000000001 1.0000000180025095e-35 0.49850000000000005 80.500000000000014 68.500000000000014 0.18000000000000002
decision_type=10 2 10 8 8 8 10 2 2 2 2 2 2 2
left_child=2 -2 4 -4 8 -6 9 -8 -1 10 -7 12 -11 -13
right_child=1 -3 3 -5 5 6 7 -9 -10 11 -12 13 -14 -15
leaf_value=0.0096677466019732955 -0.027947400533982064 0.054233754346016912 -0.07113381120111302 0.015237569098762872 0.059456190941153494 -0.081781604677257438 0.077085180724172808 -0.0077749058959497323 -0.084040473778374439 0.0054870858245544309 -0.007724983844693797 0.07671123126875766 -0.041551939622712239 -0.0072884991583782571
leaf_weight=7.1105412170290929 9.7155864238739031 14.115803614258764 10.485400632023813 7.6257182434201232 11.85409666597843 10.869711846113203 10.691161513328554 8.419392276555298 7.7172049693763256 71.58172108232975 21.348060663789511 12.446845494210722 24.089230418205261 10.242237553000448
leaf_count=37 55 71 58 40 56 58 50 46 49 361 116 57 130 56
internal_value=-0.00014208 0.0206991 -0.00246123 -0.0347262 0.000510785 0.00374633 -0.000141095 0.0396603 -0.0390535 -0.0051974 -0.0327333 0.00229168 -0.00634926 0.0387597
internal_weight=238.313 23.8314 214.481 18.1111 196.37 181.542 169.688 19.1106 14.8277 150.578 32.2178 118.36 95.671 22.6891
internal_count=1240 126 1114 98 1016 930 874 96 86 778 174 604 491 113
is_linear=0
shrinkage=0.111365


Tree=78
num_leaves=15
num_cat=0
split_feature=41 43 48 49 14 14 2 43 41 13 20 22 49 22
split_gain=0.93167 2.14618 1.45527 2.41591 2.06365 1.89542 1.63593 1.2973 1.75853 3.20196 2.30849 2.02985 1.99633 2.76955
threshold=9.1736966017562462 -11.464999999999998 68.230000000000018 0.8025000000000001 0.44350000000000006 0.097000000000000017 21.295000000000005 -20.234999999999996 9.6328231292582807 10.751391573303584 1.2955500000000002 0.22045000000000003 0.84150000000000003 0.14525000000000002
decision_type=8 10 10 8 8 10 8 8 10 10 2 2 8 2
left_child=1 -1 3 -2 5 -4 -6 -5 10 -10 11 -9 -11 -14
right_child=2 -3 4 7 6 -7 -8 8 9 12 -12 -13 13 -15
leaf_value=0.0095524121060676266 -0.058320036457939643 -0.070198622428292834 0.026913459087264099 -0.043506016242789269 0.084257433677796242 -0.043802932174602786 0.020857311853563584 0.085352022606724809 -0.053419856374398084 -0.049511162349617104 -0.021004823492531754 0.015858218835659847 -0.029837222526990257 0.015475940243289351
leaf_weight=9.5592434853315371 9.1289115250110608 7.4252087771892539 10.055016018450262 7.9267351850867271 8.0036391243338567 8.8212157785892469 13.786232404410841 9.4505869299173408 13.909486550837753 8.3281219527125341 8.7543666772544366 11.696627676486967 20.551755882799625 89.779057748615742
leaf_count=54 55 46 51 50 35 51 75 40 76 43 48 53 110 453
internal_value=-0.000134896 -0.0252693 0.00180049 -0.00250481 0.020825 -0.00609445 0.0441788 0.00048112 0.00263176 -0.00286576 0.0270297 0.0469496 0.00305408 0.00702858
internal_weight=237.176 16.9845 220.192 179.526 40.6661 18.8762 21.7899 170.397 162.47 132.568 29.9016 21.1472 118.659 110.331
internal_count=1240 100 1140 928 212 102 110 873 823 682 141 93 606 563
is_linear=0
shrinkage=0.111365


Tree=79
num_leaves=15
num_cat=0
split_feature=66 40 4 13 46 23 4 61 61 25 44 16 46 44
split_gain=0.798084 2.93693 2.14756 1.56645 1.82676 2.50454 2.14317 2.11677 3.3804 3.78564 2.95321 1.98223 4.56296 2.0182
threshold=-0.87499999999999989 11.299968397144843 0.17600000000000002 8.1973417274242077 21.735000000000003 -1.5399999999999998 0.46000000000000008 0.81470000000000009 0.87145000000000017 71.500000000000014 -24.354999999999997 2.5000000000000004 51.185000000000009 270.50000000000006
decision_type=2 8 2 8 10 2 2 10 10 2 10 2 10 10
left_child=1 2 -1 -2 5 -5 7 10 -9 -10 -6 12 -12 -13
right_child=3 -3 -4 4 6 -7 -8 8 9 -11 11 13 -14 -15
leaf_value=0.046687922644685742 0.049495238379915714 -0.070030755774583689 -0.03407327890202938 -0.067012594735467598 -0.037995104911350434 -0.0058771242619175259 0.048058846451130913 -0.080948199881918259 -0.0422866187248346 0.055461605678866301 0.052137632795492328 0.053331991552355594 -0.024797886769980387 0.0051916455098695745
leaf_weight=8.7992018572986179 8.313368007540701 8.9713598340749723 7.612470466643571 10.098656736314295 13.79572546109557 47.152084041386843 14.110216125845907 8.9832644984126109 11.002138055860998 8.8790684342384321 14.22408055141568 26.663508240133524 29.1610476821661 18.215171303600073
leaf_count=43 39 53 44 64 81 251 69 51 54 43 69 126 163 90
internal_value=-0.000127901 -0.0187856 0.00918219 0.00211737 0.000166611 -0.0166739 0.00681934 0.00236914 -0.0242504 0.00133114 0.00990493 0.0174001 0.000408849 0.0338095
internal_weight=235.981 25.383 16.4117 210.598 202.285 57.2507 145.034 130.924 28.8645 19.8812 102.06 88.2638 43.3851 44.8787
internal_count=1240 140 87 1100 1061 315 746 677 148 97 529 448 232 216
is_linear=0
shrinkage=0.111365


Tree=80
num_leaves=15
num_cat=0
split_feature=41 68 2 2 2 49 32 42 25 11 11 6 6 1
split_gain=0.952972 1.37935 1.76408 2.2372 1.4891 3.03138 3.67255 5.54825 2.35475 2.21205 3.76311 3.76847 2.71924 2.39353
threshold=8.7235934823630146 -0.08699999999999998 -48.809999999999995 -26.294999999999998 11.285000000000002 0.89350000000000007 0.46250000000000008 0.56950000000000001 55.500000000000007 19.820000000000004 2.0750000000000006 1.1445000000000001 1.2085000000000001 4.2885000000000009
decision_type=8 8 8 10 10 8 2 2 2 8 10 2 2 10
left_child=-1 -2 -3 -4 5 6 -5 -8 -7 10 11 -6 13 -11
right_child=1 2 3 4 9 8 7 -9 -10 12 -12 -13 -14 -15
leaf_value=-0.03568186099302581 0.03296967363744565 0.044922047139544043 -0.051115044606219642 0.099449049504920686 -0.059251699304592925 0.025223123518346168 0.068338018443898418 -0.052101609004790168 -0.06007364787555388 0.031664106429029469 -0.067203853982389136 0.031095751140876076 -0.048324908969098877 -0.0053055821395767925
leaf_weight=8.9918792843818647 15.847933884710072 9.8425707928836328 11.473315477371214 8.7630646899342555 8.7154340967536061 7.4124145358800915 10.197781279683115 8.8650976046919805 8.7349319830536825 36.141169812530279 17.328592523932457 16.691249005496502 11.371641069650648 54.364068124443293
leaf_count=55 83 52 66 39 47 39 49 49 53 177 105 79 61 286
internal_value=-0.000125487 0.00128749 -0.00110105 -0.00336901 -0.000460271 0.0174814 0.0397646 0.0122894 -0.0208725 -0.00592104 -0.0271889 7.41162e-05 0.00299314 0.00944923
internal_weight=234.741 225.749 209.901 200.059 188.585 43.9733 27.8259 19.0629 16.1473 144.612 42.7353 25.4067 101.877 90.5052
internal_count=1240 1185 1102 1050 984 229 137 98 92 755 231 126 524 463
is_linear=0
shrinkage=0.111365


Tree=81
num_leaves=11
num_cat=0
split_feature=24 37 37 13 40 31 9 5 11 11
split_gain=0.887217 1.2972 1.49722 1.35274 1.73008 1.66641 2.67774 3.02681 1.65377 1.48656
threshold=23.713700000000006 25.500000000000004 12.500000000000002 8.1973417274242077 6.9776234309619083 0.20350000000000004 1.5530000000000002 0.22265350000000003 486.00000000000006 323.00000000000006
decision_type=2 2 2 10 8 2 8 10 10 8
left_child=1 2 3 -1 -5 8 7 -7 9 -6
right_child=-2 -3 -4 4 5 6 -8 -9 -10 -11
leaf_value=0.040299884476785668 0.032318859460233759 0.043303540919171234 -0.04715490790009963 -0.042648452152008236 0.0036095302164916424 -0.098617658655059795 0.030320057065085098 -0.010748984100498366 0.043487180275808383 -0.043393053920937869
leaf_weight=9.2898003533482534 10.005276769399641 7.7088448405265799 9.1960772201418859 12.877434637397526 135.47141850367188 8.2740058302879387 7.6824422702193251 11.843178551644085 12.155347425490616 8.8924825303256494
leaf_count=48 56 41 48 79 709 44 40 67 57 51
internal_value=-0.000121774 -0.00157804 -0.00318561 -0.00122381 -0.00318372 -0.000422505 -0.0255519 -0.0469253 0.00403604 0.000709157
internal_weight=233.396 223.391 215.682 206.486 197.196 184.319 27.7996 20.1172 156.519 144.364
internal_count=1240 1184 1143 1095 1047 968 151 111 817 760
is_linear=0
shrinkage=0.111365


Tree=82
num_leaves=15
num_cat=0
split_feature=8 0 0 38 48 23 0 2 2 61 12 13 61 9
split_gain=0.904298 2.71487 1.27966 2.83696 3.17952 2.79286 2.6722 1.66506 3.7915 2.67392 4.27303 1.93142 1.99106 3.86555
threshold=0.84400000000000008 23.950000000000003 127.20000000000002 0.20950000000000002 68.115000000000009 0.20500000000000004 62.95000000000001 1.6400000000000003 11.285000000000002 0.31250000000000006 36.195000000000007 9.8722269228655666 0.45015000000000005 0.47750000000000004
decision_type=2 10 8 10 8 2 8 10 10 10 8 10 10 10
left_child=1 -1 6 5 -5 -4 7 9 -9 10 -2 -10 13 -13
right_child=2 -3 3 4 -6 -7 -8 8 11 -11 -12 12 -14 -15
leaf_value=0.051382373475065371 0.033933635040185955 -0.027063391756834778 -0.066046636876695305 -0.011244284805082853 0.074018086024628671 0.026301292689812017 -0.070551569411691842 0.076251876428591575 -0.041014086329341663 -0.058523496390774615 -0.069062371160717714 0.086999395142221339 -0.0061689027581014995 -0.0024969053013856636
leaf_weight=14.056178111582996 15.52290301024914 8.9454159848391992 8.1137814596295375 8.8238413855433482 14.023213416337965 8.1186775192618352 7.7335442006587973 8.1354491934180242 14.107775166630743 16.029424138367176 7.3661080524325362 9.3191298730671424 75.735256001353264 16.689717173576355
leaf_count=71 83 54 45 48 67 41 42 39 82 95 49 41 393 90
internal_value=-0.000116066 0.0208423 -0.00241827 0.015754 0.0410562 -0.0198132 -0.00658438 -0.00354316 0.00275939 -0.023641 0.000755298 -0.00239508 0.00295254 0.0295417
internal_weight=232.72 23.0016 209.719 39.0795 22.8471 16.2325 170.639 162.906 123.987 38.9184 22.889 115.852 101.744 26.0088
internal_count=1240 125 1115 201 115 86 914 872 645 227 132 606 524 131
is_linear=0
shrinkage=0.111365


Tree=83
num_leaves=15
num_cat=0
split_feature=12 12 12 46 25 38 0 38 0 0 4 29 11 11
split_gain=0.867441 2.02349 1.39522 3.42422 1.52854 2.3704 2.13455 2.92085 2.86409 2.4608 2.26279 2.07253 2.58343 2.47801
threshold=2.1045000000000003 4.5585000000000013 13.297500000000001 47.905000000000008 73.500000000000014 0.082000000000000017 1.0500000000000003 0.32250000000000006 3.6500000000000008 11.250000000000002 0.18000000000000002 0.21180000000000002 -4.9799999999999995 24.300000000000004
decision_type=10 10 10 8 2 8 8 10 10 10 2 2 10 10
left_child=-1 -2 3 -3 5 -4 7 -7 10 -10 -8 12 -6 -14
right_child=1 2 4 -5 11 6 8 -9 9 -11 -12 -13 13 -15
leaf_value=-0.030383967415161479 0.052758262346154022 0.03357776383625305 0.060468851164864473 -0.053615916023172547 0.058060378668944236 -0.00041837626106659833 0.0035012348583415452 -0.072599958377709328 -0.053149191141048449 -0.001136100065930885 0.065301190877129378 0.068066886411766878 -0.044378848610110197 0.015839971043962064
leaf_weight=11.171709340065716 9.1292098760604841 8.2676931992173213 6.6767112016677848 17.173672571778297 10.341723829507826 14.664393760263922 18.34014039114118 13.256841599941252 14.661651305854319 49.060787420719862 12.290354765951632 8.6317739561200124 12.889855090528725 24.726908206939697
leaf_count=63 45 44 30 96 55 77 96 82 82 267 59 40 77 127
internal_value=-0.000107773 0.00142553 -0.000792135 -0.0252515 0.00255774 -0.00413377 -0.00766741 -0.0347163 0.000329142 -0.0131152 0.0283223 0.0178186 0.00875926 -0.0047751
internal_weight=231.283 220.112 210.983 25.4414 185.541 128.951 122.274 27.9212 94.3529 63.7224 30.6305 56.5903 47.9585 37.6168
internal_count=1240 1177 1132 140 992 693 663 159 504 349 155 299 259 204
is_linear=0
shrinkage=0.111365


Tree=84
num_leaves=13
num_cat=0
split_feature=41 68 13 9 34 20 9 39 9 21 34 44
split_gain=0.837822 1.08911 1.45236 1.38006 1.54287 2.43654 1.60038 2.54391 2.45123 3.23839 1.63233 2.04048
threshold=8.7235934823630146 -0.08699999999999998 10.878858181502828 3.4030000000000005 7.8500000000000005 1.2779500000000004 1.5530000000000002 12.484373501921086 1.1685000000000001 1.7691000000000001 12.250000000000002 58.955000000000005
decision_type=8 8 8 10 2 2 10 2 10 2 2 10
left_child=-1 2 -2 4 5 -3 8 -8 10 -10 -6 -12
right_child=1 3 -4 -5 6 -7 7 -9 9 -11 11 -13
leaf_value=-0.033930552655560928 -0.006980130606673767 -0.0029456783065897564 0.0611844216945941 -0.036521013548897127 -0.038536319836692513 0.075044506153960897 -0.0043435519616039928 0.069087459061045214 0.0035343045670941419 -0.10131440331334123 0.019007477046944901 -0.010222448645930403
leaf_weight=8.7389737442135793 7.1894853636622402 11.554144471883776 8.3686806410551071 12.67326772585511 13.370815634727476 8.692946791648863 14.939657084643843 9.6000441089272481 7.1767968051135522 7.4140446409583092 52.376736000180244 68.146827552467585
leaf_count=55 41 56 42 77 74 40 80 46 41 41 273 374
internal_value=-0.000106142 0.00122499 0.0296378 -0.000917865 0.00141288 0.0305023 -0.00198684 0.0243529 -0.0063449 -0.0496918 -0.00161575 0.00247406
internal_weight=230.242 221.503 15.5582 205.945 193.272 20.2471 173.025 24.5397 148.485 14.5908 133.894 120.524
internal_count=1240 1185 83 1102 1025 96 929 126 803 82 721 647
is_linear=0
shrinkage=0.111365


Tree=85
num_leaves=15
num_cat=0
split_feature=24 39 47 23 0 1 1 23 16 11 17 22 25 49
split_gain=0.950451 3.40393 2.35605 2.63148 1.79702 1.96696 3.37199 3.01297 2.24746 3.69745 3.03306 2.22873 2.04683 2.61214
threshold=0.23755000000000004 10.474176237146745 9800.5000000000018 3.3600000000000008 1041.45 4.7035000000000009 3.7375000000000003 5.3450000000000006 1.0000000180025095e-35 72.965000000000018 5.5000000000000009 0.18280000000000005 77.500000000000014 0.86650000000000016
decision_type=2 2 8 2 8 8 10 2 2 10 2 2 2 10
left_child=2 -2 3 -1 5 6 8 11 -3 10 -10 -7 13 -13
right_child=1 4 -4 -5 -6 7 -8 -9 9 -11 -12 12 -14 -15
leaf_value=0.01156411193225235 -0.070987773571297527 0.053661110958099778 -0.024454387355175338 0.086472597986205033 -0.040919771799682508 0.032153914165457861 0.07530316248517524 -0.074521475900834563 0.041939108207909581 -0.058638694406098112 -0.0065388369207511456 -0.08820606919661185 0.017387756903418532 -0.010777920330581808
leaf_weight=20.363427061587576 8.8245941810309869 10.818868059664963 12.809960924088953 8.15858446061611 12.469961721450089 15.693630851805208 9.5370018817484361 8.4883812107145769 23.557704720646143 11.606543604284523 49.878583334386349 8.207286864519121 13.175779365003107 15.898373208940027
leaf_count=106 53 57 69 39 72 82 48 52 118 64 277 55 67 81
internal_value=-0.000100926 -0.00346318 0.0151873 0.0330173 -0.000136296 0.00290711 0.0121441 -0.0129206 0.00585282 -0.000220493 0.00900238 -0.00303606 -0.0178691 -0.0371707
internal_weight=229.489 188.157 41.332 28.522 179.332 166.862 105.399 61.4635 95.8617 85.0428 73.4363 52.9751 37.2814 24.1057
internal_count=1240 1026 214 145 973 901 564 337 516 459 395 285 203 136
is_linear=0
shrinkage=0.111365


Tree=86
num_leaves=15
num_cat=0
split_feature=0 0 8 6 47 38 12 66 1 13 43 9 1 68
split_gain=0.887955 1.28539 2.00719 1.83037 1.56827 2.68843 2.69307 2.38489 2.86455 3.59697 3.01773 2.11377 2.05312 2.04174
threshold=9632.4000000000033 668.00000000000011 0.79000000000000015 1.0585000000000002 9800.5000000000018 0.20200000000000004 149.25350000000003 -0.87499999999999989 5.0360000000000005 11.765925765652534 -14.054999999999998 0.91500000000000015 3.5845000000000007 -0.0034999999999999996
decision_type=8 10 2 2 8 8 10 2 8 8 8 10 10 8
left_child=1 2 -1 -3 7 -6 13 11 12 10 -10 -4 -9 -7
right_child=-2 3 4 -5 5 6 -8 8 9 -11 -12 -13 -14 -15
leaf_value=0.044100518809255314 0.037745533220836278 0.011012015500860438 -0.074952626808775416 -0.060155809305015871 -0.061529620675997085 0.023138404146896607 0.0371774562854316 0.017182339938861989 -0.057049570821335029 -0.073753467840763962 0.020973402673861004 0.0075540588418866314 0.072380349945729533 -0.038866825318765452
leaf_weight=12.662762895226477 7.4361908584833136 7.817840144038203 8.1478666365146619 10.456308744847773 12.967581160366533 9.1211263537406904 13.74889278039336 59.454724881798029 7.7873675301671028 9.0638891607522947 29.179612778127193 7.2744484208524218 9.740612179040907 23.592482805252075
leaf_count=65 38 42 50 63 74 47 71 310 49 51 146 40 48 146
internal_value=-0.000102497 -0.00137926 0.00116701 -0.0296691 -0.00168927 -0.0166905 -0.0041601 0.00512891 0.0106385 -0.0108789 0.00451728 -0.0359876 0.0249632 -0.0215561
internal_weight=228.452 221.016 202.741 18.2741 190.079 59.4301 46.4625 130.649 115.226 46.0309 36.967 15.4223 69.1953 32.7136
internal_count=1240 1202 1097 105 1032 338 264 694 604 246 195 90 358 193
is_linear=0
shrinkage=0.111365


Tree=87
num_leaves=15
num_cat=0
split_feature=24 39 11 48 0 39 0 16 32 20 24 10 20 34
split_gain=0.772355 3.12749 2.16424 2.26179 1.81578 1.80632 1.93389 1.37519 2.03627 3.67083 3.34487 2.48702 2.30298 1.47691
threshold=0.25310000000000005 10.474176237146745 72.965000000000018 66.875000000000014 208.15000000000001 10.8143640768317 2073.5500000000006 5.5000000000000009 0.44150000000000006 1.2113500000000001 1.1446500000000002 0.15500000000000003 1.1924500000000002 21.850000000000005
decision_type=2 2 10 8 8 2 8 2 2 2 2 2 2 2
left_child=2 -2 3 -1 -5 -3 7 8 9 -7 -11 -10 -13 -9
right_child=1 5 -4 4 -6 6 -8 13 11 10 -12 12 -14 -15
leaf_value=-0.032798063116772233 -0.070853138638927171 0.042726024007300696 0.067813914087804419 -0.0015323348792196144 0.065276497505462938 0.080567703600708834 -0.055149272770272956 0.061876198762591157 0.04752526022212665 -0.058028847981012252 0.026768842608082002 -0.063661283862223583 -0.010387665173458021 -0.0031719935045879028
leaf_weight=14.039675321429966 8.1088016182184202 11.413956850767134 7.4774256125092498 12.710802860558035 8.3435558900237066 9.0104504004120809 8.3972885832190496 8.6472733579576033 8.1015865392982942 8.7361774444580096 16.98297156766057 11.42321117967367 85.187388379126787 8.6274898014962655
leaf_count=77 50 59 37 67 43 45 50 44 43 51 94 64 467 49
internal_value=-0.000105542 -0.00322656 0.0134132 0.00180109 0.024908 -0.00011594 -0.00308199 -0.000287367 -0.00396387 0.019396 -0.00200614 -0.0117186 -0.0166944 0.0293465
internal_weight=227.208 184.637 42.5715 35.094 21.0544 176.528 165.114 156.717 139.442 34.7296 25.7191 104.712 96.6106 17.2748
internal_count=1240 1016 224 187 110 966 907 857 764 190 145 574 531 93
is_linear=0
shrinkage=0.111365


Tree=88
num_leaves=15
num_cat=0
split_feature=9 9 9 40 38 40 20 44 31 9 11 47 38 66
split_gain=0.753045 2.77103 2.53194 4.01896 3.13132 2.4786 1.71279 2.82972 3.24149 2.57673 3.1455 2.47799 1.64773 1.50714
threshold=0.75400000000000011 0.80500000000000016 0.51200000000000012 10.352163031684439 0.33400000000000007 12.29686666940286 1.2525000000000002 5.1300000000000008 0.058500000000000003 0.30250000000000005 -0.8849999999999999 502.00000000000006 0.30050000000000004 -0.29149999999999993
decision_type=10 10 10 10 10 8 2 10 2 10 8 8 8 2
left_child=2 -2 5 -4 -5 6 9 -8 -9 10 -1 -10 -7 -3
right_child=1 13 3 4 -6 12 7 8 11 -11 -12 -13 -14 -15
leaf_value=-0.045240335017559793 0.075900570620230812 -0.028127614877798818 -0.1012597178232231 0.020232874607622249 -0.066587607959101125 -0.061454993284362429 -0.050472556528449258 0.071218646155547002 0.026823417836904215 0.078974000796636315 0.048402207607152616 -0.053079821452249439 -0.00047656127184960394 0.0083604496650503263
leaf_weight=7.6138231940567493 6.7360077053308478 16.965594068169594 8.054937921464445 14.923274200409653 7.864160329103469 10.348758783191444 10.574836149811743 9.2452433332800883 10.76839289814234 10.358821984380482 10.692824531346565 8.6979370154440385 11.772205602377651 81.32424495741725
leaf_count=44 33 100 53 76 44 58 67 48 56 51 57 47 62 444
internal_value=-9.71027e-05 0.00679806 -0.0060923 -0.0336341 -0.00969724 0.00333024 0.013878 -0.00120667 0.0169128 0.0345776 0.00941542 -0.00884092 -0.0290373 0.0020548
internal_weight=225.941 105.026 120.915 30.8424 22.7874 90.0728 67.9519 39.2864 28.7116 28.6655 18.3066 19.4663 22.121 98.2898
internal_count=1240 577 663 173 120 490 370 218 151 152 101 103 120 544
is_linear=0
shrinkage=0.111365


Tree=89
num_leaves=15
num_cat=0
split_feature=24 11 11 21 1 1 43 2 2 13 61 10 9 6
split_gain=0.866363 1.07541 1.30401 1.16342 2.84767 2.50565 2.11593 1.9646 3.13625 1.82027 2.08657 2.45947 1.79892 1.46579
threshold=0.029900000000000003 -55.204999999999991 -38.624999999999993 0.76245000000000007 0.63300000000000012 1.3150000000000002 -2.4849999999999994 11.285000000000002 -1.9349999999999998 9.8722269228655666 0.99480000000000013 0.43550000000000005 0.31800000000000006 1.0285000000000002
decision_type=2 10 8 2 8 10 10 10 10 10 8 2 10 2
left_child=-1 -2 -3 4 -4 -6 -7 8 12 13 11 -11 -5 -9
right_child=1 2 3 7 5 6 -8 9 -10 10 -12 -13 -14 -15
leaf_value=0.041835570775398623 -0.035238199705638018 0.045963493768758981 0.029568075518012601 0.034225632898206876 -0.089832522235707216 -0.049078413489692843 0.033947353886558382 -0.0072271142588897228 0.071910382611608925 -0.052972837557805651 0.033048833530397378 0.0014170293251949582 -0.039670912219102843 -0.074335098422593324
leaf_weight=5.9476621299982062 10.962195489555596 7.5567909404635429 10.143753580749033 8.1829364150762611 8.4018077552318591 9.1079236902296525 6.5317629650235167 8.9211729951202887 12.230579644441603 11.684894315898417 21.826311502605677 87.518992200493813 8.1568278744816762 7.4140455685555926
leaf_count=32 66 40 57 43 53 52 38 50 61 71 119 462 51 45
internal_value=-9.78915e-05 -0.00124199 0.000548926 -0.00116228 -0.0198726 -0.0407638 -0.0143562 0.00268787 0.0292605 -0.00283353 0.00187035 -0.00498192 -0.00261834 -0.0377306
internal_weight=224.588 218.64 207.678 200.121 34.1852 24.0415 15.6397 165.936 28.5703 137.365 121.03 99.2039 16.3398 16.3352
internal_count=1240 1208 1142 1102 200 143 90 902 155 747 652 533 94 95
is_linear=0
shrinkage=0.111365


Tree=90
num_leaves=15
num_cat=0
split_feature=43 43 41 41 23 32 23 4 61 23 20 41 16 22
split_gain=0.830674 1.32966 1.34097 1.5898 3.49024 1.60931 1.46383 2.23587 3.02048 1.49658 2.3214 2.50073 2.30372 1.91308
threshold=-28.399999999999995 -15.214999999999998 8.8092401987964717 9.6328231292582807 -0.044999999999999991 0.48550000000000004 -3.8499999999999996 0.24100000000000002 0.46280000000000004 -0.79499999999999993 1.2320500000000003 10.266809549615003 5.5000000000000009 0.093750000000000014
decision_type=8 8 8 8 2 2 2 2 10 2 2 10 2 2
left_child=-1 -2 -3 4 5 -4 7 8 -5 10 -8 -12 13 -11
right_child=1 2 3 6 -6 -7 9 -9 -10 12 11 -13 -14 -15
leaf_value=0.036794468332581355 -0.03521287781273412 -0.047570694822258362 0.024483060025197744 0.045435942947607028 0.063109819559562713 -0.051032895698682405 -0.074099629433368133 0.074631755042402673 -0.046762927307602016 -0.06007261455293985 0.032278681150191078 -0.051359380974926344 0.048175373128374728 -0.0013362225693245436
leaf_weight=7.3198764733970165 13.485626604408024 6.8387677427381268 6.9004947058856505 9.284100674092775 15.378992784768341 7.0874715633690357 9.4434269219636935 7.3887238577008238 8.3874512948095781 7.4122287929058066 9.7286674752831477 8.1417374424636346 10.942650087177752 95.75034474208951
leaf_count=45 81 47 38 48 73 44 55 40 45 45 52 52 56 519
internal_value=-9.81324e-05 -0.00135079 0.000898566 0.00259484 0.0264861 -0.0137268 -0.00161513 0.0231858 0.00163373 -0.00601524 -0.0294313 -0.00578535 -0.00040357 -0.0055636
internal_weight=223.491 216.171 202.685 195.846 29.367 13.988 166.479 25.0603 17.6716 141.419 27.3138 17.8704 114.105 103.163
internal_count=1240 1195 1114 1067 155 82 912 133 93 779 159 104 620 564
is_linear=0
shrinkage=0.111365


Tree=91
num_leaves=10
num_cat=0
split_feature=70 69 63 14 14 48 48 11 10
split_gain=0.757474 2.30447 1.33173 2.22208 2.16935 1.86797 2.57694 1.87791 1.3609
threshold=2.5000000000000004 0.89800000000000013 1.8350000000000002 0.61550000000000005 0.38850000000000007 33.845000000000006 37.780000000000008 4.0550000000000006 0.5445000000000001
decision_type=10 10 2 10 10 8 8 10 2
left_child=1 2 3 4 5 8 -7 -8 -1
right_child=-2 -3 -4 -5 -6 6 7 -9 -10
leaf_value=-0.002700456258236097 -0.030986748538442594 0.057779005534007534 -0.043765325738014511 0.049277054053307186 -0.056074465363268856 0.055077469336913695 0.015630782458231685 -0.0098537840029621869 -0.072263910615949986
leaf_weight=6.8240421079099161 9.4291258230805379 8.58943312615156 8.6890101023018342 11.060400940477846 8.7992302142083627 11.372795969247816 58.849574837833643 91.798750407993793 7.1836789064109325
leaf_count=38 59 49 54 59 49 55 321 506 50
internal_value=-9.50522e-05 0.00126793 -0.00110114 0.000787533 -0.00211015 0.000583181 0.0039605 9.66507e-05 -0.038428
internal_weight=222.596 213.167 204.577 195.888 184.828 176.029 162.021 150.648 14.0077
internal_count=1240 1181 1132 1078 1019 970 882 827 88
is_linear=0
shrinkage=0.111365


Tree=92
num_leaves=15
num_cat=0
split_feature=50 2 11 44 39 38 38 13 48 47 13 47 34 11
split_gain=0.761393 3.06701 3.68845 2.87967 2.24396 1.9769 1.91035 1.58791 2.83904 2.19412 2.09655 1.87884 2.35387 1.894
threshold=7659.5000000000009 204.50000000000003 17.435000000000006 821.50000000000011 13.647633372717777 0.082000000000000017 0.36450000000000005 12.659134734406386 50.520000000000003 7811.0000000000009 12.162161941041688 826.00000000000011 26.450000000000003 -40.304999999999993
decision_type=2 8 10 8 2 8 8 10 8 10 10 10 2 10
left_child=4 2 6 -3 5 -1 -2 9 -9 10 11 13 -13 -7
right_child=1 3 -4 -5 -6 7 -8 8 -10 -11 -12 12 -14 -15
leaf_value=0.051491518556360485 -0.054079799378662585 -0.083250382674274273 0.080656938157254707 0.0050600408174209131 0.054554437461668187 0.03918326509696491 0.025069940090814778 -0.088410115894674013 0.0071862377674890973 -0.048361840372661426 0.058542142906991161 0.079219597959689067 -0.0066055795559755775 -0.0088774373078039544
leaf_weight=8.7825363948941213 8.013528149574995 11.08905842900276 7.0717788562178603 7.7754386290907886 9.9039188101887685 11.308915413916095 7.147793911397458 7.1139121465384934 8.3769038766622543 10.445810999721287 8.385725721716879 8.0451931208372098 7.7824449986219397 100.67631144076587
leaf_count=42 50 66 35 38 55 62 39 46 49 64 43 39 43 569
internal_value=-8.93386e-05 -0.0137753 0.0142226 -0.046812 0.00301715 2.64718e-05 -0.0167159 -0.00275672 -0.0366671 0.000820367 0.00459785 0.00105281 0.0369727 -0.00401739
internal_weight=221.919 41.0976 22.2331 18.8645 180.822 170.918 15.1613 162.135 15.4908 146.644 136.199 127.813 15.8276 111.985
internal_count=1240 228 124 104 1012 957 89 915 95 820 756 713 82 631
is_linear=0
shrinkage=0.111365


Tree=93
num_leaves=15
num_cat=0
split_feature=43 31 21 21 31 48 61 48 6 44 23 50 55 43
split_gain=0.761099 1.06855 3.08744 3.16952 2.92233 2.57087 2.20627 2.47472 2.06014 1.82408 2.27044 2.47312 2.61468 2.05643
threshold=33.785000000000004 0.091500000000000012 3.1799000000000004 4.8245000000000013 0.097500000000000017 62.100000000000001 0.70355000000000012 47.410000000000004 1.1205000000000003 -14.249999999999998 2.3800000000000003 8191.0000000000009 0.65000000000000013 -1.0599999999999998
decision_type=10 2 2 2 2 10 8 10 2 10 2 2 2 8
left_child=1 2 5 -4 -3 6 7 -1 -7 -6 -11 12 13 -12
right_child=-2 4 3 -5 9 8 -8 -9 -10 10 11 -13 -14 -15
leaf_value=-0.0076071334936846924 -0.029742557812737366 0.06928615946043272 -0.10740201137768726 -0.01414140886971281 -0.036320132649678462 0.0037660963797964226 0.0041867355858273576 -0.098959870609007919 0.06725484454238756 0.021407367717459599 0.065621286282915164 -0.070611767342399892 -0.051383892936980639 -0.0076624179847749685
leaf_weight=8.3909827619791013 10.237182229757307 9.0187958143651468 6.9052780903875837 13.147642530500889 12.715971505269406 14.704030923545362 31.276231173425913 6.5743785835802546 11.177195142954586 61.694101125001907 8.2970328405499441 7.5337239056825629 8.182892754673956 11.069491602480417
leaf_count=50 62 45 46 78 77 81 178 45 64 323 40 46 47 58
internal_value=-8.58655e-05 0.00135162 -0.0076371 -0.0462928 0.00834907 0.00310043 -0.0126182 -0.0477884 0.0312132 0.00332302 0.00853954 -0.0140676 0.00136826 0.0236957
internal_weight=220.925 210.688 92.1757 20.0529 118.512 72.1228 46.2416 14.9654 25.8812 109.493 96.7772 35.0831 27.5494 19.3665
internal_count=1240 1178 542 124 636 418 273 95 145 591 514 191 145 98
is_linear=0
shrinkage=0.111365


Tree=94
num_leaves=15
num_cat=0
split_feature=20 10 12 11 1 4 32 9 43 23 10 16 45 48
split_gain=0.744996 0.767524 3.31077 2.98053 2.47796 2.3024 3.22263 2.13702 2.11808 2.05461 3.44821 2.16598 2.18551 2.16253
threshold=1.1664000000000001 0.49850000000000005 35.804000000000009 -3.1499999999999999 0.63300000000000012 0.33650000000000008 0.46500000000000008 0.53100000000000014 4.1450000000000005 -0.074999999999999997 0.55850000000000011 4.5000000000000009 1.6529365000000003 69.225000000000009
decision_type=2 2 8 8 8 2 2 8 8 2 2 2 10 8
left_child=-1 2 4 -4 -2 9 -7 -5 -9 11 -11 12 -3 -12
right_child=1 5 3 7 -6 6 -8 8 -10 10 13 -13 -14 -15
leaf_value=0.032409197895010879 0.052320338497077394 -0.079424785168408008 -0.1014522405421575 0.032166799639815148 -0.0074707433250549545 0.010151025888005731 -0.068247509762161304 -0.082198179515225372 -0.0064024428321327711 0.057120023484859603 -0.011751943462316469 0.029566685681719246 -0.0083976399645331705 0.040553097716791643
leaf_weight=8.408221557736395 12.328905593603848 7.048067037016156 6.9879118800163269 7.1785248368978527 28.347559478133917 13.979071505367758 12.136377349495886 8.0884737558662856 10.572480104863647 23.383425768464804 31.471585117280483 12.778272762894629 22.735945586115122 14.233475659042595
leaf_count=42 63 46 46 41 168 78 78 53 62 121 172 65 128 77
internal_value=-9.58706e-05 -0.00139302 -0.010585 -0.0368996 0.0106336 0.00350592 -0.026254 -0.0194136 -0.0392953 0.0104735 0.022334 -0.00876147 -0.0252303 0.00452072
internal_weight=219.678 211.27 73.5039 32.8274 40.6765 137.766 26.1154 25.8395 18.661 111.651 69.0885 42.5623 29.784 45.7051
internal_count=1240 1198 433 202 231 765 156 156 115 609 370 239 174 249
is_linear=0
shrinkage=0.111365


Tree=95
num_leaves=15
num_cat=0
split_feature=20 44 2 18 23 30 0 2 20 0 39 43 42 68
split_gain=0.750161 2.55114 3.75205 1.51129 1.45 3.2759 1.99653 1.91554 1.64771 1.99129 2.67084 2.08134 3.24694 2.68159
threshold=1.3826000000000003 7.3100000000000005 71.490000000000023 1.0000000180025095e-35 -3.8499999999999996 0.78125000000000011 7.1000000000000005 190.50000000000003 1.1722500000000002 2.8500000000000001 9.9029234052100872 -2.0299999999999994 0.54550000000000021 -0.0054999999999999988
decision_type=2 10 8 2 2 2 10 10 2 10 2 10 2 8
left_child=4 -2 -3 -4 6 8 7 -1 -6 -10 -11 12 -12 -13
right_child=1 2 3 -5 5 -7 -8 -9 9 10 11 13 -14 -15
leaf_value=-0.039824562526641842 -0.069516882345404457 0.049860330479389002 -0.0609895798956165 0.0036718248957320152 0.040852144916017526 -0.057393441735880513 0.053440276845018911 0.038014783065536781 0.015099389241576245 -0.073556692453126085 0.025875133803635084 0.064888198009340897 -0.062784389716284625 -0.0053962257139539005
leaf_weight=8.3023283816874045 8.159029506146906 11.708336353302004 9.6982828006148338 8.2980360686779022 13.053816765546797 12.029039688408373 15.297354768961666 7.4271588549017897 54.94995335675776 8.0592025816440565 7.8109780326485589 8.6710256040096265 14.835625182837246 30.051276966929443
leaf_count=47 57 63 62 46 67 77 84 37 301 45 42 47 91 174
internal_value=-0.000104491 -0.0143593 0.000766084 -0.0311333 0.00288185 -0.00166145 0.0247914 -0.00302331 0.00321124 -0.000733327 -0.013275 -0.00534655 -0.0321724 0.0103234
internal_weight=218.351 37.8637 29.7047 17.9963 180.488 149.461 31.0268 15.7295 137.432 124.378 69.4281 61.3689 22.6466 38.7223
internal_count=1240 228 171 108 1012 844 168 84 767 700 399 354 133 221
is_linear=0
shrinkage=0.111365


Tree=96
num_leaves=15
num_cat=0
split_feature=9 9 9 40 40 23 0 0 23 25 43 20 60 34
split_gain=0.744494 1.94041 1.79511 2.83203 1.91279 1.7697 1.71205 2.56177 1.68557 2.72188 3.08689 2.48332 3.05808 4.06766
threshold=0.75400000000000011 0.81500000000000006 0.51200000000000012 10.790553074693921 12.29686666940286 -0.024999999999999998 1.6500000000000001 4.5500000000000007 -0.79499999999999993 76.500000000000014 6.2400000000000011 1.2128000000000003 -0.13499999999999998 19.150000000000002
decision_type=10 10 10 10 8 2 8 8 2 2 10 2 10 2
left_child=2 -2 4 -4 6 -6 -1 -8 9 10 -3 -10 13 -13
right_child=1 8 3 -5 5 -7 7 -9 11 -11 -12 12 -14 -15
leaf_value=-0.030843249375593039 0.063470984202157674 -0.091642514079785603 -0.074350194729029512 -0.0028965585210399799 0.011380781592204287 -0.053519530604280774 0.071752748456465121 0.0081136879053483341 0.046698961207028794 0.016277405813740153 0.0091351495200631457 0.010284674973089655 0.050702654400821709 -0.06945798053024195
leaf_weight=10.03981529176235 6.9910002350807181 9.3905085958540457 11.109228437766435 18.127840969711542 8.8065561093390006 12.705399107187985 9.4989882409572584 45.285127099603415 18.906636498868465 14.034837100654839 6.2767394147813311 23.003256410360336 10.749716170132158 12.100641809403895
leaf_count=61 37 64 75 98 48 72 45 264 96 77 35 129 62 77
internal_value=-0.000105691 0.00685259 -0.00622028 -0.0300721 0.00184843 -0.0269163 0.0114055 0.0191615 0.00265453 -0.0193017 -0.0512209 0.0127361 -0.00125152 -0.0171823
internal_weight=217.026 101.453 115.573 29.2371 86.3359 21.512 64.8239 54.7841 94.4623 29.7021 15.6672 64.7603 45.8536 35.1039
internal_count=1240 577 663 173 490 120 370 309 540 176 99 364 268 206
is_linear=0
shrinkage=0.111365


end of trees

feature_importances:
best_kol_win_rate=62
ultra_short_heat=56
price_change_1h=56
token_age_hours=51
median_peak_return=46
price_change_5m=45
market_heat_24h=44
helius_top20_pct=43
market_cap_log=39
volume_1h_log=39
price_change_6h=38
buy_sell_ratio_24h=35
breadth_val=34
volume_mcap_ratio=34
relative_volume=33
ath_ratio=33
liquidity_usd_log=30
hour_paris=29
win_rate_7d=29
sentiment=27
onchain_multiplier=27
buy_sell_ratio_5m=27
helius_onchain_bsr=27
top10_holder_pct=26
short_term_heat=24
volatility_proxy=24
first_call_age_minutes=23
liq_mcap_ratio=22
entry_vs_median_peak=22
price_action_val=22
volume_24h_log=22
kol_saturation=20
price_change_24h=19
day_of_week=17
buys_24h=17
mention_velocity=16
consensus_val=15
price_drift_from_first_seen=15
volume_acceleration_v2=15
entry_timing_quality=13
risk_score=12
sentiment_consistency=11
call_type_score=10
price_acceleration=8
price_velocity=6
phase_duration_cycles=4
volume_velocity=3
conviction_val=3
mention_acceleration_v2=3
whale_count_delta=3
is_prime_time=2
pump_momentum_pen=2
is_weekend=1
time_spread_minutes=1
momentum_direction=1
lifecycle_phase_num=1

parameters:
[boosting: gbdt]
[objective: binary]
[metric: average_precision]
[tree_learner: serial]
[device_type: cpu]
[data_sample_strategy: bagging]
[data: ]
[valid: ]
[num_iterations: 97]
[learning_rate: 0.111365]
[num_leaves: 15]
[num_threads: 2]
[seed: 0]
[deterministic: 0]
[force_col_wise: 0]
[force_row_wise: 0]
[histogram_pool_size: -1]
[max_depth: 8]
[min_data_in_leaf: 41]
[min_sum_hessian_in_leaf: 0.001]
[bagging_fraction: 0.90802]
[pos_bagging_fraction: 1]
[neg_bagging_fraction: 1]
[bagging_freq: 0]
[bagging_seed: 3]
[bagging_by_query: 0]
[feature_fraction: 0.65391]
[feature_fraction_bynode: 1]
[feature_fraction_seed: 2]
[extra_trees: 0]
[extra_seed: 6]
[early_stopping_round: 0]
[early_stopping_min_delta: 0]
[first_metric_only: 0]
[max_delta_step: 0]
[lambda_l1: 0.00664107]
[lambda_l2: 5.17755e-07]
[linear_lambda: 0]
[min_gain_to_split: 0]
[drop_rate: 0.1]
[max_drop: 50]
[skip_drop: 0.5]
[xgboost_dart_mode: 0]
[uniform_drop: 0]
[drop_seed: 4]
[top_rate: 0.2]
[other_rate: 0.1]
[min_data_per_group: 100]
[max_cat_threshold: 32]
[cat_l2: 10]
[cat_smooth: 10]
[max_cat_to_onehot: 4]
[top_k: 20]
[monotone_constraints: ]
[monotone_constraints_method: basic]
[monotone_penalty: 0]
[feature_contri: ]
[forcedsplits_filename: ]
[refit_decay_rate: 0.9]
[cegb_tradeoff: 1]
[cegb_penalty_split: 0]
[cegb_penalty_feature_lazy: ]
[cegb_penalty_feature_coupled: ]
[path_smooth: 0]
[interaction_constraints: ]
[verbosity: -1]
[saved_feature_importance_type: 0]
[use_quantized_grad: 0]
[num_grad_quant_bins: 4]
[quant_train_renew_leaf: 0]
[stochastic_rounding: 1]
[linear_tree: 0]
[max_bin: 255]
[max_bin_by_feature: ]
[min_data_in_bin: 3]
[bin_construct_sample_cnt: 200000]
[data_random_seed: 1]
[is_enable_sparse: 1]
[enable_bundle: 1]
[use_missing: 1]
[zero_as_missing: 0]
[feature_pre_filter: 1]
[pre_partition: 0]
[two_round: 0]
[header: 0]
[label_column: ]
[weight_column: ]
[group_column: ]
[ignore_column: ]
[categorical_feature: ]
[forcedbins_filename: ]
[precise_float_parser: 0]
[parser_config_file: ]
[objective_seed: 5]
[num_class: 1]
[is_unbalance: 0]
[scale_pos_weight: 1.30214]
[sigmoid: 1]
[boost_from_average: 1]
[reg_sqrt: 0]
[alpha: 0.9]
[fair_c: 1]
[poisson_max_delta_step: 0.7]
[tweedie_variance_power: 1.5]
[lambdarank_truncation_level: 30]
[lambdarank_norm: 1]
[label_gain: ]
[lambdarank_position_bias_regularization: 0]
[eval_at: ]
[multi_error_top_k: 1]
[auc_mu_weights: ]
[num_machines: 1]
[local_listen_port: 12400]
[time_out: 120]
[machine_list_filename: ]
[machines: ]
[gpu_platform_id: -1]
[gpu_device_id: -1]
[gpu_use_dp: 0]
[num_gpu: 1]

end of parameters

pandas_categorical:[]
