{
  "horizon": "24h",
  "mode": "risk_reward",
  "trained_at": "2026-02-27T20:19:51.021380",
  "train_samples": 361,
  "test_samples": 155,
  "n_winners": 209,
  "feature_tier": "extended",
  "ensemble_weights": {
    "xgboost": 0.5105768367106976,
    "lightgbm": 0.4894231632893023
  },
  "xgb_params": {
    "max_depth": 5,
    "learning_rate": 0.06524831105025157,
    "n_estimators": 104,
    "min_child_weight": 6,
    "subsample": 0.8805028851172403,
    "colsample_bytree": 0.7059664846495894,
    "gamma": 1.7100397718356728,
    "reg_alpha": 1.1574840000931572,
    "reg_lambda": 1.069226288556981e-06,
    "objective": "reg:squarederror"
  },
  "lgb_params": {
    "num_leaves": 42,
    "max_depth": 8,
    "learning_rate": 0.2303165227903003,
    "n_estimators": 249,
    "min_child_samples": 26,
    "subsample": 0.9460491740950389,
    "colsample_bytree": 0.8922369440911906,
    "reg_alpha": 2.4346816759215497e-08,
    "reg_lambda": 1.8846274077142926e-06,
    "objective": "regression"
  },
  "metrics": {
    "spearman": 0.22957687473816504,
    "rmse": 0.8827886646960884,
    "precision_at_5": 0.4,
    "precision_at_10": 0.7,
    "xgb_spearman": 0.22366516043150272,
    "lgb_spearman": 0.21439850472108538
  },
  "quality_gate": "PASSED",
  "dd_by_rr_band": {
    "0.5-0.8": {
      "count": 12,
      "avg_dd_pct": 71.0,
      "median_dd_pct": 79.9,
      "p75_dd_pct": 88.8,
      "recommended_sl_pct": 106.6
    },
    "0.8-1.0": {
      "count": 59,
      "avg_dd_pct": 45.6,
      "median_dd_pct": 38.8,
      "p75_dd_pct": 79.5,
      "recommended_sl_pct": 95.4
    },
    "1.0-1.5": {
      "count": 83,
      "avg_dd_pct": 40.9,
      "median_dd_pct": 36.0,
      "p75_dd_pct": 68.8,
      "recommended_sl_pct": 82.6
    },
    ">1.5": {
      "count": 1,
      "avg_dd_pct": 43.8,
      "median_dd_pct": 43.8,
      "p75_dd_pct": 43.8,
      "recommended_sl_pct": 52.6
    }
  },
  "feature_importances_xgb": {
    "price_velocity": 0.10556158423423767,
    "volume_mcap_ratio": 0.07037743180990219,
    "price_drift_from_first_seen": 0.060635972768068314,
    "breadth_val": 0.05612671747803688,
    "volume_24h_log": 0.0511254146695137,
    "price_acceleration": 0.05016167089343071,
    "buys_24h": 0.04711180180311203,
    "liquidity_usd_log": 0.0442788302898407,
    "price_change_6h": 0.04294944182038307,
    "sentiment": 0.04103592783212662,
    "price_change_5m": 0.04065999761223793,
    "price_change_1h": 0.0371829979121685,
    "kol_freshness": 0.036208126693964005,
    "volume_acceleration_v2": 0.03574839234352112,
    "buy_sell_ratio_24h": 0.035642433911561966,
    "conviction_val": 0.03552239015698433,
    "top10_holder_pct": 0.03547864779829979,
    "consensus_val": 0.03542254492640495,
    "volume_velocity": 0.03511936217546463,
    "median_peak_return": 0.03499890863895416,
    "mention_acceleration_v2": 0.03493849188089371,
    "helius_onchain_bsr": 0.033712927252054214,
    "token_age_hours": 0.0,
    "short_term_heat": 0.0,
    "mentions": 0.0,
    "liq_mcap_ratio": 0.0,
    "onchain_multiplier": 0.0,
    "safety_penalty": 0.0,
    "sentiment_consistency": 0.0,
    "ultra_short_heat": 0.0,
    "buy_sell_ratio_5m": 0.0,
    "volatility_proxy": 0.0,
    "market_cap_log": 0.0,
    "mention_velocity": 0.0,
    "day_of_week": 0.0,
    "hour_paris": 0.0,
    "is_weekend": 0.0,
    "is_prime_time": 0.0,
    "entry_vs_median_peak": 0.0,
    "win_rate_7d": 0.0,
    "market_heat_24h": 0.0,
    "relative_volume": 0.0,
    "kol_saturation": 0.0,
    "mention_heat_ratio": 0.0,
    "price_action_val": 0.0,
    "volume_1h_log": 0.0,
    "price_change_24h": 0.0,
    "risk_score": 0.0,
    "helius_top20_pct": 0.0,
    "pvp_same_name_count": 0.0,
    "new_kol_ratio": 0.0,
    "mentions_delta": 0.0,
    "kol_arrival_rate": 0.0,
    "entry_timing_quality": 0.0,
    "pump_momentum_pen": 0.0,
    "gate_mult": 0.0,
    "hype_pen": 0.0,
    "entry_drift_mult": 0.0,
    "ath_ratio": 0.0,
    "momentum_direction": 0.0,
    "lifecycle_phase_num": 0.0,
    "social_momentum_num": 0.0,
    "call_type_score": 0.0
  },
  "shap_importances_xgb": {
    "price_change_5m": 0.022398320958018303,
    "price_change_1h": 0.010970242321491241,
    "sentiment": 0.010654252022504807,
    "price_change_6h": 0.009763077832758427,
    "price_acceleration": 0.008905455470085144,
    "buy_sell_ratio_24h": 0.008732020854949951,
    "liquidity_usd_log": 0.007049211300909519,
    "buys_24h": 0.004992461297661066,
    "consensus_val": 0.004477802198380232,
    "kol_freshness": 0.004231842700392008,
    "volume_mcap_ratio": 0.004201400093734264,
    "top10_holder_pct": 0.0036669070832431316,
    "conviction_val": 0.003508172929286957,
    "breadth_val": 0.0032689364161342382,
    "mention_acceleration_v2": 0.002989070024341345,
    "volume_velocity": 0.0024180442560464144,
    "helius_onchain_bsr": 0.002417606068775058,
    "price_velocity": 0.0024063573218882084,
    "volume_acceleration_v2": 0.0023007704876363277,
    "volume_24h_log": 0.0018350334139540792,
    "price_drift_from_first_seen": 0.0012683174572885036,
    "median_peak_return": 0.000799157191067934,
    "token_age_hours": 0.0,
    "short_term_heat": 0.0,
    "mentions": 0.0,
    "liq_mcap_ratio": 0.0,
    "onchain_multiplier": 0.0,
    "safety_penalty": 0.0,
    "sentiment_consistency": 0.0,
    "ultra_short_heat": 0.0,
    "buy_sell_ratio_5m": 0.0,
    "volatility_proxy": 0.0,
    "market_cap_log": 0.0,
    "mention_velocity": 0.0,
    "day_of_week": 0.0,
    "hour_paris": 0.0,
    "is_weekend": 0.0,
    "is_prime_time": 0.0,
    "entry_vs_median_peak": 0.0,
    "win_rate_7d": 0.0,
    "market_heat_24h": 0.0,
    "relative_volume": 0.0,
    "kol_saturation": 0.0,
    "mention_heat_ratio": 0.0,
    "price_action_val": 0.0,
    "volume_1h_log": 0.0,
    "price_change_24h": 0.0,
    "risk_score": 0.0,
    "helius_top20_pct": 0.0,
    "pvp_same_name_count": 0.0,
    "new_kol_ratio": 0.0,
    "mentions_delta": 0.0,
    "kol_arrival_rate": 0.0,
    "entry_timing_quality": 0.0,
    "pump_momentum_pen": 0.0,
    "gate_mult": 0.0,
    "hype_pen": 0.0,
    "entry_drift_mult": 0.0,
    "ath_ratio": 0.0,
    "momentum_direction": 0.0,
    "lifecycle_phase_num": 0.0,
    "social_momentum_num": 0.0,
    "call_type_score": 0.0
  },
  "shap_importances_lgb": {
    "price_change_5m": 0.07123373760979203,
    "volume_mcap_ratio": 0.05247193723773826,
    "market_heat_24h": 0.04554567693881161,
    "sentiment": 0.04517641363618122,
    "volume_1h_log": 0.038193881319642846,
    "price_velocity": 0.03783074086824738,
    "liquidity_usd_log": 0.03772101077802594,
    "buy_sell_ratio_24h": 0.037049919340472526,
    "ath_ratio": 0.036767592324923354,
    "pvp_same_name_count": 0.03672807250115441,
    "consensus_val": 0.03654178478473564,
    "kol_saturation": 0.03332541442292263,
    "call_type_score": 0.03251604110830393,
    "top10_holder_pct": 0.03181843240195191,
    "price_drift_from_first_seen": 0.0295886729859002,
    "buys_24h": 0.028873512841735227,
    "relative_volume": 0.02790346253989193,
    "onchain_multiplier": 0.02739033149190499,
    "mention_acceleration_v2": 0.02583545771720671,
    "breadth_val": 0.025716032989169295,
    "price_change_1h": 0.024548623135494184,
    "token_age_hours": 0.024542109954448436,
    "price_change_6h": 0.02448549415563223,
    "volatility_proxy": 0.024367783302225134,
    "day_of_week": 0.02317869904186796,
    "volume_acceleration_v2": 0.023121078318636978,
    "mention_velocity": 0.02310834711390495,
    "win_rate_7d": 0.02199173623239847,
    "ultra_short_heat": 0.021725155232392483,
    "price_action_val": 0.021581968309427435,
    "short_term_heat": 0.020822235751198584,
    "liq_mcap_ratio": 0.018938188445845317,
    "volume_24h_log": 0.018920863753916873,
    "sentiment_consistency": 0.018558761825041636,
    "helius_top20_pct": 0.01775317163093634,
    "pump_momentum_pen": 0.01742826811875371,
    "buy_sell_ratio_5m": 0.016988674748013327,
    "kol_freshness": 0.016938212931281064,