{
  "horizon": "24h",
  "mode": "risk_reward",
  "trained_at": "2026-02-28T04:43:04.129379",
  "train_samples": 361,
  "test_samples": 156,
  "n_winners": 210,
  "feature_tier": "extended",
  "ensemble_weights": {
    "xgboost": 0.48577953093198534,
    "lightgbm": 0.5142204690680148
  },
  "xgb_params": {
    "max_depth": 5,
    "learning_rate": 0.013458101232956718,
    "n_estimators": 358,
    "min_child_weight": 4,
    "subsample": 0.9901631529118482,
    "colsample_bytree": 0.7877657301160896,
    "gamma": 1.9787524583257574,
    "reg_alpha": 0.21826018381942658,
    "reg_lambda": 6.956488848523896,
    "objective": "reg:squarederror"
  },
  "lgb_params": {
    "num_leaves": 17,
    "max_depth": 7,
    "learning_rate": 0.017612032413180732,
    "n_estimators": 351,
    "min_child_samples": 15,
    "subsample": 0.8527063170757404,
    "colsample_bytree": 0.892742657853949,
    "reg_alpha": 2.0799992518582052e-06,
    "reg_lambda": 0.0001287789918337014,
    "objective": "regression"
  },
  "metrics": {
    "spearman": 0.27356292772360163,
    "rmse": 0.8778079424691887,
    "precision_at_5": 0.8,
    "precision_at_10": 0.7,
    "xgb_spearman": 0.25407565101470525,
    "lgb_spearman": 0.26895102021463224
  },
  "quality_gate": "PASSED",
  "dd_by_rr_band": {
    "0.5-0.8": {
      "count": 4,
      "avg_dd_pct": 82.6,
      "median_dd_pct": 89.0,
      "p75_dd_pct": 90.7,
      "recommended_sl_pct": 108.8
    },
    "0.8-1.0": {
      "count": 49,
      "avg_dd_pct": 53.0,
      "median_dd_pct": 54.9,
      "p75_dd_pct": 86.6,
      "recommended_sl_pct": 103.9
    },
    "1.0-1.5": {
      "count": 103,
      "avg_dd_pct": 40.2,
      "median_dd_pct": 35.0,
      "p75_dd_pct": 65.8,
      "recommended_sl_pct": 78.9
    }
  },
  "feature_importances_xgb": {
    "volume_mcap_ratio": 0.10849567502737045,
    "risk_score": 0.08484920114278793,
    "price_acceleration": 0.07399465888738632,
    "ultra_short_heat": 0.07112541049718857,
    "liquidity_usd_log": 0.070982426404953,
    "volume_acceleration_v2": 0.06862484663724899,
    "consensus_val": 0.06687766313552856,
    "price_change_5m": 0.0665157213807106,
    "sentiment": 0.06643704324960709,
    "buy_sell_ratio_5m": 0.06531433761119843,
    "conviction_val": 0.06522931903600693,
    "breadth_val": 0.06483259797096252,
    "price_change_1h": 0.06346681714057922,
    "mention_acceleration_v2": 0.06325426697731018,
    "token_age_hours": 0.0,
    "short_term_heat": 0.0,
    "price_change_6h": 0.0,
    "mentions": 0.0,
    "liq_mcap_ratio": 0.0,
    "onchain_multiplier": 0.0,
    "safety_penalty": 0.0,
    "sentiment_consistency": 0.0,
    "volatility_proxy": 0.0,
    "market_cap_log": 0.0,
    "mention_velocity": 0.0,
    "volume_velocity": 0.0,
    "day_of_week": 0.0,
    "hour_paris": 0.0,
    "is_weekend": 0.0,
    "is_prime_time": 0.0,
    "median_peak_return": 0.0,
    "entry_vs_median_peak": 0.0,
    "win_rate_7d": 0.0,
    "market_heat_24h": 0.0,
    "relative_volume": 0.0,
    "kol_saturation": 0.0,
    "kol_freshness": 0.0,
    "mention_heat_ratio": 0.0,
    "price_action_val": 0.0,
    "volume_24h_log": 0.0,
    "volume_1h_log": 0.0,
    "buy_sell_ratio_24h": 0.0,
    "price_change_24h": 0.0,
    "top10_holder_pct": 0.0,
    "helius_top20_pct": 0.0,
    "helius_onchain_bsr": 0.0,
    "buys_24h": 0.0,
    "pvp_same_name_count": 0.0,
    "new_kol_ratio": 0.0,
    "mentions_delta": 0.0,
    "kol_arrival_rate": 0.0,
    "entry_timing_quality": 0.0,
    "pump_momentum_pen": 0.0,
    "gate_mult": 0.0,
    "hype_pen": 0.0,
    "entry_drift_mult": 0.0,
    "price_velocity": 0.0,
    "ath_ratio": 0.0,
    "momentum_direction": 0.0,
    "price_drift_from_first_seen": 0.0,
    "lifecycle_phase_num": 0.0,
    "social_momentum_num": 0.0,
    "call_type_score": 0.0
  },
  "shap_importances_xgb": {
    "price_change_5m": 0.008354525081813335,
    "consensus_val": 0.005066432058811188,
    "price_acceleration": 0.004328825045377016,
    "conviction_val": 0.0027263094671070576,
    "liquidity_usd_log": 0.00262057944200933,
    "ultra_short_heat": 0.0011634971015155315,
    "buy_sell_ratio_5m": 0.000980836688540876,
    "price_change_1h": 0.0007398792658932507,
    "risk_score": 0.0005759203340858221,
    "mention_acceleration_v2": 0.0004983415128663182,
    "volume_acceleration_v2": 0.00030425447039306164,
    "sentiment": 0.00023642051382921636,
    "volume_mcap_ratio": 0.00020648233476094902,
    "breadth_val": 0.00019896921003237367,
    "token_age_hours": 0.0,
    "short_term_heat": 0.0,
    "price_change_6h": 0.0,
    "mentions": 0.0,
    "liq_mcap_ratio": 0.0,
    "onchain_multiplier": 0.0,
    "safety_penalty": 0.0,
    "sentiment_consistency": 0.0,
    "volatility_proxy": 0.0,
    "market_cap_log": 0.0,
    "mention_velocity": 0.0,
    "volume_velocity": 0.0,
    "day_of_week": 0.0,
    "hour_paris": 0.0,
    "is_weekend": 0.0,
    "is_prime_time": 0.0,
    "median_peak_return": 0.0,
    "entry_vs_median_peak": 0.0,
    "win_rate_7d": 0.0,
    "market_heat_24h": 0.0,
    "relative_volume": 0.0,
    "kol_saturation": 0.0,
    "kol_freshness": 0.0,
    "mention_heat_ratio": 0.0,
    "price_action_val": 0.0,
    "volume_24h_log": 0.0,
    "volume_1h_log": 0.0,
    "buy_sell_ratio_24h": 0.0,
    "price_change_24h": 0.0,
    "top10_holder_pct": 0.0,
    "helius_top20_pct": 0.0,
    "helius_onchain_bsr": 0.0,
    "buys_24h": 0.0,
    "pvp_same_name_count": 0.0,
    "new_kol_ratio": 0.0,
    "mentions_delta": 0.0,
    "kol_arrival_rate": 0.0,
    "entry_timing_quality": 0.0,
    "pump_momentum_pen": 0.0,
    "gate_mult": 0.0,
    "hype_pen": 0.0,
    "entry_drift_mult": 0.0,
    "price_velocity": 0.0,
    "ath_ratio": 0.0,
    "momentum_direction": 0.0,
    "price_drift_from_first_seen": 0.0,
    "lifecycle_phase_num": 0.0,
    "social_momentum_num": 0.0,
    "call_type_score": 0.0
  },
  "shap_importances_lgb": {
    "price_change_5m": 0.07007006166000969,
    "kol_saturation": 0.03760007695940881,
    "sentiment": 0.032673042451990555,
    "buy_sell_ratio_24h": 0.028355537962023468,
    "mention_acceleration_v2": 0.028328378316471232,
    "price_change_6h": 0.027873635717374744,
    "volume_acceleration_v2": 0.027681739819431436,
    "consensus_val": 0.026908492737223042,
    "market_heat_24h": 0.024493906199617332,
    "token_age_hours": 0.022126979417609986,
    "ath_ratio": 0.021271448033368417,
    "pvp_same_name_count": 0.018891352700737486,
    "ultra_short_heat": 0.018808869355987613,
    "volume_velocity": 0.018784785606699817,
    "volume_1h_log": 0.018482209836241045,
    "call_type_score": 0.017890452515604085,
    "liquidity_usd_log": 0.017773786529864288,
    "volume_24h_log": 0.017125381808115323,
    "volume_mcap_ratio": 0.01674458372103987,
    "momentum_direction": 0.01617126966683779,
    "top10_holder_pct": 0.015586487518110707,
    "short_term_heat": 0.015496519442101814,
    "breadth_val": 0.01444572424114194,
    "price_change_1h": 0.014338654392935957,
    "onchain_multiplier": 0.013013837514470238,
    "hour_paris": 0.012197461192499207,
    "price_drift_from_first_seen": 0.012119669598491157,
    "price_action_val": 0.01204778522195399,
    "pump_momentum_pen": 0.011414425500050842,
    "sentiment_consistency": 0.011120136936576831,
    "conviction_val": 0.011060978390948419,
    "win_rate_7d": 0.010954916413625851,
    "liq_mcap_ratio": 0.010785569511302,
    "mention_velocity": 0.010519458949233186,
    "market_cap_log": 0.009216167919045929,
    "volatility_proxy": 0.008988582247846984,
    "price_acceleration": 0.008807623457699134,
    "buys_24h": 0.008643437738047757,
    "price_velocity": 0.008293189386891633,
    "median_peak_return": 0.008230274957146396,
    "price_change_24h": 0.007963717382906958,
    "helius_onchain_bsr": 0.007426412736888795,
    "buy_sell_ratio_5m": 0.0072855624786829715,
    "gate_mult": 0.006982024661113937,
    "relative_volume": 0.006790968751381447,
    "lifecycle_phase_num": 0.0061751539367582466,
    "day_of_week": 0.005836858905971334,