tree
version=v4
num_class=1
num_tree_per_iteration=1
label_index=0
max_feature_idx=82
objective=regression
feature_names=price_change_6h consensus_val entry_vs_median_peak top10_holder_pct avg_tx_size_usd volume_ema3 price_change_24h market_cap_log buy_sell_ratio_24h volatility_proxy token_age_hours liq_mcap_ratio bundle_pct buy_sell_ratio_delta sells_24h sentiment_consistency volume_mcap_ratio ultra_short_heat sentiment_amplification lifecycle_velocity jup_price_impact_1k buy_sell_ratio_1h whale_total_pct price_change_5m kol_saturation first_call_age_minutes volume_acceleration helius_top20_pct price_change_1h price_velocity helius_top5_pct txn_velocity price_acceleration ath_ratio mention_heat_ratio volume_delta relative_volume score_acceleration buys_24h whale_dominance helius_gini onchain_multiplier recency_score kol_reputation_avg txn_count_24h short_term_heat hour_paris risk_score buy_sell_ratio_5m score_velocity median_peak_return pair_count market_heat_24h best_kol_win_rate win_rate_7d whale_count_delta whale_count volume_velocity recency_weighted_score_vel risk_count phase_duration_cycles pvp_recent_count jup_price_impact_500 lifecycle_phase_num social_velocity volume_acceleration_v2 score_delta helius_onchain_bsr mention_acceleration_v2 jup_route_count wash_trading_score score_ema3 call_type_score jup_price_impact_5k msg_conviction_avg mention_velocity mention_acceleration day_of_week bundle_count is_pump_fun time_spread_minutes entry_timing_quality kol_freshness
feature_infos=[-99.980000000000004:9999.9999000000007] [0.0001:1] [0.00020000000000000001:5] [0:3923.29] [0:14339.690000000001] [0:17.719000000000001] [-99.980000000000004:9999.9999000000007] [1.791759469228055:30.424249281857922] [0:1] [0:999.99900000000002] [0:31819] [0:2.139796] [0:96.530000000000001] [-1:1] [0:42956] [0.49099999999999999:1] [0:406.03194200000002] [0:12] [0:99.999899999999997] [-3:5] [0:98.178100000000001] [0:1] [3.46:100.01000000000001] [-93.640000000000001:4321] [108:428] [4.2999999999999998:9592.7999999999993] [0:4] [10.69:100] [-98.599999999999994:9999.9999000000007] [-46.177999999999997:26.452999999999999] [6.4500000000000002:100] [0:99.998999999999995] [-46.177999999999997:49.015999999999998] [0.0016999999999999999:1] [0:9] [-98835800:11173200] [0:9999.9999000000007] [-234.553:206.33699999999999] [0:143130] [0:25.236499999999999] [0:0.99950000000000006] [0.59499999999999997:1.3] [0.0030000000000000001:0.99099999999999999] [0.033000000000000002:0.76600000000000001] [1:186086] [0:6] [0:23] [-1812599:10000] [0:1] [-234.553:206.33699999999999] [1.0426:1.3706] [1:30] [-11.029999999999999:11.9] [0.012:0.66700000000000004] [0.15559999999999999:0.31059999999999999] [-33:29] [1:52] [-56.445:49.060000000000002] [-176.01900000000001:153.51400000000001] [0:24] [1:195] [0:20] [0:96.355857901049475] [0:5] [0:1] [-56.719999999999999:50.670000000000002] [-78:81] [0.47099999999999997:0.90000000000000002] [-3.8500000000000001:7.694] [1:3] [0:1] [1.022:77.938000000000002] [-1:1] [0:99.635567994002997] [0.5:2] [-3.6019999999999999:7.9900000000000002] [-1:1] [0:6] [0:35] [0:1] [0:8107.3000000000002] [0.23300000000000001:0.86699999999999999] [0:1]
tree_sizes=725 760 668 674 678 672 760 761 674 758 675 852 666 669 752 673 669 760 762 678 676 676 674 675 501 765 843 675 851 501 499 589 674 505 766 503 678 501 841 502 502 678 678 676 758 505 509 502 767 677 766 764 502 500 675 506 678 502 503 679 679 850 673 681 765 675 503 765 679 505 677 762 501 673 766 765 510 681 503 502 669 765 677 673 675 679 504 769 678 685 679 502 762 846 678 592 506 669 764 594 505 503 676 680 594 509 674 506 675 504 768 676 677 850 516 590 763 677 592 677 682 680 506 677 595 594 591 680 678 509 591 506 504 676 679 764 505 676 597 684 592 504 593 508 505 685 683 508 770 762 505 594 848 592 507 598 687 511 505 596 508 510 509 510 507 508 502 682 674 508 505 772 594 507 509 505 684 504 677 679 598 505 681 681 861 510 504 506 681 765 508 680 507 685 767 510 767 511 599 511 508 508 507 510 856 766 601 767 507 678 508 509 598 681 507 508 506 504 680 681 677 508 599 507 506 598 595 509 597 508 686 769 595 600 509 683 679 508 600 504 508 597 593 599 504 598 681 592 598 508 508 506 767 598 504 509 508 586 596 508 507 681 596 599 768 506 505 758 504 507 594 760 588 506 507 505 679 682 685 593 509 676 674 507 680 680 505 511 505 683 596 677 580 597 507 506 681 677 514 597 761 510 676 599 507 507 506 504 685 679 507 672 596 506 509 677 768 679 504 509 598 510 508 595 676 595 765 769 767 502 593 763 510 591 507 510 762 675 507 674 594 591 765 678 508 674 678 507 759 499 682 682 508 599 764 509 676 678 682 508 683 764 767 509 592 765 510 769 598 508 763 508 597 765 596 684 677 599 598 765 597 506 507

Tree=0
num_leaves=7
num_cat=0
split_feature=0 4 2 39 72 4
split_gain=28.1553 23.2794 14.6595 5.35302 5.0209 3.89622
threshold=1.0000000180025095e-35 704.30000000000007 2.4690000000000007 0.54055000000000009 -0.36649999999999999 195.69500000000002
decision_type=10 10 2 8 2 10
left_child=3 2 -2 4 -1 -5
right_child=1 -3 -4 5 -6 -7
leaf_value=0.22145817867254286 0.21783944125904231 0.22687644164306112 0.22094007189542109 0.21627297399557027 0.21628752850308064 0.21294188292405977
leaf_weight=46 492 49 301 506 46 47
leaf_count=46 492 49 301 506 46 47
internal_value=0.218141 0.219474 0.219016 0.216401 0.218873 0.21599
internal_weight=1487 842 793 645 92 553
internal_count=1487 842 793 645 92 553
is_linear=0
shrinkage=1


Tree=1
num_leaves=7
num_cat=0
split_feature=0 1 3 10 22 43
split_gain=27.5355 18.1982 14.6053 13.9487 5.82743 4.27531
threshold=1.0000000180025095e-35 0.098550000000000013 104.24500000000002 4.1500000000000012 65.13000000000001 0.34050000000000008
decision_type=10 2 10 8 8 2
left_child=4 2 -2 -3 -1 -6
right_child=1 3 -4 -5 5 -7
leaf_value=0.0015049887818579684 0.000990731692922728 0.0059185638402531587 -0.0041304913207715396 -8.1179245049054239e-05 -0.0048616784501696788 -0.0017426668013538844
leaf_weight=62 543 152 78 69 60 523
leaf_count=62 543 152 78 69 60 523
internal_value=0 0.00131806 0.000347481 0.00404533 -0.00172063 -0.00206367
internal_weight=1487 842 621 221 645 583
internal_count=1487 842 621 221 645 583
is_linear=0
shrinkage=0.0110667


Tree=2
num_leaves=6
num_cat=0
split_feature=2 13 28 8 22
split_gain=23.6994 13.5236 21.3132 13.1361 5.65026
threshold=1.3759500000000002 1.0000000180025095e-35 698.50000000000011 0.87400000000000011 65.13000000000001
decision_type=2 8 8 2 8
left_child=3 -2 -3 4 -1
right_child=1 2 -4 -5 -6
leaf_value=0.0011836458601955631 -0.0020487226449111598 0.0017932756853161083 0.0094623311695376279 0.0047218960122636109 -0.0016428959608173754
leaf_weight=97 90 395 50 46 809
leaf_count=97 90 395 50 46 809
internal_value=0 0.00186369 0.00265497 -0.00104735 -0.00134027
internal_weight=1487 535 445 952 906
internal_count=1487 535 445 952 906
is_linear=0
shrinkage=0.0110667


Tree=3
num_leaves=6
num_cat=0
split_feature=0 4 2 22 43
split_gain=26.5362 22.5852 13.9929 5.60497 4.18845
threshold=1.0000000180025095e-35 704.30000000000007 2.4690000000000007 65.13000000000001 0.34050000000000008
decision_type=10 10 2 8 2
left_child=3 2 -2 -1 -5
right_child=1 -3 -4 4 -6
leaf_value=0.0014743335809538748 -0.00030646239549462416 0.0085853900841769328 0.0027228429001171397 -0.0047949863194506623 -0.0017078199848232539
leaf_weight=62 492 49 301 60 523
leaf_count=62 492 49 301 60 523
internal_value=0 0.00129392 0.000843371 -0.00168912 -0.00202554
internal_weight=1487 842 793 645 583
internal_count=1487 842 793 645 583
is_linear=0
shrinkage=0.0110667


Tree=4
num_leaves=6
num_cat=0
split_feature=0 8 0 43 41
split_gain=25.9521 17.5028 12.6488 5.09577 3.64424
threshold=1.0000000180025095e-35 0.84850000000000014 82.52000000000001 0.34050000000000008 1.1385000000000003
decision_type=10 2 10 2 2
left_child=3 2 -2 -1 -5
right_child=1 -3 -4 4 -6
leaf_value=-0.0047419214074887941 -0.00051633664214028262 0.0076299177392721122 0.0022807926673563683 -0.0019447224271190969 -6.0782232766130387e-05
leaf_weight=60 397 50 395 402 183
leaf_count=60 397 50 395 402 183
internal_value=0 0.0012796 0.000878692 -0.00167042 -0.00135539
internal_weight=1487 842 792 645 585
internal_count=1487 842 792 645 585
is_linear=0
shrinkage=0.0110667


Tree=5
num_leaves=6
num_cat=0
split_feature=2 13 28 8 20
split_gain=22.1801 13.1916 20.6342 12.5011 5.07962
threshold=1.3759500000000002 1.0000000180025095e-35 698.50000000000011 0.87400000000000011 1.0000000180025095e-35
decision_type=2 8 8 2 8
left_child=3 -2 -3 4 -1
right_child=1 2 -4 -5 -6
leaf_value=-0.0047644806685373077 -0.0020611279475845398 0.0017366146561997907 0.0092825210021904216 0.004614837468893811 -0.001100828916100987
leaf_weight=49 90 395 50 46 857
leaf_count=49 90 395 50 46 857
internal_value=0 0.00180297 0.00258448 -0.00101322 -0.00129898
internal_weight=1487 535 445 952 906
internal_count=1487 535 445 952 906
is_linear=0
shrinkage=0.0110667


Tree=6
num_leaves=7
num_cat=0
split_feature=0 1 10 5 22 43
split_gain=25.0085 17.6354 13.374 12.7825 5.47745 4.00393
threshold=1.0000000180025095e-35 0.098550000000000013 4.1500000000000012 8.8545000000000016 65.13000000000001 0.34050000000000008
decision_type=10 2 8 8 8 2
left_child=4 3 -3 -2 -1 -6
right_child=1 2 -4 -5 5 -7
leaf_value=0.0014874813882876864 -0.0033896214022410068 0.0057751309051034339 -9.9727543341273086e-05 0.00098380139750267235 -0.0046801035501052943 -0.0016617051910974702
leaf_weight=62 97 152 69 524 60 523
leaf_count=62 97 152 69 524 60 523
internal_value=0 0.00125612 0.00394088 0.000300669 -0.00163977 -0.00197235
internal_weight=1487 842 221 621 645 583
internal_count=1487 842 221 621 645 583
is_linear=0
shrinkage=0.0110667


Tree=7
num_leaves=7
num_cat=0
split_feature=6 10 8 65 1 22
split_gain=19.8602 12.5092 12.3093 11.4662 8.74042 3.9584
threshold=30.060000000000006 9.6500000000000004 0.84850000000000014 -0.028999999999999995 0.098750000000000018 65.13000000000001
decision_type=10 10 2 10 2 8
left_child=2 4 5 -3 -2 -1
right_child=1 3 -4 -5 -6 -7
leaf_value=0.00081446975894411606 0.0014573656618358129 0.00080895405075941779 0.0044330355437304141 -0.0056825219787789861 0.0048089970841935087 -0.0016566889052453428
leaf_weight=89 324 109 47 48 135 735
leaf_count=89 324 109 47 48 135 735
internal_value=0 0.00152081 -0.00107557 -0.00117568 0.00244315 -0.00138978
internal_weight=1487 616 871 157 459 824
internal_count=1487 616 871 157 459 824
is_linear=0
shrinkage=0.0110667


Tree=8
num_leaves=6
num_cat=0
split_feature=0 4 0 22 4
split_gain=24.0422 21.5053 12.5926 5.27555 3.77875
threshold=1.0000000180025095e-35 704.30000000000007 85.100000000000009 65.13000000000001 354.51000000000005
decision_type=10 10 10 8 10
left_child=3 2 -2 -1 -5
right_child=1 -3 -4 4 -6
leaf_value=0.0014612942449026057 -0.00056957006673324223 0.0083466210178767593 0.0022203656189667942 -0.0016733997161432973 -0.0049783716828957205
leaf_weight=62 406 49 387 537 46
leaf_count=62 406 49 387 537 46
internal_value=0 0.00123162 0.000791971 -0.00160778 -0.00193417
internal_weight=1487 842 793 645 583
internal_count=1487 842 793 645 583
is_linear=0
shrinkage=0.0110667


Tree=9
num_leaves=7
num_cat=0
split_feature=0 4 0 39 8 41
split_gain=23.513 21.0319 12.3154 4.85253 3.83592 3.50495
threshold=1.0000000180025095e-35 704.30000000000007 85.100000000000009 0.54055000000000009 0.60850000000000015 1.1135000000000004
decision_type=10 10 10 8 2 2
left_child=3 2 -2 5 -5 -1
right_child=1 -3 -4 4 -6 -7
leaf_value=-0.0013966498273831527 -0.00056326677123348526 0.0082542513401832988 0.002195793434494441 -0.0016192264314180303 -0.0043265467970801221 0.0029234566073627699
leaf_weight=46 406 49 387 479 74 46
leaf_count=46 406 49 387 479 74 46
internal_value=0 0.00121799 0.000783206 -0.00158999 -0.00198151 0.000763368
internal_weight=1487 842 793 645 553 92
internal_count=1487 842 793 645 553 92
is_linear=0
shrinkage=0.0110667


Tree=10
num_leaves=6
num_cat=0
split_feature=0 4 1 4 6
split_gain=22.9955 20.569 12.0686 4.66885 4.32243
threshold=1.0000000180025095e-35 704.30000000000007 0.097650000000000015 382.78000000000003 11.650000000000002
decision_type=10 10 2 10 10
left_child=3 2 -2 4 -1
right_child=1 -3 -4 -5 -6
leaf_value=-0.0015800355703618702 -0.0002313023794635592 0.0081629035532014352 0.0026276050164905072 -0.0049309304215610925 0.0019508413771838012
leaf_weight=552 514 49 279 47 46
leaf_count=552 514 49 279 47 46
internal_value=0 0.00120451 0.000774539 -0.00157239 -0.00130842
internal_weight=1487 842 793 645 598
internal_count=1487 842 793 645 598
is_linear=0
shrinkage=0.0110667


Tree=11
num_leaves=8
num_cat=0
split_feature=0 1 3 10 38 22 3
split_gain=22.4893 16.6452 13.979 12.7088 5.13183 4.35787 3.60136
threshold=1.0000000180025095e-35 0.098550000000000013 104.24500000000002 4.1500000000000012 1344.5000000000002 76.145000000000024 108.67500000000003
decision_type=10 2 10 8 2 8 10
left_child=4 2 -2 -3 6 -6 -1
right_child=1 3 -4 -5 5 -7 -8
leaf_value=-0.0017308642512094932 0.00089224212167496439 0.0055875245394699609 -0.0041179740008092779 -0.00013935046887872306 0.0029476488453724875 -0.00097508850657883393 -0.0043029152312404444
leaf_weight=377 543 152 78 69 46 141 81
leaf_count=377 543 152 78 69 46 141 81
internal_value=0 0.00119118 0.000262934 0.00379948 -0.00155499 -1.01197e-05 -0.00218575
internal_weight=1487 842 621 221 645 187 458
internal_count=1487 842 621 221 645 187 458
is_linear=0
shrinkage=0.0110667


Tree=12
num_leaves=6
num_cat=0
split_feature=2 4 71 17 22
split_gain=19.1726 14.6276 12.7344 8.87915 5.2057
threshold=1.3759500000000002 1385.7600000000002 2.9195000000000007 0.016500000000000004 65.13000000000001
decision_type=2 10 8 10 8
left_child=1 4 -2 -4 -1
right_child=2 -3 3 -5 -6
leaf_value=0.0011533860298018389 -0.0038905301135367582 0.0048238263933114041 0.006523023157867857 0.0016855283119551301 -0.0015605832030970543
leaf_weight=97 46 51 52 437 804
leaf_count=97 46 51 52 437 804
internal_value=0 -0.000942026 0.00167628 0.00219995 -0.0012684
internal_weight=1487 952 535 489 901
internal_count=1487 952 535 489 901
is_linear=0
shrinkage=0.0110667


Tree=13
num_leaves=6
num_cat=0
split_feature=2 4 13 28 22
split_gain=18.7506 14.3056 12.6826 19.715 5.09111
threshold=1.3759500000000002 1385.7600000000002 1.0000000180025095e-35 698.50000000000011 65.13000000000001
decision_type=2 10 8 8 8
left_child=1 4 -2 -4 -1
right_child=2 -3 3 -5 -6
leaf_value=0.0011406218226035409 -0.0021310861010704883 0.0047704424736480736 0.0015952485427989846 0.0089711704017254139 -0.0015433126227714286
leaf_weight=97 90 51 395 50 804
leaf_count=97 90 51 395 50 804
internal_value=0 -0.000931601 0.00165773 0.00242401 -0.00125436
internal_weight=1487 952 535 445 901
internal_count=1487 952 535 445 901
is_linear=0
shrinkage=0.0110667


Tree=14
num_leaves=7
num_cat=0
split_feature=6 13 41 17 8 22
split_gain=17.1532 12.2847 22.5802 21.2243 11.4793 3.49444
threshold=30.060000000000006 0.37950000000000006 1.0795000000000001 4.862000000000001 0.84850000000000014 65.13000000000001
decision_type=10 8 2 8 2 8
left_child=4 2 -2 -3 5 -1
right_child=1 3 -4 -5 -6 -7
leaf_value=0.00076803034641666549 -0.0076195458060110627 0.0014009898831653337 0.0017265545790515298 0.008599768481434256 0.0043200475209129634 -0.0015537939886554857
leaf_weight=89 48 418 93 57 47 735
leaf_count=89 48 418 93 57 47 735
internal_value=0 0.00141337 -0.00145507 0.00226485 -0.000999581 -0.00130301
internal_weight=1487 616 141 475 871 824
internal_count=1487 616 141 475 871 824
is_linear=0
shrinkage=0.0110667


Tree=15
num_leaves=6
num_cat=0
split_feature=2 3 17 8 20
split_gain=17.9803 24.1651 25.1171 11.1787 5.1328
threshold=1.3759500000000002 104.24500000000002 0.0055000000000000005 0.87400000000000011 1.0000000180025095e-35
decision_type=2 8 10 2 8
left_child=3 2 -2 4 -1
right_child=1 -3 -4 -5 -6
leaf_value=-0.0046660769959520725 0.010128186654818416 -0.0060451984450555826 0.0015364764504513821 0.0044098132161776351 -0.00098330223577305031
leaf_weight=49 46 46 443 46 857
leaf_count=49 46 46 443 46 857
internal_value=0 0.00162332 0.0023447 -0.000912265 -0.00118248
internal_weight=1487 535 489 952 906
internal_count=1487 535 489 952 906
is_linear=0
shrinkage=0.0110667


Tree=16
num_leaves=6
num_cat=0
split_feature=2 4 71 28 20
split_gain=17.5845 13.8131 12.257 9.95909 4.97121
threshold=1.3759500000000002 1385.7600000000002 2.9195000000000007 510.50000000000006 1.0000000180025095e-35
decision_type=2 10 8 8 8
left_child=1 4 -2 -4 -1
right_child=2 -3 3 -5 -6
leaf_value=-0.0047233799705840582 -0.003856103490619179 0.004700872151741092 0.0013998460590834583 0.0055870049992713415 -0.0010264763417500093
leaf_weight=47 46 51 405 84 854
leaf_count=47 46 51 405 84 854
internal_value=0 -0.000902169 0.00160536 0.00211912 -0.00121933
internal_weight=1487 952 535 489 901
internal_count=1487 952 535 489 901
is_linear=0
shrinkage=0.0110667


Tree=17
num_leaves=7
num_cat=0
split_feature=0 4 2 38 43 2
split_gain=20.5746 19.272 11.5995 5.08462 5.73984 4.49703
threshold=1.0000000180025095e-35 704.30000000000007 2.4690000000000007 1344.5000000000002 0.34050000000000008 0.38035000000000008
decision_type=10 10 2 2 2 2
left_child=3 2 -2 4 -1 -5
right_child=1 -3 -4 5 -6 -7
leaf_value=-0.005822926247486212 -0.00032373795171255864 0.0078747790347052354 0.002434355027217147 -0.0015162391398398976 -0.0017011994424298786 0.001930383674513692
leaf_weight=46 492 49 301 102 412 85
leaf_count=46 492 49 301 102 412 85
internal_value=0 0.00113934 0.000723151 -0.00148733 -0.00211518 5.03902e-05
internal_weight=1487 842 793 645 458 187
internal_count=1487 842 793 645 458 187
is_linear=0
shrinkage=0.0110667


Tree=18
num_leaves=7
num_cat=0
split_feature=0 4 2 38 43 2
split_gain=20.1218 18.8478 11.3441 4.9727 5.6135 4.39804
threshold=1.0000000180025095e-35 704.30000000000007 2.4690000000000007 1344.5000000000002 0.34050000000000008 0.38035000000000008
decision_type=10 10 2 2 2 2
left_child=3 2 -2 4 -1 -5
right_child=1 -3 -4 5 -6 -7
leaf_value=-0.0057584853504662253 -0.00032015523662633238 0.0077876309118484728 0.0024074146201396242 -0.0014994593353364434 -0.0016823727289842067 0.0019090205552501388
leaf_weight=46 492 49 301 102 412 85
leaf_count=46 492 49 301 102 412 85
internal_value=0 0.00112673 0.000715148 -0.00147087 -0.00209177 4.98324e-05
internal_weight=1487 842 793 645 458 187
internal_count=1487 842 793 645 458 187
is_linear=0
shrinkage=0.0110667


Tree=19
num_leaves=6
num_cat=0
split_feature=3 14 14 2 10
split_gain=17.0499 37.7843 22.5012 22.1083 3.45797
threshold=105.57500000000002 1.0000000180025095e-35 10.500000000000002 1.0990500000000003 2.2500000000000004
decision_type=8 2 2 2 8
left_child=1 -1 -2 -3 -4
right_child=2 3 4 -5 -6
leaf_value=0.009813955666064406 -0.0096683922517598296 -0.0012548301514891779 -0.003547666492610783 0.0017317415868156143 3.3701097236516427e-05
leaf_weight=51 47 673 46 553 117
leaf_count=51 47 673 46 553 117
internal_value=0 0.000480551 -0.00292221 9.22913e-05 -0.000976972
internal_weight=1487 1277 210 1226 163
internal_count=1487 1277 210 1226 163
is_linear=0
shrinkage=0.0110667


Tree=20
num_leaves=6
num_cat=0
split_feature=5 8 6 37 8
split_gain=15.7923 34.3473 16.6182 6.91278 7.38997
threshold=8.8545000000000016 0.79600000000000015 162.50000000000003 2.8095000000000003 0.72600000000000009
decision_type=8 2 10 10 2
left_child=3 2 -2 4 -1
right_child=1 -3 -4 -5 -6
leaf_value=-0.0019240362883313335 -0.00065252641341178533 0.0099748039665628428 0.0023145684894501288 0.0017688058753995953 -0.0064533683876413523
leaf_weight=223 789 46 327 47 55
leaf_count=223 789 46 327 47 55
internal_value=0 0.000603151 0.000216861 -0.0021565 -0.00282014
internal_weight=1487 1162 1116 325 278
internal_count=1487 1162 1116 325 278
is_linear=0
shrinkage=0.0110667


Tree=21
num_leaves=6
num_cat=0
split_feature=5 14 6 49 6
split_gain=15.4447 20.4931 15.7192 6.77523 5.17369
threshold=8.8545000000000016 3.5000000000000004 162.50000000000003 1.0255000000000003 9.6250000000000018
decision_type=8 2 10 10 10
left_child=3 -2 -3 4 -1
right_child=1 2 -4 -5 -6
leaf_value=-0.0021086269618627936 0.0078354075431802134 -0.00055476960471690143 0.0023207573603288168 0.001753423077627186 -0.0061366657053063909
leaf_weight=231 46 785 331 47 47
leaf_count=231 46 785 331 47 47
internal_value=0 0.000596476 0.000298094 -0.00213263 -0.00278964
internal_weight=1487 1162 1116 325 278
internal_count=1487 1162 1116 325 278
is_linear=0
shrinkage=0.0110667


Tree=22
num_leaves=6
num_cat=0
split_feature=0 4 16 4 22
split_gain=18.8353 17.8216 10.536 4.83872 4.2033
threshold=1.0000000180025095e-35 704.30000000000007 0.10384500000000001 382.78000000000003 65.13000000000001
decision_type=10 10 10 10 8
left_child=3 2 -2 4 -1
right_child=1 -3 -4 -5 -6
leaf_value=0.0016239370625379095 -0.0024720267355146058 0.0075671603702465711 0.0012045249926976431 -0.0048421553053517785 -0.0014641947882163421
leaf_weight=60 111 49 682 47 538
leaf_count=60 111 49 682 47 538
internal_value=0 0.00109012 0.000689896 -0.00142307 -0.00115434
internal_weight=1487 842 793 645 598
internal_count=1487 842 793 645 598
is_linear=0
shrinkage=0.0110667


Tree=23
num_leaves=6
num_cat=0
split_feature=0 8 0 8 12
split_gain=18.4207 14.3089 9.11301 4.62668 4.36157
threshold=1.0000000180025095e-35 0.75750000000000017 82.52000000000001 0.60850000000000015 42.185000000000009
decision_type=10 2 8 2 10
left_child=3 2 -2 4 -1
right_child=1 -3 -4 -5 -6
leaf_value=-0.0014100596619511685 -0.00057465450182531857 0.0056916017557363807 0.0018379471934836858 -0.0038295732929577932 0.0015610087311140276
leaf_weight=492 385 75 382 84 69
leaf_count=492 385 75 382 84 69
internal_value=0 0.00107806 0.000626924 -0.00140732 -0.00104463
internal_weight=1487 842 767 645 561
internal_count=1487 842 767 645 561
is_linear=0
shrinkage=0.0110667


Tree=24
num_leaves=4
num_cat=0
split_feature=3 8 2
split_gain=16.6461 27.2494 20.1888
threshold=162.44500000000002 0.97350000000000014 1.3759500000000002
decision_type=8 2 2
left_child=1 2 -1
right_child=-2 -3 -4
leaf_value=-0.0010918194571744577 -0.006411061994695477 0.0078531718773522646 0.0016930896023907155
leaf_weight=886 48 55 498
leaf_count=886 48 55 498
internal_value=0 0.000213851 -8.97328e-05
internal_weight=1487 1439 1384
internal_count=1487 1439 1384
is_linear=0
shrinkage=0.0110667


Tree=25
num_leaves=7
num_cat=0
split_feature=0 4 1 38 43 22
split_gain=17.764 17.0307 10.8801 4.75056 5.40397 4.08133
threshold=1.0000000180025095e-35 704.30000000000007 0.098850000000000007 1344.5000000000002 0.34050000000000008 76.145000000000024
decision_type=10 10 2 2 2 8
left_child=3 2 -2 4 -1 -5
right_child=1 -3 -4 5 -6 -7
leaf_value=-0.0055865165701699596 -5.0136868931109807e-05 0.0073903411562862512 0.0030091541973522799 0.002966752217961961 -0.0015872014222106032 -0.00082948138266750822
leaf_weight=46 607 49 186 46 412 141
leaf_count=46 607 49 186 46 412 141
internal_value=0 0.00105867 0.000667423 -0.00138201 -0.00198889 0.000104334
internal_weight=1487 842 793 645 458 187
internal_count=1487 842 793 645 458 187
is_linear=0
shrinkage=0.0110667


Tree=26
num_leaves=8
num_cat=0
split_feature=0 3 8 41 38 43 7
split_gain=17.373 14.8173 37.2799 4.87606 4.64599 5.28502 4.0507
threshold=1.0000000180025095e-35 104.24500000000002 0.79050000000000009 1.0615000000000003 1344.5000000000002 0.34050000000000008 9.8020876392535712
decision_type=10 8 2 2 2 2 10
left_child=4 2 -2 -3 5 -1 -6
right_child=1 3 -4 -5 6 -7 -8
leaf_value=-0.0055246920809603967 0.00090342459424231616 -0.0055921203812719054 0.010706208124582246 -0.00060270033227047758 -0.0012445532593265219 -0.0015696362726932628 0.0020716209272049913
leaf_weight=46 695 47 51 49 111 412 76
leaf_count=46 695 47 51 49 111 412 76
internal_value=0 0.00104695 0.00157359 -0.00304547 -0.00136672 -0.00196688 0.000103179
internal_weight=1487 842 746 96 645 458 187
internal_count=1487 842 746 96 645 458 187
is_linear=0
shrinkage=0.0110667


Tree=27
num_leaves=6
num_cat=0
split_feature=0 4 1 4 6
split_gain=16.9906 16.4135 10.6188 4.65521 3.9808
threshold=1.0000000180025095e-35 704.30000000000007 0.098850000000000007 382.78000000000003 11.650000000000002
decision_type=10 10 2 10 10
left_child=3 2 -2 4 -1
right_child=1 -3 -4 -5 -6
leaf_value=-0.0013486632443106478 -5.7617242004597467e-05 0.0072512622163717786 0.002964718076831724 -0.0047052099072778858 0.0020398082635720398
leaf_weight=552 607 49 186 47 46
leaf_count=552 607 49 186 47 46
internal_value=0 0.00103536 0.000651274 -0.00135159 -0.00108801
internal_weight=1487 842 793 645 598
internal_count=1487 842 793 645 598
is_linear=0
shrinkage=0.0110667


Tree=28
num_leaves=8
num_cat=0
split_feature=0 1 3 10 38 2 3
split_gain=16.6166 14.9111 12.4321 11.6655 4.52597 4.12616 3.23866
threshold=1.0000000180025095e-35 0.098550000000000013 104.24500000000002 4.1500000000000012 1344.5000000000002 0.38035000000000008 108.67500000000003
decision_type=10 2 10 10 2 2 10
left_child=4 2 -2 -3 6 -6 -1
right_child=1 3 -4 -5 5 -7 -8
leaf_value=-0.0014976150508158759 0.00073881379947858062 0.0051696806405205405 -0.0039860712015016182 -0.00036211761486846567 -0.0013864867340534597 0.0019149552630988958 -0.0039367099651510381
leaf_weight=377 543 154 78 67 102 85 81
leaf_count=377 543 154 78 67 102 85 81
internal_value=0 0.00102391 0.000145345 0.0034926 -0.00133663 0.000114151 -0.00192899
internal_weight=1487 842 621 221 645 187 458
internal_count=1487 842 621 221 645 187 458
is_linear=0
shrinkage=0.0110667


Tree=29
num_leaves=4
num_cat=0
split_feature=3 8 2
split_gain=16.0322 25.6997 18.6452
threshold=162.44500000000002 0.97350000000000014 1.6162000000000003
decision_type=8 2 2
left_child=1 2 -1
right_child=-2 -3 -4
leaf_value=-0.00096190747082430643 -0.0062917362968654394 0.0076287779313551525 0.0017965025169813904
leaf_weight=944 48 55 440
leaf_count=944 48 55 440
internal_value=0 0.00020987 -8.4954e-05
internal_weight=1487 1439 1384
internal_count=1487 1439 1384
is_linear=0
shrinkage=0.0110667


Tree=30
num_leaves=4
num_cat=0
split_feature=3 8 2
split_gain=15.6793 25.134 18.2378
threshold=162.44500000000002 0.97350000000000014 1.3759500000000002
decision_type=8 2 2
left_child=1 2 -1
right_child=-2 -3 -4
leaf_value=-0.001036451118563227 -0.006222107351283185 0.0075443519192813519 0.0016104766003648442
leaf_weight=886 48 55 498
leaf_count=886 48 55 498
internal_value=0 0.000207548 -8.40138e-05
internal_weight=1487 1439 1384
internal_count=1487 1439 1384
is_linear=0
shrinkage=0.0110667


Tree=31
num_leaves=5
num_cat=0
split_feature=3 2 60 1
split_gain=15.3342 17.4676 10.0251 4.79925
threshold=162.44500000000002 1.3759500000000002 2.5000000000000004 0.099350000000000008
decision_type=8 2 2 2
left_child=1 3 -3 -1
right_child=-2 2 -4 -5
leaf_value=-0.0010216579164231173 -0.0061532488366063329 0.002633383730939025 -0.0011733586218463995 0.0012945220589335145
leaf_weight=798 48 407 107 127
leaf_count=798 48 407 107 127
internal_value=0 0.000205251 0.00184092 -0.000703649
internal_weight=1487 1439 514 925
internal_count=1487 1439 514 925
is_linear=0
shrinkage=0.0110667


Tree=32
num_leaves=6
num_cat=0
split_feature=0 4 1 8 22
split_gain=15.598 15.6847 10.0581 4.70316 4.82235
threshold=1.0000000180025095e-35 704.30000000000007 0.097650000000000015 0.60850000000000015 64.065000000000012
decision_type=10 10 2 2 8
left_child=3 2 -2 4 -1
right_child=1 -3 -4 -5 -6
leaf_value=0.002280789113233908 -0.00030168464869401873 0.0070683579348385277 0.0023082481093482992 -0.00373720178239954 -0.0012572909624493965
leaf_weight=52 514 49 279 84 509
leaf_count=52 514 49 279 84 509
internal_value=0 0.000992025 0.00061656 -0.00129502 -0.000929335
internal_weight=1487 842 793 645 561
internal_count=1487 842 793 645 561
is_linear=0
shrinkage=0.0110667


Tree=33
num_leaves=4
num_cat=0
split_feature=3 14 2
split_gain=15.013 24.3934 17.4106
threshold=162.44500000000002 1.0000000180025095e-35 1.6162000000000003
decision_type=8 2 2
left_child=1 -1 -3
right_child=-2 2 -4
leaf_value=0.0075002444876930445 -0.0060884603029249746 -0.00092949793442874103 0.0017339655012977445
leaf_weight=54 48 944 441
leaf_count=54 48 944 441
internal_value=0 0.00020309 -8.14181e-05
internal_weight=1487 1439 1385
internal_count=1487 1439 1385
is_linear=0
shrinkage=0.0110667


Tree=34
num_leaves=7
num_cat=0
split_feature=0 1 3 10 8 12
split_gain=15.0564 14.1508 11.6247 11.2431 4.66796 4.02938
threshold=1.0000000180025095e-35 0.098550000000000013 104.24500000000002 4.1500000000000012 0.60850000000000015 42.185000000000009
decision_type=10 2 10 10 2 10
left_child=4 2 -2 -3 5 -1
right_child=1 3 -4 -5 -6 -7
leaf_value=-0.0012592649335462338 0.00069265513514596704 0.005026028053528267 -0.0038762242422545126 -0.00040470874645478935 -0.0037053648867200577 0.0015964207813389801
leaf_weight=492 543 154 78 67 84 69
leaf_count=492 543 154 78 67 84 69
internal_value=0 0.000974651 0.000118781 0.00337959 -0.00127233 -0.000908025
internal_weight=1487 842 621 221 645 561
internal_count=1487 842 621 221 645 561
is_linear=0
shrinkage=0.0110667


Tree=35
num_leaves=4
num_cat=0
split_feature=3 8 2
split_gain=14.5818 23.9157 16.6797
threshold=162.44500000000002 0.97350000000000014 1.6162000000000003
decision_type=8 2 2
left_child=1 2 -1
right_child=-2 -3 -4
leaf_value=-0.00091370085850209031 -0.0060004019112921102 0.0073569402805838003 0.0016952750148678689
leaf_weight=944 48 55 440
leaf_count=944 48 55 440
internal_value=0 0.000200152 -8.42553e-05
internal_weight=1487 1439 1384
internal_count=1487 1439 1384
is_linear=0
shrinkage=0.0110667


Tree=36
num_leaves=6
num_cat=0
split_feature=0 4 16 8 38
split_gain=14.5355 14.9425 9.66963 4.63443 3.96067
threshold=1.0000000180025095e-35 704.30000000000007 0.10384500000000001 0.60850000000000015 2463.5000000000005
decision_type=10 10 10 2 2
left_child=3 2 -2 4 -1
right_child=1 -3 -4 -5 -6
leaf_value=-0.001301650819148793 -0.0024379597325954998 0.0068884650908082445 0.0010841827972261739 -0.0036744073365197996 0.0011988031079019038
leaf_weight=468 111 49 682 84 93
leaf_count=468 111 49 682 84 93
internal_value=0 0.000957641 0.000591168 -0.00125013 -0.000887131
internal_weight=1487 842 793 645 561
internal_count=1487 842 793 645 561
is_linear=0
shrinkage=0.0110667


Tree=37
num_leaves=4
num_cat=0
split_feature=3 4 6
split_gain=14.2813 22.965 16.0027
threshold=162.44500000000002 1025.4000000000003 30.060000000000006
decision_type=8 10 10
left_child=1 2 -1
right_child=-2 -3 -4
leaf_value=-0.0011264274063856341 -0.0059382429190706996 0.0064755805994963561 0.001297705211121153
leaf_weight=798 48 68 573
leaf_count=798 48 68 573
internal_value=0 0.000198079 -0.000113276
internal_weight=1487 1439 1371
internal_count=1487 1439 1371
is_linear=0
shrinkage=0.0110667


Tree=38
num_leaves=8
num_cat=0
split_feature=0 3 44 45 38 2 3
split_gain=14.0231 12.8109 26.7153 6.58149 4.36138 3.92311 2.9792
threshold=1.0000000180025095e-35 104.24500000000002 8.5000000000000018 5.8605000000000009 1344.5000000000002 0.38035000000000008 108.67500000000003
decision_type=10 8 2 8 2 2 10
left_child=4 2 -2 -3 6 -6 -1
right_child=1 3 -4 -5 5 -7 -8
leaf_value=-0.0013956490910608079 0.0095999051265877929 9.3926152691040321e-05 0.00089343692861677045 -0.0057025702147593966 -0.0012669838746550512 0.0019522013906578023 -0.0037350038360139544
leaf_weight=377 46 47 700 49 102 85 81
leaf_count=377 46 47 700 49 102 85 81
internal_value=0 0.00094061 0.0014303 -0.00286467 -0.0012279 0.000196265 -0.00180938
internal_weight=1487 842 746 96 645 187 458
internal_count=1487 842 746 96 645 187 458
is_linear=0
shrinkage=0.0110667


Tree=39
num_leaves=4
num_cat=0
split_feature=3 4 2
split_gain=13.8278 22.2622 16.5457
threshold=162.44500000000002 1025.4000000000003 1.3759500000000002
decision_type=8 10 2
left_child=1 2 -1
right_child=-2 -3 -4
leaf_value=-0.0010255385890027698 -0.0058432021651441228 0.0063756059214652803 0.0015056648928571642
leaf_weight=876 48 68 495
leaf_count=876 48 68 495
internal_value=0 0.000194909 -0.000111644
internal_weight=1487 1439 1371
internal_count=1487 1439 1371
is_linear=0
shrinkage=0.0110667


Tree=40
num_leaves=4
num_cat=0
split_feature=3 8 2
split_gain=13.5235 22.5059 15.3582
threshold=162.44500000000002 0.97350000000000014 1.6162000000000003
decision_type=8 2 2
left_child=1 2 -1
right_child=-2 -3 -4
leaf_value=-0.0008790555031329278 -0.0057785369725846447 0.0071353885508942897 0.0016244355406338441
leaf_weight=944 48 55 440
leaf_count=944 48 55 440
internal_value=0 0.000192752 -8.31456e-05
internal_weight=1487 1439 1384
internal_count=1487 1439 1384
is_linear=0
shrinkage=0.0110667


Tree=41
num_leaves=6
num_cat=0
split_feature=0 4 1 4 39
split_gain=13.365 13.8396 9.46404 4.82777 3.32256
threshold=1.0000000180025095e-35 704.30000000000007 0.098850000000000007 382.78000000000003 0.54055000000000009
decision_type=10 10 2 10 8
left_child=3 2 -2 4 -1
right_child=1 -3 -4 -5 -6
leaf_value=0.001029487060109073 -0.00010365437697622177 0.0066260261626390838 0.0027496176109593064 -0.0046139462435265495 -0.0012775284777992012
leaf_weight=90 607 49 186 47 508
leaf_count=90 607 49 186 47 508
internal_value=0 0.000918273 0.000565583 -0.00119874 -0.000930313
internal_weight=1487 842 793 645 598
internal_count=1487 842 793 645 598
is_linear=0
shrinkage=0.0110667


Tree=42
num_leaves=6
num_cat=0
split_feature=5 8 6 8 18
split_gain=13.1722 28.1945 12.1145 7.45904 4.40524
threshold=8.8545000000000016 0.79600000000000015 162.50000000000003 0.83200000000000007 0.019200000000000005
decision_type=8 2 10 2 10
left_child=3 2 -2 4 -1
right_child=1 -3 -4 -5 -6
leaf_value=-0.0019226202623905276 -0.00054142772910556068 0.0090417257138710287 0.0019919065815588639 -0.0060984948701782579 0.0017618650139788951
leaf_weight=231 789 46 327 46 48
leaf_count=231 789 46 327 46 48
internal_value=0 0.000550849 0.000200864 -0.0019695 -0.00128872
internal_weight=1487 1162 1116 325 279
internal_count=1487 1162 1116 325 279
is_linear=0
shrinkage=0.0110667


Tree=43
num_leaves=6
num_cat=0
split_feature=5 8 2 8 18
split_gain=12.8823 27.5739 12.7456 7.29485 4.30828
threshold=8.8545000000000016 0.79600000000000015 2.4690000000000007 0.83200000000000007 0.019200000000000005
decision_type=8 2 2 2 10
left_child=3 2 -2 4 -1
right_child=1 -3 -4 -5 -6
leaf_value=-0.0019013431230548866 -0.00052991243337686554 0.0089416631920151094 0.0021185190438200111 -0.0060310044475811462 0.001742366810229086
leaf_weight=231 809 46 307 46 48
leaf_count=231 809 46 307 46 48
internal_value=0 0.000544753 0.000198641 -0.0019477 -0.00127446
internal_weight=1487 1162 1116 325 279
internal_count=1487 1162 1116 325 279
is_linear=0
shrinkage=0.0110667


Tree=44
num_leaves=7
num_cat=0
split_feature=0 1 5 28 8 22
split_gain=12.6623 13.245 10.2775 10.241 4.51207 4.55876
threshold=1.0000000180025095e-35 0.098550000000000013 8.8545000000000016 461.50000000000006 0.60850000000000015 64.065000000000012
decision_type=10 2 8 8 2 8
left_child=4 2 -2 -3 5 -1
right_child=1 3 -4 -5 -6 -7
leaf_value=0.0023125365439211664 -0.0032432088650461619 0.0019990824634906249 0.00067833239877743699 0.0078671283910660503 -0.0035588577586128981 -0.0011274921792432048
leaf_weight=52 97 175 524 46 84 509
leaf_count=52 97 175 524 46 84 509
internal_value=0 0.000893807 6.57837e-05 0.0032205 -0.0011668 -0.000808625
internal_weight=1487 842 621 221 645 561
internal_count=1487 842 621 221 645 561
is_linear=0
shrinkage=0.0110667


Tree=45
num_leaves=4
num_cat=0
split_feature=3 8 44
split_gain=13.1745 21.6996 9.65622
threshold=162.44500000000002 0.97350000000000014 79.000000000000014
decision_type=8 2 2
left_child=1 2 -1
right_child=-2 -3 -4
leaf_value=-0.0017526612676751906 -0.005703497125789098 0.0070073838340523522 0.00043039988805538513
leaf_weight=324 48 55 1060
leaf_count=324 48 55 1060
internal_value=0 0.000190249 -8.06612e-05
internal_weight=1487 1439 1384
internal_count=1487 1439 1384
is_linear=0
shrinkage=0.0110667


Tree=46
num_leaves=4
num_cat=0
split_feature=3 14 0
split_gain=12.8845 21.1967 13.3855
threshold=162.44500000000002 1.0000000180025095e-35 85.100000000000009
decision_type=8 2 10
left_child=1 -1 -3
right_child=-2 2 -4
leaf_value=0.0069903778297722456 -0.0056403779384096219 -0.00074970153782063164 0.0016826594324908786
leaf_weight=54 48 1002 383
leaf_count=54 48 1002 383
internal_value=0 0.000188143 -7.7068e-05
internal_weight=1487 1439 1385
internal_count=1487 1439 1385
is_linear=0
shrinkage=0.0110667


Tree=47
num_leaves=4
num_cat=0
split_feature=3 8 2
split_gain=12.6009 20.7604 13.6852
threshold=162.44500000000002 0.97350000000000014 1.6162000000000003
decision_type=8 2 2
left_child=1 2 -1
right_child=-2 -3 -4
leaf_value=-0.00083022964056790019 -0.0055779572438539281 0.0068540315859501495 0.0015329701588747933
leaf_weight=944 48 55 440
leaf_count=944 48 55 440
internal_value=0 0.000186061 -7.8921e-05
internal_weight=1487 1439 1384
internal_count=1487 1439 1384
is_linear=0
shrinkage=0.0110667


Tree=48
num_leaves=7
num_cat=0
split_feature=1 8 21 4 4 0
split_gain=12.2483 11.2144 8.87266 11.1812 9.71388 5.49283
threshold=0.098750000000000018 0.60450000000000015 0.42950000000000005 106.89500000000001 382.78000000000003 20.850000000000005
decision_type=2 2 2 10 10 10
left_child=2 5 4 -4 -1 -2
right_child=1 -3 3 -5 -6 -7
leaf_value=-0.0012350933549662817 -0.00096475087960558748 0.0053195642747476731 -0.00038033856055919284 0.003373780652636884 -0.0066401147343597726 0.0024857649622299204
leaf_weight=355 121 87 658 114 46 106
leaf_count=355 121 87 658 114 46 106
internal_value=0 0.00194127 -0.000519658 0.000174022 -0.00185513 0.000646489
internal_weight=1487 314 1173 772 401 227
internal_count=1487 314 1173 772 401 227
is_linear=0
shrinkage=0.0110667


Tree=49
num_leaves=6
num_cat=0
split_feature=5 8 2 8 18
split_gain=12.0988 26.0414 11.7631 7.50989 4.10522
threshold=8.8545000000000016 0.79600000000000015 2.4690000000000007 0.83200000000000007 0.019200000000000005
decision_type=8 2 2 2 10
left_child=3 2 -2 4 -1
right_child=1 -3 -4 -5 -6
leaf_value=-0.0018163854804647917 -0.00050833737639246156 0.008688148476492118 0.0020359678522903634 -0.0060305945863400774 0.0017404211156506462
leaf_weight=231 809 46 307 46 48
leaf_count=231 809 46 307 46 48
internal_value=0 0.000527928 0.000191572 -0.00188755 -0.00120445
internal_weight=1487 1162 1116 325 279
internal_count=1487 1162 1116 325 279
is_linear=0
shrinkage=0.0110667


Tree=50
num_leaves=7
num_cat=0
split_feature=1 5 8 8 9 0
split_gain=11.8951 11.4099 10.8994 8.9988 7.74897 5.31935
threshold=0.098750000000000018 8.8545000000000016 0.60450000000000015 0.72600000000000009 1.0000000180025095e-35 20.850000000000005
decision_type=2 8 2 2 8 10
left_child=1 3 5 -1 -3 -2
right_child=2 4 -4 -5 -6 -7
leaf_value=-0.0015292131453844701 -0.00094897788937367534 0.0045161897924864934 0.0052435915059729976 -0.0066799882721032457 -0.00014697796659894887 0.0024466094296841652
leaf_weight=224 121 46 87 51 852 106
leaf_count=224 121 46 87 51 852 106
internal_value=0 -0.000512112 0.00191308 -0.00248446 9.18889e-05 0.000636612
internal_weight=1487 1173 314 275 898 227
internal_count=1487 1173 314 275 898 227
is_linear=0
shrinkage=0.0110667


Tree=51
num_leaves=7
num_cat=0
split_feature=1 5 9 8 9 30
split_gain=11.6333 11.1588 10.6617 8.80073 7.5784 4.88081
threshold=0.098750000000000018 8.8545000000000016 1.0000000180025095e-35 0.72600000000000009 1.0000000180025095e-35 37.730000000000011
decision_type=2 8 10 2 8 8
left_child=1 3 -2 -1 -3 -4
right_child=2 4 5 -5 -6 -7
leaf_value=-0.0015122897314968613 0.0066342617039908914 0.0044662103552529373 0.004208402222676026 -0.0066060625622908912 -0.00014535139984298928 0.00030861863215880651
leaf_weight=224 49 46 48 51 852 217
leaf_count=224 49 46 48 51 852 217
internal_value=0 -0.000506444 0.00189191 -0.00245696 9.0872e-05 0.00101501
internal_weight=1487 1173 314 275 898 265
internal_count=1487 1173 314 275 898 265
is_linear=0
shrinkage=0.0110667


Tree=52
num_leaves=4
num_cat=0
split_feature=3 4 0
split_gain=12.2091 20.3765 13.6701
threshold=162.44500000000002 1025.4000000000003 68.510000000000005
decision_type=8 8 10
left_child=1 2 -1
right_child=-2 -3 -4
leaf_value=-0.00083303537986166023 -0.0054905416373974029 0.005963678017147974 0.0015920069926132164
leaf_weight=964 48 71 404
leaf_count=964 48 71 404
internal_value=0 0.000183145 -0.000116866
internal_weight=1487 1439 1368
internal_count=1487 1439 1368
is_linear=0
shrinkage=0.0110667


Tree=53
num_leaves=4
num_cat=0
split_feature=3 4 2
split_gain=11.9403 19.928 13.4472
threshold=162.44500000000002 1025.4000000000003 1.0990500000000003
decision_type=8 8 2
left_child=1 2 -1
right_child=-2 -3 -4
leaf_value=-0.0010526890459639068 -0.0054297792222894187 0.0058976795965788422 0.0011691006027965572
leaf_weight=791 48 71 577
leaf_count=791 48 71 577
internal_value=0 0.000181118 -0.000115572
internal_weight=1487 1439 1368
internal_count=1487 1439 1368
is_linear=0
shrinkage=0.0110667


Tree=54
num_leaves=6
num_cat=0
split_feature=3 4 38 2 10
split_gain=11.7296 23.4424 17.352 14.3975 3.55802
threshold=104.90500000000002 1025.4000000000003 7.5000000000000009 1.0990500000000003 2.2500000000000004
decision_type=10 10 2 2 8
left_child=1 3 -2 -1 -4
right_child=2 -3 4 -5 -6
leaf_value=-0.0010421481703585408 -0.0082679376131498134 0.0069263748352751632 -0.0032576229777280985 0.0013801289392765331 0.00035631961414071963
leaf_weight=664 48 64 47 549 115
leaf_count=664 48 64 47 549 115
internal_value=0 0.000398584 -0.00242377 5.41642e-05 -0.00069215
internal_weight=1487 1277 210 1213 162
internal_count=1487 1277 210 1213 162
is_linear=0
shrinkage=0.0110667


Tree=55
num_leaves=4
num_cat=0
split_feature=3 14 2
split_gain=11.555 19.7838 12.1093
threshold=162.44500000000002 1.0000000180025095e-35 1.6162000000000003
decision_type=8 2 2
left_child=1 -1 -3
right_child=-2 2 -4
leaf_value=0.0067497826033049756 -0.0053414558640651659 -0.00078532206352196869 0.0014359308412909737
leaf_weight=54 48 944 441
leaf_count=54 48 944 441
internal_value=0 0.000178172 -7.80471e-05
internal_weight=1487 1439 1385
internal_count=1487 1439 1385
is_linear=0
shrinkage=0.0110667


Tree=56
num_leaves=6
num_cat=0
split_feature=3 8 14 2 81
split_gain=11.3264 28.0794 20.9995 12.2794 2.07683
threshold=104.90500000000002 0.99400000000000011 10.500000000000002 1.0990500000000003 0.58350000000000002
decision_type=10 2 2 2 2
left_child=1 3 -2 -1 -4
right_child=2 -3 4 -5 -6
leaf_value=-0.0009440573045550705 -0.0088989250232012276 0.0085210120815510642 0.00034038422277207075 0.0012806260874187755 -0.0023537370619868335
leaf_weight=673 47 50 112 554 51
leaf_count=673 47 50 112 554 51
internal_value=0 0.000391673 -0.00238175 6.04018e-05 -0.000502542
internal_weight=1487 1277 210 1227 163
internal_count=1487 1277 210 1227 163
is_linear=0
shrinkage=0.0110667


Tree=57
num_leaves=4
num_cat=0
split_feature=3 4 0
split_gain=11.1819 18.7274 12.472
threshold=162.44500000000002 1025.4000000000003 68.510000000000005
decision_type=8 8 10
left_child=1 2 -1
right_child=-2 -3 -4
leaf_value=-0.00079640814449386682 -0.0052545027375837132 0.0057169612626895875 0.0015199237614983052
leaf_weight=964 48 71 404
leaf_count=964 48 71 404
internal_value=0 0.000175272 -0.000112343
internal_weight=1487 1439 1368
internal_count=1487 1439 1368
is_linear=0
shrinkage=0.0110667


Tree=58
num_leaves=4
num_cat=0
split_feature=3 8 2
split_gain=10.9358 18.7419 11.3309
threshold=162.44500000000002 0.97350000000000014 1.6162000000000003
decision_type=8 2 2
left_child=1 2 -1
right_child=-2 -3 -4
leaf_value=-0.00076207753772474342 -0.0051963525234670713 0.0065088675983069272 0.0013882688118185803
leaf_weight=944 48 55 440
leaf_count=944 48 55 440
internal_value=0 0.000173332 -7.84391e-05
internal_weight=1487 1439 1384
internal_count=1487 1439 1384
is_linear=0
shrinkage=0.0110667


Tree=59
num_leaves=6
num_cat=0
split_feature=1 8 3 4 0
split_gain=11.0356 10.2719 10.047 9.25713 4.78733
threshold=0.098750000000000018 0.60450000000000015 149.86000000000004 1104.6350000000002 20.850000000000005
decision_type=2 2 8 8 10
left_child=2 4 3 -1 -2
right_child=1 -3 -4 -5 -6
leaf_value=-0.00050269687455482186 -0.00090072366143207911 0.0050758807047844093 -0.0054517108421559095 0.0042784534955910072 0.0023205857834939069
leaf_weight=1073 121 87 48 52 106
leaf_count=1073 121 87 48 52 106
internal_value=0 0.00184266 -0.000493262 -0.000281699 0.000603486
internal_weight=1487 314 1173 1125 227
internal_count=1487 314 1173 1125 227
is_linear=0
shrinkage=0.0110667


Tree=60
num_leaves=6
num_cat=0
split_feature=3 8 9 2 32
split_gain=10.6732 26.6401 20.2801 11.5679 1.93988
threshold=104.90500000000002 0.99400000000000011 0.066000000000000017 1.0990500000000003 -1.7209999999999999
decision_type=10 2 10 2 10
left_child=1 3 -2 -1 -4
right_child=2 -3 4 -5 -6
leaf_value=-0.0009173833953499711 -0.0086300944842403991 0.0082984645671718808 -0.0019385784235044458 0.0012418873626536459 0.00053860836583169273
leaf_weight=673 48 50 64 554 98
leaf_count=673 48 50 64 554 98
internal_value=0 0.000380211 -0.00231205 5.75414e-05 -0.000440013
internal_weight=1487 1277 210 1227 162
internal_count=1487 1277 210 1227 162
is_linear=0
shrinkage=0.0110667


Tree=61
num_leaves=8
num_cat=0
split_feature=1 5 7 7 11 14 41
split_gain=10.7354 10.2131 9.39751 21.9477 7.43925 6.40166 1.27823
threshold=0.098750000000000018 8.8545000000000016 9.861733803588459 10.836310409895582 0.10220700000000001 1.5000000000000002 1.0225000000000002
decision_type=2 8 10 10 8 2 2
left_child=1 5 6 -4 -3 -1 -2
right_child=2 4 3 -5 -6 -7 -8
leaf_value=-0.0050848113162845852 -0.0021342703008477249 0.0018167293590215326 0.0088426674074909804 0.00088412766936135255 -0.00050092206827038598 -0.0013090595104769316 0.00027483668258758502
leaf_weight=76 49 227 60 145 671 199 60
leaf_count=76 49 227 60 145 671 199 60
internal_value=0 -0.000486507 0.00181743 0.00321347 8.49394e-05 -0.00235255 -0.000808127
internal_weight=1487 1173 314 205 898 275 109
internal_count=1487 1173 314 205 898 275 109
is_linear=0
shrinkage=0.0110667


Tree=62
num_leaves=6
num_cat=0
split_feature=3 4 4 2 4
split_gain=10.41 28.9988 13.9619 11.6491 4.59419
threshold=99.995000000000019 631.3850000000001 910.24500000000012 2.4690000000000007 86.490000000000023
decision_type=10 8 10 2 10
left_child=1 3 4 -1 -2
right_child=2 -3 -4 -5 -6
leaf_value=-0.00052658366825285654 -0.0013037295758691419 0.0091668550637528413 -0.0072488082759128644 0.0021232592928184793 0.0021694414206157087
leaf_weight=755 307 46 46 278 55
leaf_count=755 307 46 46 278 55
internal_value=0 0.000569389 -0.00150581 0.000186536 -0.000776029
internal_weight=1487 1079 408 1033 362
internal_count=1487 1079 408 1033 362
is_linear=0
shrinkage=0.0110667


Tree=63
num_leaves=6
num_cat=0
split_feature=1 9 3 4 0
split_gain=10.4365 9.98737 9.60756 8.97833 4.46712
threshold=0.098750000000000018 1.0000000180025095e-35 149.86000000000004 1104.6350000000002 6.410000000000001
decision_type=2 10 8 8 10
left_child=2 -2 3 -1 -3
right_child=1 4 -4 -5 -6
leaf_value=-0.00049044645134400195 0.0063818841579524731 -0.00094769465500648201 -0.0053284755815446588 0.0042181545212779392 0.0020350342250552564
leaf_weight=1073 49 97 48 52 168
leaf_count=1073 49 97 48 52 168
internal_value=0 0.00179195 -0.000479686 -0.000272802 0.000943231
internal_weight=1487 314 1173 1125 265
internal_count=1487 314 1173 1125 265
is_linear=0
shrinkage=0.0110667


Tree=64
num_leaves=7
num_cat=0
split_feature=1 8 21 4 4 0
split_gain=10.2068 9.83788 7.65912 10.4361 9.863 4.50355
threshold=0.098750000000000018 0.60450000000000015 0.42950000000000005 382.78000000000003 106.89500000000001 20.850000000000005
decision_type=2 2 2 10 10 10
left_child=2 5 3 -1 -4 -2
right_child=1 -3 4 -5 -6 -7
leaf_value=-0.0010724919511087218 -0.00089954124256313951 0.0049362860844829508 -0.00035053655776927828 -0.0066748464724569858 0.0031753421181950937 0.0022248335229287141
leaf_weight=355 121 87 658 46 114 106
leaf_count=355 121 87 658 46 114 106
internal_value=0 0.00177212 -0.000474378 -0.00171516 0.00017012 0.000559404
internal_weight=1487 314 1173 401 772 227
internal_count=1487 314 1173 401 772 227
is_linear=0
shrinkage=0.0110667


Tree=65
num_leaves=6
num_cat=0
split_feature=5 44 0 49 5
split_gain=10.1211 13.5054 7.68068 5.41882 5.02137
threshold=8.8545000000000016 9.5000000000000018 82.52000000000001 1.0255000000000003 7.9435000000000011
decision_type=8 2 10 10 10
left_child=3 -2 -3 4 -1
right_child=1 2 -4 -5 -6
leaf_value=-0.0016516598002123785 0.0062305414396551604 -0.00043127205495141588 0.001502185949852571 0.0017489643868020973 -0.0056542002433111775
leaf_weight=232 48 730 384 47 46
leaf_count=232 48 730 384 47 46
internal_value=0 0.000482854 0.000235195 -0.00172639 -0.00231396
internal_weight=1487 1162 1114 325 278
internal_count=1487 1162 1114 325 278
is_linear=0
shrinkage=0.0110667


Tree=66
num_leaves=4
num_cat=0
split_feature=3 4 0
split_gain=10.0698 17.3421 10.9546
threshold=162.44500000000002 1025.4000000000003 29.100000000000005
decision_type=8 8 10
left_child=1 2 -1
right_child=-2 -3 -4
leaf_value=-0.00088473990362833682 -0.0049863671251360936 0.0054991117705813298 0.0011561709148115221
leaf_weight=849 48 71 519
leaf_count=849 48 71 519
internal_value=0 0.000166328 -0.000110445
internal_weight=1487 1439 1368
internal_count=1487 1439 1368
is_linear=0
shrinkage=0.0110667


Tree=67
num_leaves=7
num_cat=0
split_feature=1 9 21 6 20 27
split_gain=9.88835 9.6739 7.3422 8.41471 5.36416 5.16743
threshold=0.098750000000000018 1.0000000180025095e-35 0.42950000000000005 1359.5000000000002 0.044972100000000008 59.330000000000005
decision_type=2 10 2 8 8 8
left_child=2 -2 3 -1 -4 -3
right_child=1 5 4 -5 -6 -7
leaf_value=-0.0010766925857044641 0.0062615861108569863 0.0042808875738184395 -0.0028782823728819057 -0.0059293008325543425 0.00044381758006845822 0.00020069183667904451
leaf_weight=351 49 46 65 50 707 219
leaf_count=351 49 46 65 50 707 219
internal_value=0 0.00174426 -0.00046692 -0.00168176 0.000164103 0.000908964
internal_weight=1487 314 1173 401 772 265
internal_count=1487 314 1173 401 772 265
is_linear=0
shrinkage=0.0110667


Tree=68
num_leaves=6
num_cat=0
split_feature=3 9 14 2 9
split_gain=9.8641 25.8211 12.8861 5.97844 3.73323
threshold=99.995000000000019 1.0000000180025095e-35 1.5000000000000002 1.0990500000000003 30.611500000000003
decision_type=10 8 2 2 10
left_child=1 -1 -2 -3 -4
right_child=2 3 4 -5 -6
leaf_value=0.0068633057365280505 -0.0063967263256981847 -0.00073297494616237822 -0.0013592784120605695 0.00097529010275467388 0.0012346072464717618
leaf_weight=74 56 521 260 484 92
leaf_count=74 56 521 260 484 92
internal_value=0 0.000554259 -0.0014658 8.97087e-05 -0.000681322
internal_weight=1487 1079 408 1005 352
internal_count=1487 1079 408 1005 352
is_linear=0
shrinkage=0.0110667


Tree=69
num_leaves=4
num_cat=0
split_feature=3 8 2
split_gain=9.76694 17.1229 9.76241
threshold=162.44500000000002 0.97350000000000014 2.4690000000000007
decision_type=8 2 2
left_child=1 2 -1
right_child=-2 -3 -4
leaf_value=-0.00058035008236244107 -0.0049108133788787712 0.0062195181662938141 0.0016389172852966877
leaf_weight=1070 48 55 314
leaf_count=1070 48 55 314
internal_value=0 0.000163807 -7.68434e-05
internal_weight=1487 1439 1384
internal_count=1487 1439 1384
is_linear=0
shrinkage=0.0110667


Tree=70
num_leaves=6
num_cat=0
split_feature=3 8 14 2 68
split_gain=9.60499 24.7839 19.6023 10.0693 1.93384
threshold=104.90500000000002 0.99400000000000011 10.500000000000002 1.0990500000000003 1.6615000000000002
decision_type=10 2 2 2 8
left_child=1 3 -2 -1 -4
right_child=2 -3 4 -5 -6
leaf_value=-0.00086012495580878811 -0.0084899340745926422 0.0079980990011709122 0.00051817790599352769 0.0011544269501116472 -0.0019995738928102668
leaf_weight=673 47 50 105 554 58
leaf_count=673 47 50 105 554 58
internal_value=0 0.000360684 -0.0021933 4.94582e-05 -0.000377689
internal_weight=1487 1277 210 1227 163
internal_count=1487 1277 210 1227 163
is_linear=0
shrinkage=0.0110667


Tree=71
num_leaves=7
num_cat=0
split_feature=1 8 5 8 20 60
split_gain=9.52762 9.37162 9.25054 9.15774 6.73603 3.90547
threshold=0.098750000000000018 0.60450000000000015 8.8545000000000016 0.72600000000000009 0.077535350000000017 1.5000000000000002
decision_type=2 2 8 2 8 2
left_child=2 5 3 -1 -4 -2
right_child=1 -3 4 -5 -6 -7
leaf_value=-0.0012706112576322298 0.0015890672568697477 0.0048004236101452978 -0.0030442198518877543 -0.0064666701248006662 0.00037906385178575636 -0.0014582919332239012
leaf_weight=224 148 87 77 51 821 79
leaf_count=224 148 87 77 51 821 79
internal_value=0 0.00171215 -0.000458324 -0.00223426 8.5527e-05 0.000528518
internal_weight=1487 314 1173 275 898 227
internal_count=1487 314 1173 275 898 227
is_linear=0
shrinkage=0.0110667


Tree=72
num_leaves=4
num_cat=0
split_feature=3 4 0
split_gain=9.42381 16.5603 10.0759
threshold=162.44500000000002 1025.4000000000003 68.510000000000005
decision_type=8 8 10
left_child=1 2 -1
right_child=-2 -3 -4
leaf_value=-0.000724412984403228 -0.0048237797067721463 0.0053721046075430627 0.0013575642639855282
leaf_weight=964 48 71 404
leaf_count=964 48 71 404
internal_value=0 0.000160904 -0.000109558
internal_weight=1487 1439 1368
internal_count=1487 1439 1368
is_linear=0
shrinkage=0.0110667


Tree=73
num_leaves=6
num_cat=0
split_feature=3 4 4 2 4
split_gain=9.28815 26.7105 13.9824 10.2817 4.31065
threshold=99.995000000000019 631.3850000000001 910.24500000000012 2.4690000000000007 86.490000000000023
decision_type=10 8 10 2 10
left_child=1 3 4 -1 -2
right_child=2 -3 -4 -5 -6
leaf_value=-0.00049956210266050222 -0.0012032017905621206 0.008789114148699189 -0.0071695596388244888 0.001989902388790606 0.0021610875342024318
leaf_weight=755 307 46 46 278 55
leaf_count=755 307 46 46 278 55
internal_value=0 0.000537834 -0.00142236 0.000170397 -0.000692044
internal_weight=1487 1079 408 1033 362
internal_count=1487 1079 408 1033 362
is_linear=0
shrinkage=0.0110667


Tree=74
num_leaves=7
num_cat=0
split_feature=1 9 5 11 14 27
split_gain=9.22979 9.2292 8.9274 7.01692 6.07886 4.99684
threshold=0.098750000000000018 1.0000000180025095e-35 8.8545000000000016 0.10220700000000001 1.5000000000000002 59.330000000000005
decision_type=2 10 8 8 2 8
left_child=2 -2 4 -4 -1 -3
right_child=1 5 3 -5 -6 -7
leaf_value=-0.0048582232850107781 0.0060974522011502143 0.0041851018931149961 0.0017650792725085623 -0.00048582477691855552 -0.0011788975555718127 0.00017282081167287327
leaf_weight=76 49 46 227 671 199 219
leaf_count=76 49 46 227 671 199 219
internal_value=0 0.00168517 -0.000451103 8.31641e-05 -0.00219574 0.000869304
internal_weight=1487 314 1173 898 275 265
internal_count=1487 314 1173 898 275 265
is_linear=0
shrinkage=0.0110667


Tree=75
num_leaves=7
num_cat=0
split_feature=1 8 5 8 20 0
split_gain=9.02663 9.05218 8.7309 8.87357 6.60672 4.03459
threshold=0.098750000000000018 0.60450000000000015 8.8545000000000016 0.72600000000000009 0.077535350000000017 20.850000000000005
decision_type=2 2 8 2 8 10
left_child=2 5 3 -1 -4 -2
right_child=1 -3 4 -5 -6 -7
leaf_value=-0.0012228657176029238 -0.00087765292403091974 0.0047017112593134812 -0.0030173181208472989 -0.0063376721204016773 0.00037294953462782879 0.0020795790065481559
leaf_weight=224 121 87 77 51 821 106
leaf_count=224 121 87 77 51 821 106
internal_value=0 0.00166652 -0.000446111 -0.00217144 8.22437e-05 0.000503243
internal_weight=1487 314 1173 275 898 227
internal_count=1487 314 1173 275 898 227
is_linear=0
shrinkage=0.0110667


Tree=76
num_leaves=4
num_cat=0
split_feature=3 14 0
split_gain=9.10702 16.2725 8.37987
threshold=162.44500000000002 1.0000000180025095e-35 85.100000000000009
decision_type=8 2 10
left_child=1 -1 -3
right_child=-2 2 -4
leaf_value=0.0061181507993653579 -0.0047420081751682035 -0.00060640276787735472 0.0013181505973240693
leaf_weight=54 48 1002 383
leaf_count=54 48 1002 383
internal_value=0 0.000158177 -7.41954e-05
internal_weight=1487 1439 1385
internal_count=1487 1439 1385
is_linear=0
shrinkage=0.0110667


Tree=77
num_leaves=6
num_cat=0
split_feature=3 8 9 6 68
split_gain=8.94383 23.7201 18.8473 8.72751 2.01341
threshold=104.90500000000002 0.99400000000000011 0.066000000000000017 41.230000000000011 1.6615000000000002
decision_type=10 2 10 10 8
left_child=1 3 -2 -1 -4
right_child=2 -3 4 -5 -6
leaf_value=-0.00075553712875564051 -0.0082072353373319942 0.0078197517559514002 0.00057274012978776601 0.0011337016199669807 -0.0020326268017415239
leaf_weight=708 48 50 107 519 55
leaf_count=708 48 50 107 519 55
internal_value=0 0.000348049 -0.00211647 4.35759e-05 -0.000311778
internal_weight=1487 1277 210 1227 162
internal_count=1487 1277 210 1227 162
is_linear=0
shrinkage=0.0110667


Tree=78
num_leaves=4
num_cat=0
split_feature=3 4 0
split_gain=8.82321 15.8259 9.16515
threshold=162.44500000000002 1025.4000000000003 29.100000000000005
decision_type=8 8 10
left_child=1 2 -1
right_child=-2 -3 -4
leaf_value=-0.00081693958486871577 -0.0046675345919349196 0.0052500270295633665 0.0010498483807946739
leaf_weight=849 48 71 519
leaf_count=849 48 71 519
internal_value=0 0.000155693 -0.000108704
internal_weight=1487 1439 1368
internal_count=1487 1439 1368
is_linear=0
shrinkage=0.0110667


Tree=79
num_leaves=4
num_cat=0
split_feature=25 3 4
split_gain=8.73654 8.10903 9.11444
threshold=11.050000000000002 162.44500000000002 1104.6350000000002
decision_type=2 8 8
left_child=-1 2 -2
right_child=1 -3 -4
leaf_value=0.0038454551711874355 -0.00022854622551861853 -0.004707094060383373 0.0041139338287007913
leaf_weight=69 1309 47 62
leaf_count=69 1309 47 62
internal_value=0 -0.00018712 -3.21662e-05
internal_weight=1487 1418 1371
internal_count=1487 1418 1371
is_linear=0
shrinkage=0.0110667


Tree=80
num_leaves=6
num_cat=0
split_feature=3 4 4 2 4
split_gain=8.67038 25.1592 14.0072 9.54751 4.162
threshold=99.995000000000019 631.3850000000001 910.24500000000012 2.4690000000000007 85.430000000000021
decision_type=10 8 10 2 8
left_child=1 3 4 -1 -2
right_child=2 -3 -4 -5 -6
leaf_value=-0.00048256411091434883 -0.0011509194332560151 0.008527726231525699 -0.0071265511890082015 0.0019163742763173529 0.002130553481017915
leaf_weight=755 306 46 46 278 56
leaf_count=755 306 46 46 278 56
internal_value=0 0.00051964 -0.00137424 0.000163033 -0.000643279
internal_weight=1487 1079 408 1033 362
internal_count=1487 1079 408 1033 362
is_linear=0
shrinkage=0.0110667


Tree=81
num_leaves=7
num_cat=0
split_feature=1 9 5 20 5 27
split_gain=8.58574 8.84774 8.33752 6.50457 5.62879 4.83466
threshold=0.098750000000000018 1.0000000180025095e-35 8.8545000000000016 0.077535350000000017 7.9435000000000011 59.330000000000005
decision_type=2 10 8 8 10 8
left_child=2 -2 4 -4 -1 -3
right_child=1 5 3 -5 -6 -7
leaf_value=-0.0014022186736920867 0.0059454476260146997 0.0040880293438392635 -0.0029942715641607825 0.00036968448774773468 -0.0056083371978264346 0.0001413971476637092
leaf_weight=228 49 46 77 821 47 219
leaf_count=228 49 46 77 821 47 219
internal_value=0 0.00162531 -0.00043508 8.12348e-05 -0.00212109 0.000826485
internal_weight=1487 314 1173 898 275 265
internal_count=1487 314 1173 898 275 265
is_linear=0
shrinkage=0.0110667


Tree=82
num_leaves=6
num_cat=0
split_feature=13 9 6 32 36
split_gain=8.50456 19.5056 11.171 7.52101 4.63416
threshold=0.37950000000000006 1.0000000180025095e-35 320.50000000000006 0.89300000000000013 9.7508000000000035
decision_type=8 8 10 10 2
left_child=2 -2 4 -3 -1
right_child=1 3 -4 -5 -6
leaf_value=-0.00079216117837820619 0.0066719539987978608 -5.5076764171128312e-05 -0.0051765411120833927 0.0040447298081345093 0.0028848703075924978
leaf_weight=480 62 770 70 59 46
leaf_count=480 62 770 70 59 46
internal_value=0 0.000684502 -0.00102331 0.000236703 -0.00047059
internal_weight=1487 891 596 829 526
internal_count=1487 891 596 829 526
is_linear=0
shrinkage=0.0110667


Tree=83
num_leaves=6
num_cat=0
split_feature=3 4 4 2 4
split_gain=8.45038 24.4994 13.6832 9.33254 4.04364
threshold=99.995000000000019 631.3850000000001 910.24500000000012 2.4690000000000007 85.430000000000021
decision_type=10 8 10 2 8
left_child=1 3 4 -1 -2
right_child=2 -3 -4 -5 -6
leaf_value=-0.00047718270772680103 -0.0011346073020681426 0.0084153955477401874 -0.0070420760993465895 0.0018945948113516895 0.0020998683259586251
leaf_weight=755 306 46 46 278 56
leaf_count=755 306 46 46 278 56
internal_value=0 0.000513005 -0.0013567 0.000161105 -0.000634237
internal_weight=1487 1079 408 1033 362
internal_count=1487 1079 408 1033 362
is_linear=0
shrinkage=0.0110667


Tree=84
num_leaves=6
num_cat=0
split_feature=13 8 6 6 36
split_gain=8.25629 14.6069 11.8578 11.0674 4.5027
threshold=0.37950000000000006 0.75750000000000017 202.50000000000003 320.50000000000006 9.7508000000000035
decision_type=8 2 10 10 2
left_child=3 2 -2 4 -1
right_child=1 -3 -4 -5 -6
leaf_value=-0.00077508869277398851 -0.00046760420525145319 0.0064250579090275274 0.0025057543830442931 -0.0051421909541039187 0.0028494146446117656
leaf_weight=480 616 51 224 70 46
leaf_count=480 616 51 224 70 46
internal_value=0 0.000674436 0.000325288 -0.00100826 -0.000458111
internal_weight=1487 891 840 596 526
internal_count=1487 891 840 596 526
is_linear=0
shrinkage=0.0110667


Tree=85
num_leaves=6
num_cat=0
split_feature=1 9 3 4 27
split_gain=8.31841 8.5863 7.78689 7.66347 4.67555
threshold=0.098750000000000018 1.0000000180025095e-35 149.86000000000004 1104.6350000000002 59.330000000000005
decision_type=2 10 8 8 8
left_child=2 -2 3 -1 -3
right_child=1 4 -4 -5 -6
leaf_value=-0.00044307717080084656 0.0058556376566054743 0.004020298179986944 -0.0047935011268503769 0.0039070994599673696 0.00013915123392002152
leaf_weight=1073 49 46 48 52 219
leaf_count=1073 49 46 48 52 219
internal_value=0 0.00159981 -0.000428253 -0.000241999 0.000812872
internal_weight=1487 314 1173 1125 265
internal_count=1487 314 1173 1125 265
is_linear=0
shrinkage=0.0110667


Tree=86
num_leaves=4
num_cat=0
split_feature=25 3 7
split_gain=8.21662 7.64382 7.21778
threshold=11.050000000000002 162.44500000000002 8.9036784096479362
decision_type=2 8 10
left_child=-1 2 -2
right_child=1 -3 -4
leaf_value=0.0037292768552883758 -0.0012646587835129434 -0.004569873656762642 0.00049163521129966692
leaf_weight=69 408 47 963
leaf_count=69 408 47 963
internal_value=0 -0.000181467 -3.10232e-05
internal_weight=1487 1418 1371
internal_count=1487 1418 1371
is_linear=0
shrinkage=0.0110667


Tree=87
num_leaves=7
num_cat=0
split_feature=3 11 7 14 46 20
split_gain=8.08255 19.3436 47.5922 11.9921 5.66732 3.42323
threshold=99.995000000000019 1.0000000180025095e-35 10.324523444317533 1.5000000000000002 12.500000000000002 5.4095450000000005
decision_type=10 8 10 2 2 8
left_child=1 2 -1 -2 -3 -5
right_child=3 4 -4 5 -6 -7
leaf_value=0.00048325997213636012 -0.0060836545337955529 0.00064966251363623463 0.013377209225817099 -0.0032522311349197906 -0.0011168493221384837 -0.00012598888388452118
leaf_weight=138 56 478 47 50 416 302
leaf_count=138 56 478 47 50 416 302
internal_value=0 0.000501716 0.00375904 -0.00132684 -0.000172335 -0.000570067
internal_weight=1487 1079 185 408 894 352
internal_count=1487 1079 185 408 894 352
is_linear=0
shrinkage=0.0110667


Tree=88
num_leaves=6
num_cat=0
split_feature=1 8 3 4 53
split_gain=7.99476 8.36225 7.41031 7.34938 3.77019
threshold=0.098750000000000018 0.60450000000000015 149.86000000000004 1104.6350000000002 0.13050000000000003
decision_type=2 2 8 8 10
left_child=2 4 3 -1 -2
right_child=1 -3 -4 -5 -6
leaf_value=-0.00043505920672512249 -0.00052172527540314052 0.0044856088773541662 -0.004678225193610097 0.0038250389127293606 0.002542926240857047
leaf_weight=1073 155 87 48 52 72
leaf_count=1073 155 87 48 52 72
internal_value=0 0.00156838 -0.000419839 -0.000238145 0.000450308
internal_weight=1487 314 1173 1125 227
internal_count=1487 314 1173 1125 227
is_linear=0
shrinkage=0.0110667


Tree=89
num_leaves=6
num_cat=0
split_feature=5 9 14 54 18
split_gain=7.99065 17.6465 5.84633 4.41581 4.21258
threshold=8.8545000000000016 1.0000000180025095e-35 1.5000000000000002 0.20880000000000001 0.019200000000000005
decision_type=8 8 2 2 10
left_child=2 -2 -1 -3 -4
right_child=1 3 4 -5 -6
leaf_value=-0.0039889610386026446 0.0059865307642176461 0.00088281116408075132 -0.0013862286852009693 -0.00053147995418447575 0.0022550322410489084
leaf_weight=87 66 485 189 611 49
leaf_count=87 66 485 189 611 49
internal_value=0 0.000429036 -0.00153397 9.43667e-05 -0.000636544
internal_weight=1487 1162 325 1096 238
internal_count=1487 1162 325 1096 238
is_linear=0
shrinkage=0.0110667


Tree=90
num_leaves=6
num_cat=0
split_feature=3 9 44 3 0
split_gain=7.83659 21.8876 9.31925 4.64461 3.76064
threshold=99.995000000000019 1.0000000180025095e-35 7.5000000000000009 34.320000000000007 95.590000000000018
decision_type=10 8 2 8 10
left_child=1 -1 -2 -3 -4
right_child=2 3 4 -5 -6
leaf_value=0.0063026715233399991 -0.004719724505455926 -0.0016069680016361537 -0.00096994007832813811 0.00040458239803995935 0.0024112826175219271
leaf_weight=74 79 169 282 836 47
leaf_count=74 79 169 282 836 47
internal_value=0 0.000494023 -0.0013065 6.63185e-05 -0.000486898
internal_weight=1487 1079 408 1005 329
internal_count=1487 1079 408 1005 329
is_linear=0
shrinkage=0.0110667


Tree=91
num_leaves=4
num_cat=0
split_feature=25 3 4
split_gain=7.8587 7.22769 8.21645
threshold=11.050000000000002 162.44500000000002 1104.6350000000002
decision_type=2 8 8
left_child=-1 2 -2
right_child=1 -3 -4
leaf_value=0.0036471467448122062 -0.00021763437351436199 -0.0044447526781211232 0.003905380315565983
leaf_weight=69 1309 47 62
leaf_count=69 1309 47 62
internal_value=0 -0.000177471 -3.11791e-05
internal_weight=1487 1418 1371
internal_count=1487 1418 1371
is_linear=0
shrinkage=0.0110667


Tree=92
num_leaves=7
num_cat=0
split_feature=13 11 7 2 23 2
split_gain=7.75505 12.7566 33.1931 11.4587 8.54226 3.72425
threshold=0.37950000000000006 0.051112000000000012 10.324523444317533 3.4177000000000004 62.985000000000007 1.2263000000000004
decision_type=8 8 10 2 8 2
left_child=3 2 -2 5 -3 -1
right_child=1 4 -4 -5 -6 -7
leaf_value=-0.00072402900284343334 -1.2374486761786792e-05 0.00036792773607268592 0.009128918756996689 -0.0050844455678969655 -0.003387013905665807 0.0023202489460166318
leaf_weight=468 150 584 72 73 85 55
leaf_count=468 150 584 72 73 85 55
internal_value=0 0.000653643 0.00295235 -0.000977175 -0.000109153 -0.000403879
internal_weight=1487 891 222 596 669 523
internal_count=1487 891 222 596 669 523
is_linear=0
shrinkage=0.0110667


Tree=93
num_leaves=8
num_cat=0
split_feature=1 7 7 5 20 14 57
split_gain=7.65985 8.04304 20.0334 7.49496 6.43411 5.65906 0.74884
threshold=0.098750000000000018 9.861733803588459 10.836310409895582 8.8545000000000016 0.077535350000000017 1.5000000000000002 2.4585000000000004
decision_type=2 10 10 8 8 2 8
left_child=3 6 -3 5 -5 -1 -2
right_child=1 2 -4 4 -6 -7 -8
leaf_value=-0.0045784060172005354 -0.001872012826271835 0.0082048042526265807 0.00060125830979191437 -0.0029802228869060688 0.00036546315658188207 -0.0010284014568572311 -3.3603563612615126e-05
leaf_weight=76 51 60 145 77 821 199 58
leaf_count=76 51 60 145 77 821 199 58
internal_value=0 0.00153518 0.0028267 -0.000410951 7.858e-05 -0.00200951 -0.000893806
internal_weight=1487 314 205 1173 898 275 109
internal_count=1487 314 205 1173 898 275 109
is_linear=0
shrinkage=0.0110667


Tree=94
num_leaves=6
num_cat=0
split_feature=3 8 9 2 10
split_gain=7.55765 21.191 17.8961 8.00066 2.17213
threshold=104.90500000000002 0.99400000000000011 0.066000000000000017 1.0990500000000003 4.5500000000000007
decision_type=10 2 10 2 8
left_child=1 3 -2 -1 -4
right_child=2 -3 4 -5 -6
leaf_value=-0.00077862812935891622 -0.0078806294812148077 0.0073821031041415583 -0.0021618740052764328 0.0010171080782495482 0.00064450621589133496
leaf_weight=673 48 50 48 554 114
leaf_count=673 48 50 48 554 114
internal_value=0 0.000319942 -0.00194555 3.2158e-05 -0.000186994
internal_weight=1487 1277 210 1227 162
internal_count=1487 1277 210 1227 162
is_linear=0
shrinkage=0.0110667


Tree=95
num_leaves=5
num_cat=0
split_feature=25 5 8 8
split_gain=7.47749 6.34998 7.54986 6.97872
threshold=11.050000000000002 8.8545000000000016 0.83200000000000007 0.71050000000000002
decision_type=2 8 2 2
left_child=-1 2 -2 -3
right_child=1 3 -4 -5
leaf_value=0.0035575891578724437 -0.00084674641671056341 -2.0028059602808368e-05 -0.005686939379907721 0.0033557108591775052
leaf_weight=69 278 1013 46 81
leaf_count=69 278 1013 46 81
internal_value=0 -0.000173113 -0.00153394 0.000229909
internal_weight=1487 1418 324 1094
internal_count=1487 1418 324 1094
is_linear=0
shrinkage=0.0110667


Tree=96
num_leaves=4
num_cat=0
split_feature=3 8 0
split_gain=7.38724 13.7972 6.89956
threshold=162.44500000000002 0.97350000000000014 85.100000000000009
decision_type=8 2 10
left_child=1 2 -1
right_child=-2 -3 -4
leaf_value=-0.00055689264252663023 -0.0042708595986431751 0.0055783658697921923 0.0011896617965229624
leaf_weight=1001 48 55 383
leaf_count=1001 48 55 383
internal_value=0 0.000142461 -7.35591e-05
internal_weight=1487 1439 1384
internal_count=1487 1439 1384
is_linear=0
shrinkage=0.0110667


Tree=97
num_leaves=6
num_cat=0
split_feature=3 4 4 2 4
split_gain=7.29332 21.9578 13.7041 8.51331 3.835
threshold=99.995000000000019 631.3850000000001 910.24500000000012 2.4690000000000007 85.430000000000021
decision_type=10 8 10 2 8
left_child=1 3 4 -1 -2
right_child=2 -3 -4 -5 -6
leaf_value=-0.00046618463786078174 -0.001024675626811316 0.0079578552952137786 -0.006950123821317605 0.0017991013379071489 0.0021252526704546738
leaf_weight=755 306 46 46 278 56
leaf_count=755 306 46 46 278 56
internal_value=0 0.000476591 -0.0012604 0.000143444 -0.000537385
internal_weight=1487 1079 408 1033 362
internal_count=1487 1079 408 1033 362
is_linear=0
shrinkage=0.0110667


Tree=98
num_leaves=7
num_cat=0
split_feature=1 8 5 8 11 53
split_gain=7.30461 7.8363 7.09497 8.6869 6.18236 3.7594
threshold=0.098750000000000018 0.60450000000000015 8.8545000000000016 0.72600000000000009 0.10220700000000001 0.13050000000000003
decision_type=2 2 8 2 8 10
left_child=2 5 3 -1 -4 -2
right_child=1 -3 4 -5 -6 -7
leaf_value=-0.0010180782057083062 -0.00055382423356707634 0.0043231550462239036 0.0016537106262162935 -0.0060787956471583197 -0.00045910053006273724 0.0025064382530688135
leaf_weight=224 155 87 227 51 671 72
leaf_count=224 155 87 227 51 671 72
internal_value=0 0.00149916 -0.000401309 -0.00195662 7.49806e-05 0.000416817
internal_weight=1487 314 1173 275 898 227
internal_count=1487 314 1173 275 898 227
is_linear=0
shrinkage=0.0110667


Tree=99
num_leaves=5
num_cat=0
split_feature=12 0 4 4
split_gain=7.21242 7.27241 16.2282 14.2274
threshold=75.030000000000015 1268.0000000000002 251.88500000000002 382.78000000000003
decision_type=10 8 10 10
left_child=1 2 -1 -3
right_child=-2 3 -4 -5
leaf_value=-0.00017283454464643024 0.0036950158744946319 -0.00037231256676897206 0.0050439804803322158 -0.0070956825381590059
leaf_weight=1146 62 149 78 52
leaf_count=1146 62 149 78 52
internal_value=0 -0.000160766 0.000159607 -0.00211171
internal_weight=1487 1425 1224 201
internal_count=1487 1425 1224 201
is_linear=0
shrinkage=0.0110667


Tree=100
num_leaves=4
num_cat=0
split_feature=3 4 31
split_gain=7.14006 13.582 8.42232
threshold=162.44500000000002 1025.4000000000003 0.033000000000000008
decision_type=8 10 8
left_child=1 2 -1
right_child=-2 -3 -4
leaf_value=-0.0038109741223397854 -0.004198797543756674 0.0049677113897544575 0.00010332061614130926
leaf_weight=71 48 68 1300
leaf_count=71 48 68 1300
internal_value=0 0.000140057 -9.93867e-05
internal_weight=1487 1439 1371
internal_count=1487 1439 1371
is_linear=0
shrinkage=0.0110667


Tree=101
num_leaves=4
num_cat=0
split_feature=25 3 4
split_gain=7.17642 6.55235 7.66723
threshold=11.050000000000002 162.44500000000002 1104.6350000000002
decision_type=2 8 8
left_child=-1 2 -2
right_child=1 -3 -4
leaf_value=0.0034852318961535785 -0.00021041839545425699 -0.00423262236257762 0.0037724140124877157
leaf_weight=69 1309 47 62
leaf_count=69 1309 47 62
internal_value=0 -0.000169592 -3.03025e-05
internal_weight=1487 1418 1371
internal_count=1487 1418 1371
is_linear=0
shrinkage=0.0110667


Tree=102
num_leaves=6
num_cat=0
split_feature=13 9 2 2 2
split_gain=7.06493 16.759 11.5587 7.23676 3.42757
threshold=0.37950000000000006 1.0000000180025095e-35 3.4177000000000004 2.4690000000000007 1.2263000000000004
decision_type=8 8 2 2 2
left_child=2 -2 4 -3 -1
right_child=1 3 -4 -5 -6
leaf_value=-0.00066402325949280823 0.006173796085303245 -0.00044541569273862032 -0.0050578463465034791 0.0018429936549738584 0.0022564845385554069
leaf_weight=468 62 592 73 237 55
leaf_count=468 62 592 73 237 55
internal_value=0 0.000623882 -0.000932683 0.000208806 -0.000356889
internal_weight=1487 891 596 829 523
internal_count=1487 891 596 829 523
is_linear=0
shrinkage=0.0110667


Tree=103
num_leaves=6
num_cat=0
split_feature=1 9 3 4 27
split_gain=7.01959 7.77289 6.4326 6.49115 4.42645
threshold=0.098750000000000018 1.0000000180025095e-35 149.86000000000004 1104.6350000000002 59.330000000000005
decision_type=2 10 8 8 8
left_child=2 -2 3 -1 -3
right_child=1 4 -4 -5 -6
leaf_value=-0.00040917746503764927 0.0055188462450791601 0.0038416951016387764 -0.0043609307054555775 0.0035944611208773452 6.5351239499824559e-05
leaf_weight=1073 49 46 48 52 219
leaf_count=1073 49 46 48 52 219
internal_value=0 0.00146962 -0.000393402 -0.000224118 0.00072088
internal_weight=1487 314 1173 1125 265
internal_count=1487 314 1173 1125 265
is_linear=0
shrinkage=0.0110667


Tree=104
num_leaves=5
num_cat=0
split_feature=12 0 4 4
split_gain=6.94343 7.14735 15.455 14.2421
threshold=75.030000000000015 1268.0000000000002 251.88500000000002 382.78000000000003
decision_type=10 8 10 10
left_child=1 2 -1 -3
right_child=-2 3 -4 -5
leaf_value=-0.00016455868345373982 0.0036254594159978275 -0.00035153989580060285 0.0049264674790448259 -0.0070783880761667375
leaf_weight=1146 62 149 78 52
leaf_count=1146 62 149 78 52
internal_value=0 -0.000157739 0.000159867 -0.00209184
internal_weight=1487 1425 1224 201
internal_count=1487 1425 1224 201
is_linear=0
shrinkage=0.0110667


Tree=105
num_leaves=4
num_cat=0
split_feature=25 3 16
split_gain=6.89624 6.2509 5.99838
threshold=11.050000000000002 162.44500000000002 0.10384500000000001
decision_type=2 8 10
left_child=-1 2 -2
right_child=1 -3 -4
leaf_value=0.0034165217286730681 -0.0013649805169717079 -0.0041347150740822193 0.00037124310650213865
leaf_weight=69 317 47 1054
leaf_count=69 317 47 1054
internal_value=0 -0.000166248 -3.02008e-05
internal_weight=1487 1418 1371
internal_count=1487 1418 1371
is_linear=0
shrinkage=0.0110667


Tree=106
num_leaves=6
num_cat=0
split_feature=3 4 4 8 4
split_gain=6.79117 20.582 13.3431 6.20062 3.75956
threshold=99.995000000000019 631.3850000000001 910.24500000000012 0.55350000000000021 85.430000000000021
decision_type=10 8 10 2 8
left_child=1 3 4 -1 -2
right_child=2 -3 -4 -5 -6
leaf_value=-0.0007242135698583875 -0.00098528178078718747 0.007702991169960551 -0.0068305221850401537 0.00099061978902555722 0.0021335095957180704
leaf_weight=514 306 46 46 519 56
leaf_count=514 306 46 46 519 56
internal_value=0 0.000459892 -0.00121623 0.00013735 -0.000502808
internal_weight=1487 1079 408 1033 362
internal_count=1487 1079 408 1033 362
is_linear=0
shrinkage=0.0110667


Tree=107
num_leaves=4
num_cat=0
split_feature=12 3 4
split_gain=6.7595 6.00101 12.6599
threshold=75.030000000000015 162.44500000000002 1104.6350000000002
decision_type=10 8 10
left_child=1 2 -1
right_child=-2 -3 -4
leaf_value=-0.00025390095774636349 0.0035771183489941146 -0.0040021831863073561 0.0048245892892657249
leaf_weight=1314 62 48 63
leaf_count=1314 62 48 63
internal_value=0 -0.000155636 -2.15494e-05
internal_weight=1487 1425 1377
internal_count=1487 1425 1377
is_linear=0
shrinkage=0.0110667


Tree=108
num_leaves=6
num_cat=0
split_feature=13 9 2 2 2
split_gain=6.72769 16.0112 11.3852 6.96163 3.25462
threshold=0.37950000000000006 1.0000000180025095e-35 3.4177000000000004 2.4690000000000007 1.2263000000000004
decision_type=8 8 2 2 2
left_child=2 -2 4 -3 -1
right_child=1 3 -4 -5 -6
leaf_value=-0.00063798042914354428 0.0060334891698055216 -0.00043856482143123608 -0.0050042311472259437 0.0018059222518753994 0.0022078907944749534
leaf_weight=468 62 592 73 237 55
leaf_count=468 62 592 73 237 55
internal_value=0 0.00060881 -0.000910151 0.0002031 -0.000338695
internal_weight=1487 891 596 829 523
internal_count=1487 891 596 829 523
is_linear=0
shrinkage=0.0110667


Tree=109
num_leaves=4
num_cat=0
split_feature=25 3 4
split_gain=6.67852 5.9335 7.19298
threshold=11.050000000000002 162.44500000000002 1104.6350000000002
decision_type=2 8 8
left_child=-1 2 -2
right_child=1 -3 -4
leaf_value=0.0033621571228677366 -0.00020551108619415087 -0.0040300037729570125 0.0036521796286208214
leaf_weight=69 1309 47 62
leaf_count=69 1309 47 62
internal_value=0 -0.000163603 -3.10544e-05
internal_weight=1487 1418 1371
internal_count=1487 1418 1371
is_linear=0
shrinkage=0.0110667


Tree=110
num_leaves=7
num_cat=0
split_feature=1 9 3 14 2 27
split_gain=6.63729 7.47593 5.98771 11.6558 5.62024 4.23403
threshold=0.098750000000000018 1.0000000180025095e-35 119.44000000000001 36.000000000000007 2.5336000000000003 59.330000000000005
decision_type=2 10 10 2 2 8
left_child=2 -2 4 -4 -1 -3
right_child=1 5 3 -5 -6 -7
leaf_value=-0.0005335855071262126 0.0054001640151947966 0.0037469698444751189 -0.0070948661226503933 0.00011799764370344213 0.0014603852447543609 5.3620277580848306e-05
leaf_weight=841 49 46 46 68 218 219
leaf_count=841 49 46 46 68 218 219
internal_value=0 0.00142904 -0.000382539 -0.00279243 -0.000123114 0.000694742
internal_weight=1487 314 1173 114 1059 265
internal_count=1487 314 1173 114 1059 265
is_linear=0
shrinkage=0.0110667


Tree=111
num_leaves=6
num_cat=0
split_feature=13 9 2 2 2
split_gain=6.49676 15.5575 11.1793 6.70985 3.15872
threshold=0.37950000000000006 1.0000000180025095e-35 3.4177000000000004 2.4690000000000007 1.2263000000000004
decision_type=8 8 2 2 2
left_child=2 -2 4 -3 -1
right_child=1 3 -4 -5 -6
leaf_value=-0.000622969892444645 0.0059455433860617479 -0.00043160570110812506 -0.0049512946166946617 0.0017719197887830929 0.0021806586210031966
leaf_weight=468 62 592 73 237 55
leaf_count=468 62 592 73 237 55
internal_value=0 0.000598269 -0.000894393 0.000198349 -0.000328127
internal_weight=1487 891 596 829 523
internal_count=1487 891 596 829 523
is_linear=0
shrinkage=0.0110667


Tree=112
num_leaves=6
num_cat=0
split_feature=5 8 8 30 58
split_gain=6.49952 16.8572 7.50032 5.26192 2.01795
threshold=8.8545000000000016 0.79600000000000015 0.83200000000000007 24.155000000000005 0.41600000000000009
decision_type=8 2 2 8 10
left_child=2 3 4 -2 -1
right_child=1 -3 -4 -5 -6
leaf_value=-0.0011244300083146602 0.003076436057554398 0.0069523564737691366 -0.0055238590158850779 -7.8756698901455809e-05 0.0013902334869920806
leaf_weight=232 69 46 46 1047 47
leaf_count=232 69 46 46 1047 47
internal_value=0 0.00038694 -0.00138346 0.00011632 -0.000700801
internal_weight=1487 1162 325 1116 279
internal_count=1487 1162 325 1116 279
is_linear=0
shrinkage=0.0110667


Tree=113
num_leaves=8
num_cat=0
split_feature=1 7 7 5 8 20 41
split_gain=6.44947 7.40476 18.9235 6.30683 8.26363 6.41654 1.46373
threshold=0.098750000000000018 9.861733803588459 10.836310409895582 8.8545000000000016 0.72600000000000009 0.077535350000000017 1.0225000000000002
decision_type=2 10 10 8 2 8 2
left_child=3 6 -3 4 -1 -5 -2
right_child=1 2 -4 5 -6 -7 -8
leaf_value=-0.00092807934628719169 -0.0023410491445347379 0.0078748865818849857 0.00048497783400150587 -0.002982654209937572 -0.0058639662620728807 0.00035846031613236514 0.00023694747339476918
leaf_weight=224 49 60 145 77 51 821 60
leaf_count=224 49 60 145 77 51 821 60
internal_value=0 0.00140867 0.00264789 -0.000377088 -0.00184347 7.19692e-05 -0.000921939
internal_weight=1487 314 205 1173 275 898 109
internal_count=1487 314 205 1173 275 898 109
is_linear=0
shrinkage=0.0110667


Tree=114
num_leaves=4
num_cat=0
split_feature=25 16 0
split_gain=6.31701 5.08767 4.96795
threshold=11.050000000000002 0.00018100000000000004 1.0000000180025095e-35
decision_type=2 8 10
left_child=-1 -2 -3
right_child=1 2 -4
leaf_value=0.0032698942655010718 -0.0037005606084081696 -0.00080586114995293435 0.00054112086800474737
leaf_weight=69 48 586 784
leaf_count=69 48 586 784
internal_value=0 -0.000159113 -3.50311e-05
internal_weight=1487 1418 1370
internal_count=1487 1418 1370
is_linear=0
shrinkage=0.0110667


Tree=115
num_leaves=5
num_cat=0
split_feature=12 0 73 7
split_gain=6.24642 6.61015 10.9888 6.38593
threshold=75.030000000000015 1268.0000000000002 54.921959014286351 8.7443140846524283
decision_type=10 8 8 10
left_child=1 3 -3 -1
right_child=-2 2 -4 -5
leaf_value=-0.0011905602475816045 0.0034386790207297639 0.0026742692153891223 -0.00343911996961307 0.00063041006839158881
leaf_weight=319 62 47 154 905
leaf_count=319 62 47 154 905
internal_value=0 -0.000149613 -0.0020096 0.000155824
internal_weight=1487 1425 201 1224
internal_count=1487 1425 201 1224
is_linear=0
shrinkage=0.0110667


Tree=116
num_leaves=7
num_cat=0
split_feature=1 28 5 20 5 27
split_gain=6.18667 7.27718 6.03437 6.2944 5.40253 4.39777
threshold=0.098750000000000018 648.50000000000011 8.8545000000000016 0.077535350000000017 7.9435000000000011 59.770000000000003
decision_type=2 8 8 8 10 8
left_child=2 5 4 -4 -1 -2
right_child=1 -3 3 -5 -6 -7
leaf_value=-0.0010994078502451737 0.0036182619403891071 0.004709470774891822 -0.0029554872052560085 0.00035367634482441802 -0.0052201193502638679 -0.00016974573796496329
leaf_weight=228 46 64 77 821 47 204
leaf_count=228 46 64 77 821 47 204
internal_value=0 0.00137968 -0.000369325 6.99249e-05 -0.00180369 0.000527235
internal_weight=1487 314 1173 898 275 250
internal_count=1487 314 1173 898 275 250
is_linear=0
shrinkage=0.0110667


Tree=117
num_leaves=6
num_cat=0
split_feature=3 8 8 2 41
split_gain=6.21357 19.1219 17.1337 6.51822 1.34679
threshold=104.90500000000002 0.99400000000000011 0.59550000000000003 1.0990500000000003 1.0595000000000001
decision_type=10 2 2 2 2
left_child=1 3 4 -1 -2
right_child=2 -3 -4 -5 -6
leaf_value=-0.00071509883095623443 -0.0011828433700107333 0.0069986200854109237 -0.0073455708685787593 0.00090575678224245372 0.00088422537947011829
leaf_weight=673 66 50 51 554 93
leaf_count=673 66 50 51 554 93
internal_value=0 0.000290101 -0.00176409 1.67274e-05 2.61764e-05
internal_weight=1487 1277 210 1227 159
internal_count=1487 1277 210 1227 159
is_linear=0
shrinkage=0.0110667


Tree=118
num_leaves=5
num_cat=0
split_feature=25 5 15 6
split_gain=6.06474 5.0649 6.31936 4.46618
threshold=11.050000000000002 8.8545000000000016 0.71400000000000008 289.50000000000006
decision_type=2 8 2 8
left_child=-1 3 -3 -2
right_child=1 2 -4 -5
leaf_value=0.0032039365527046187 -0.00080313592434936676 -0.0035610888890515815 0.00039193230507674458 -0.004342929380394359
leaf_weight=69 272 52 1042 52
leaf_count=69 272 52 1042 52
internal_value=0 -0.000155904 0.000204034 -0.00137126
internal_weight=1487 1418 1094 324
internal_count=1487 1418 1094 324
is_linear=0
shrinkage=0.0110667


Tree=119
num_leaves=6
num_cat=0
split_feature=3 4 4 6 4
split_gain=6.06732 19.3567 13.2422 6.22894 3.58996
threshold=99.995000000000019 631.3850000000001 910.24500000000012 171.50000000000003 85.430000000000021
decision_type=10 8 10 10 8
left_child=1 3 4 -1 -2
right_child=2 -3 -4 -5 -6
leaf_value=-0.00041241010249263552 -0.00091033439616541563 0.0074588818962809788 -0.0067425977342981712 0.0015040622089394875 0.0021372988336689821
leaf_weight=745 306 46 46 288 56
leaf_count=745 306 46 46 288 56
internal_value=0 0.000434692 -0.00114959 0.000121898 -0.000438868
internal_weight=1487 1079 408 1033 362
internal_count=1487 1079 408 1033 362
is_linear=0
shrinkage=0.0110667


Tree=120
num_leaves=6
num_cat=0
split_feature=3 14 9 2 66
split_gain=5.99237 18.5974 16.4899 6.22372 1.96142
threshold=104.90500000000002 1.0000000180025095e-35 0.066000000000000017 1.0990500000000003 10.500000000000002
decision_type=10 2 10 2 8
left_child=1 -1 -2 -3 -4
right_child=2 3 4 -5 -6
leaf_value=0.0069007723322856039 -0.0074295292981544749 -0.00069981068243736046 0.000889578911661818 0.0008840053647770432 -0.0016320790670832847
leaf_weight=50 48 673 102 554 60
leaf_count=50 48 673 102 554 60
internal_value=0 0.00028489 -0.00173241 1.52919e-05 -4.43485e-05
internal_weight=1487 1277 210 1227 162
internal_count=1487 1277 210 1227 162
is_linear=0
shrinkage=0.0110667


Tree=121
num_leaves=6
num_cat=0
split_feature=1 8 3 4 53
split_gain=5.92579 7.11287 5.50432 6.02852 3.85874
threshold=0.098750000000000018 0.60450000000000015 149.86000000000004 1104.6350000000002 0.13050000000000003
decision_type=2 2 8 8 10
left_child=2 4 3 -1 -2
right_child=1 -3 -4 -5 -6
leaf_value=-0.00038320362277028601 -0.00066428188398224186 0.0040407626882440822 -0.0040315610000807751 0.0034751274718978452 0.0024361528607125061
leaf_weight=1073 155 87 48 52 72
leaf_count=1073 155 87 48 52 72
internal_value=0 0.00135027 -0.000361454 -0.00020486 0.000319102
internal_weight=1487 314 1173 1125 227
internal_count=1487 314 1173 1125 227
is_linear=0
shrinkage=0.0110667


Tree=122
num_leaves=4
num_cat=0
split_feature=25 3 31
split_gain=5.83856 5.3691 5.64487
threshold=11.050000000000002 162.44500000000002 0.033000000000000008
decision_type=2 8 8
left_child=-1 2 -2
right_child=1 -3 -4
leaf_value=0.0031436252028270131 -0.0029787729012784475 -0.0038308904074221754 0.00014394256768144161
leaf_weight=69 75 47 1296
leaf_count=69 75 47 1296
internal_value=0 -0.000152969 -2.6882e-05
internal_weight=1487 1418 1371
internal_count=1487 1418 1371
is_linear=0
shrinkage=0.0110667


Tree=123
num_leaves=6
num_cat=0
split_feature=13 9 6 29 36
split_gain=5.73648 14.655 10.886 6.64672 3.65646
threshold=0.37950000000000006 1.0000000180025095e-35 320.50000000000006 2.0165000000000002 9.7508000000000035
decision_type=8 8 10 10 2
left_child=2 -2 4 -3 -1
right_child=1 3 -4 -5 -6
leaf_value=-0.00058045322224647619 0.0057520244712178413 -7.4336923590759442e-05 -0.0049403521512223379 0.0041276552595451493 0.0026857445917222301
leaf_weight=480 62 780 70 49 46
leaf_count=480 62 780 70 49 46
internal_value=0 0.000562175 -0.000840433 0.000174028 -0.00029481
internal_weight=1487 891 596 829 526
internal_count=1487 891 596 829 526
is_linear=0
shrinkage=0.0110667


Tree=124
num_leaves=5
num_cat=0
split_feature=12 0 4 4
split_gain=5.91772 6.19162 13.8407 13.6899
threshold=75.030000000000015 1268.0000000000002 382.78000000000003 251.88500000000002
decision_type=10 8 10 10
left_child=1 3 -3 -1
right_child=-2 2 -4 -5
leaf_value=-0.00015535193120560728 0.0033469798464939738 -0.00023017110819366409 -0.0068615484188134825 0.0046361499552820375
leaf_weight=1146 62 149 52 78
leaf_count=1146 62 149 52 78
internal_value=0 -0.000145623 -0.00194577 0.000149986
internal_weight=1487 1425 201 1224
internal_count=1487 1425 201 1224
is_linear=0
shrinkage=0.0110667


Tree=125
num_leaves=5
num_cat=0
split_feature=12 0 4 4
split_gain=5.78746 6.05533 13.5361 13.3886
threshold=75.030000000000015 1268.0000000000002 382.78000000000003 251.88500000000002
decision_type=10 8 10 10
left_child=1 3 -3 -1
right_child=-2 2 -4 -5
leaf_value=-0.00015363269561271628 0.0033099397116678401 -0.0002276238384059392 -0.0067856133791406792 0.0045848429265206688
leaf_weight=1146 62 149 52 78
leaf_count=1146 62 149 52 78
internal_value=0 -0.000144012 -0.00192423 0.000148326
internal_weight=1487 1425 201 1224
internal_count=1487 1425 201 1224
is_linear=0
shrinkage=0.0110667


Tree=126
num_leaves=5
num_cat=0
split_feature=12 0 73 7
split_gain=5.66008 5.92205 10.5037 5.90858
threshold=75.030000000000015 1268.0000000000002 54.921959014286351 8.7443140846524283
decision_type=10 8 8 10
left_child=1 3 -3 -1
right_child=-2 2 -4 -5
leaf_value=-0.001148400244538283 0.0032733094072798265 0.0026763742732010642 -0.003300543265017857 0.00060318800631967997
leaf_weight=319 62 47 154 905
leaf_count=319 62 47 154 905
internal_value=0 -0.000142418 -0.00190294 0.000146685
internal_weight=1487 1425 201 1224
internal_count=1487 1425 201 1224
is_linear=0
shrinkage=0.0110667


Tree=127
num_leaves=6
num_cat=0
split_feature=1 28 6 20 41
split_gain=5.61719 7.063 5.25175 6.27654 4.26272
threshold=0.098750000000000018 648.50000000000011 1285.5000000000002 0.077535350000000017 1.0745000000000002
decision_type=2 8 10 8 2
left_child=2 4 3 -1 -2
right_child=1 -3 -4 -5 -6
leaf_value=-0.0032121692461421583 -0.0014519193052929232 0.0045950718477712569 -0.0036284766415394746 4.2942326954263993e-05 0.0015586639873164589
leaf_weight=78 90 64 57 1038 160
leaf_count=78 90 64 57 1038 160
internal_value=0 0.00131464 -0.000351917 -0.000184563 0.000474841
internal_weight=1487 314 1173 1116 250
internal_count=1487 314 1173 1116 250
is_linear=0
shrinkage=0.0110667


Tree=128
num_leaves=6
num_cat=0
split_feature=3 8 8 2 3
split_gain=5.61475 17.8836 16.5072 5.93308 1.36983
threshold=104.90500000000002 0.97350000000000014 0.59550000000000003 2.4690000000000007 138.96000000000004
decision_type=10 2 2 2 10
left_child=1 3 4 -1 -2
right_child=2 -3 -4 -5 -6
leaf_value=-0.00043534178704248712 -0.00065632100386596687 0.0066969086299534927 -0.0071554230605321671 0.0013435547740072691 0.0015126753689127734
leaf_weight=920 105 51 51 306 54
leaf_count=920 105 51 51 306 54
internal_value=0 0.000275768 -0.00167693 8.65422e-06 8.02989e-05
internal_weight=1487 1277 210 1226 159
internal_count=1487 1277 210 1226 159
is_linear=0
shrinkage=0.0110667


Tree=129
num_leaves=4
num_cat=0
split_feature=25 3 14
split_gain=5.58154 5.1034 3.94754
threshold=11.050000000000002 162.44500000000002 1.0000000180025095e-35
decision_type=2 8 2
left_child=-1 2 -2
right_child=1 -3 -4
leaf_value=0.0030736546571539835 0.0030578403863910368 -0.0037353252708021358 -0.00014096536522130996
leaf_weight=69 49 47 1322
leaf_count=69 49 47 1322
internal_value=0 -0.000149564 -2.66366e-05
internal_weight=1487 1418 1371
internal_count=1487 1418 1371
is_linear=0
shrinkage=0.0110667


Tree=130
num_leaves=5
num_cat=0
split_feature=12 3 3 44
split_gain=5.4798 5.84097 6.51319 6.14287
threshold=75.030000000000015 32.865000000000002 99.995000000000019 2836.0000000000005
decision_type=10 8 10 2
left_child=1 3 -3 -1
right_child=-2 2 -4 -5
leaf_value=-0.005018204663677246 0.0032207586254551857 0.00061037739508473679 -0.0010804859967901996 -0.00013807607125824979
leaf_weight=59 62 892 406 68
leaf_count=59 62 892 406 68
internal_value=0 -0.000140131 8.14916e-05 -0.00240525
internal_weight=1487 1425 1298 127
internal_count=1487 1425 1298 127
is_linear=0
shrinkage=0.0110667


Tree=131
num_leaves=4
num_cat=0
split_feature=34 4 4
split_gain=5.44652 6.55353 9.84181
threshold=3.6365000000000003 1385.7600000000002 439.21500000000003
decision_type=2 8 10
left_child=1 2 -1
right_child=-2 -3 -4
leaf_value=-0.00011122541509758386 0.0035184233459247191 0.0033626016173272468 -0.0052644341618716776
leaf_weight=1325 52 63 47
leaf_count=1325 52 63 47
internal_value=0 -0.000127497 -0.000287759
internal_weight=1487 1435 1372
internal_count=1487 1435 1372
is_linear=0
shrinkage=0.0110667


Tree=132
num_leaves=4
num_cat=0
split_feature=25 3 4
split_gain=5.43134 4.95189 6.65447
threshold=11.050000000000002 162.44500000000002 1104.6350000000002
decision_type=2 8 8
left_child=-1 2 -2
right_child=1 -3 -4
leaf_value=0.003032014943512162 -0.00019424800280267934 -0.0036796723603090748 0.0035162264343441899
leaf_weight=69 1309 47 62
leaf_count=69 1309 47 62
internal_value=0 -0.000147538 -2.64488e-05
internal_weight=1487 1418 1371
internal_count=1487 1418 1371
is_linear=0
shrinkage=0.0110667


Tree=133
num_leaves=6
num_cat=0
split_feature=13 9 2 32 2
split_gain=5.38527 13.9554 11.0355 6.88652 2.736
threshold=0.37950000000000006 1.0000000180025095e-35 3.4177000000000004 0.89300000000000013 1.2263000000000004
decision_type=8 8 2 10 2
left_child=2 -2 4 -3 -1
right_child=1 3 -4 -5 -6
leaf_value=-0.00052609346007415363 0.0056091658672481346 -0.00011327772014085159 -0.0048450208649339303 0.003809786870610433 0.0020832042058857216
leaf_weight=468 62 770 73 59 55
leaf_count=468 62 770 73 59 55
internal_value=0 0.000544693 -0.000814299 0.000165923 -0.000251687
internal_weight=1487 891 596 829 523
internal_count=1487 891 596 829 523
is_linear=0
shrinkage=0.0110667


Tree=134
num_leaves=6
num_cat=0
split_feature=5 8 8 15 18
split_gain=5.35834 15.0934 7.32135 5.3795 2.9264
threshold=8.8545000000000016 0.79600000000000015 0.83200000000000007 0.71400000000000008 0.019200000000000005
decision_type=8 2 2 2 10
left_child=2 3 4 -2 -1
right_child=1 -3 -4 -5 -6
leaf_value=-0.0010983454355784504 -0.0033803199879207857 0.0065637910349185058 -0.0053468497342821185 0.0002651223176666739 0.0019046837601455623
leaf_weight=231 52 46 46 1064 48
leaf_count=231 52 46 46 1064 48
internal_value=0 0.000351332 -0.00125615 9.52601e-05 -0.000581684
internal_weight=1487 1162 325 1116 279
internal_count=1487 1162 325 1116 279
is_linear=0
shrinkage=0.0110667


Tree=135
num_leaves=7
num_cat=0
split_feature=1 8 5 8 20 27
split_gain=5.32804 6.81067 5.25357 7.98854 5.98873 5.02184
threshold=0.098650000000000002 0.66800000000000015 8.8545000000000016 0.72600000000000009 0.077535350000000017 58.210000000000008
decision_type=2 2 8 2 8 8
left_child=2 5 3 -1 -4 -2
right_child=1 -3 4 -5 -6 -7
leaf_value=-0.00078825095167935695 0.0037636725376141325 0.0050968038061679688 -0.0029504491191879576 -0.005641282342989746 0.00033848311259696218 -0.00010605046014991221
leaf_weight=224 50 48 74 51 810 230
leaf_count=224 50 48 74 51 810 230
internal_value=0 0.00124524 -0.000352406 -0.00168828 6.31616e-05 0.00058496
internal_weight=1487 328 1159 275 884 280
internal_count=1487 328 1159 275 884 280
is_linear=0
shrinkage=0.0110667


Tree=136
num_leaves=4
num_cat=0
split_feature=34 4 4
split_gain=5.26488 6.2003 9.55452
threshold=3.6365000000000003 1385.7600000000002 439.21500000000003
decision_type=2 8 10
left_child=1 2 -1
right_child=-2 -3 -4
leaf_value=-0.00010729837832381103 0.0034592585433261998 0.0032693868075081307 -0.0051847376459847067
leaf_weight=1325 52 63 47
leaf_count=1325 52 63 47
internal_value=0 -0.000125353 -0.000281236
internal_weight=1487 1435 1372
internal_count=1487 1435 1372
is_linear=0
shrinkage=0.0110667


Tree=137
num_leaves=6
num_cat=0
split_feature=3 4 4 2 4
split_gain=5.26127 17.7681 12.7943 6.71169 3.44724
threshold=99.995000000000019 631.3850000000001 910.24500000000012 2.4690000000000007 85.430000000000021
decision_type=10 8 10 2 8
left_child=1 3 4 -1 -2
right_child=2 -3 -4 -5 -6
leaf_value=-0.00043618626645398428 -0.00083391009182165476 0.0071345607724870447 -0.0065681080383978713 0.0015751744452548832 0.0021525286303836219
leaf_weight=755 306 46 46 278 56
leaf_count=755 306 46 46 278 56
internal_value=0 0.000404789 -0.00107051 0.000105106 -0.000371911
internal_weight=1487 1079 408 1033 362
internal_count=1487 1079 408 1033 362
is_linear=0
shrinkage=0.0110667


Tree=138
num_leaves=5
num_cat=0
split_feature=16 0 4 8
split_gain=5.21446 5.60167 8.921 4.42874
threshold=0.00018100000000000004 1.0000000180025095e-35 95.815000000000012 0.60850000000000015
decision_type=8 10 10 2
left_child=-1 3 -3 -2
right_child=1 2 -4 -5
leaf_value=-0.0034774537616451512 -0.00032331031651657613 7.206736112029072e-05 0.002762552354483212 -0.0031494490563684853
leaf_weight=51 525 635 198 78
leaf_count=51 525 635 198 78
internal_value=0 0.000123503 0.000711586 -0.000688886
internal_weight=1487 1436 833 603
internal_count=1487 1436 833 603
is_linear=0
shrinkage=0.0110667


Tree=139
num_leaves=6
num_cat=0
split_feature=1 8 6 20 0
split_gain=5.14324 6.60484 5.09622 6.01189 4.11487
threshold=0.098650000000000002 0.66800000000000015 1285.5000000000002 0.077535350000000017 5.2650000000000015
decision_type=2 2 10 8 10
left_child=2 4 3 -1 -2
right_child=1 -3 -4 -5 -6
leaf_value=-0.0032040890359019544 -0.00098723568336129305 0.0050163705389794601 -0.0035729197473858298 4.1548400200746704e-05 0.0017266331705525022
leaf_weight=75 119 48 57 1027 161
leaf_count=75 119 48 57 1027 161
internal_value=0 0.00122345 -0.000346241 -0.00017934 0.000573227
internal_weight=1487 328 1159 1102 280
internal_count=1487 328 1159 1102 280
is_linear=0
shrinkage=0.0110667


Tree=140
num_leaves=5
num_cat=0
split_feature=12 3 3 3
split_gain=5.17905 5.77929 6.19217 6.00593
threshold=75.030000000000015 32.865000000000002 99.995000000000019 17.470000000000002
decision_type=10 8 10 10
left_child=1 3 -3 -1
right_child=-2 2 -4 -5
leaf_value=0.00011390441406556058 0.0031311293304484887 0.00059990532095942004 -0.0010487622418688418 -0.0047030263302417358
leaf_weight=61 62 892 406 66
leaf_count=61 62 892 406 66
internal_value=0 -0.000136232 8.42179e-05 -0.00238936
internal_weight=1487 1425 1298 127
internal_count=1487 1425 1298 127
is_linear=0
shrinkage=0.0110667


Tree=141
num_leaves=4
num_cat=0
split_feature=25 3 4
split_gain=5.11657 4.74624 6.3124
threshold=11.050000000000002 162.44500000000002 1104.6350000000002
decision_type=2 8 8
left_child=-1 2 -2
right_child=1 -3 -4
leaf_value=0.0029428450166442883 -0.00018808052320007767 -0.0036012094200224645 0.0034257703146344694
leaf_weight=69 1309 47 62
leaf_count=69 1309 47 62
internal_value=0 -0.000143199 -2.46509e-05
internal_weight=1487 1418 1371
internal_count=1487 1418 1371
is_linear=0
shrinkage=0.0110667


Tree=142
num_leaves=5
num_cat=0
split_feature=12 3 9 44
split_gain=5.06455 5.65998 6.20237 5.94149
threshold=75.030000000000015 32.865000000000002 96.192000000000021 2836.0000000000005
decision_type=10 8 10 2
left_child=1 3 -3 -1
right_child=-2 2 -4 -5
leaf_value=-0.0049342333657422426 0.00309632395349831 -0.00024401096074341859 0.0018706201116668623 -0.00013476273559213139
leaf_weight=59 62 1097 201 68
leaf_count=59 62 1097 201 68
internal_value=0 -0.000134717 8.34448e-05 -0.00236446
internal_weight=1487 1425 1298 127
internal_count=1487 1425 1298 127
is_linear=0
shrinkage=0.0110667


Tree=143
num_leaves=4
num_cat=0
split_feature=16 3 4
split_gain=5.08381 5.42936 11.1325
threshold=0.00018100000000000004 162.44500000000002 1025.4000000000003
decision_type=8 8 10
left_child=-1 2 -2
right_child=1 -3 -4
leaf_value=-0.0034336115911455956 2.5831874892686195e-05 -0.0035773475747883339 0.0046829354765157236
leaf_weight=51 1323 47 66
leaf_count=51 1323 47 66
internal_value=0 0.000121946 0.000247122
internal_weight=1487 1436 1389
internal_count=1487 1436 1389
is_linear=0
shrinkage=0.0110667


Tree=144
num_leaves=4
num_cat=0
split_feature=34 4 4
split_gain=5.03131 5.83409 9.45397
threshold=3.6365000000000003 1385.7600000000002 439.21500000000003
decision_type=2 8 10
left_child=1 2 -1
right_child=-2 -3 -4
leaf_value=-0.00010073045186752557 0.0033816547970428124 0.0031704218887486776 -0.005151382876373096
leaf_weight=1325 52 63 47
leaf_count=1325 52 63 47
internal_value=0 -0.000122541 -0.000273751
internal_weight=1487 1435 1372
internal_count=1487 1435 1372
is_linear=0
shrinkage=0.0110667


Tree=145
num_leaves=6
num_cat=0
split_feature=16 25 33 11 11
split_gain=5.02265 6.06295 5.51782 3.00821 3.26967
threshold=0.10384500000000001 11.050000000000002 0.9174000000000001 0.007183000000000001 0.087299000000000015
decision_type=10 2 10 8 10
left_child=3 -2 -3 -1 -5
right_child=1 2 -4 4 -6
leaf_value=-0.0029348722594511158 0.0038342531885666069 -0.00011880007095269865 0.0023605657466861264 0.0020647124325971445 -0.00117908817842671
leaf_weight=89 58 969 124 47 200
leaf_count=89 58 969 124 47 200
internal_value=0 0.000347506 0.000162479 -0.00119042 -0.000561834
internal_weight=1487 1151 1093 336 247
internal_count=1487 1151 1093 336 247
is_linear=0
shrinkage=0.0110667


Tree=146
num_leaves=6
num_cat=0
split_feature=3 14 9 2 10
split_gain=4.95638 16.6547 15.5601 5.42054 2.31137
threshold=104.90500000000002 1.0000000180025095e-35 0.066000000000000017 2.4690000000000007 4.5500000000000007
decision_type=10 2 10 2 8
left_child=1 -1 -2 -3 -4
right_child=2 3 4 -5 -6
leaf_value=0.0065199000157946481 -0.0071097329361540489 -0.0004209377984592639 -0.0019729682625753541 0.0012773074856010618 0.00092196328271547737
leaf_weight=50 48 920 48 307 114
leaf_count=50 48 920 48 307 114
internal_value=0 0.000259096 -0.00157555 3.96689e-06 6.41858e-05
internal_weight=1487 1277 210 1227 162
internal_count=1487 1277 210 1227 162
is_linear=0
shrinkage=0.0110667


Tree=147
num_leaves=4
num_cat=0
split_feature=16 3 4
split_gain=4.89934 5.24528 10.6612
threshold=0.00018100000000000004 162.44500000000002 1025.4000000000003
decision_type=8 8 10
left_child=-1 2 -2
right_child=1 -3 -4
leaf_value=-0.0033707407552915291 2.6193262612899296e-05 -0.0035163275692054108 0.0045836558655463037
leaf_weight=51 1323 47 66
leaf_count=51 1323 47 66
internal_value=0 0.000119713 0.000242749
internal_weight=1487 1436 1389
internal_count=1487 1436 1389
is_linear=0
shrinkage=0.0110667


Tree=148
num_leaves=7
num_cat=0
split_feature=16 3 8 8 31 68
split_gain=4.87604 6.60224 25.4969 16.6139 3.35998 1.6381
threshold=0.10384500000000001 105.57500000000002 0.79050000000000009 0.57650000000000012 0.047500000000000007 0.0045000000000000014
decision_type=10 10 2 2 8 8
left_child=4 2 -2 -3 -1 -6
right_child=1 3 -4 -5 5 -7
leaf_value=-0.0032373917066240454 0.0002649106544696976 0.00053124626006820566 0.0082990524629381543 -0.0073579958814803982 0.00034897898183552391 -0.0014073848555303215
leaf_weight=75 941 113 51 46 123 138
leaf_count=75 941 113 51 46 123 138
internal_value=0 0.000342397 0.00067796 -0.00175116 -0.00117291 -0.000579661
internal_weight=1487 1151 992 159 336 261
internal_count=1487 1151 992 159 336 261
is_linear=0
shrinkage=0.0110667


Tree=149
num_leaves=7
num_cat=0
split_feature=13 2 11 7 23 2
split_gain=4.82132 11.0371 10.6776 27.565 7.81134 2.52802
threshold=0.37950000000000006 3.4177000000000004 0.051112000000000012 10.324523444317533 62.985000000000007 1.2263000000000004
decision_type=8 2 8 10 8 2
left_child=1 5 3 -2 -4 -1
right_child=2 -3 4 -5 -6 -7
leaf_value=-0.00047160264147742928 -8.3254022395579287e-05 -0.0048014874181920107 0.0002737207331767278 0.008247075861013059 -0.0033169816609262951 0.0020365613707125675
leaf_weight=468 150 73 584 72 85 55
leaf_count=468 150 73 584 72 85 55
internal_value=0 -0.000770483 0.000515384 0.00261846 -0.000182492 -0.000207832
internal_weight=1487 596 891 222 669 523
internal_count=1487 596 891 222 669 523
is_linear=0
shrinkage=0.0110667


Tree=150
num_leaves=4
num_cat=0
split_feature=34 4 8
split_gain=4.85654 5.41344 9.27902
threshold=3.6365000000000003 1385.7600000000002 0.87400000000000011
decision_type=2 8 2
left_child=1 2 -1
right_child=-2 -3 -4
leaf_value=-9.4638412491008822e-05 0.0033223998464293972 0.0030516338513872721 -0.0050983408341958338
leaf_weight=1325 52 63 47
leaf_count=1325 52 63 47
internal_value=0 -0.000120394 -0.00026605
internal_weight=1487 1435 1372
internal_count=1487 1435 1372
is_linear=0
shrinkage=0.0110667


Tree=151
num_leaves=5
num_cat=0
split_feature=15 0 68 22
split_gain=4.80093 7.53221 8.74865 3.66068
threshold=0.71400000000000008 85.100000000000009 -0.034499999999999996 65.13000000000001
decision_type=2 10 8 8
left_child=-1 3 -3 -2
right_child=1 2 -4 -5
leaf_value=-0.0028082099755666417 0.0015566775456281783 -0.0030639446835964588 0.0020802421112001168 -0.00057920711740927012
leaf_weight=71 110 46 338 922
leaf_count=71 110 46 338 922
internal_value=0 0.000140807 0.001464 -0.000351542
internal_weight=1487 1416 384 1032
internal_count=1487 1416 384 1032
is_linear=0
shrinkage=0.0110667


Tree=152
num_leaves=8
num_cat=0
split_feature=1 7 7 5 10 50 57
split_gain=4.78714 6.194 17.7772 4.6666 5.4426 4.92156 0.738344
threshold=0.098650000000000002 9.861733803588459 10.836310409895582 8.8545000000000016 22.700000000000006 1.0672500000000003 2.4585000000000004
decision_type=2 10 10 8 8 2 8
left_child=3 6 -3 4 -1 -5 -2
right_child=1 2 -4 5 -6 -7 -8
leaf_value=-0.0041123628608713469 -0.0018757863187135295 0.0072284548013382063 0.00023001839047574494 0.0013987593570826734 -0.00063091970445954275 -0.00045078689807662842 -8.7577751721883355e-05
leaf_weight=76 52 63 151 243 199 641 62
leaf_count=76 52 63 151 243 199 641 62
internal_value=0 0.00118034 0.00229032 -0.000334039 -0.00159308 5.76254e-05 -0.00090328
internal_weight=1487 328 214 1159 275 884 114
internal_count=1487 328 214 1159 275 884 114
is_linear=0
shrinkage=0.0110667


Tree=153
num_leaves=5
num_cat=0
split_feature=12 3 3 3
split_gain=4.71592 5.62855 5.94628 5.71474
threshold=75.030000000000015 32.865000000000002 17.470000000000002 99.995000000000019
decision_type=10 8 10 10
left_child=1 2 -1 -3
right_child=-2 3 -4 -5
leaf_value=0.00013725499676185528 0.0029878531519628611 0.00058296605849592867 -0.0046556969203884859 -0.0010008687677707107
leaf_weight=61 62 892 66 406
leaf_count=61 62 892 66 406
internal_value=0 -0.000129998 -0.00235354 8.75576e-05
internal_weight=1487 1425 127 1298
internal_count=1487 1425 127 1298
is_linear=0
shrinkage=0.0110667


Tree=154
num_leaves=4
num_cat=0
split_feature=15 12 4
split_gain=4.71205 7.83683 5.49713
threshold=0.71400000000000008 75.030000000000015 1385.7600000000002
decision_type=2 10 8
left_child=-1 2 -2
right_child=1 -3 -4
leaf_value=-0.0027820926940895063 -0.00017966361569213363 0.0042349910441513497 0.0031933362086927373
leaf_weight=71 1299 55 62
leaf_count=71 1299 55 62
internal_value=0 0.000139497 -2.60051e-05
internal_weight=1487 1416 1361
internal_count=1487 1416 1361
is_linear=0
shrinkage=0.0110667


Tree=155
num_leaves=5
num_cat=0
split_feature=16 0 4 4
split_gain=4.7329 5.01988 8.3926 4.34387
threshold=0.00018100000000000004 1.0000000180025095e-35 95.815000000000012 354.51000000000005
decision_type=8 10 10 10
left_child=-1 3 -3 -2
right_child=1 2 -4 -5
leaf_value=-0.0033129887237133096 -0.00038144685093051021 5.4078736276972475e-05 0.0026636673559410819 -0.003919887761075329
leaf_weight=51 557 635 198 46
leaf_count=51 557 635 198 46
internal_value=0 0.000117662 0.000674369 -0.000651383
internal_weight=1487 1436 833 603
internal_count=1487 1436 833 603
is_linear=0
shrinkage=0.0110667


Tree=156
num_leaves=6
num_cat=0
split_feature=1 9 20 6 27
split_gain=4.65965 6.24536 5.02744 6.21345 3.87504
threshold=0.098650000000000002 1.0000000180025095e-35 0.044972100000000008 1285.5000000000002 58.210000000000008
decision_type=2 10 8 10 8
left_child=2 -2 -1 -4 -3
right_child=1 4 3 -5 -6
leaf_value=-0.0031205048811985452 0.0047653235507839854 0.0034511515341455858 5.2451822791414851e-05 -0.0037985579562216632 -6.4904224873235146e-05
leaf_weight=74 50 46 1031 54 232
leaf_count=74 50 46 1031 54 232
internal_value=0 0.00116452 -0.000329561 -0.000139208 0.000516878
internal_weight=1487 328 1159 1085 278
internal_count=1487 328 1159 1085 278
is_linear=0
shrinkage=0.0110667


Tree=157
num_leaves=4
num_cat=0
split_feature=25 19 0
split_gain=4.59674 4.26254 5.01836
threshold=11.050000000000002 -1.0000000180025095e-35 982.50000000000011
decision_type=2 8 8
left_child=-1 -2 -3
right_child=1 2 -4
leaf_value=0.0027893498157808864 0.0022521806542639463 -6.0634028217365631e-06 -0.001915540693640153
leaf_weight=69 86 1134 198
leaf_count=69 86 1134 198
internal_value=0 -0.00013573 -0.000289907
internal_weight=1487 1418 1332
internal_count=1487 1418 1332
is_linear=0
shrinkage=0.0110667


Tree=158
num_leaves=4
num_cat=0
split_feature=3 8 2
split_gain=4.53243 10.097 4.61839
threshold=162.44500000000002 0.97350000000000014 2.4690000000000007
decision_type=8 2 2
left_child=1 2 -1
right_child=-2 -3 -4
leaf_value=-0.00041952420055023896 -0.0033453356458114283 0.0047618025652105909 0.0011069030952405785
leaf_weight=1070 48 55 314
leaf_count=1070 48 55 314
internal_value=0 0.000111588 -7.32081e-05
internal_weight=1487 1439 1384
internal_count=1487 1439 1384
is_linear=0
shrinkage=0.0110667


Tree=159
num_leaves=5
num_cat=0
split_feature=16 5 8 8
split_gain=4.6107 4.52854 12.7233 6.50583
threshold=0.00018100000000000004 8.8545000000000016 0.79600000000000015 0.72600000000000009
decision_type=8 8 2 2
left_child=-1 3 -3 -2
right_child=1 2 -4 -5
leaf_value=-0.0032699400820610631 -0.00028214558846508588 0.00019076612603381358 0.0061315640157901998 -0.0043979023094067584
leaf_weight=51 232 1099 46 59
leaf_count=51 232 1099 46 59
internal_value=0 0.000116133 0.000429439 -0.00111662
internal_weight=1487 1436 1145 291
internal_count=1487 1436 1145 291
is_linear=0
shrinkage=0.0110667


Tree=160
num_leaves=4
num_cat=0
split_feature=15 18 3
split_gain=4.6348 8.74134 4.89598
threshold=0.71400000000000008 0.88835000000000008 153.34500000000003
decision_type=2 10 10
left_child=-1 2 -2
right_child=1 -3 -4
leaf_value=-0.0027591939189244904 7.9959180165676687e-05 0.0042364448686044512 -0.0035554743445406294
leaf_weight=71 1308 61 47
leaf_count=71 1308 61 47
internal_value=0 0.000138349 -4.61383e-05
internal_weight=1487 1416 1355
internal_count=1487 1416 1355
is_linear=0
shrinkage=0.0110667


Tree=161
num_leaves=4
num_cat=0
split_feature=34 31 32
split_gain=4.55269 4.66934 4.00008
threshold=3.6365000000000003 0.047500000000000007 1.1530000000000002
decision_type=2 8 10
left_child=1 -1 -3
right_child=-2 2 -4
leaf_value=-0.0026323854194253778 0.0032167900814387856 -0.00015480664678358555 0.001887257412702111
leaf_weight=85 52 1220 130
leaf_count=85 52 1220 130
internal_value=0 -0.000116567 4.18342e-05
internal_weight=1487 1435 1350
internal_count=1487 1435 1350
is_linear=0
shrinkage=0.0110667


Tree=162
num_leaves=4
num_cat=0
split_feature=15 12 40
split_gain=4.53857 7.49989 4.49301
threshold=0.71400000000000008 75.030000000000015 0.77350000000000008
decision_type=2 10 8
left_child=-1 2 -2
right_child=1 -3 -4
leaf_value=-0.0027303993030042984 -0.0025362404401804311 0.0041433885796248182 0.00013599952127586374
leaf_weight=71 82 55 1279
leaf_count=71 82 55 1279
internal_value=0 0.000136905 -2.50001e-05
internal_weight=1487 1416 1361
internal_count=1487 1416 1361
is_linear=0
shrinkage=0.0110667


Tree=163
num_leaves=4
num_cat=0
split_feature=25 6 20
split_gain=4.44534 4.43568 5.04366
threshold=11.050000000000002 1240.0000000000002 0.077535350000000017
decision_type=2 10 8
left_child=-1 2 -2
right_child=1 -3 -4
leaf_value=0.0027430290011197789 -0.0023528024839291244 -0.0027526802095159376 0.00020722608388344478
leaf_weight=69 102 75 1241
leaf_count=69 102 75 1241
internal_value=0 -0.000133476 1.27911e-05
internal_weight=1487 1418 1343
internal_count=1487 1418 1343
is_linear=0
shrinkage=0.0110667


Tree=164
num_leaves=4
num_cat=0
split_feature=15 18 6
split_gain=4.43466 8.53621 5.82483
threshold=0.71400000000000008 0.88835000000000008 1359.5000000000002
decision_type=2 10 8
left_child=-1 2 -2
right_child=1 -3 -4
leaf_value=-0.0026989644994309153 0.0001477047377643763 0.0041850537937810151 -0.0027512184337682784
leaf_weight=71 1264 61 91
leaf_count=71 1264 61 91
internal_value=0 0.000135329 -4.69807e-05
internal_weight=1487 1416 1355
internal_count=1487 1416 1355
is_linear=0
shrinkage=0.0110667


Tree=165
num_leaves=4
num_cat=0
split_feature=16 3 8
split_gain=4.46737 4.78154 10.1126
threshold=0.00018100000000000004 162.44500000000002 0.97350000000000014
decision_type=8 8 2
left_child=-1 2 -2
right_child=1 -3 -4
leaf_value=-0.0032187161799773489 4.3705540237365377e-05 -0.0033572755479015447 0.0049727462823466835
leaf_weight=51 1336 47 53
leaf_count=51 1336 47 53
internal_value=0 0.000114314 0.000231785
internal_weight=1487 1436 1389
internal_count=1487 1436 1389
is_linear=0
shrinkage=0.0110667


Tree=166
num_leaves=4
num_cat=0
split_feature=34 4 4
split_gain=4.40913 5.1427 9.12871
threshold=3.6365000000000003 1385.7600000000002 439.21500000000003
decision_type=2 8 10
left_child=1 2 -1
right_child=-2 -3 -4
leaf_value=-8.666375803434781e-05 0.003165664721502268 0.002976972810306244 -0.0050496737600321147
leaf_weight=1325 52 63 47
leaf_count=1325 52 63 47
internal_value=0 -0.000114714 -0.000256682
internal_weight=1487 1435 1372
internal_count=1487 1435 1372
is_linear=0
shrinkage=0.0110667


Tree=167
num_leaves=6
num_cat=0
split_feature=1 8 20 6 27
split_gain=4.40049 6.07933 4.8699 6.01608 3.29782
threshold=0.098650000000000002 0.60950000000000004 0.044972100000000008 1285.5000000000002 58.210000000000008
decision_type=2 2 8 10 8
left_child=2 4 -1 -4 -2
right_child=1 -3 3 -5 -6
leaf_value=-0.0030671328309192516 0.0029419059185262835 0.0037626479261366201 5.5672771282275506e-05 -0.0037336794907855734 -0.00034285843055770963
leaf_weight=74 46 81 1031 54 201
leaf_count=74 46 81 1031 54 201
internal_value=0 0.00113167 -0.000320266 -0.000132919 0.000268866
internal_weight=1487 328 1159 1085 247
internal_count=1487 328 1159 1085 247
is_linear=0
shrinkage=0.0110667


Tree=168
num_leaves=6
num_cat=0
split_feature=3 4 4 2 4
split_gain=4.36946 15.8133 13.0639 5.7427 3.23857
threshold=99.995000000000019 631.3850000000001 910.24500000000012 2.5336000000000003 85.430000000000021
decision_type=10 8 10 2 8
left_child=1 3 4 -1 -2
right_child=2 -3 -4 -5 -6
leaf_value=-0.00040836526140434885 -0.00071744872747502139 0.0067176814514214138 -0.0065307959248521574 0.0014629193216128867 0.0021771948803989776
leaf_weight=760 306 46 46 273 56
leaf_count=760 306 46 46 273 56
internal_value=0 0.00036889 -0.000975571 8.61724e-05 -0.00026965
internal_weight=1487 1079 408 1033 362
internal_count=1487 1079 408 1033 362
is_linear=0
shrinkage=0.0110667


Tree=169
num_leaves=4
num_cat=0
split_feature=16 3 8
split_gain=4.37906 4.62865 9.76038
threshold=0.00018100000000000004 162.44500000000002 0.97350000000000014
decision_type=8 8 2
left_child=-1 2 -2
right_child=1 -3 -4
leaf_value=-0.0031867440331256819 4.3981509157872064e-05 -0.0033024564054305997 0.0048864116868785655
leaf_weight=51 1336 47 53
leaf_count=51 1336 47 53
internal_value=0 0.000113178 0.000228756
internal_weight=1487 1436 1389
internal_count=1487 1436 1389
is_linear=0
shrinkage=0.0110667


Tree=170
num_leaves=4
num_cat=0
split_feature=15 12 4
split_gain=4.38595 7.21248 5.20398
threshold=0.71400000000000008 75.030000000000015 1385.7600000000002
decision_type=2 10 8
left_child=-1 2 -2
right_child=1 -3 -4
leaf_value=-0.0026840994460934106 -0.00017369439620477492 0.004063550441335384 0.0031081373106614497
leaf_weight=71 1299 55 62
leaf_count=71 1299 55 62
internal_value=0 0.000134584 -2.4189e-05
internal_weight=1487 1416 1361
internal_count=1487 1416 1361
is_linear=0
shrinkage=0.0110667


Tree=171
num_leaves=7
num_cat=0
split_feature=16 3 8 8 31 68
split_gain=4.30654 5.91752 23.9204 16.9415 3.13885 1.65889
threshold=0.10384500000000001 104.90500000000002 0.79050000000000009 0.57750000000000001 0.047500000000000007 0.0045000000000000014
decision_type=10 10 2 2 8 8
left_child=4 2 -2 -3 -1 -6
right_child=1 3 -4 -5 5 -7
leaf_value=-0.0030976800604996359 0.00024503624552214641 0.00062452694022585109 0.0081005258220802449 -0.0073220508558810961 0.00040562212754458889 -0.0013618525485477721
leaf_weight=75 940 115 50 46 123 138
leaf_count=75 940 115 50 46 123 138
internal_value=0 0.000321781 0.000641781 -0.0016459 -0.00110229 -0.000528892
internal_weight=1487 1151 990 161 336 261
internal_count=1487 1151 990 161 336 261
is_linear=0
shrinkage=0.0110667


Tree=172
num_leaves=5
num_cat=0
split_feature=16 3 4 4
split_gain=4.24654 4.51437 15.8572 12.9324
threshold=0.00018100000000000004 99.995000000000019 567.7650000000001 910.24500000000012
decision_type=8 10 10 8
left_child=-1 2 -2 -3
right_child=1 3 -4 -5
leaf_value=-0.003138152499204089 0.00019961220866652763 -0.00016866525071113615 0.0068455950134048704 -0.0064123225396612053
leaf_weight=51 996 348 46 46
leaf_count=51 996 348 46 46
internal_value=0 0.000111452 0.000493008 -0.000897628
internal_weight=1487 1436 1042 394
internal_count=1487 1436 1042 394
is_linear=0
shrinkage=0.0110667


Tree=173
num_leaves=4
num_cat=0
split_feature=15 12 4
split_gain=4.29032 7.02594 5.08825
threshold=0.71400000000000008 75.030000000000015 1385.7600000000002
decision_type=2 10 8
left_child=-1 2 -2
right_child=1 -3 -4
leaf_value=-0.0026546778642532053 -0.00017143112999445166 0.0040109320564664886 0.0030737038376262358
leaf_weight=71 1299 55 62
leaf_count=71 1299 55 62
internal_value=0 0.000133109 -2.35975e-05
internal_weight=1487 1416 1361
internal_count=1487 1416 1361
is_linear=0
shrinkage=0.0110667


Tree=174
num_leaves=4
num_cat=0
split_feature=25 6 20
split_gain=4.20602 4.29124 4.94308
threshold=11.050000000000002 1240.0000000000002 0.077535350000000017
decision_type=2 10 8
left_child=-1 2 -2
right_child=1 -3 -4
leaf_value=0.002668171019629048 -0.0023278536959594814 -0.0027060379333247839 0.00020651882642804562
leaf_weight=69 102 75 1241
leaf_count=69 102 75 1241
internal_value=0 -0.000129834 1.40324e-05
internal_weight=1487 1418 1343
internal_count=1487 1418 1343
is_linear=0
shrinkage=0.0110667


Tree=175
num_leaves=4
num_cat=0
split_feature=34 6 8
split_gain=4.22796 5.35595 6.40762
threshold=3.6365000000000003 1240.0000000000002 0.97350000000000014
decision_type=2 10 2
left_child=1 2 -1
right_child=-2 -3 -4
leaf_value=-0.00010604084103924977 0.003099944011254306 -0.0030757312444272826 0.0039303447444139642
leaf_weight=1314 52 71 50
leaf_count=1314 52 71 50
internal_value=0 -0.000112333 4.19181e-05
internal_weight=1487 1435 1364
internal_count=1487 1435 1364
is_linear=0
shrinkage=0.0110667


Tree=176
num_leaves=6
num_cat=0
split_feature=1 9 20 8 0
split_gain=4.2096 5.84547 4.77496 5.89637 3.13553
threshold=0.098650000000000002 1.0000000180025095e-35 0.044972100000000008 0.89300000000000013 6.410000000000001
decision_type=2 10 8 2 10
left_child=2 -2 -1 -4 -3
right_child=1 4 3 -5 -6
leaf_value=-0.0030332009248069691 0.004590472164244578 -0.0010516740386513602 5.5307799033397828e-05 -0.0037639163835179808 0.0013819778591833353
leaf_weight=74 50 103 1033 52 175
leaf_count=74 50 103 1033 52 175
internal_value=0 0.00110685 -0.000313242 -0.00012773 0.000480289
internal_weight=1487 328 1159 1085 278
internal_count=1487 328 1159 1085 278
is_linear=0
shrinkage=0.0110667


Tree=177
num_leaves=4
num_cat=0
split_feature=15 18 4
split_gain=4.20787 8.22386 5.8493
threshold=0.71400000000000008 0.88835000000000008 1385.7600000000002
decision_type=2 10 8
left_child=-1 2 -2
right_child=1 -3 -4
leaf_value=-0.002629043938623989 -0.00020363264126296125 0.0041067653757122565 0.0033308906643671611
leaf_weight=71 1295 61 60
leaf_count=71 1295 61 60
internal_value=0 0.000131823 -4.712e-05
internal_weight=1487 1416 1355
internal_count=1487 1416 1355
is_linear=0
shrinkage=0.0110667


Tree=178
num_leaves=6
num_cat=0
split_feature=13 2 18 8 6
split_gain=4.2099 10.974 9.99324 5.98075 2.2837
threshold=0.37950000000000006 3.4177000000000004 0.88835000000000008 0.75100000000000011 1.6050000000000002
decision_type=8 2 10 2 10
left_child=1 4 3 -2 -1
right_child=2 -3 -4 -5 -6
leaf_value=-0.00069996047361264044 -3.2131925509116463e-05 -0.0047394403754410083 0.0053932500020150475 0.0039141633539909963 0.00082952421728928161
leaf_weight=338 793 73 48 50 185
leaf_count=338 793 73 48 50 185
internal_value=0 -0.000719973 0.000481598 0.000201927 -0.000158932
internal_weight=1487 596 891 843 523
internal_count=1487 596 891 843 523
is_linear=0
shrinkage=0.0110667


Tree=179
num_leaves=6
num_cat=0
split_feature=16 38 14 45 81
split_gain=4.16475 6.73297 7.36069 2.88538 1.44759
threshold=0.10384500000000001 5.5000000000000009 9.5000000000000018 5.3995000000000006 0.3665000000000001
decision_type=8 2 2 10 2
left_child=3 -2 -3 4 -1
right_child=1 2 -4 -5 -6
leaf_value=0.00052366441234764167 0.0044138798557839852 -0.0041015158863409304 0.00032876354706316076 -0.0036724561597918613 -0.001205568822414495
leaf_weight=85 47 48 1065 46 196
leaf_count=85 47 48 1065 46 196
internal_value=0 0.000310959 0.000137697 -0.0011031 -0.00068248
internal_weight=1487 1160 1113 327 281
internal_count=1487 1160 1113 327 281
is_linear=0
shrinkage=0.0110667


Tree=180
num_leaves=5
num_cat=0
split_feature=16 0 4 62
split_gain=4.12502 4.55002 6.60329 3.21213
threshold=0.00018100000000000004 -61.884999999999998 95.815000000000012 10.784191385701471
decision_type=8 10 10 8
left_child=-1 3 -3 -2
right_child=1 2 -4 -5
leaf_value=-0.0030929254356721401 0.00076052996395125293 -1.0935450106839241e-05 0.002079212735238878 -0.0020783231924694709
leaf_weight=51 68 966 229 173
leaf_count=51 68 966 229 173
internal_value=0 0.000109846 0.000389601 -0.00127731
internal_weight=1487 1436 1195 241
internal_count=1487 1436 1195 241
is_linear=0
shrinkage=0.0110667


Tree=181
num_leaves=4
num_cat=0
split_feature=15 18 4
split_gain=4.14472 7.95847 5.66478
threshold=0.71400000000000008 0.88835000000000008 1385.7600000000002
decision_type=2 10 8
left_child=-1 2 -2
right_child=1 -3 -4
leaf_value=-0.0026092421576794861 -0.00019922604634205364 0.00404110876487687 0.0032790999492666823
leaf_weight=71 1295 61 60
leaf_count=71 1295 61 60
internal_value=0 0.00013083 -4.52018e-05
internal_weight=1487 1416 1355
internal_count=1487 1416 1355
is_linear=0
shrinkage=0.0110667


Tree=182
num_leaves=6
num_cat=0
split_feature=1 8 6 2 7
split_gain=4.06991 5.69603 4.64608 4.00706 2.90148
threshold=0.098650000000000002 0.60950000000000004 1285.5000000000002 2.5336000000000003 10.375150262849917
decision_type=2 2 10 2 10
left_child=2 4 3 -1 -2
right_child=1 -3 -4 -5 -6
leaf_value=-0.00044154257394055508 -0.0010636705168676729 0.0036350191674925682 -0.0033888834906813585 0.0013717889023473452 0.0013456853987258866
leaf_weight=924 112 81 57 178 135
leaf_count=924 112 81 57 178 135
internal_value=0 0.00108833 -0.000308001 -0.000148642 0.000253171
internal_weight=1487 328 1159 1102 247
internal_count=1487 328 1159 1102 247
is_linear=0
shrinkage=0.0110667


Tree=183
num_leaves=6
num_cat=0
split_feature=13 9 2 32 45
split_gain=4.06742 11.4226 10.8297 6.35662 2.63707
threshold=0.37950000000000006 1.0000000180025095e-35 3.4177000000000004 0.89300000000000013 5.5435000000000008
decision_type=8 8 2 10 10
left_child=2 -2 4 -3 -1
right_child=1 3 -4 -5 -6
leaf_value=0.00022700119560823231 0.0050552792193889386 -0.00013754503370488381 -0.0047006319881534751 0.0036315618397179924 -0.0017868310539863009
leaf_weight=425 62 770 73 59 98
leaf_count=425 62 770 73 59 98
internal_value=0 0.000473378 -0.000707685 0.000130699 -0.000150345
internal_weight=1487 891 596 829 523
internal_count=1487 891 596 829 523
is_linear=0
shrinkage=0.0110667


Tree=184
num_leaves=8
num_cat=0
split_feature=3 11 9 9 3 3 20
split_gain=4.08781 14.4823 16.8089 7.67973 9.35816 5.87223 4.18606
threshold=99.995000000000019 4.1500000000000006e-05 1.0000000180025095e-35 1.0000000180025095e-35 105.57500000000002 30.500000000000004 5.662065000000001
decision_type=10 8 8 10 10 8 8
left_child=1 2 -1 4 -2 -3 -5
right_child=3 5 -4 6 -6 -7 -8
leaf_value=0.0087917138907580138 -0.0011091587276837889 -0.0024595484454013419 0.001216338139992304 -0.0027898792558989824 -0.0070780470989414207 0.00012789118327901925 0.00089768764915554419
leaf_weight=48 107 125 142 46 46 764 209
leaf_count=48 107 125 142 46 46 764 209
internal_value=0 0.000356803 0.00313013 -0.000943606 -0.00290375 -0.000235918 0.000232467
internal_weight=1487 1079 190 408 153 889 255
internal_count=1487 1079 190 408 153 889 255
is_linear=0
shrinkage=0.0110667


Tree=185
num_leaves=4
num_cat=0
split_feature=15 18 22
split_gain=4.05747 7.77759 3.73358
threshold=0.71400000000000008 0.88835000000000008 65.13000000000001
decision_type=2 10 8
left_child=-1 2 -2
right_child=1 -3 -4
leaf_value=-0.0025816320149179414 0.0014943277359179552 0.0039950347891309929 -0.00026386418963240195
leaf_weight=71 169 61 1186
leaf_count=71 169 61 1186
internal_value=0 0.000129446 -4.45744e-05
internal_weight=1487 1416 1355
internal_count=1487 1416 1355
is_linear=0
shrinkage=0.0110667


Tree=186
num_leaves=4
num_cat=0
split_feature=16 3 4
split_gain=4.0216 4.34716 8.68548
threshold=0.00018100000000000004 162.44500000000002 1025.4000000000003
decision_type=8 8 10
left_child=-1 2 -2
right_child=1 -3 -4
leaf_value=-0.003053906946360577 2.5006664888339661e-05 -0.003201686030380806 0.0041385517321257262
leaf_weight=51 1323 47 66
leaf_count=51 1323 47 66
internal_value=0 0.00010846 0.000220469
internal_weight=1487 1436 1389
internal_count=1487 1436 1389
is_linear=0
shrinkage=0.0110667


Tree=187
num_leaves=4
num_cat=0
split_feature=15 18 4
split_gain=3.97351 7.60759 5.33542
threshold=0.71400000000000008 0.88835000000000008 1385.7600000000002
decision_type=2 10 8
left_child=-1 2 -2
right_child=1 -3 -4
leaf_value=-0.0025547820678422134 -0.00019348794039869996 0.0039512073754959121 0.0031822080718755235
leaf_weight=71 1295 61 60
leaf_count=71 1295 61 60
internal_value=0 0.0001281 -4.40082e-05
internal_weight=1487 1416 1355
internal_count=1487 1416 1355
is_linear=0
shrinkage=0.0110667


Tree=188
num_leaves=6
num_cat=0
split_feature=16 38 38 31 81
split_gain=3.95041 6.28527 5.8407 2.94932 1.419
threshold=0.10384500000000001 5.5000000000000009 13.500000000000002 0.047500000000000007 0.41650000000000004
decision_type=8 2 2 8 2
left_child=3 -2 -3 -1 -5
right_child=1 2 -4 4 -6
leaf_value=-0.0030008775889445519 0.0042670158742564588 -0.0036407801093379941 0.00030564852237165347 0.00064267529987646719 -0.0011039706849370404
leaf_weight=75 47 48 1065 87 165
leaf_count=75 47 48 1065 87 165
internal_value=0 0.000302852 0.000135449 -0.00107434 -0.000500949
internal_weight=1487 1160 1113 327 252
internal_count=1487 1160 1113 327 252
is_linear=0
shrinkage=0.0110667


Tree=189
num_leaves=7
num_cat=0
split_feature=3 11 7 4 3 4
split_gain=3.9761 14.0608 29.2284 13.0215 5.77044 3.10826
threshold=99.995000000000019 4.1500000000000006e-05 10.324523444317533 910.24500000000012 30.500000000000004 85.430000000000021
decision_type=10 8 10 10 8 8
left_child=1 2 -1 5 -3 -2
right_child=3 4 -4 -5 -6 -7
leaf_value=0.00042009277745481104 -0.00066454532753670121 -0.0024364104249174966 0.01015561528707221 -0.0064768324315745748 0.0001285043225515472 0.0021712653158065601
leaf_weight=138 306 125 52 46 764 56
leaf_count=138 306 125 52 46 764 56
internal_value=0 0.000351894 0.00308457 -0.000930623 -0.000232138 -0.000225847
internal_weight=1487 1079 190 408 889 362
internal_count=1487 1079 190 408 889 362
is_linear=0
shrinkage=0.0110667


Tree=190
num_leaves=4
num_cat=0
split_feature=16 3 8
split_gain=3.93276 4.23811 8.38391
threshold=0.00018100000000000004 162.44500000000002 0.97350000000000014
decision_type=8 8 2
left_child=-1 2 -2
right_child=1 -3 -4
leaf_value=-0.0030199885162908308 4.6599627773251215e-05 -0.0031611073233206409 0.0045346062470875753
leaf_weight=51 1336 47 53
leaf_count=51 1336 47 53
internal_value=0 0.000107256 0.000217851
internal_weight=1487 1436 1389
internal_count=1487 1436 1389
is_linear=0
shrinkage=0.0110667


Tree=191
num_leaves=6
num_cat=0
split_feature=1 8 6 2 53
split_gain=3.90316 5.41561 4.59283 3.85309 3.61836
threshold=0.098650000000000002 0.60950000000000004 1285.5000000000002 2.5336000000000003 0.12450000000000001
decision_type=2 2 10 2 10
left_child=2 4 3 -1 -2
right_child=1 -3 -4 -5 -6
leaf_value=-0.00043040049513205775 -0.00073622911097533626 0.0035490117634958272 -0.0033648016602813974 0.0013477514728925386 0.0020679364266236659
leaf_weight=924 160 81 57 178 87
leaf_count=924 160 81 57 178 87
internal_value=0 0.0010658 -0.000301626 -0.000143182 0.00025146
internal_weight=1487 328 1159 1102 247
internal_count=1487 328 1159 1102 247
is_linear=0
shrinkage=0.0110667


Tree=192
num_leaves=4
num_cat=0
split_feature=15 18 4
split_gain=3.91415 7.34486 5.16831
threshold=0.71400000000000008 0.88835000000000008 1385.7600000000002
decision_type=2 10 8
left_child=-1 2 -2
right_child=1 -3 -4
leaf_value=-0.0025356293552983226 -0.0001890905492933496 0.0038836503825996388 0.0031333175629641792
leaf_weight=71 1295 61 60
leaf_count=71 1295 61 60
internal_value=0 0.000127139 -4.19705e-05
internal_weight=1487 1416 1355
internal_count=1487 1416 1355
is_linear=0
shrinkage=0.0110667


Tree=193
num_leaves=6
num_cat=0
split_feature=13 9 6 29 36
split_gain=3.88892 10.5521 10.5194 5.93809 3.06555
threshold=0.37950000000000006 1.0000000180025095e-35 320.50000000000006 -0.040499999999999994 9.7508000000000035
decision_type=8 8 10 10 2
left_child=2 -2 4 -3 -1
right_child=1 3 -4 -5 -6
leaf_value=-0.00041717259751719571 0.0048667267045959433 -0.00022705466815144357 -0.0047222636601558701 0.0025665164104897113 0.0025734837228855345
leaf_weight=480 62 722 70 107 46
leaf_count=480 62 722 70 107 46
internal_value=0 0.000462874 -0.000691982 0.000133511 -0.000155626
internal_weight=1487 891 596 829 526
internal_count=1487 891 596 829 526
is_linear=0
shrinkage=0.0110667


Tree=194
num_leaves=7
num_cat=0
split_feature=3 11 7 14 3 20
split_gain=3.8781 13.5821 28.2365 9.08867 5.65761 3.43125
threshold=99.995000000000019 4.1500000000000006e-05 10.324523444317533 1.5000000000000002 30.500000000000004 5.4095450000000005
decision_type=10 8 10 2 8 8
left_child=1 2 -1 -2 -3 -5
right_child=3 4 -4 5 -6 -7
leaf_value=0.00041441322056146631 -0.005060200949668428 -0.0024090902874139945 0.0099833230151777086 -0.0029455653223004695 0.00013062428149920272 0.00018431649248420483
leaf_weight=138 56 125 52 50 764 302
leaf_count=138 56 125 52 50 764 302
internal_value=0 0.000347531 0.00303329 -0.000919083 -0.000226475 -0.00026026
internal_weight=1487 1079 190 408 889 352
internal_count=1487 1079 190 408 889 352
is_linear=0
shrinkage=0.0110667


Tree=195
num_leaves=4
num_cat=0
split_feature=34 31 32
split_gain=3.86783 4.14542 3.75616
threshold=3.6365000000000003 0.047500000000000007 1.1530000000000002
decision_type=2 8 10
left_child=1 -1 -3
right_child=-2 2 -4
leaf_value=-0.0024779175556555229 0.002964981708627109 -0.00014874318607764969 0.0018300804396329969
leaf_weight=85 52 1220 130
leaf_count=85 52 1220 130
internal_value=0 -0.000107442 4.18078e-05
internal_weight=1487 1435 1350
internal_count=1487 1435 1350
is_linear=0
shrinkage=0.0110667


Tree=196
num_leaves=7
num_cat=0
split_feature=3 11 7 14 3 20
split_gain=3.78961 13.2829 27.6041 8.87379 5.55068 3.35957
threshold=99.995000000000019 4.1500000000000006e-05 10.324523444317533 1.5000000000000002 30.500000000000004 5.4095450000000005
decision_type=10 8 10 2 8 8
left_child=1 2 -1 -2 -3 -5
right_child=3 4 -4 5 -6 -7
leaf_value=0.00041016875982255891 -0.0050004084893537741 -0.0023859949668897863 0.0098713042569933459 -0.0029146569715765968 0.000129604565189208 0.0001823598732214703
leaf_weight=138 56 125 52 50 764 302
leaf_count=138 56 125 52 50 764 302
internal_value=0 0.000343543 0.00299955 -0.000908537 -0.000224104 -0.000257548
internal_weight=1487 1079 190 408 889 352
internal_count=1487 1079 190 408 889 352
is_linear=0
shrinkage=0.0110667


Tree=197
num_leaves=4
num_cat=0
split_feature=15 12 23
split_gain=3.82639 6.48208 4.45282
threshold=0.71400000000000008 75.030000000000015 0.37500000000000006
decision_type=2 10 10
left_child=-1 2 -2
right_child=1 -3 -4
leaf_value=-0.0025070408906976405 -0.00042094539858001463 0.0038504210696173932 0.00098671334706077873
leaf_weight=71 978 55 383
leaf_count=71 978 55 383
internal_value=0 0.000125706 -2.48127e-05
internal_weight=1487 1416 1361
internal_count=1487 1416 1361
is_linear=0
shrinkage=0.0110667


Tree=198
num_leaves=5
num_cat=0
split_feature=16 0 4 62
split_gain=3.83458 4.17997 5.91708 3.13158
threshold=0.00018100000000000004 -61.884999999999998 95.815000000000012 10.784191385701471
decision_type=8 10 10 8
left_child=-1 3 -3 -2
right_child=1 2 -4 -5
leaf_value=-0.0029820533527811569 0.00078848292257586419 -5.1077022893743762e-06 0.0019734581780801817 -0.0020145484911855906
leaf_weight=51 68 966 229 173
leaf_count=51 68 966 229 173
internal_value=0 0.000105908 0.000374046 -0.00122364
internal_weight=1487 1436 1195 241
internal_count=1487 1436 1195 241
is_linear=0
shrinkage=0.0110667


Tree=199
num_leaves=4
num_cat=0
split_feature=25 19 3
split_gain=3.75331 4.05526 3.89504
threshold=11.050000000000002 -1.0000000180025095e-35 99.955000000000013
decision_type=2 8 10
left_child=-1 -2 -3
right_child=1 2 -4
leaf_value=0.0025204897933232442 0.0022064810101163025 0.00010505963203184477 -0.0012202489224996949
leaf_weight=69 86 952 380
leaf_count=69 86 952 380
internal_value=0 -0.000122647 -0.000273029
internal_weight=1487 1418 1332
internal_count=1487 1418 1332
is_linear=0
shrinkage=0.0110667


Tree=200
num_leaves=4
num_cat=0
split_feature=16 3 8
split_gain=3.75153 4.04209 7.86048
threshold=0.00018100000000000004 162.44500000000002 0.97350000000000014
decision_type=8 8 2
left_child=-1 2 -2
right_child=1 -3 -4
leaf_value=-0.0029495845386469997 4.6943411085290104e-05 -0.0030871292825831293 0.0043925926204191595
leaf_weight=51 1336 47 53
leaf_count=51 1336 47 53
internal_value=0 0.000104755 0.000212762
internal_weight=1487 1436 1389
internal_count=1487 1436 1389
is_linear=0
shrinkage=0.0110667


Tree=201
num_leaves=4
num_cat=0
split_feature=15 18 6
split_gain=3.75536 6.93637 4.92885
threshold=0.71400000000000008 0.88835000000000008 1359.5000000000002
decision_type=2 10 8
left_child=-1 2 -2
right_child=1 -3 -4
leaf_value=-0.0024836634423493096 0.00013928105829358957 0.0037750902085729328 -0.0025273818512002427
leaf_weight=71 1264 61 91
leaf_count=71 1264 61 91
internal_value=0 0.000124534 -3.98061e-05
internal_weight=1487 1416 1355
internal_count=1487 1416 1355
is_linear=0
shrinkage=0.0110667


Tree=202
num_leaves=4
num_cat=0
split_feature=15 18 6
split_gain=3.6727 6.78369 4.82036
threshold=0.71400000000000008 0.88835000000000008 1359.5000000000002
decision_type=2 10 8
left_child=-1 2 -2
right_child=1 -3 -4
leaf_value=-0.0024561773438916057 0.00013773965941395126 0.0037333122356464172 -0.0024994118951025064
leaf_weight=71 1264 61 91
leaf_count=71 1264 61 91
internal_value=0 0.000123156 -3.93655e-05
internal_weight=1487 1416 1355
internal_count=1487 1416 1355
is_linear=0
shrinkage=0.0110667


Tree=203
num_leaves=4
num_cat=0
split_feature=34 6 14
split_gain=3.68465 5.38894 5.20615
threshold=3.6365000000000003 1240.0000000000002 1.0000000180025095e-35
decision_type=2 10 2
left_child=1 2 -1
right_child=-2 -3 -4
leaf_value=0.0035917542275541578 0.0028939228100039265 -0.0030773801450200157 -8.2118666557542575e-05
leaf_weight=49 52 71 1315
leaf_count=49 52 71 1315
internal_value=0 -0.000104867 4.98583e-05
internal_weight=1487 1435 1364
internal_count=1487 1435 1364
is_linear=0
shrinkage=0.0110667


Tree=204
num_leaves=8
num_cat=0
split_feature=21 33 21 11 17 46 9
split_gain=3.65545 5.51827 7.52374 5.49798 4.59392 12.9208 3.98702
threshold=0.5355000000000002 0.92825000000000013 0.62750000000000006 1.0000000180025095e-35 1.2685000000000002 12.500000000000002 138.84650000000002
decision_type=2 8 2 8 10 2 10
left_child=4 2 -2 -3 6 -6 -1
right_child=1 3 -4 -5 5 -7 -8
leaf_value=-0.00041318065932773236 0.00045372717407561321 0.0037870303862972219 -0.0034832291193014672 0.00069954600139525099 0.00089587501663413198 -0.0065086751656517261 0.0027773122461072519
leaf_weight=619 273 98 76 253 62 54 52
leaf_count=619 273 98 76 253 62 54 52
internal_value=0 0.000581799 -0.000403595 0.00156159 -0.000517484 -0.00255104 -0.000165925
internal_weight=1487 700 349 351 787 116 671
internal_count=1487 700 349 351 787 116 671
is_linear=0
shrinkage=0.0110667


Tree=205
num_leaves=7
num_cat=0
split_feature=42 23 4 20 20 42
split_gain=3.63629 12.7162 4.85737 4.58292 5.52887 3.17491
threshold=0.97050000000000003 32.910000000000004 39.845000000000006 0.077535350000000017 10.334250000000003 0.94350000000000012
decision_type=2 8 10 8 8 2
left_child=3 2 -2 5 -5 -1
right_child=1 -3 -4 4 -6 -7
leaf_value=-0.00044751537674138521 0.0022025591055449155 0.0060789870859876251 -0.0024381601459378837 0.0011726639174164302 -0.00047855174305452754 -0.0044958801025813981
leaf_weight=46 47 52 67 346 880 49
leaf_count=46 47 52 67 346 880 49
internal_value=0 0.0015438 -0.000524853 -0.000193998 -1.25453e-05 -0.00253565
internal_weight=1487 166 114 1321 1226 95
internal_count=1487 166 114 1321 1226 95
is_linear=0
shrinkage=0.0110667


Tree=206
num_leaves=5
num_cat=0
split_feature=16 29 11 8
split_gain=3.62567 3.95104 9.68448 6.44704
threshold=0.00018100000000000004 0.11950000000000001 0.051112000000000012 0.87400000000000011
decision_type=8 8 8 2
left_child=-1 3 -3 -2
right_child=1 2 -4 -5
leaf_value=-0.0028996852115879754 -0.00028435673886630103 0.0025576719642474233 -0.00010100859023698686 -0.0046246199305506547
leaf_weight=51 472 221 697 46
leaf_count=51 472 221 697 46
internal_value=0 0.000102983 0.000539041 -0.000669792
internal_weight=1487 1436 918 518
internal_count=1487 1436 918 518
is_linear=0
shrinkage=0.0110667


Tree=207
num_leaves=7
num_cat=0
split_feature=1 7 7 20 8 41
split_gain=3.58516 5.23617 15.7053 4.77867 6.05003 1.30183
threshold=0.098650000000000002 9.861733803588459 10.836310409895582 0.044972100000000008 0.89300000000000013 1.0150000000000003
decision_type=2 10 10 8 2 2
left_child=3 5 -3 -1 -5 -2
right_child=1 2 -4 4 -6 -7
leaf_value=-0.003010092463278925 -0.0023321608214590902 0.0066834755066294922 0.00010550076666626865 8.1914103951718166e-05 -0.0037867535921032834 7.8340848035212798e-05
leaf_weight=74 46 63 151 1033 52 68
leaf_count=74 46 63 151 1033 52 68
internal_value=0 0.00102147 0.00204202 -0.000289077 -0.000103494 -0.000894289
internal_weight=1487 328 214 1159 1085 114
internal_count=1487 328 214 1159 1085 114
is_linear=0
shrinkage=0.0110667


Tree=208
num_leaves=4
num_cat=0
split_feature=15 18 6
split_gain=3.5979 6.53315 4.58467
threshold=0.71400000000000008 0.88835000000000008 1359.5000000000002
decision_type=2 10 8
left_child=-1 2 -2
right_child=1 -3 -4
leaf_value=-0.0024310352159027104 0.00013512415343682458 0.0036647590518062247 -0.0024367458019614683
leaf_weight=71 1264 61 91
leaf_count=71 1264 61 91
internal_value=0 0.000121895 -3.75968e-05
internal_weight=1487 1416 1355
internal_count=1487 1416 1355
is_linear=0
shrinkage=0.0110667


Tree=209
num_leaves=6
num_cat=0
split_feature=3 8 8 8 45
split_gain=3.55938 14.7416 12.4874 4.26507 1.62934
threshold=104.90500000000002 0.59550000000000003 0.97350000000000014 0.55350000000000021 5.8605000000000009
decision_type=10 2 2 2 8
left_child=2 4 3 -1 -2
right_child=1 -3 -4 -5 -6
leaf_value=-0.00062619061641288427 0.001572643227700273 -0.0065123824668799823 0.0055852000139403526 0.00068074529902130778 -0.00068082214173672965
leaf_weight=642 71 51 51 584 88
leaf_count=642 71 51 51 584 88
internal_value=0 -0.00133517 0.000219566 -3.63448e-06 0.000325422
internal_weight=1487 210 1277 1226 159
internal_count=1487 210 1277 1226 159
is_linear=0
shrinkage=0.0110667


Tree=210
num_leaves=4
num_cat=0
split_feature=15 12 40
split_gain=3.51924 6.17611 4.32414
threshold=0.71400000000000008 75.030000000000015 0.77350000000000008
decision_type=2 10 8
left_child=-1 2 -2
right_child=1 -3 -4
leaf_value=-0.0024043143617561331 -0.0024899647610641998 0.0037563013375738622 0.0001315768039072138
leaf_weight=71 82 55 1279
leaf_count=71 82 55 1279
internal_value=0 0.000120555 -2.63682e-05
internal_weight=1487 1416 1361
internal_count=1487 1416 1361
is_linear=0
shrinkage=0.0110667


Tree=211
num_leaves=4
num_cat=0
split_feature=19 6 2
split_gain=3.53881 6.16466 6.48155
threshold=-1.0000000180025095e-35 1240.0000000000002 4.874950000000001
decision_type=8 10 2
left_child=-1 2 -2
right_child=1 -3 -4
leaf_value=0.0021790265884158557 -0.00017751114788684013 -0.0035452930364095344 0.0029631770913872519
leaf_weight=86 1253 62 86
leaf_count=86 1253 62 86
internal_value=0 -0.000133759 2.42035e-05
internal_weight=1487 1401 1339
internal_count=1487 1401 1339
is_linear=0
shrinkage=0.0110667


Tree=212
num_leaves=5
num_cat=0
split_feature=16 0 4 8
split_gain=3.51626 3.86485 5.73824 2.74578
threshold=0.00018100000000000004 -61.884999999999998 95.815000000000012 0.58150000000000002
decision_type=8 10 8 2
left_child=-1 3 -3 -2
right_child=1 2 -4 -5
leaf_value=-0.0028555979691285913 -0.00058791533629830414 -1.4129968570283491e-05 0.0019343057687018811 -0.0035457019098508635
leaf_weight=51 193 966 229 48
leaf_count=51 193 966 229 48
internal_value=0 0.000101417 0.00035925 -0.00117703
internal_weight=1487 1436 1195 241
internal_count=1487 1436 1195 241
is_linear=0
shrinkage=0.0110667


Tree=213
num_leaves=6
num_cat=0
split_feature=1 37 8 20 8
split_gain=3.47754 5.1324 7.74735 4.69843 5.93175
threshold=0.098650000000000002 2.8095000000000003 0.60450000000000015 0.044972100000000008 0.89300000000000013
decision_type=2 8 2 8 2
left_child=3 -2 -3 -1 -5
right_child=1 2 -4 4 -6
leaf_value=-0.0029827803061061799 -0.0013917087118048377 0.00071440493474431697 0.0053411314496361771 8.2899951533217149e-05 -0.0037477648069669618
leaf_weight=74 82 188 58 1033 52
leaf_count=74 82 188 58 1033 52
internal_value=0 0.00100602 0.00180527 -0.000284706 -0.000100687
internal_weight=1487 328 246 1159 1085
internal_count=1487 328 246 1159 1085
is_linear=0
shrinkage=0.0110667


Tree=214
num_leaves=4
num_cat=0
split_feature=34 6 4
split_gain=3.48639 5.17914 5.91059
threshold=3.6365000000000003 1240.0000000000002 116.24000000000002
decision_type=2 10 8
left_child=1 2 -1
right_child=-2 -3 -4
leaf_value=-0.00024428584719593722 0.0028149869536675783 -0.0030160829309401165 0.0018550243428642069
leaf_weight=1173 52 71 191
leaf_count=1173 52 71 191
internal_value=0 -0.000102007 4.96768e-05
internal_weight=1487 1435 1364
internal_count=1487 1435 1364
is_linear=0
shrinkage=0.0110667


Tree=215
num_leaves=4
num_cat=0
split_feature=15 18 6
split_gain=3.46991 6.34744 4.32397
threshold=0.71400000000000008 0.88835000000000008 1359.5000000000002
decision_type=2 10 8
left_child=-1 2 -2
right_child=1 -3 -4
leaf_value=-0.0023874040214109512 0.00013023699680729111 0.0036118535416926204 -0.0023674413968053573
leaf_weight=71 1264 61 91
leaf_count=71 1264 61 91
internal_value=0 0.000119707 -3.75014e-05
internal_weight=1487 1416 1355
internal_count=1487 1416 1355
is_linear=0
shrinkage=0.0110667


Tree=216
num_leaves=4
num_cat=0
split_feature=19 6 2
split_gain=3.43924 5.94356 6.2448
threshold=-1.0000000180025095e-35 1240.0000000000002 4.874950000000001
decision_type=8 10 2
left_child=-1 2 -2
right_child=1 -3 -4
leaf_value=0.0021481529734807348 -0.00017475638018016467 -0.0034816608599042439 0.0029080387929885511
leaf_weight=86 1253 62 86
leaf_count=86 1253 62 86
internal_value=0 -0.000131864 2.324e-05
internal_weight=1487 1401 1339
internal_count=1487 1401 1339
is_linear=0
shrinkage=0.0110667


Tree=217
num_leaves=4
num_cat=0
split_feature=3 8 24
split_gain=3.4756 7.5511 3.66857
threshold=162.44500000000002 0.97350000000000014 142.50000000000003
decision_type=8 2 2
left_child=1 2 -1
right_child=-2 -3 -4
leaf_value=-0.00046935796070050672 -0.0029294687430781244 0.0041191551077976044 0.00073502701382187449
leaf_weight=916 48 55 468
leaf_count=916 48 55 468
internal_value=0 9.77167e-05 -6.20925e-05
internal_weight=1487 1439 1384
internal_count=1487 1439 1384
is_linear=0
shrinkage=0.0110667


Tree=218
num_leaves=6
num_cat=0
split_feature=13 2 9 25 45
split_gain=3.43156 10.9952 9.53235 5.62696 2.66999
threshold=0.37950000000000006 3.4177000000000004 1.0000000180025095e-35 37.95000000000001 5.5435000000000008
decision_type=8 2 8 2 10
left_child=1 4 -2 -4 -1
right_child=2 -3 3 -5 -6
leaf_value=0.00029126015925054851 0.0046204510489879468 -0.0046733763844160267 -0.00038219211885184303 0.0017713139896198252 -0.0017351042290003019
leaf_weight=425 62 73 635 194 98
leaf_count=425 62 73 635 194 98
internal_value=0 -0.000650019 0.000434805 0.000121761 -8.84348e-05
internal_weight=1487 596 891 829 523
internal_count=1487 596 891 829 523
is_linear=0
shrinkage=0.0110667


Tree=219
num_leaves=6
num_cat=0
split_feature=42 8 6 6 53
split_gain=3.41701 10.7404 4.70113 3.71051 3.45212
threshold=0.97050000000000003 0.59750000000000003 1058.5000000000002 508.50000000000006 0.041000000000000009
decision_type=2 2 10 10 10
left_child=2 4 3 -1 -2
right_child=1 -3 -4 -5 -6
leaf_value=-0.00014723142828012003 0.0017602873552401423 0.006043149565234252 -0.0028601247909514544 0.0029598839514034074 -0.0020021441222652925
leaf_weight=1196 56 46 76 49 64
leaf_count=1196 56 46 76 49 64
internal_value=0 0.00149653 -0.000188058 -2.49407e-05 -0.000246316
internal_weight=1487 166 1321 1245 120
internal_count=1487 166 1321 1245 120
is_linear=0
shrinkage=0.0110667


Tree=220
num_leaves=6
num_cat=0
split_feature=3 8 8 8 45
split_gain=3.42866 14.361 12.0681 4.08413 1.58538
threshold=104.90500000000002 0.59550000000000003 0.97350000000000014 0.55350000000000021 5.8605000000000009
decision_type=10 2 2 2 8
left_child=2 4 3 -1 -2
right_child=1 -3 -4 -5 -6
leaf_value=-0.00061313185965081174 0.0015588770391000784 -0.0064203775098009858 0.0054902731799914397 0.0006657806265398385 -0.00066398164764917551
leaf_weight=642 71 51 51 584 88
leaf_count=642 71 51 51 584 88
internal_value=0 -0.00131043 0.000215497 -3.92457e-06 0.000328595
internal_weight=1487 210 1277 1226 159
internal_count=1487 210 1277 1226 159
is_linear=0
shrinkage=0.0110667


Tree=221
num_leaves=4
num_cat=0
split_feature=19 6 2
split_gain=3.40914 5.68192 6.04889
threshold=-1.0000000180025095e-35 1240.0000000000002 4.874950000000001
decision_type=8 10 2
left_child=-1 2 -2
right_child=1 -3 -4
leaf_value=0.002138734027332645 -0.00017449991004555061 -0.0034065246001117001 0.0028595532284605668
leaf_weight=86 1253 62 86
leaf_count=86 1253 62 86
internal_value=0 -0.000131286 2.03659e-05
internal_weight=1487 1401 1339
internal_count=1487 1401 1339
is_linear=0
shrinkage=0.0110667


Tree=222
num_leaves=5
num_cat=0
split_feature=16 29 11 8
split_gain=3.40497 3.75115 9.1588 6.14212
threshold=0.00018100000000000004 0.11950000000000001 0.051112000000000012 0.87400000000000011
decision_type=8 8 8 2
left_child=-1 3 -3 -2
right_child=1 2 -4 -5
leaf_value=-0.0028100425117365399 -0.00027696383588126608 0.0024877644490422911 -9.7752343585403789e-05 -0.004513346226520225
leaf_weight=51 472 221 697 46
leaf_count=51 472 221 697 46
internal_value=0 9.97994e-05 0.000524683 -0.000653174
internal_weight=1487 1436 918 518
internal_count=1487 1436 918 518
is_linear=0
shrinkage=0.0110667


Tree=223
num_leaves=4
num_cat=0
split_feature=15 18 4
split_gain=3.39442 6.24107 4.6982
threshold=0.71400000000000008 0.88835000000000008 1385.7600000000002
decision_type=2 10 8
left_child=-1 2 -2
right_child=1 -3 -4
leaf_value=-0.0023612898963811906 -0.00017775761874232564 0.0035811583111430637 0.0029899454723973321
leaf_weight=71 1295 61 60
leaf_count=71 1295 61 60
internal_value=0 0.000118398 -3.74879e-05
internal_weight=1487 1416 1355
internal_count=1487 1416 1355
is_linear=0
shrinkage=0.0110667


Tree=224
num_leaves=4
num_cat=0
split_feature=34 6 4
split_gain=3.34695 4.8007 5.63659
threshold=3.6365000000000003 1240.0000000000002 116.24000000000002
decision_type=2 10 8
left_child=1 2 -1
right_child=-2 -3 -4
leaf_value=-0.00024097761703060228 0.0027581217776848025 -0.0029055369473696699 0.0018090953984825501
leaf_weight=1173 52 71 191
leaf_count=1173 52 71 191
internal_value=0 -9.99461e-05 4.60903e-05
internal_weight=1487 1435 1364
internal_count=1487 1435 1364
is_linear=0
shrinkage=0.0110667


Tree=225
num_leaves=5
num_cat=0
split_feature=19 3 8 8
split_gain=3.32994 4.56275 11.1487 9.20964
threshold=-1.0000000180025095e-35 99.955000000000013 0.79050000000000009 0.72600000000000009
decision_type=8 10 2 2
left_child=-1 2 -2 -3
right_child=1 3 -4 -5
leaf_value=0.0021137441548066947 -1.7481819146237001e-05 -0.00050963999170402163 0.0051059431778313858 -0.0056890186678617526
leaf_weight=86 959 339 55 48
leaf_count=86 959 339 55 48
internal_value=0 -0.000129752 0.000260413 -0.00115205
internal_weight=1487 1401 1014 387
internal_count=1487 1401 1014 387
is_linear=0
shrinkage=0.0110667


Tree=226
num_leaves=5
num_cat=0
split_feature=16 0 44 62
split_gain=3.3346 3.66153 4.06903 3.0069
threshold=0.00018100000000000004 -61.884999999999998 4.5000000000000009 10.784191385701471
decision_type=8 10 2 8
left_child=-1 3 -3 -2
right_child=1 2 -4 -5
leaf_value=-0.0027808544397220159 0.00082605773021198641 0.0035771980053448094 0.00022050692931769285 -0.0019206098569899931
leaf_weight=51 68 46 1149 173
leaf_count=51 68 46 1149 173
internal_value=0 9.87627e-05 0.000349721 -0.0011456
internal_weight=1487 1436 1195 241
internal_count=1487 1436 1195 241
is_linear=0
shrinkage=0.0110667


Tree=227
num_leaves=4
num_cat=0
split_feature=15 12 40
split_gain=3.32107 5.87834 4.16155
threshold=0.71400000000000008 75.030000000000015 0.77350000000000008
decision_type=2 10 8
left_child=-1 2 -2
right_child=1 -3 -4
leaf_value=-0.0023356409774863141 -0.0024430623711482772 0.0036641296405293222 0.00012872103487077108
leaf_weight=71 82 55 1279
leaf_count=71 82 55 1279
internal_value=0 0.000117112 -2.62261e-05
internal_weight=1487 1416 1361
internal_count=1487 1416 1361
is_linear=0
shrinkage=0.0110667


Tree=228
num_leaves=5
num_cat=0
split_feature=3 7 10 10
split_gain=3.30105 4.20995 7.27533 2.34162
threshold=162.44500000000002 8.7717481237626647 9.6500000000000004 0.45000000000000007
decision_type=8 10 10 8
left_child=1 3 -3 -1
right_child=-2 2 -4 -5
leaf_value=-0.0025879082832215277 -0.0028549633233911891 0.0012699767966402179 -0.00058874397122855035 -0.00045426954336897713
leaf_weight=79 48 592 457 311
leaf_count=79 48 592 457 311
internal_value=0 9.52314e-05 0.000460216 -0.000886476
internal_weight=1487 1439 1049 390
internal_count=1487 1439 1049 390
is_linear=0
shrinkage=0.0110667


Tree=229
num_leaves=4
num_cat=0
split_feature=15 12 40
split_gain=3.25473 5.71236 4.05946
threshold=0.71400000000000008 75.030000000000015 0.77350000000000008
decision_type=2 10 8
left_child=-1 2 -2
right_child=1 -3 -4
leaf_value=-0.0023121959890931086 -0.0024123703573884162 0.0036125171088113466 0.0001276711820710534
leaf_weight=71 82 55 1279
leaf_count=71 82 55 1279
internal_value=0 0.000115936 -2.53635e-05
internal_weight=1487 1416 1361
internal_count=1487 1416 1361
is_linear=0
shrinkage=0.0110667


Tree=230
num_leaves=6
num_cat=0
split_feature=1 9 20 8 27
split_gain=3.28867 4.95784 4.69677 5.85464 3.43285
threshold=0.098650000000000002 1.0000000180025095e-35 0.044972100000000008 0.89300000000000013 58.210000000000008
decision_type=2 10 8 2 8
left_child=2 -2 -1 -4 -3
right_child=1 4 3 -5 -6
leaf_value=-0.0029744635073824443 0.0041865602069903257 0.0031630712929904175 8.9509600504274588e-05 -0.00371617558681885 -0.00014630023428863242
leaf_weight=74 50 46 1033 52 232
leaf_count=74 50 46 1033 52 232
internal_value=0 0.000978316 -0.000276866 -9.28797e-05 0.000401282
internal_weight=1487 328 1159 1085 278
internal_count=1487 328 1159 1085 278
is_linear=0
shrinkage=0.0110667


Tree=231
num_leaves=7
num_cat=0
split_feature=1 7 7 20 8 41
split_gain=3.21628 4.91396 14.8858 4.59339 5.72578 1.27425
threshold=0.098650000000000002 9.861733803588459 10.836310409895582 0.044972100000000008 0.89300000000000013 1.0150000000000003
decision_type=2 10 10 8 2 2
left_child=3 5 -3 -1 -5 -2
right_child=1 2 -4 4 -6 -7
leaf_value=-0.0029415458586117111 -0.0023109489377987906 0.0064748881091832985 7.0824442853717671e-05 8.8519017255733555e-05 -0.0036750496588759374 7.3888537958529687e-05
leaf_weight=74 46 63 151 1033 52 68
leaf_count=74 46 63 151 1033 52 68
internal_value=0 0.000967489 0.00195615 -0.000273802 -9.18518e-05 -0.000888386
internal_weight=1487 328 214 1159 1085 114
internal_count=1487 328 214 1159 1085 114
is_linear=0
shrinkage=0.0110667


Tree=232
num_leaves=5
num_cat=0
split_feature=16 29 9 8
split_gain=3.24781 3.53911 12.6335 5.85131
threshold=0.00018100000000000004 0.11950000000000001 1.0000000180025095e-35 0.87400000000000011
decision_type=8 8 8 2
left_child=-1 3 -3 -2
right_child=1 2 -4 -5
leaf_value=-0.0027444277028785824 -0.0002667169838612974 0.005376329982288432 0.00016379965310358367 -0.0044015934716481924
leaf_weight=51 472 61 857 46
leaf_count=51 472 61 857 46
internal_value=0 9.7469e-05 0.00051017 -0.000633913
internal_weight=1487 1436 918 518
internal_count=1487 1436 918 518
is_linear=0
shrinkage=0.0110667


Tree=233
num_leaves=5
num_cat=0
split_feature=16 0 4 8
split_gain=3.17632 3.46164 5.39295 2.50634
threshold=0.00018100000000000004 -61.884999999999998 95.815000000000012 0.58150000000000002
decision_type=8 10 10 2
left_child=-1 3 -3 -2
right_child=1 2 -4 -5
leaf_value=-0.0027140557696717811 -0.00055068828234262543 -2.1568500816017622e-05 0.0018673349683143844 -0.0033765726954873431
leaf_weight=51 193 966 229 48
leaf_count=51 193 966 229 48
internal_value=0 9.63903e-05 0.000340403 -0.00111353
internal_weight=1487 1436 1195 241
internal_count=1487 1436 1195 241
is_linear=0
shrinkage=0.0110667


Tree=234
num_leaves=4
num_cat=0
split_feature=19 6 2
split_gain=3.23823 5.53913 5.67532
threshold=-1.0000000180025095e-35 1240.0000000000002 4.874950000000001
decision_type=8 10 2
left_child=-1 2 -2
right_child=1 -3 -4
leaf_value=0.0020844322294208415 -0.00016697138543213025 -0.0033617729201401571 0.0027719001282631127
leaf_weight=86 1253 62 86
leaf_count=86 1253 62 86
internal_value=0 -0.000127953 2.17812e-05
internal_weight=1487 1401 1339
internal_count=1487 1401 1339
is_linear=0
shrinkage=0.0110667


Tree=235
num_leaves=6
num_cat=0
split_feature=42 8 6 20 53
split_gain=3.18479 10.233 4.46514 5.37175 3.36077
threshold=0.97050000000000003 0.59750000000000003 1058.5000000000002 0.077535350000000017 0.041000000000000009
decision_type=2 2 10 8 10
left_child=2 4 3 -1 -2
right_child=1 -3 -4 -5 -6
leaf_value=-0.0026746742272723439 0.0017234827993998102 0.0058826935260298798 -0.0027856913576511998 0.00017666235649782479 -0.0019888316476066167
leaf_weight=87 56 46 76 1158 64
leaf_count=87 56 46 76 1158 64
internal_value=0 0.00144478 -0.000181555 -2.25851e-05 -0.000256391
internal_weight=1487 166 1321 1245 120
internal_count=1487 166 1321 1245 120
is_linear=0
shrinkage=0.0110667


Tree=236
num_leaves=6
num_cat=0
split_feature=3 8 8 8 3
split_gain=3.1985 13.8292 11.8548 3.85451 1.57967
threshold=104.90500000000002 0.59550000000000003 0.97350000000000014 0.55350000000000021 138.96000000000004
decision_type=10 2 2 2 10
left_child=2 4 3 -1 -2
right_child=1 -3 -4 -5 -6
leaf_value=-0.00060116939615270735 -0.00044832026104852355 -0.0062801251146264647 0.0054360856281443224 0.00064127107127002754 0.0018808818179961234
leaf_weight=642 105 51 51 584 54
leaf_count=642 105 51 51 584 54
internal_value=0 -0.00126568 0.000208138 -9.3354e-06 0.000342709
internal_weight=1487 210 1277 1226 159
internal_count=1487 210 1277 1226 159
is_linear=0
shrinkage=0.0110667


Tree=237
num_leaves=4
num_cat=0
split_feature=15 12 40
split_gain=3.20022 5.4839 3.95823
threshold=0.71400000000000008 75.030000000000015 0.77350000000000008
decision_type=2 10 8
left_child=-1 2 -2
right_child=1 -3 -4
leaf_value=-0.0022927511917841658 -0.0023805406109581001 0.0035409083396791539 0.00012763037087962188
leaf_weight=71 82 55 1279
leaf_count=71 82 55 1279
internal_value=0 0.000114961 -2.34841e-05
internal_weight=1487 1416 1361
internal_count=1487 1416 1361
is_linear=0
shrinkage=0.0110667


Tree=238
num_leaves=5
num_cat=0
split_feature=19 8 25 17
split_gain=3.19526 3.70311 10.4736 5.82751
threshold=-1.0000000180025095e-35 0.55350000000000021 14.750000000000002 1.2685000000000002
decision_type=8 2 2 10
left_child=-1 3 -3 -2
right_child=1 2 -4 -5
leaf_value=0.0020705578988870791 -0.00021155485507637632 0.0040291548458304917 -7.0991058496229682e-05 -0.0027926542754918697
leaf_weight=86 609 88 574 130
leaf_count=86 609 88 574 130
internal_value=0 -0.000127101 0.000474039 -0.000665609
internal_weight=1487 1401 662 739
internal_count=1487 1401 662 739
is_linear=0
shrinkage=0.0110667


Tree=239
num_leaves=4
num_cat=0
split_feature=3 8 24
split_gain=3.16474 7.02891 3.61576
threshold=162.44500000000002 0.97350000000000014 142.50000000000003
decision_type=8 2 2
left_child=1 2 -1
right_child=-2 -3 -4
leaf_value=-0.00046526352981361512 -0.0027953955428496073 0.0039731411444754415 0.00073042120153494062
leaf_weight=916 48 55 468
leaf_count=916 48 55 468
internal_value=0 9.32443e-05 -6.094e-05
internal_weight=1487 1439 1384
internal_count=1487 1439 1384
is_linear=0
shrinkage=0.0110667


Tree=240
num_leaves=4
num_cat=0
split_feature=15 18 4
split_gain=3.12884 5.92491 4.43731
threshold=0.71400000000000008 0.88835000000000008 1385.7600000000002
decision_type=2 10 8
left_child=-1 2 -2
right_child=1 -3 -4
leaf_value=-0.0022670356506755609 -0.00017453396423175303 0.0034875861336721996 0.0029039630197018585
leaf_weight=71 1295 61 60
leaf_count=71 1295 61 60
internal_value=0 0.000113672 -3.82144e-05
internal_weight=1487 1416 1355
internal_count=1487 1416 1355
is_linear=0
shrinkage=0.0110667


Tree=241
num_leaves=5
num_cat=0
split_feature=19 3 9 4
split_gain=3.12125 4.19199 14.2726 9.91678
threshold=-1.0000000180025095e-35 99.955000000000013 1.0000000180025095e-35 910.24500000000012
decision_type=8 10 8 8
left_child=-1 2 -2 -3
right_child=1 3 -4 -5
leaf_value=0.0020464368274108235 0.0051073211170737107 -0.00045483842745570218 -0.00010642212814010544 -0.005928850757706528
leaf_weight=86 69 341 945 46
leaf_count=86 69 341 945 46
internal_value=0 -0.00012562 0.000248356 -0.0011055
internal_weight=1487 1401 1014 387
internal_count=1487 1401 1014 387
is_linear=0
shrinkage=0.0110667


Tree=242
num_leaves=5
num_cat=0
split_feature=34 3 20 9
split_gain=3.10193 4.80139 9.93897 5.20028
threshold=3.6365000000000003 32.865000000000002 0.56766300000000014 96.192000000000021
decision_type=2 8 10 10
left_child=1 2 -1 -3
right_child=-2 3 -4 -5
leaf_value=-0.004460961743123595 0.0026552466538261113 -0.00017797548503091184 0.0012877129826067792 0.0017720361801412331
leaf_weight=85 52 1087 65 198
leaf_count=85 52 1087 65 198
internal_value=0 -9.62184e-05 -0.00196985 0.000122491
internal_weight=1487 1435 150 1285
internal_count=1487 1435 150 1285
is_linear=0
shrinkage=0.0110667


Tree=243
num_leaves=5
num_cat=0
split_feature=16 0 44 8
split_gain=3.10628 3.31975 3.80298 2.49439
threshold=0.00018100000000000004 -61.884999999999998 4.5000000000000009 0.58150000000000002
decision_type=8 10 2 2
left_child=-1 3 -3 -2
right_child=1 2 -4 -5
leaf_value=-0.0026839670321406662 -0.00052804401655369307 0.0034544592712604703 0.00020936232284828564 -0.0033471843773536904
leaf_weight=51 193 46 1149 48
leaf_count=51 193 46 1149 48
internal_value=0 9.53216e-05 0.000334281 -0.00108955
internal_weight=1487 1436 1195 241
internal_count=1487 1436 1195 241
is_linear=0
shrinkage=0.0110667


Tree=244
num_leaves=4
num_cat=0
split_feature=3 4 41
split_gain=3.08598 6.87733 4.29967
threshold=162.44500000000002 1025.4000000000003 0.7965000000000001
decision_type=8 8 2
left_child=1 2 -1
right_child=-2 -3 -4
leaf_value=-0.0030853006634411154 -0.0027603923247171373 0.0034503298737331867 4.5961688909899744e-05
leaf_weight=56 48 71 1312
leaf_count=56 48 71 1312
internal_value=0 9.20767e-05 -8.22163e-05
internal_weight=1487 1439 1368
internal_count=1487 1439 1368
is_linear=0
shrinkage=0.0110667


Tree=245
num_leaves=5
num_cat=0
split_feature=19 8 25 46
split_gain=3.05223 3.54905 10.1922 5.69746
threshold=-1.0000000180025095e-35 0.55350000000000021 14.750000000000002 11.500000000000002
decision_type=8 2 2 2
left_child=-1 3 -3 -2
right_child=1 2 -4 -5
leaf_value=0.0020236844141513664 0.00028288248777826687 0.0039713016401187809 -7.3377779480698668e-05 -0.0016620371171891806
leaf_weight=86 384 88 574 355
leaf_count=86 384 88 574 355
internal_value=0 -0.000124224 0.000464279 -0.000651411
internal_weight=1487 1401 662 739
internal_count=1487 1401 662 739
is_linear=0
shrinkage=0.0110667


Tree=246
num_leaves=6
num_cat=0
split_feature=3 8 8 8 3
split_gain=3.03566 14.7589 10.9655 3.56809 1.55501
threshold=105.57500000000002 0.59550000000000003 0.97350000000000014 0.55350000000000021 138.96000000000004
decision_type=10 2 2 2 10
left_child=2 4 3 -1 -2
right_child=1 -3 -4 -5 -6
leaf_value=-0.00058000049538831696 -0.00042199952834106312 -0.0066948161442713285 0.0051777903474531589 0.00061334290865673147 0.0018927181052007349
leaf_weight=643 104 47 52 587 54
leaf_count=643 104 47 52 587 54
internal_value=0 -0.00125043 0.000199951 -1.04917e-05 0.000369086
internal_weight=1487 205 1282 1230 158
internal_count=1487 205 1282 1230 158
is_linear=0
shrinkage=0.0110667


Tree=247
num_leaves=5
num_cat=0
split_feature=34 3 20 9
split_gain=3.02788 4.69834 9.73011 5.032
threshold=3.6365000000000003 32.865000000000002 0.56766300000000014 96.192000000000021
decision_type=2 8 10 10
left_child=1 2 -1 -3
right_child=-2 3 -4 -5
leaf_value=-0.0044132768037112233 0.0026233583566084213 -0.00017427804378821279 0.0012746742507113689 0.0017439221750415086
leaf_weight=85 52 1087 65 198
leaf_count=85 52 1087 65 198
internal_value=0 -9.50628e-05 -0.00194848 0.000121286
internal_weight=1487 1435 150 1285
internal_count=1487 1435 150 1285
is_linear=0
shrinkage=0.0110667


Tree=248
num_leaves=5
num_cat=0
split_feature=16 32 28 55
split_gain=3.0087 3.27395 4.0185 4.00082
threshold=0.00018100000000000004 1.1530000000000002 0.57500000000000007 4.5000000000000009
decision_type=8 10 10 8
left_child=-1 3 -3 -2
right_child=1 2 -4 -5
leaf_value=-0.0026414737099443577 -0.0018190126003760944 -0.00059471736141870478 0.003232449131928022 0.00013752972783144982
leaf_weight=51 144 56 84 1152
leaf_count=51 144 56 84 1152
internal_value=0 9.38125e-05 0.00170156 -7.98614e-05
internal_weight=1487 1436 140 1296
internal_count=1487 1436 140 1296
is_linear=0
shrinkage=0.0110667


Tree=249
num_leaves=4
num_cat=0
split_feature=15 18 4
split_gain=3.08009 5.58108 4.27155
threshold=0.71400000000000008 0.88835000000000008 1385.7600000000002
decision_type=2 10 8
left_child=-1 2 -2
right_child=1 -3 -4
leaf_value=-0.0022493063871874665 -0.00016837938426843673 0.0033873355927520471 0.0028520689602742405
leaf_weight=71 1295 61 60
leaf_count=71 1295 61 60
internal_value=0 0.000112783 -3.46302e-05
internal_weight=1487 1416 1355
internal_count=1487 1416 1355
is_linear=0
shrinkage=0.0110667


Tree=250
num_leaves=4
num_cat=0
split_feature=15 12 23
split_gain=3.0123 5.2746 3.96176
threshold=0.71400000000000008 76.180000000000021 0.37500000000000006
decision_type=2 10 10
left_child=-1 2 -2
right_child=1 -3 -4
leaf_value=-0.0022244139486280322 -0.0003903798893630416 0.0036419287894826785 0.00093538946559261395
leaf_weight=71 982 50 384
leaf_count=71 982 50 384
internal_value=0 0.000111535 -1.76869e-05
internal_weight=1487 1416 1366
internal_count=1487 1416 1366
is_linear=0
shrinkage=0.0110667


Tree=251
num_leaves=4
num_cat=0
split_feature=6 0 4
split_gain=3.0307 5.15117 4.75145
threshold=1240.0000000000002 555.50000000000011 116.24000000000002
decision_type=10 10 8
left_child=1 2 -1
right_child=-2 -3 -4
leaf_value=-0.00027828172572766206 -0.0021092282772137792 0.0034073591547961976 0.0016350518815024834
leaf_weight=1168 79 56 184
leaf_count=1168 79 56 184
internal_value=0 0.000118344 -1.78848e-05
internal_weight=1487 1408 1352
internal_count=1487 1408 1352
is_linear=0
shrinkage=0.0110667


Tree=252
num_leaves=7
num_cat=0
split_feature=1 7 7 20 8 41
split_gain=2.97089 4.67245 13.98 4.60616 5.84987 1.39833
threshold=0.098750000000000018 9.861733803588459 10.836310409895582 0.044972100000000008 0.89300000000000013 1.0225000000000002
decision_type=2 10 10 8 2 2
left_child=3 5 -3 -1 -5 -2
right_child=1 2 -4 4 -6 -7
leaf_value=-0.0028906678674764791 -0.0022823109597899906 0.0064331424388697489 8.1397467069971492e-05 0.00010687652704923353 -0.0036962098727711581 0.00023743482366206142
leaf_weight=76 49 60 145 1045 52 60
leaf_count=76 49 60 145 1045 52 60
internal_value=0 0.000956074 0.00194046 -0.000255932 -7.33944e-05 -0.000895265
internal_weight=1487 314 205 1173 1097 109
internal_count=1487 314 205 1173 1097 109
is_linear=0
shrinkage=0.0110667


Tree=253
num_leaves=5
num_cat=0
split_feature=19 8 25 1
split_gain=2.94871 3.37408 9.89033 4.05575
threshold=-1.0000000180025095e-35 0.55350000000000021 14.750000000000002 0.066600000000000006
decision_type=8 2 2 2
left_child=-1 3 -3 -2
right_child=1 2 -4 -5
leaf_value=0.0019890714174404739 0.0004015835235770088 0.0039064177396141795 -7.7922187855284378e-05 -0.0012838481796925536
leaf_weight=86 284 88 574 455
leaf_count=86 284 88 574 455
internal_value=0 -0.000122099 0.000451713 -0.000636127
internal_weight=1487 1401 662 739
internal_count=1487 1401 662 739
is_linear=0
shrinkage=0.0110667


Tree=254
num_leaves=4
num_cat=0
split_feature=3 4 31
split_gain=2.99207 6.52087 5.54534
threshold=162.44500000000002 1025.4000000000003 0.033000000000000008
decision_type=8 8 8
left_child=1 2 -1
right_child=-2 -3 -4
leaf_value=-0.0030905432433700124 -0.002718064736848188 0.0033607292272714653 8.5800737629767974e-05
leaf_weight=71 48 71 1297
leaf_count=71 48 71 1297
internal_value=0 9.06649e-05 -7.9051e-05
internal_weight=1487 1439 1368
internal_count=1487 1439 1368
is_linear=0
shrinkage=0.0110667


Tree=255
num_leaves=4
num_cat=0
split_feature=6 0 14
split_gain=2.96178 4.99058 2.85133
threshold=1240.0000000000002 555.50000000000011 1.0000000180025095e-35
decision_type=10 10 2
left_child=1 2 -1
right_child=-2 -3 -4
leaf_value=0.0026036731483600052 -0.0020851084134327681 0.003354331110193644 -0.00011565565059749277
leaf_weight=49 79 56 1303
leaf_count=49 79 56 1303
internal_value=0 0.000116991 -1.70977e-05
internal_weight=1487 1408 1352
internal_count=1487 1408 1352
is_linear=0
shrinkage=0.0110667


Tree=256
num_leaves=4
num_cat=0
split_feature=15 12 23
split_gain=2.95643 5.12774 3.83444
threshold=0.71400000000000008 76.180000000000021 0.37500000000000006
decision_type=2 10 10
left_child=-1 2 -2
right_child=1 -3 -4
leaf_value=-0.0022036894012307413 -0.0003835696261740165 0.0035913949909622349 0.000920721949656219
leaf_weight=71 982 50 384
leaf_count=71 982 50 384
internal_value=0 0.000110495 -1.69143e-05
internal_weight=1487 1416 1366
internal_count=1487 1416 1366
is_linear=0
shrinkage=0.0110667


Tree=257
num_leaves=5
num_cat=0
split_feature=6 2 38 18
split_gain=2.90693 4.86691 9.04782 3.20396
threshold=1240.0000000000002 4.874950000000001 2363.0000000000005 0.3907000000000001
decision_type=10 2 2 10
left_child=1 3 -3 -1
right_child=-2 2 -4 -5
leaf_value=5.914941372618087e-05 -0.002065709778904524 0.0060516879504805702 -0.0008523324679443646 -0.0026234033837546347
leaf_weight=1258 79 46 47 57
leaf_count=1258 79 46 47 57
internal_value=0 0.000115903 0.00256252 -5.71261e-05
internal_weight=1487 1408 93 1315
internal_count=1487 1408 93 1315
is_linear=0
shrinkage=0.0110667


Tree=258
num_leaves=5
num_cat=0
split_feature=16 29 9 6
split_gain=2.9095 3.25071 11.4669 4.79974
threshold=0.00018100000000000004 0.11950000000000001 1.0000000180025095e-35 462.50000000000006
decision_type=8 8 8 8
left_child=-1 3 -3 -2
right_child=1 2 -4 -5
leaf_value=-0.0025975586520250384 -0.00021588309445574945 0.005123819463926543 0.00015779056927810352 -0.0034977165974605907
leaf_weight=51 456 61 857 62
leaf_count=51 456 61 857 62
internal_value=0 9.22529e-05 0.000487781 -0.000608696
internal_weight=1487 1436 918 518
internal_count=1487 1436 918 518
is_linear=0
shrinkage=0.0110667


Tree=259
num_leaves=4
num_cat=0
split_feature=19 6 2
split_gain=2.9183 5.27822 4.88912
threshold=-1.0000000180025095e-35 1240.0000000000002 4.874950000000001
decision_type=8 10 2
left_child=-1 2 -2
right_child=1 -3 -4
leaf_value=0.0019787879032135362 -0.00015049418566036627 -0.0032782083012007253 0.0025772324616518058
leaf_weight=86 1253 62 86
leaf_count=86 1253 62 86
internal_value=0 -0.000121468 2.46972e-05
internal_weight=1487 1401 1339
internal_count=1487 1401 1339
is_linear=0
shrinkage=0.0110667


Tree=260
num_leaves=4
num_cat=0
split_feature=15 18 6
split_gain=2.89551 5.38112 3.47172
threshold=0.71400000000000008 0.88835000000000008 1359.5000000000002
decision_type=2 10 8
left_child=-1 2 -2
right_child=1 -3 -4
leaf_value=-0.0021808683987127424 0.00011490436924786282 0.0033247104642336171 -0.002123134085018298
leaf_weight=71 1264 61 91
leaf_count=71 1264 61 91
internal_value=0 0.000109351 -3.53969e-05
internal_weight=1487 1416 1355
internal_count=1487 1416 1355
is_linear=0
shrinkage=0.0110667


Tree=261
num_leaves=6
num_cat=0
split_feature=1 28 20 6 52
split_gain=2.8531 5.07906 4.55527 4.8703 3.37894
threshold=0.098750000000000018 648.50000000000011 0.044972100000000008 1285.5000000000002 -0.6349999999999999
decision_type=2 8 8 10 2
left_child=2 4 -1 -4 -2
right_child=1 -3 3 -5 -6
leaf_value=-0.0028709474756909385 0.0023511013890313509 0.0037187373071993651 9.8499464306491468e-05 -0.0033099878929696851 -0.0005536991826963221
leaf_weight=76 67 64 1043 54 183
leaf_count=76 67 64 1043 54 183
internal_value=0 0.00093693 -0.000250807 -6.92809e-05 0.000224774
internal_weight=1487 314 1173 1097 250
internal_count=1487 314 1173 1097 250
is_linear=0
shrinkage=0.0110667


Tree=262
num_leaves=5
num_cat=0
split_feature=3 16 44 45
split_gain=2.8851 3.59976 9.96536 2.85802
threshold=162.44500000000002 0.10384500000000001 9.5000000000000018 5.6030000000000006
decision_type=8 10 2 10
left_child=1 3 -3 -1
right_child=-2 2 -4 -5
leaf_value=-0.00051306500324435731 -0.0026690385385298668 0.0054324761547734201 0.00017155735496823837 -0.0034888274435227024
leaf_weight=281 48 46 1066 46
leaf_count=281 48 46 1066 46
internal_value=0 8.90295e-05 0.000389188 -0.000931684
internal_weight=1487 1439 1112 327
internal_count=1487 1439 1112 327
is_linear=0
shrinkage=0.0110667


Tree=263
num_leaves=5
num_cat=0
split_feature=19 8 25 17
split_gain=2.85585 3.22183 9.51293 5.74356
threshold=-1.0000000180025095e-35 0.55350000000000021 14.750000000000002 1.2685000000000002
decision_type=8 2 2 10
left_child=-1 3 -3 -2
right_child=1 2 -4 -5
leaf_value=0.0019575014811455509 -0.0001716864806341888 0.0038287053551751267 -7.8876366050203544e-05 -0.0027341251498861499
leaf_weight=86 609 88 574 130
leaf_count=86 609 88 574 130
internal_value=0 -0.000120161 0.000440556 -0.000622458
internal_weight=1487 1401 662 739
internal_count=1487 1401 662 739
is_linear=0
shrinkage=0.0110667


Tree=264
num_leaves=7
num_cat=0
split_feature=3 44 47 10 17 10
split_gain=2.86368 10.2697 4.73258 7.29453 5.38907 3.36808
threshold=104.90500000000002 16.500000000000004 363.00000000000006 61.300000000000004 1.3965000000000003 2.2500000000000004
decision_type=10 2 8 10 10 8
left_child=2 -2 4 -4 -1 -3
right_child=1 5 3 -5 -6 -7
leaf_value=0.00015172766011737856 -0.0058185538616975733 -0.0024415805883888412 0.0020190580986488385 -0.00094386344114435724 -0.0020612959279863938 0.0010887272324296129
leaf_weight=636 46 46 321 149 171 118
leaf_count=636 46 46 321 149 171 118
internal_value=0 -0.0011976 0.000196943 0.00107974 -0.000317199 9.84992e-05
internal_weight=1487 210 1277 470 807 164
internal_count=1487 210 1277 470 807 164
is_linear=0
shrinkage=0.0110667


Tree=265
num_leaves=4
num_cat=0
split_feature=15 18 4
split_gain=2.8519 5.22043 3.96948
threshold=0.71400000000000008 0.88835000000000008 1385.7600000000002
decision_type=2 10 8
left_child=-1 2 -2
right_child=1 -3 -4
leaf_value=-0.0021643829643408856 -0.00016297938603681466 0.0032755119527364145 0.0027487129604447905
leaf_weight=71 1295 61 60
leaf_count=71 1295 61 60
internal_value=0 0.000108525 -3.4046e-05
internal_weight=1487 1416 1355
internal_count=1487 1416 1355
is_linear=0
shrinkage=0.0110667


Tree=266
num_leaves=4
num_cat=0
split_feature=3 8 41
split_gain=2.81023 6.24092 3.10353
threshold=162.44500000000002 0.97350000000000014 0.7965000000000001
decision_type=8 2 2
left_child=1 2 -1
right_child=-2 -3 -4
leaf_value=-0.0027366480147140429 -0.0026341790783555837 0.0037438197864197473 4.5085584938887311e-05
leaf_weight=51 48 55 1333
leaf_count=51 48 55 1333
internal_value=0 8.78667e-05 -5.74182e-05
internal_weight=1487 1439 1384
internal_count=1487 1439 1384
is_linear=0
shrinkage=0.0110667


Tree=267
num_leaves=7
num_cat=0
split_feature=24 12 3 56 2 47
split_gain=2.80646 6.71452 8.05114 4.88867 6.4426 5.47716
threshold=142.50000000000003 63.605000000000011 28.165000000000003 10.500000000000002 1.6162000000000003 1162.5000000000002
decision_type=2 10 8 8 2 10
left_child=1 2 -1 5 -5 -2
right_child=3 -3 -4 4 -6 -7
leaf_value=-0.0043199494176702959 -0.0037982576275717647 0.002869143515067004 -0.00030828829481679808 0.00040579987591340147 0.0036498659666277951 0.0012148538311048866
leaf_weight=66 56 74 855 283 102 51
leaf_count=66 56 74 855 283 102 51
internal_value=0 -0.000338077 -0.000595772 0.000683711 0.00126528 -0.0014088
internal_weight=1487 995 921 492 385 107
internal_count=1487 995 921 492 385 107
is_linear=0
shrinkage=0.0110667


Tree=268
num_leaves=4
num_cat=0
split_feature=6 6 4
split_gain=2.79434 4.23693 4.19802
threshold=1240.0000000000002 640.00000000000011 116.24000000000002
decision_type=10 10 8
left_child=1 2 -1
right_child=-2 -3 -4
leaf_value=-0.00024227765952818941 -0.002025309840260199 0.0034169805757206413 0.0015469703201516369
leaf_weight=1176 79 46 186
leaf_count=1176 79 46 186
internal_value=0 0.000113636 2.0666e-06
internal_weight=1487 1408 1362
internal_count=1487 1408 1362
is_linear=0
shrinkage=0.0110667


Tree=269
num_leaves=4
num_cat=0
split_feature=15 18 4
split_gain=2.79484 5.07774 3.80939
threshold=0.71400000000000008 0.88835000000000008 1385.7600000000002
decision_type=2 10 8
left_child=-1 2 -2
right_child=1 -3 -4
leaf_value=-0.0021426206752108027 -0.00015948182024425647 0.0032308374409777425 0.0026928919890514482
leaf_weight=71 1295 61 60
leaf_count=71 1295 61 60
internal_value=0 0.000107433 -3.3175e-05
internal_weight=1487 1416 1355
internal_count=1487 1416 1355
is_linear=0
shrinkage=0.0110667


Tree=270
num_leaves=5
num_cat=0
split_feature=16 32 0 5
split_gain=2.77687 3.16822 6.75925 4.05286
threshold=0.00018100000000000004 1.1530000000000002 1.7300000000000002 11.168000000000001
decision_type=8 10 10 8
left_child=-1 3 -3 -2
right_child=1 2 -4 -5
leaf_value=-0.0025376637641764516 -0.0010469626513554525 -0.0018043379912492574 0.0033727714939839229 0.00031565572501527609
leaf_weight=51 377 46 94 919
leaf_count=51 377 46 94 919
internal_value=0 9.01256e-05 0.0016717 -8.07207e-05
internal_weight=1487 1436 140 1296
internal_count=1487 1436 140 1296
is_linear=0
shrinkage=0.0110667


Tree=271
num_leaves=7
num_cat=0
split_feature=24 12 56 0 30 24
split_gain=2.77678 6.54238 4.78545 6.79015 5.17017 3.54588
threshold=142.50000000000003 63.605000000000011 10.500000000000002 89.280000000000015 94.850000000000009 134.50000000000003
decision_type=2 10 8 10 10 2
left_child=1 5 4 -4 -2 -1
right_child=2 -3 3 -5 -6 -7
leaf_value=-0.00016459843699955439 -0.0038002559406915275 0.0028295560600321741 0.000408401005593501 0.003805494632623193 0.0010652320317008192 -0.0016973896496420237
leaf_weight=665 54 74 289 96 53 256
leaf_count=665 54 74 289 96 53 256
internal_value=0 -0.000336284 0.000680086 0.00125548 -0.00139022 -0.000590655
internal_weight=1487 995 492 385 107 921
internal_count=1487 995 492 385 107 921
is_linear=0
shrinkage=0.0110667


Tree=272
num_leaves=5
num_cat=0
split_feature=6 2 38 18
split_gain=2.80146 4.37314 8.73768 3.15913
threshold=1240.0000000000002 4.874950000000001 2363.0000000000005 0.3907000000000001
decision_type=10 2 2 10
left_child=1 3 -3 -1
right_child=-2 2 -4 -5
leaf_value=6.5223155050541968e-05 -0.0020278894943228385 0.0058618165682446663 -0.00092284636130781771 -0.0025984981807779298
leaf_weight=1258 79 46 47 57
leaf_count=1258 79 46 47 57
internal_value=0 0.00011378 0.00243297 -5.02361e-05
internal_weight=1487 1408 93 1315
internal_count=1487 1408 93 1315
is_linear=0
shrinkage=0.0110667


Tree=273
num_leaves=4
num_cat=0
split_feature=3 8 24
split_gain=2.74916 6.08739 3.48454
threshold=162.44500000000002 0.97350000000000014 142.50000000000003
decision_type=8 2 2
left_child=1 2 -1
right_child=-2 -3 -4
leaf_value=-0.00045349939176705386 -0.0026053962692038973 0.0036976085030282317 0.00072028965407593105
leaf_weight=916 48 55 468
leaf_count=916 48 55 468
internal_value=0 8.69066e-05 -5.65799e-05
internal_weight=1487 1439 1384
internal_count=1487 1439 1384
is_linear=0
shrinkage=0.0110667


Tree=274
num_leaves=4
num_cat=0
split_feature=19 6 2
split_gain=2.76819 5.09016 4.40225
threshold=-1.0000000180025095e-35 1240.0000000000002 4.874950000000001
decision_type=8 10 2
left_child=-1 2 -2
right_child=1 -3 -4
leaf_value=0.00192722318373727 -0.00014100451519225956 -0.0032182970751263519 0.0024473424742983284
leaf_weight=86 1253 62 86
leaf_count=86 1253 62 86
internal_value=0 -0.000118302 2.52349e-05
internal_weight=1487 1401 1339
internal_count=1487 1401 1339
is_linear=0
shrinkage=0.0110667


Tree=275
num_leaves=4
num_cat=0
split_feature=15 34 3
split_gain=2.73314 4.45226 3.22896
threshold=0.71400000000000008 3.1000000000000005 162.44500000000002
decision_type=2 2 8
left_child=-1 2 -2
right_child=1 -3 -4
leaf_value=-0.0021188399718354671 9.029396481208424e-05 0.0034190843464865024 -0.0028923361715768848
leaf_weight=71 1322 48 46
leaf_count=71 1322 48 46
internal_value=0 0.000106241 -9.99678e-06
internal_weight=1487 1416 1368
internal_count=1487 1416 1368
is_linear=0
shrinkage=0.0110667


Tree=276
num_leaves=6
num_cat=0
split_feature=13 2 9 76 10
split_gain=2.69716 11.0118 7.70299 5.32216 2.40309
threshold=0.37950000000000006 3.4177000000000004 1.0000000180025095e-35 -0.12699999999999997 0.55000000000000016
decision_type=8 2 8 2 8
left_child=1 4 -2 -4 -1
right_child=2 -3 3 -5 -6
leaf_value=-0.0022250514372311029 0.0041481150256159286 -0.0046026571233722989 0.0032228808914351826 -0.00014803051853605402 0.00024026435051770315
leaf_weight=54 62 73 62 767 469
leaf_count=54 62 73 62 767 469
internal_value=0 -0.00057628 0.00038548 0.000104072 -1.42745e-05
internal_weight=1487 596 891 829 523
internal_count=1487 596 891 829 523
is_linear=0
shrinkage=0.0110667


Tree=277
num_leaves=6
num_cat=0
split_feature=1 28 20 20 41
split_gain=2.73372 4.78796 4.51761 4.69079 4.09789
threshold=0.098750000000000018 648.50000000000011 0.044972100000000008 11.623950000000002 1.0745000000000002
decision_type=2 8 8 8 2
left_child=2 4 -1 -4 -2
right_child=1 -3 3 -5 -6
leaf_value=-0.0028547906881340912 -0.0016634737074878196 0.0036180329998394003 0.0010883111251563402 -0.00051891738833243449 0.001288335826111387
leaf_weight=76 90 64 310 787 160
leaf_count=76 90 64 310 787 160
internal_value=0 0.000917119 -0.000245504 -6.47295e-05 0.000225671
internal_weight=1487 314 1173 1097 250
internal_count=1487 314 1173 1097 250
is_linear=0
shrinkage=0.0110667


Tree=278
num_leaves=6
num_cat=0
split_feature=3 9 14 21 10
split_gain=2.68562 12.5566 10.0381 3.17222 2.25496
threshold=104.90500000000002 0.066000000000000017 1.0000000180025095e-35 0.5355000000000002 4.5500000000000007
decision_type=10 10 2 2 8
left_child=2 -2 -1 -4 -3
right_child=1 4 3 -5 -6
leaf_value=0.005051286498988475 -0.0061312280803329381 -0.0016989055393410344 -0.00057604167459032545 0.00054942665593474195 0.0011604776063932622
leaf_weight=50 48 48 607 620 114
leaf_count=50 48 48 607 620 114
internal_value=0 -0.00115977 0.000190722 -7.34273e-06 0.000313233
internal_weight=1487 210 1277 1227 162
internal_count=1487 210 1277 1227 162
is_linear=0
shrinkage=0.0110667


Tree=279
num_leaves=5
num_cat=0
split_feature=16 32 0 5
split_gain=2.68931 3.10013 6.58621 3.90716
threshold=0.00018100000000000004 1.1530000000000002 1.7300000000000002 11.168000000000001
decision_type=8 10 10 8
left_child=-1 3 -3 -2
right_child=1 2 -4 -5
leaf_value=-0.002497334058081687 -0.0010290219561748979 -0.0017780750763419831 0.0033323348071475855 0.00030887935634893465
leaf_weight=51 377 46 94 919
leaf_count=51 377 46 94 919
internal_value=0 8.86933e-05 0.00165318 -8.0307e-05
internal_weight=1487 1436 140 1296
internal_count=1487 1436 140 1296
is_linear=0
shrinkage=0.0110667


Tree=280
num_leaves=4
num_cat=0
split_feature=19 6 0
split_gain=2.68578 4.96548 4.17369
threshold=-1.0000000180025095e-35 1240.0000000000002 555.50000000000011
decision_type=8 10 10
left_child=-1 2 -2
right_child=1 -3 -4
leaf_value=0.001898320828759026 -9.644548709413414e-05 -0.0031783215276157037 0.0031623627036120711
leaf_weight=86 1289 62 50
leaf_count=86 1289 62 50
internal_value=0 -0.000116528 2.52402e-05
internal_weight=1487 1401 1339
internal_count=1487 1401 1339
is_linear=0
shrinkage=0.0110667


Tree=281
num_leaves=6
num_cat=0
split_feature=24 12 3 12 0
split_gain=2.69994 6.29549 7.82848 4.81887 8.97435
threshold=142.50000000000003 63.605000000000011 28.165000000000003 64.420000000000016 47.920000000000009
decision_type=2 10 8 10 10
left_child=1 2 -1 4 -2
right_child=3 -3 -4 -5 -6
leaf_value=-0.0042534421297531792 0.00014050746936549707 0.0027739331818092063 -0.00029764261597099842 -0.0026225363109495543 0.0038090221646914094
leaf_weight=66 335 74 855 49 108
leaf_count=66 335 74 855 49 108
internal_value=0 -0.000331599 -0.000581124 0.00067061 0.00103487
internal_weight=1487 995 921 492 443
internal_count=1487 995 921 492 443
is_linear=0
shrinkage=0.0110667


Tree=282
num_leaves=6
num_cat=0
split_feature=24 30 3 59 56
split_gain=2.64051 5.97434 7.64765 4.69123 5.57303
threshold=142.50000000000003 32.230000000000011 28.165000000000003 2.5000000000000004 10.500000000000002
decision_type=2 8 8 10 8
left_child=1 -1 -3 4 -2
right_child=3 2 -4 -5 -6
leaf_value=0.0023748824560660474 -0.0023615450569258595 -0.0043190208394205346 -0.0003214092472643019 0.0032113013378291767 0.00084266282807661508
leaf_weight=91 83 63 841 75 334
leaf_count=91 83 63 841 75 334
internal_value=0 -0.000327929 -0.000600007 0.000663189 0.000204887
internal_weight=1487 995 904 492 417
internal_count=1487 995 904 492 417
is_linear=0
shrinkage=0.0110667


Tree=283
num_leaves=4
num_cat=0
split_feature=15 18 4
split_gain=2.66202 4.82505 3.67455
threshold=0.71400000000000008 0.88835000000000008 1385.7600000000002
decision_type=2 10 8
left_child=-1 2 -2
right_child=1 -3 -4
leaf_value=-0.0020910873667117952 -0.00015626689288909527 0.0031495448243058226 0.002645169269284639
leaf_weight=71 1295 61 60
leaf_count=71 1295 61 60
internal_value=0 0.000104849 -3.22157e-05
internal_weight=1487 1416 1355
internal_count=1487 1416 1355
is_linear=0
shrinkage=0.0110667


Tree=284
num_leaves=6
num_cat=0
split_feature=20 20 11 0 46
split_gain=2.63422 3.81655 9.57091 6.45246 3.25544
threshold=0.077535350000000017 9.327040000000002 1.0000000180025095e-35 1268.0000000000002 13.500000000000002
decision_type=8 8 8 8 2
left_child=4 2 -2 -3 -1
right_child=1 3 -4 -5 -6
leaf_value=0.00020511369573959513 0.0055940996718075531 0.0001862466096603049 0.00039310163574131558 -0.0021593588995341513 -0.0035200741757368428
leaf_weight=59 50 823 325 174 56
leaf_count=59 50 823 325 174 56
internal_value=0 0.000134853 0.00108658 -0.000223114 -0.00160886
internal_weight=1487 1372 375 997 115
internal_count=1487 1372 375 997 115
is_linear=0
shrinkage=0.0110667


Tree=285
num_leaves=6
num_cat=0
split_feature=3 8 8 8 3
split_gain=2.61336 14.2466 9.77044 3.04496 1.56474
threshold=105.57500000000002 0.59550000000000003 0.97350000000000014 0.55350000000000021 138.96000000000004
decision_type=10 2 2 2 10
left_child=2 4 3 -1 -2
right_child=1 -3 -4 -5 -6
leaf_value=-0.00053922818677285206 -0.00036259139209059111 -0.0065092776528684511 0.0048842882180646242 0.00056316956234277009 0.0019593592535553598
leaf_weight=643 104 47 52 587 54
leaf_count=643 104 47 52 587 54
internal_value=0 -0.0011602 0.000185522 -1.31219e-05 0.000430966
internal_weight=1487 205 1282 1230 158
internal_count=1487 205 1282 1230 158
is_linear=0
shrinkage=0.0110667


Tree=286
num_leaves=4
num_cat=0
split_feature=6 0 4
split_gain=2.63286 4.05018 4.0758
threshold=1240.0000000000002 577.50000000000011 116.24000000000002
decision_type=10 10 8
left_child=1 2 -1
right_child=-2 -3 -4
leaf_value=-0.00024708805074499985 -0.001965922502637339 0.0031412892367997983 0.0015205438263265259
leaf_weight=1171 79 52 185
leaf_count=1171 79 52 185
internal_value=0 0.000110304 -5.92644e-06
internal_weight=1487 1408 1356
internal_count=1487 1408 1356
is_linear=0
shrinkage=0.0110667


Tree=287
num_leaves=4
num_cat=0
split_feature=19 61 12
split_gain=2.62572 3.1142 4.25474
threshold=-1.0000000180025095e-35 3.5000000000000004 75.030000000000015
decision_type=8 2 10
left_child=-1 2 -2
right_child=1 -3 -4
leaf_value=0.0018769752785096309 -0.0001426838061757575 -0.0027211387763495121 0.0029213913684449488
leaf_weight=86 1289 54 58
leaf_count=86 1289 54 58
internal_value=0 -0.000115218 -1.07465e-05
internal_weight=1487 1401 1347
internal_count=1487 1401 1347
is_linear=0
shrinkage=0.0110667


Tree=288
num_leaves=4
num_cat=0
split_feature=15 12 4
split_gain=2.61917 4.51555 2.8536
threshold=0.71400000000000008 76.180000000000021 1385.7600000000002
decision_type=2 10 8
left_child=-1 2 -2
right_child=1 -3 -4
leaf_value=-0.0020741888490131755 -0.0001258556052544366 0.0033705107727539916 0.0023041491869790114
leaf_weight=71 1304 50 62
leaf_count=71 1304 50 62
internal_value=0 0.000104002 -1.55602e-05
internal_weight=1487 1416 1366
internal_count=1487 1416 1366
is_linear=0
shrinkage=0.0110667


Tree=289
num_leaves=6
num_cat=0
split_feature=1 28 20 8 27
split_gain=2.61791 4.56843 4.43661 5.98716 3.31843
threshold=0.098750000000000018 648.50000000000011 0.044972100000000008 0.89300000000000013 60.345000000000006
decision_type=2 8 8 2 8
left_child=2 4 -1 -4 -2
right_child=1 -3 3 -5 -6
leaf_value=-0.002826037563871185 0.0028376786986495351 0.0035357491377246992 0.00012127354672088169 -0.0037261826360640276 -0.00039944234895329759
leaf_weight=76 48 64 1045 52 202
leaf_count=76 48 64 1045 52 202
internal_value=0 0.000897481 -0.000240247 -6.11006e-05 0.000222072
internal_weight=1487 314 1173 1097 250
internal_count=1487 314 1173 1097 250
is_linear=0
shrinkage=0.0110667


Tree=290
num_leaves=5
num_cat=0
split_feature=7 29 11 8
split_gain=2.61819 3.02425 7.73949 6.04364
threshold=16.467050811439254 0.11950000000000001 0.06682150000000002 0.89300000000000013
decision_type=10 8 10 2
left_child=1 3 -3 -1
right_child=-2 2 -4 -5
leaf_value=-0.00021264978776965138 -0.0024894774301286999 0.002239389344379662 -0.00011803576462271317 -0.0044095538752151695
leaf_weight=486 50 228 677 46
leaf_count=486 50 228 677 46
internal_value=0 8.66204e-05 0.000475875 -0.000575546
internal_weight=1487 1437 905 532
internal_count=1487 1437 905 532
is_linear=0
shrinkage=0.0110667


Tree=291
num_leaves=6
num_cat=0
split_feature=24 12 52 12 2
split_gain=2.59792 5.86054 5.16218 4.79167 6.56026
threshold=142.50000000000003 63.605000000000011 0.26500000000000007 64.420000000000016 1.6162000000000003
decision_type=2 10 2 10 2
left_child=1 2 -1 4 -2
right_child=3 -3 -4 -5 -6
leaf_value=-0.0010982070862586119 0.00029857455479368969 0.0026710580962905632 0.00072386227218625956 -0.0026260228921972679 0.0035314376627695724
leaf_weight=652 344 74 269 49 99
leaf_count=652 344 74 269 49 99
internal_value=0 -0.000325274 -0.000566025 0.000657819 0.00102105
internal_weight=1487 995 921 492 443
internal_count=1487 995 921 492 443
is_linear=0
shrinkage=0.0110667


Tree=292
num_leaves=5
num_cat=0
split_feature=6 4 26 20
split_gain=2.59876 3.73084 8.49806 3.62004
threshold=1240.0000000000002 101.92 1.8345000000000002 0.044972100000000008
decision_type=10 8 8 8
left_child=1 3 -3 -1
right_child=-2 2 -4 -5
leaf_value=-0.0024752711278267251 -0.0019531466601601364 -0.0013443608863931604 0.003091679816697192 2.1551572520533556e-05
leaf_weight=76 79 85 140 1107
leaf_count=76 79 85 140 1107
internal_value=0 0.000109587 0.00141583 -0.00013885
internal_weight=1487 1408 225 1183
internal_count=1487 1408 225 1183
is_linear=0
shrinkage=0.0110667


Tree=293
num_leaves=5
num_cat=0
split_feature=16 32 0 55
split_gain=2.57497 3.00275 6.30545 3.73488
threshold=0.00018100000000000004 1.1530000000000002 1.7300000000000002 4.5000000000000009
decision_type=8 10 10 8
left_child=-1 3 -3 -2
right_child=1 2 -4 -5
leaf_value=-0.0024436695060183365 -0.0017598927605711569 -0.0017308170705331999 0.0032694827147733184 0.00013050414492185805
leaf_weight=51 144 46 94 1152
leaf_count=51 144 46 94 1152
internal_value=0 8.67874e-05 0.0016265 -7.95375e-05
internal_weight=1487 1436 140 1296
internal_count=1487 1436 140 1296
is_linear=0
shrinkage=0.0110667


Tree=294
num_leaves=4
num_cat=0
split_feature=15 34 31
split_gain=2.56752 4.13159 3.45432
threshold=0.71400000000000008 3.1000000000000005 0.047500000000000007
decision_type=2 2 8
left_child=-1 2 -2
right_child=1 -3 -4
leaf_value=-0.002053637650622421 -0.0022860706554650588 0.003294282293461636 0.00012680848341192015
leaf_weight=71 77 48 1291
leaf_count=71 77 48 1291
internal_value=0 0.000102972 -9.00179e-06
internal_weight=1487 1416 1368
internal_count=1487 1416 1368
is_linear=0
shrinkage=0.0110667


Tree=295
num_leaves=4
num_cat=0
split_feature=6 0 4
split_gain=2.56674 3.82656 3.91467
threshold=1240.0000000000002 577.50000000000011 116.24000000000002
decision_type=10 10 8
left_child=1 2 -1
right_child=-2 -3 -4
leaf_value=-0.00024041284880232258 -0.0019410783046724469 0.0030550338250593077 0.0014919267876555623
leaf_weight=1171 79 52 185
leaf_count=1171 79 52 185
internal_value=0 0.00010891 -4.06618e-06
internal_weight=1487 1408 1356
internal_count=1487 1408 1356
is_linear=0
shrinkage=0.0110667


Tree=296
num_leaves=6
num_cat=0
split_feature=1 37 8 20 8
split_gain=2.53248 4.37094 6.49675 4.30288 5.74228
threshold=0.098750000000000018 2.8095000000000003 0.60450000000000015 0.044972100000000008 0.89300000000000013
decision_type=2 8 2 8 2
left_child=3 -2 -3 -1 -5
right_child=1 2 -4 4 -6
leaf_value=-0.0027828135164317965 -0.001331772608086053 0.0006131197190847057 0.0049379403537118394 0.00011873632233359772 -0.0036492173826887971
leaf_weight=76 81 177 56 1045 52
leaf_count=76 81 177 56 1045 52
internal_value=0 0.000882717 0.00165258 -0.000236295 -5.98693e-05
internal_weight=1487 314 233 1173 1097
internal_count=1487 314 233 1173 1097
is_linear=0
shrinkage=0.0110667


Tree=297
num_leaves=6
num_cat=0
split_feature=24 6 27 59 42
split_gain=2.55519 5.94436 6.48518 4.57823 4.16436
threshold=142.50000000000003 1240.0000000000002 45.350000000000001 2.5000000000000004 0.95750000000000013
decision_type=2 10 8 10 2
left_child=1 2 -1 4 -2
right_child=3 -3 -4 -5 -6
leaf_value=0.0038002811924243351 -0.00035165882545701608 -0.0039287780901282607 -0.00033478471210644746 0.0031696229361114982 0.0024181460544151199
leaf_weight=49 334 53 893 75 83
leaf_count=49 334 53 893 75 83
internal_value=0 -0.000322587 -0.000119688 0.000652386 0.000199637
internal_weight=1487 995 942 492 417
internal_count=1487 995 942 492 417
is_linear=0
shrinkage=0.0110667


Tree=298
num_leaves=4
num_cat=0
split_feature=19 15 12
split_gain=2.53159 2.84755 3.96333
threshold=-1.0000000180025095e-35 0.71400000000000008 75.030000000000015
decision_type=8 2 10
left_child=-1 -2 -3
right_child=1 2 -4
leaf_value=0.0018430219212487535 -0.0023221418405640032 -0.00012323752295015559 0.0029650827693932869
leaf_weight=86 68 1280 53
leaf_count=86 68 1280 53
internal_value=0 -0.000113134 -4.43658e-07
internal_weight=1487 1401 1333
internal_count=1487 1401 1333
is_linear=0
shrinkage=0.0110667


Tree=299
num_leaves=5
num_cat=0
split_feature=7 29 9 9
split_gain=2.51992 2.86116 10.2164 4.25214
threshold=16.467050811439254 0.11950000000000001 1.0000000180025095e-35 1.0000000180025095e-35
decision_type=10 8 8 8
left_child=1 3 -3 -1
right_child=-2 2 -4 -5
leaf_value=-0.003001365897496252 -0.0024423111163795969 0.0048373207292848192 0.00014747838504234931 -0.00015826580483675555
leaf_weight=75 50 61 844 457
leaf_count=75 50 61 844 457
internal_value=0 8.49792e-05 0.000463593 -0.000559085
internal_weight=1487 1437 905 532
internal_count=1487 1437 905 532
is_linear=0
shrinkage=0.0110667


Tree=300
num_leaves=7
num_cat=0
split_feature=24 27 56 2 27 52
split_gain=2.5008 5.5105 4.53715 5.65144 5.34215 4.50646
threshold=142.50000000000003 46.845000000000006 10.500000000000002 1.6162000000000003 98.070000000000007 0.26500000000000007
decision_type=2 8 8 2 10 2
left_child=1 -1 4 -4 -2 -3
right_child=2 5 3 -5 -6 -7
leaf_value=0.0029611713769564351 -0.0042180369845340772 -0.0010199340081206319 0.00040069413827186336 0.0034390526731749886 0.00077681798741375586 0.00066766806743293766
leaf_weight=59 46 662 283 102 61 274
leaf_count=59 46 662 283 102 61 274
internal_value=0 -0.000319135 0.000645405 0.00120567 -0.00137047 -0.00052591
internal_weight=1487 995 492 385 107 936
internal_count=1487 995 492 385 107 936
is_linear=0
shrinkage=0.0110667


Tree=301
num_leaves=4
num_cat=0
split_feature=19 6 8
split_gain=2.48538 4.64776 3.68791
threshold=-1.0000000180025095e-35 1240.0000000000002 0.97350000000000014
decision_type=8 10 2
left_child=-1 2 -2
right_child=1 -3 -4
leaf_value=0.0018261239632593347 -8.812995190029399e-05 -0.0030743155492047865 0.0030050660164829845
leaf_weight=86 1290 62 49
leaf_count=86 1290 62 49
internal_value=0 -0.000112096 2.50615e-05
internal_weight=1487 1401 1339
internal_count=1487 1401 1339
is_linear=0
shrinkage=0.0110667


Tree=302
num_leaves=6
num_cat=0
split_feature=20 50 20 6 8
split_gain=2.47103 4.21404 3.60886 9.34782 9.14369
threshold=0.077535350000000017 1.1653000000000002 9.327040000000002 1240.0000000000002 0.62350000000000005
decision_type=8 2 8 10 2
left_child=1 -1 4 -4 -2
right_child=2 -3 3 -5 -6
leaf_value=0.00020294849210417202 0.00024276533116980242 -0.0041063880645882591 1.8191693797251911e-05 -0.0050898355268610808 0.0047278840241339664
leaf_weight=68 307 47 951 46 68
leaf_count=68 307 47 951 46 68
internal_value=0 -0.00155823 0.000130609 -0.000217481 0.00105608
internal_weight=1487 115 1372 997 375
internal_count=1487 115 1372 997 375
is_linear=0
shrinkage=0.0110667


Tree=303
num_leaves=5
num_cat=0
split_feature=16 53 28 73
split_gain=2.47029 2.77786 5.78051 5.05086
threshold=0.00018100000000000004 0.10200000000000002 461.50000000000006 43.596111035170679
decision_type=8 8 10 8
left_child=-1 3 -3 -2
right_child=1 2 -4 -5
leaf_value=-0.0023934818993485078 0.0011930180859595148 0.00020137107136443844 0.0040229776166607759 -0.0014992896318944636
leaf_weight=51 122 979 51 284
leaf_count=51 122 979 51 284
internal_value=0 8.50051e-05 0.000390599 -0.000690263
internal_weight=1487 1436 1030 406
internal_count=1487 1436 1030 406
is_linear=0
shrinkage=0.0110667


Tree=304
num_leaves=4
num_cat=0
split_feature=23 12 40
split_gain=2.46656 3.03285 3.8226
threshold=-36.289999999999992 75.030000000000015 0.77350000000000008
decision_type=8 10 8
left_child=-1 2 -2
right_child=1 -3 -4
leaf_value=-0.0024678585572380811 -0.0023114255331545103 0.0025180052962561752 0.00012473856656994599
leaf_weight=48 84 60 1295
leaf_count=48 84 60 1295
internal_value=0 8.2319e-05 -2.36549e-05
internal_weight=1487 1439 1379
internal_count=1487 1439 1379
is_linear=0
shrinkage=0.0110667


Tree=305
num_leaves=4
num_cat=0
split_feature=15 34 31
split_gain=2.47283 3.88382 3.31927
threshold=0.71400000000000008 3.1000000000000005 0.047500000000000007
decision_type=2 2 8
left_child=-1 2 -2
right_child=1 -3 -4
leaf_value=-0.0020154131103628107 -0.002239621939444041 0.0031951964615817429 0.0001256201325667518
leaf_weight=71 77 48 1291
leaf_count=71 77 48 1291
internal_value=0 0.000101055 -7.50881e-06
internal_weight=1487 1416 1368
internal_count=1487 1416 1368
is_linear=0
shrinkage=0.0110667


Tree=306
num_leaves=4
num_cat=0
split_feature=3 4 31
split_gain=2.53858 5.63114 4.78548
threshold=162.44500000000002 1025.4000000000003 0.033000000000000008
decision_type=8 8 8
left_child=1 2 -1
right_child=-2 -3 -4
leaf_value=-0.0028717689404607941 -0.0025036274398531149 0.0031223078167697503 7.8940380020239181e-05
leaf_weight=71 48 71 1297
leaf_count=71 48 71 1297
internal_value=0 8.35121e-05 -7.42008e-05
internal_weight=1487 1439 1368
internal_count=1487 1439 1368
is_linear=0
shrinkage=0.0110667


Tree=307
num_leaves=4
num_cat=0
split_feature=3 8 24
split_gain=2.4827 5.69906 3.1822
threshold=162.44500000000002 0.97350000000000014 142.50000000000003
decision_type=8 2 2
left_child=1 2 -1
right_child=-2 -3 -4
leaf_value=-0.00043555554024466288 -0.0024759204061949158 0.0035762267382312752 0.00068615467901936961
leaf_weight=916 48 55 468
leaf_count=916 48 55 468
internal_value=0 8.25879e-05 -5.62466e-05
internal_weight=1487 1439 1384
internal_count=1487 1439 1384
is_linear=0
shrinkage=0.0110667


Tree=308
num_leaves=6
num_cat=0
split_feature=3 14 14 10 15
split_gain=2.45182 11.1805 9.49907 3.61376 2.91752
threshold=104.90500000000002 10.500000000000002 1.0000000180025095e-35 2.2500000000000004 0.87350000000000005
decision_type=10 2 2 8 2
left_child=2 -2 -1 -3 -4
right_child=1 3 4 -5 -6
leaf_value=0.0049105001215080761 -0.0058635178190574091 -0.0023649172229112179 0.00088110369790251773 0.0012962567726119004 -0.00033708109917329792
leaf_weight=50 47 46 329 117 898
leaf_count=50 47 46 329 117 898
internal_value=0 -0.00110814 0.000182231 0.000263022 -1.04421e-05
internal_weight=1487 210 1277 163 1227
internal_count=1487 210 1277 163 1227
is_linear=0
shrinkage=0.0110667


Tree=309
num_leaves=6
num_cat=0
split_feature=20 40 20 8 0
split_gain=2.44244 4.05357 3.46861 8.87857 5.96528
threshold=0.077535350000000017 0.68810000000000004 9.327040000000002 0.62350000000000005 1268.0000000000002
decision_type=8 10 8 2 8
left_child=1 -1 3 -2 -4
right_child=2 -3 4 -5 -6
leaf_value=-0.0035040840855429817 0.00023572416912217135 0.00065905951102284636 0.00018219457504477717 0.0046553417343694406 -0.0020731233409970406
leaf_weight=61 307 54 823 68 174
leaf_count=61 307 54 823 68 174
internal_value=0 -0.00154919 0.000129852 0.00103716 -0.000211408
internal_weight=1487 115 1372 375 997
internal_count=1487 115 1372 375 997
is_linear=0
shrinkage=0.0110667


Tree=310
num_leaves=4
num_cat=0
split_feature=15 18 4
split_gain=2.44371 4.47534 3.33929
threshold=0.71400000000000008 0.88835000000000008 1385.7600000000002
decision_type=2 10 8
left_child=-1 2 -2
right_child=1 -3 -4
leaf_value=-0.0020035097058286608 -0.00014980296648182037 0.0030327420884951458 0.002520777731220991
leaf_weight=71 1295 61 60
leaf_count=71 1295 61 60
internal_value=0 0.000100458 -3.15461e-05
internal_weight=1487 1416 1355
internal_count=1487 1416 1355
is_linear=0
shrinkage=0.0110667


Tree=311
num_leaves=6
num_cat=0
split_feature=24 6 27 59 56
split_gain=2.41982 5.66671 6.04482 4.51598 5.26661
threshold=142.50000000000003 1240.0000000000002 45.350000000000001 2.5000000000000004 10.500000000000002
decision_type=2 10 8 8 8
left_child=1 2 -1 4 -2
right_child=3 -3 -4 -5 -6
leaf_value=0.00366871948233332 -0.0023124571350171663 -0.0038348883775472472 -0.00032348766988275909 0.0031154536626894886 0.00080335033023163803
leaf_weight=49 83 53 893 76 333
leaf_count=49 83 53 893 76 333
internal_value=0 -0.000313926 -0.000115822 0.00063487 0.000181679
internal_weight=1487 995 942 492 416
internal_count=1487 995 942 492 416
is_linear=0
shrinkage=0.0110667


Tree=312
num_leaves=5
num_cat=0
split_feature=7 1 7 4
split_gain=2.42748 2.7321 4.98822 3.53299
threshold=16.467050811439254 0.098750000000000018 9.861733803588459 910.24500000000012
decision_type=10 2 10 10
left_child=1 3 -3 -1
right_child=-2 2 -4 -5
leaf_value=-3.1173011025591642e-05 -0.0023970970656898281 -0.00086993180134043965 0.0020942823802031262 -0.0030116167983217758
leaf_weight=1085 50 109 192 51
leaf_count=1085 50 109 192 51
internal_value=0 8.34062e-05 0.00102085 -0.000164981
internal_weight=1487 1437 301 1136
internal_count=1487 1437 301 1136
is_linear=0
shrinkage=0.0110667


Tree=313
num_leaves=4
num_cat=0
split_feature=23 15 30
split_gain=2.41029 2.89519 4.59974
threshold=-36.289999999999992 0.71750000000000014 24.155000000000005
decision_type=8 2 8
left_child=-1 -2 -3
right_child=1 2 -4
leaf_value=-0.0024395459615613162 -0.0020659178575931085 0.0030462341440310515 5.1429644446791868e-05
leaf_weight=48 73 66 1300
leaf_count=48 73 66 1300
internal_value=0 8.13746e-05 0.00019613
internal_weight=1487 1439 1366
internal_count=1487 1439 1366
is_linear=0
shrinkage=0.0110667


Tree=314
num_leaves=4
num_cat=0
split_feature=19 6 2
split_gain=2.42478 4.43268 3.60887
threshold=-1.0000000180025095e-35 1240.0000000000002 4.874950000000001
decision_type=8 10 2
left_child=-1 2 -2
right_child=1 -3 -4
leaf_value=0.0018037234307383648 -0.00012729033516376562 -0.0030035897932262309 0.0022162432669454611
leaf_weight=86 1253 62 86
leaf_count=86 1253 62 86
internal_value=0 -0.000110721 2.32255e-05
internal_weight=1487 1401 1339
internal_count=1487 1401 1339
is_linear=0
shrinkage=0.0110667


Tree=315
num_leaves=6
num_cat=0
split_feature=24 6 27 59 55
split_gain=2.37316 5.46567 5.80447 4.42656 4.23902
threshold=142.50000000000003 1240.0000000000002 45.350000000000001 2.5000000000000004 -5.4999999999999991
decision_type=2 10 8 8 10
left_child=1 2 -1 4 -2
right_child=3 -3 -4 -5 -6
leaf_value=0.0035922124431626225 0.00058350584414117222 -0.0037688265186482119 -0.00031982134757157761 0.0030846205993490658 -0.0029131596986210003
leaf_weight=49 368 53 893 76 48
leaf_count=49 368 53 893 76 48
internal_value=0 -0.000310884 -0.000116326 0.000628719 0.000180037
internal_weight=1487 995 942 492 416
internal_count=1487 995 942 492 416
is_linear=0
shrinkage=0.0110667


Tree=316
num_leaves=7
num_cat=0
split_feature=3 49 31 29 3 0
split_gain=2.41262 8.01629 8.04356 3.74411 4.79152 3.82113
threshold=32.865000000000002 -12.117499999999998 11.329500000000001 0.11950000000000001 105.57500000000002 1.7300000000000002
decision_type=8 10 8 10 10 10
left_child=1 2 -1 4 -2 -5
right_child=3 -3 -4 5 -6 -7
leaf_value=0.0039319175678435552 0.00021370055520504499 -0.0050171217579315633 -0.0019460419016205024 -0.00044041448866997588 -0.0018055960436835334 0.0026616595102637425
leaf_weight=46 938 49 75 77 170 132
leaf_count=46 938 49 75 77 170 132
internal_value=0 -0.00124073 0.000288527 0.000160155 -9.61164e-05 0.00151877
internal_weight=1487 170 121 1317 1108 209
internal_count=1487 170 121 1317 1108 209
is_linear=0
shrinkage=0.0110667


Tree=317
num_leaves=6
num_cat=0
split_feature=20 39 20 11 4
split_gain=2.41043 5.11103 3.33173 8.99481 5.76086
threshold=0.077535350000000017 0.23575000000000004 9.327040000000002 1.0000000180025095e-35 382.78000000000003
decision_type=8 10 8 8 10
left_child=1 -1 3 -2 -4
right_child=2 -3 4 -5 -6
leaf_value=-0.0034439479088929814 0.0053879769525020781 0.0013183422052701981 3.0986861498050209e-05 0.00034594033719208554 -0.0031983478087651918
leaf_weight=69 50 46 924 325 73
leaf_count=69 50 46 924 325 73
internal_value=0 -0.001539 0.000128998 0.00101822 -0.000205461
internal_weight=1487 115 1372 375 997
internal_count=1487 115 1372 375 997
is_linear=0
shrinkage=0.0110667


Tree=318
num_leaves=4
num_cat=0
split_feature=3 4 41
split_gain=2.37493 5.51895 3.66827
threshold=162.44500000000002 1025.4000000000003 0.7965000000000001
decision_type=8 8 2
left_child=1 2 -1
right_child=-2 -3 -4
leaf_value=-0.0028491922940959181 -0.0024215823018252504 0.0030891489487603462 4.3034267911573753e-05
leaf_weight=56 48 71 1312
leaf_count=56 48 71 1312
internal_value=0 8.07754e-05 -7.53586e-05
internal_weight=1487 1439 1368
internal_count=1487 1439 1368
is_linear=0
shrinkage=0.0110667


Tree=319
num_leaves=4
num_cat=0
split_feature=19 6 61
split_gain=2.37738 4.26266 3.554
threshold=-1.0000000180025095e-35 1240.0000000000002 3.5000000000000004
decision_type=8 10 2
left_child=-1 2 -2
right_child=1 -3 -4
leaf_value=0.0017860100630518007 0.00013046529283769687 -0.0029464798683535081 -0.0029675837304043644
leaf_weight=86 1292 62 47
leaf_count=86 1292 62 47
internal_value=0 -0.000109634 2.17188e-05
internal_weight=1487 1401 1339
internal_count=1487 1401 1339
is_linear=0
shrinkage=0.0110667


Tree=320
num_leaves=5
num_cat=0
split_feature=7 1 7 20
split_gain=2.36668 2.63939 4.84245 4.23915
threshold=16.467050811439254 0.098750000000000018 9.861733803588459 1.0000000180025095e-35
decision_type=10 2 10 8
left_child=1 3 -3 -1
right_child=-2 2 -4 -5
leaf_value=-0.0027800584495033601 -0.0023668859008738291 -0.0008591949519420769 0.0020613884408006398 1.2767324653962032e-05
leaf_weight=71 50 109 192 1065
leaf_count=71 50 109 192 1065
internal_value=0 8.2355e-05 0.00100376 -0.000161781
internal_weight=1487 1437 301 1136
internal_count=1487 1437 301 1136
is_linear=0
shrinkage=0.0110667


Tree=321
num_leaves=4
num_cat=0
split_feature=15 12 23
split_gain=2.36427 3.74478 3.22948
threshold=0.71400000000000008 76.180000000000021 0.37500000000000006
decision_type=2 10 10
left_child=-1 2 -2
right_child=1 -3 -4
leaf_value=-0.0019706756266206463 -0.00034656008219574916 0.0030735032450660707 0.00085042864012667126
leaf_weight=71 982 50 384
leaf_count=71 982 50 384
internal_value=0 9.8812e-05 -1.00689e-05
internal_weight=1487 1416 1366
internal_count=1487 1416 1366
is_linear=0
shrinkage=0.0110667


Tree=322
num_leaves=4
num_cat=0
split_feature=23 15 12
split_gain=2.33904 2.80437 5.32198
threshold=-36.289999999999992 0.71750000000000014 76.180000000000021
decision_type=8 2 10
left_child=-1 -2 -3
right_child=1 2 -4
leaf_value=-0.0024032171954558065 -0.0020331818302840206 6.2707298475376475e-05 0.0038524591927807102
leaf_weight=48 73 1319 47
leaf_count=48 73 1319 47
internal_value=0 8.01628e-05 0.000193104
internal_weight=1487 1439 1366
internal_count=1487 1439 1366
is_linear=0
shrinkage=0.0110667


Tree=323
num_leaves=5
num_cat=0
split_feature=16 32 0 55
split_gain=2.31837 2.88839 5.85867 3.50366
threshold=0.00018100000000000004 1.1530000000000002 1.7300000000000002 4.5000000000000009
decision_type=8 10 10 8
left_child=-1 3 -3 -2
right_child=1 2 -4 -5
leaf_value=-0.0023187179235811851 -0.0017082866347493762 -0.0016437284070206627 0.00317616369704378 0.00012265891895019403
leaf_weight=51 144 46 94 1152
leaf_count=51 144 46 94 1152
internal_value=0 8.23499e-05 0.00159246 -8.0777e-05
internal_weight=1487 1436 140 1296
internal_count=1487 1436 140 1296
is_linear=0
shrinkage=0.0110667


Tree=324
num_leaves=6
num_cat=0
split_feature=24 30 10 59 55
split_gain=2.33168 4.77799 5.19234 4.3473 4.11951
threshold=142.50000000000003 32.230000000000011 0.55000000000000016 2.5000000000000004 -5.4999999999999991
decision_type=2 8 8 8 10
left_child=1 -1 -3 4 -2
right_child=3 2 -4 -5 -6
leaf_value=0.0021089354722414358 0.00057629469989787857 -0.0021827946629901745 -0.00012025122525656389 0.0030570131320297269 -0.002870728951608083
leaf_weight=91 368 189 715 76 48
leaf_count=91 368 189 715 76 48
internal_value=0 -0.000308155 -0.000551472 0.0006232 0.000178553
internal_weight=1487 995 904 492 416
internal_count=1487 995 904 492 416
is_linear=0
shrinkage=0.0110667


Tree=325
num_leaves=5
num_cat=0
split_feature=7 1 7 8
split_gain=2.2998 2.58203 4.65829 3.79408
threshold=16.467050811439254 0.098750000000000018 9.861733803588459 0.89300000000000013
decision_type=10 2 8 2
left_child=1 3 -3 -1
right_child=-2 2 -4 -5
leaf_value=-1.4647881455135765e-05 -0.0023332030231014225 -0.00083466576601918369 0.0020298433231707787 -0.0029689640730345347
leaf_weight=1080 50 109 192 56
leaf_count=1080 50 109 192 56
internal_value=0 8.1183e-05 0.000992519 -0.000160286
internal_weight=1487 1437 301 1136
internal_count=1487 1437 301 1136
is_linear=0
shrinkage=0.0110667


Tree=326
num_leaves=7
num_cat=0
split_feature=3 5 33 9 3 6
split_gain=2.45622 7.75552 7.06404 4.36528 4.96747 4.54304
threshold=32.865000000000002 6.3385000000000007 0.66495000000000004 96.192000000000021 94.340000000000018 193.00000000000003
decision_type=8 10 10 10 10 10
left_child=1 2 -1 5 -5 -2
right_child=3 -3 -4 4 -6 -7
leaf_value=-0.0023231061815802674 4.3413747064887754e-05 -0.0049137928172529131 0.0030500162973101349 0.00059295183076892987 0.0044521220603422115 -0.0033070884828938323
leaf_weight=62 1058 50 58 151 56 52
leaf_count=62 1058 50 58 151 56 52
internal_value=0 -0.00125189 0.000273876 0.000161595 0.00163699 -0.000113544
internal_weight=1487 170 120 1317 207 1110
internal_count=1487 170 120 1317 207 1110
is_linear=0
shrinkage=0.0110667


Tree=327
num_leaves=7
num_cat=0
split_feature=3 5 33 29 3 21
split_gain=2.40215 7.58481 6.90855 3.57652 4.65161 3.82934
threshold=32.865000000000002 6.3385000000000007 0.66495000000000004 0.11950000000000001 105.57500000000002 0.43050000000000005
decision_type=8 10 10 10 10 2
left_child=1 2 -1 4 -2 -5
right_child=3 -3 -4 5 -6 -7
leaf_value=-0.0022973969485934249 0.00021459686530018646 -0.0048594130058415737 0.0030162625458412654 -0.00095849034307897082 -0.0017749997733385535 0.0024050069521544871
leaf_weight=62 938 50 58 57 170 152
leaf_count=62 938 50 58 57 170 152
internal_value=0 -0.00123804 0.000270845 0.000159807 -9.06632e-05 0.00148767
internal_weight=1487 170 120 1317 1108 209
internal_count=1487 170 120 1317 1108 209
is_linear=0
shrinkage=0.0110667


Tree=328
num_leaves=7
num_cat=0
split_feature=3 5 33 9 18 3
split_gain=2.34928 7.41786 6.75649 4.23938 6.09085 4.85347
threshold=32.865000000000002 6.3385000000000007 0.66495000000000004 96.192000000000021 0.23840000000000003 94.340000000000018
decision_type=8 10 10 10 10 10
left_child=1 2 -1 4 -2 -5
right_child=3 -3 -4 5 -6 -7
leaf_value=-0.0022719722744961768 5.7346232860613919e-05 -0.0048056352268483907 0.0029828823169217021 0.00058001295887575135 -0.0040557639378626673 0.0043946446543055408
leaf_weight=62 1064 50 58 151 46 56
leaf_count=62 1064 50 58 151 46 56
internal_value=0 -0.00122433 0.000267847 0.000158038 -0.000113104 0.00161201
internal_weight=1487 170 120 1317 1110 207
internal_count=1487 170 120 1317 1110 207
is_linear=0
shrinkage=0.0110667


Tree=329
num_leaves=4
num_cat=0
split_feature=3 4 41
split_gain=2.33492 5.51051 3.501
threshold=162.44500000000002 1025.4000000000003 0.7965000000000001
decision_type=8 8 2
left_child=1 2 -1
right_child=-2 -3 -4
leaf_value=-0.0027857773658142857 -0.0024011019150026475 0.0030861645479179156 3.9739684454619352e-05
leaf_weight=56 48 71 1312
leaf_count=56 48 71 1312
internal_value=0 8.00922e-05 -7.59224e-05
internal_weight=1487 1439 1368
internal_count=1487 1439 1368
is_linear=0
shrinkage=0.0110667


Tree=330
num_leaves=5
num_cat=0
split_feature=20 39 6 0
split_gain=2.33601 4.9911 3.13271 4.72629
threshold=0.077535350000000017 0.23575000000000004 1240.0000000000002 555.50000000000011
decision_type=8 10 10 10
left_child=1 -1 3 -2
right_child=2 -3 -4 -5
leaf_value=-0.0033975236077168308 0.00012282429636193104 0.0013085638005141272 -0.0021366697247436565 0.0037345810348026216
leaf_weight=69 1255 46 71 46
leaf_count=69 1255 46 71 46
internal_value=0 -0.00151506 0.000126991 0.000250529
internal_weight=1487 115 1372 1301
internal_count=1487 115 1372 1301
is_linear=0
shrinkage=0.0110667


Tree=331
num_leaves=7
num_cat=0
split_feature=3 49 31 9 3 6
split_gain=2.29399 7.35255 7.64666 4.15017 4.75627 4.395
threshold=32.865000000000002 -12.117499999999998 11.329500000000001 96.192000000000021 94.340000000000018 193.00000000000003
decision_type=8 10 8 10 10 10
left_child=1 2 -1 5 -5 -2
right_child=3 -3 -4 4 -6 -7
leaf_value=0.0038071003256823603 4.2272301692100316e-05 -0.0048265160134395154 -0.0019240048946338943 0.00057314818976902102 0.0043493892935629374 -0.0032531867995671394
leaf_weight=46 1058 49 75 151 56 52
leaf_count=46 1058 49 75 151 56 52
internal_value=0 -0.00120984 0.000254736 0.000156168 0.00159476 -0.000112107
internal_weight=1487 170 121 1317 207 1110
internal_count=1487 170 121 1317 207 1110
is_linear=0
shrinkage=0.0110667


Tree=332
num_leaves=4
num_cat=0
split_feature=3 14 50
split_gain=2.29018 5.50501 2.69985
threshold=162.44500000000002 1.0000000180025095e-35 1.0632000000000001
decision_type=8 2 2
left_child=1 -1 -3
right_child=-2 2 -4
leaf_value=0.0035458629126320644 -0.0023779852387756806 0.000824814036835725 -0.00032693379118683925
leaf_weight=54 48 326 1059
leaf_count=54 48 326 1059
internal_value=0 7.93211e-05 -5.58341e-05
internal_weight=1487 1439 1385
internal_count=1487 1439 1385
is_linear=0
shrinkage=0.0110667


Tree=333
num_leaves=5
num_cat=0
split_feature=20 50 6 0
split_gain=2.29237 3.84819 3.08334 4.5966
threshold=0.077535350000000017 1.1653000000000002 1240.0000000000002 555.50000000000011
decision_type=8 2 10 10
left_child=1 -1 3 -2
right_child=2 -3 -4 -5
leaf_value=0.00018214970454563385 0.00012241952144490296 -0.0039358778862766302 -0.0021199525004727466 0.0036842775403412385
leaf_weight=68 1255 47 71 46
leaf_count=68 1255 47 71 46
internal_value=0 -0.00150084 0.000125799 0.00024836
internal_weight=1487 115 1372 1301
internal_count=1487 115 1372 1301
is_linear=0
shrinkage=0.0110667


Tree=334
num_leaves=4
num_cat=0
split_feature=23 15 39
split_gain=2.28274 2.75163 5.29781
threshold=-36.289999999999992 0.71750000000000014 0.20530000000000001
decision_type=8 2 8
left_child=-1 -2 -3
right_child=1 2 -4
leaf_value=-0.002374117327439917 -0.0020141873100930322 0.0038421029958269274 6.0966111235870008e-05
leaf_weight=48 73 47 1319
leaf_count=48 73 47 1319
internal_value=0 7.91921e-05 0.000191066
internal_weight=1487 1439 1366
internal_count=1487 1439 1366
is_linear=0
shrinkage=0.0110667


Tree=335
num_leaves=4
num_cat=0
split_feature=19 6 61
split_gain=2.2874 4.13633 3.42603
threshold=-1.0000000180025095e-35 1240.0000000000002 3.5000000000000004
decision_type=8 10 2
left_child=-1 2 -2
right_child=1 -3 -4
leaf_value=0.0017518815983324962 0.00012862360420850939 -0.0029020322224294899 -0.0029131417770991088
leaf_weight=86 1292 62 47
leaf_count=86 1292 62 47
internal_value=0 -0.000107539 2.18527e-05
internal_weight=1487 1401 1339
internal_count=1487 1401 1339
is_linear=0
shrinkage=0.0110667


Tree=336
num_leaves=7
num_cat=0
split_feature=3 49 31 3 4 4
split_gain=2.28136 7.18475 7.43886 3.48603 12.2542 8.73323
threshold=32.865000000000002 -12.117499999999998 11.329500000000001 99.995000000000019 910.24500000000012 286.5750000000001
decision_type=8 10 8 10 10 10
left_child=1 2 -1 5 -5 -2
right_child=3 -3 -4 4 -6 -7
leaf_value=0.0037450273872916703 0.00023615734911729635 -0.0047816725978249647 -0.0019076721363943147 -1.0417937551558619e-05 -0.0060744325459776965 0.0044459628628659639
leaf_weight=46 844 49 75 362 46 65
leaf_count=46 844 49 75 362 46 65
internal_value=0 -0.00120651 0.000241261 0.000155737 -0.000694114 0.000537192
internal_weight=1487 170 121 1317 408 909
internal_count=1487 170 121 1317 408 909
is_linear=0
shrinkage=0.0110667


Tree=337
num_leaves=6
num_cat=0
split_feature=20 39 20 6 8
split_gain=2.24781 4.81747 3.04934 8.66587 8.48864
threshold=0.077535350000000017 0.23575000000000004 9.327040000000002 1240.0000000000002 0.62350000000000005
decision_type=8 10 8 10 2
left_child=1 -1 4 -4 -2
right_child=2 -3 3 -5 -6
leaf_value=-0.0033356115739982604 0.00019163819093749205 0.0012878931503031836 3.1513211768215324e-05 -0.0048866620829077509 0.0045131161897779591
leaf_weight=69 307 46 951 46 68
leaf_count=69 307 46 951 46 68
internal_value=0 -0.00148618 0.00012457 -0.0001954 0.000975275
internal_weight=1487 115 1372 997 375
internal_count=1487 115 1372 997 375
is_linear=0
shrinkage=0.0110667


Tree=338
num_leaves=4
num_cat=0
split_feature=19 6 2
split_gain=2.2466 3.96642 3.18908
threshold=-1.0000000180025095e-35 1240.0000000000002 4.874950000000001
decision_type=8 10 2
left_child=-1 2 -2
right_child=1 -3 -4
leaf_value=0.0017361877751951658 -0.0001213602086260128 -0.0028430702627140971 0.0020816562068655307
leaf_weight=86 1253 62 86
leaf_count=86 1253 62 86
internal_value=0 -0.000106575 2.01306e-05
internal_weight=1487 1401 1339
internal_count=1487 1401 1339
is_linear=0
shrinkage=0.0110667


Tree=339
num_leaves=6
num_cat=0
split_feature=24 6 30 59 55
split_gain=2.24848 4.99832 4.69415 4.23269 4.03351
threshold=142.50000000000003 1240.0000000000002 32.230000000000011 2.5000000000000004 -5.4999999999999991
decision_type=2 10 8 8 10
left_child=1 2 -1 4 -2
right_child=3 -3 -4 -5 -6
leaf_value=0.002317104114445656 0.00056680266353667822 -0.0036094092747016729 -0.00036733186993679441 0.003013498578981384 -0.002844050739161612
leaf_weight=88 368 53 854 76 48
leaf_count=88 368 53 854 76 48
internal_value=0 -0.000302608 -0.000116553 0.000611981 0.000173235
internal_weight=1487 995 942 492 416
internal_count=1487 995 942 492 416
is_linear=0
shrinkage=0.0110667


Tree=340
num_leaves=5
num_cat=0
split_feature=16 32 0 5
split_gain=2.22342 2.84976 5.55568 3.0745
threshold=0.00018100000000000004 1.1530000000000002 1.7300000000000002 11.168000000000001
decision_type=8 10 10 8
left_child=-1 3 -3 -2
right_child=1 2 -4 -5
leaf_value=-0.0022707412428724602 -0.00092296081926620372 -0.0015707688270832803 0.0031228340867440929 0.00026384778803955239
leaf_weight=51 377 46 94 919
leaf_count=51 377 46 94 919
internal_value=0 8.0646e-05 0.00158063 -8.13865e-05
internal_weight=1487 1436 140 1296
internal_count=1487 1436 140 1296
is_linear=0
shrinkage=0.0110667


Tree=341
num_leaves=5
num_cat=0
split_feature=23 10 28 8
split_gain=2.23215 2.46726 6.43819 4.2696
threshold=-36.289999999999992 4.3500000000000005 603.50000000000011 0.7380000000000001
decision_type=8 10 8 2
left_child=-1 2 -2 -3
right_child=1 3 -4 -5
leaf_value=-0.0023476638073748712 0.00014643863222887508 -0.00015032878653870984 0.0033458458161152792 -0.0035982340702317944
leaf_weight=48 618 686 88 47
leaf_count=48 618 686 88 47
internal_value=0 7.83097e-05 0.000545236 -0.000371413
internal_weight=1487 1439 706 733
internal_count=1487 1439 706 733
is_linear=0
shrinkage=0.0110667


Tree=342
num_leaves=7
num_cat=0
split_feature=3 5 33 29 3 0
split_gain=2.27209 7.01204 6.44552 3.46241 4.42623 3.41689
threshold=32.865000000000002 6.3385000000000007 0.66495000000000004 0.11950000000000001 105.57500000000002 1.7300000000000002
decision_type=8 10 10 10 10 10
left_child=1 2 -1 4 -2 -5
right_child=3 -3 -4 5 -6 -7
leaf_value=-0.0022339456254981136 0.00020675179147288525 -0.004686011432173804 0.0028985555966377411 -0.00039072665271807781 -0.001734047893251706 0.0025426738792690266
leaf_weight=62 938 50 58 77 170 132
leaf_count=62 938 50 58 77 170 132
internal_value=0 -0.00120405 0.000246736 0.00015542 -9.10214e-05 0.00146193
internal_weight=1487 170 120 1317 1108 209
internal_count=1487 170 120 1317 1108 209
is_linear=0
shrinkage=0.0110667


Tree=343
num_leaves=6
num_cat=0
split_feature=3 49 16 40 22
split_gain=2.22208 6.86136 5.07402 3.41523 5.00184
threshold=32.865000000000002 -12.117499999999998 2.3227750000000005 0.77350000000000008 65.13000000000001
decision_type=8 10 10 8 8
left_child=1 2 -1 -2 -5
right_child=3 -3 -4 4 -6
leaf_value=0.0027484225808229769 -0.0019652878065481404 -0.0046845065895314199 -0.0018104137712068426 0.0025442936096976804 8.1310971377547794e-05
leaf_weight=54 87 49 67 111 1119
leaf_count=54 87 49 67 111 1119
internal_value=0 -0.00119073 0.000224081 0.0001537 0.000303583
internal_weight=1487 170 121 1317 1230
internal_count=1487 170 121 1317 1230
is_linear=0
shrinkage=0.0110667


Tree=344
num_leaves=4
num_cat=0
split_feature=15 34 31
split_gain=2.22916 3.40182 3.10447
threshold=0.71400000000000008 3.1000000000000005 0.047500000000000007
decision_type=2 2 8
left_child=-1 2 -2
right_child=1 -3 -4
leaf_value=-0.0019135374493337051 -0.0021643405242541091 0.0029917301279810977 0.00012309227672281173
leaf_weight=71 77 48 1291
leaf_count=71 77 48 1291
internal_value=0 9.5947e-05 -5.65705e-06
internal_weight=1487 1416 1368
internal_count=1487 1416 1368
is_linear=0
shrinkage=0.0110667


Tree=345
num_leaves=6
num_cat=0
split_feature=24 12 0 6 27
split_gain=2.211 5.01869 7.83198 4.95754 4.97385
threshold=142.50000000000003 64.420000000000016 47.920000000000009 1240.0000000000002 45.350000000000001
decision_type=2 10 10 10 8
left_child=3 2 -2 4 -1
right_child=1 -3 -4 -5 -6
leaf_value=0.0033181722991718577 0.00014309092146224964 -0.0027538757465835049 0.0035701749364298553 -0.003593358222712601 -0.0003031546715495372
leaf_weight=49 335 49 108 53 893
leaf_count=49 335 49 108 53 893
internal_value=0 0.000606859 0.000978595 -0.000300075 -0.000114781
internal_weight=1487 492 443 995 942
internal_count=1487 492 443 995 942
is_linear=0
shrinkage=0.0110667


Tree=346
num_leaves=6
num_cat=0
split_feature=20 40 47 43 5
split_gain=2.22524 3.532 2.93331 6.87262 5.92244
threshold=0.077535350000000017 0.68810000000000004 363.00000000000006 0.34050000000000008 12.050500000000001
decision_type=8 10 8 2 10
left_child=1 -1 4 -4 -2
right_child=2 -3 3 -5 -6
leaf_value=-0.0033035037589755956 -5.4765100793330132e-05 0.00058258555709470559 -0.0025284483617314161 0.0011699288741274737 -0.003851307562523624
leaf_weight=61 739 54 70 509 54
leaf_count=61 739 54 70 509 54
internal_value=0 -0.0014787 0.000123944 0.000722796 -0.000313298
internal_weight=1487 115 1372 579 793
internal_count=1487 115 1372 579 793
is_linear=0
shrinkage=0.0110667


Tree=347
num_leaves=4
num_cat=0
split_feature=23 15 12
split_gain=2.19302 2.63638 4.78027
threshold=-36.289999999999992 0.71750000000000014 76.180000000000021
decision_type=8 2 10
left_child=-1 -2 -3
right_child=1 2 -4
leaf_value=-0.002326996122122373 -0.0019714478676155249 6.3543996027496535e-05 0.0036552487208103453
leaf_weight=48 73 1319 47
leaf_count=48 73 1319 47
internal_value=0 7.76202e-05 0.000187126
internal_weight=1487 1439 1366
internal_count=1487 1439 1366
is_linear=0
shrinkage=0.0110667


Tree=348
num_leaves=7
num_cat=0
split_feature=3 5 30 3 4 4
split_gain=2.21199 6.69334 4.86623 3.32598 11.8695 8.54591
threshold=32.865000000000002 6.3385000000000007 23.150000000000002 99.995000000000019 910.24500000000012 286.5750000000001
decision_type=8 10 8 10 10 10
left_child=1 2 -1 5 -5 -2
right_child=3 -3 -4 4 -6 -7
leaf_value=0.0030068336460593818 0.00022815757838306707 -0.0045899321398655069 -0.001558745838621202 -3.8835399611921102e-06 -0.0059719419192997072 0.0043925693485312766
leaf_weight=47 844 50 73 362 46 65
leaf_count=47 844 50 73 362 46 65
internal_value=0 -0.00118802 0.000229412 0.000153351 -0.000676761 0.000525946
internal_weight=1487 170 120 1317 408 909
internal_count=1487 170 120 1317 408 909
is_linear=0
shrinkage=0.0110667


Tree=349
num_leaves=4
num_cat=0
split_feature=19 6 4
split_gain=2.19669 3.82555 3.45637
threshold=-1.0000000180025095e-35 1240.0000000000002 101.92
decision_type=8 10 8
left_child=-1 2 -2
right_child=1 -3 -4
leaf_value=0.001716795242820241 -0.00021793998615323346 -0.0027928453234788795 0.0013530172109107621
leaf_weight=86 1137 62 202
leaf_count=86 1137 62 202
internal_value=0 -0.000105385 1.90504e-05
internal_weight=1487 1401 1339
internal_count=1487 1401 1339
is_linear=0
shrinkage=0.0110667


Tree=350
num_leaves=6
num_cat=0
split_feature=1 28 41 8 17
split_gain=2.16251 4.21394 3.73082 3.34216 3.39895
threshold=0.098750000000000018 648.50000000000011 1.0745000000000002 0.89300000000000013 1.3965000000000003
decision_type=2 8 2 2 10
left_child=3 2 -2 4 -1
right_child=1 -3 -4 -5 -6
leaf_value=0.00019466222217183582 -0.0016355303517646721 0.0033495380355964294 0.0011809709683526237 -0.0028566122062696647 -0.0014135212741397487
leaf_weight=922 90 64 160 56 195
leaf_count=922 90 64 160 56 195
internal_value=0 0.000815694 0.000167018 -0.000218353 -8.60831e-05
internal_weight=1487 314 250 1173 1117
internal_count=1487 314 250 1173 1117
is_linear=0
shrinkage=0.0110667


Tree=351
num_leaves=6
num_cat=0
split_feature=20 39 20 11 4
split_gain=2.18411 4.60414 2.87751 8.74482 5.38638
threshold=0.077535350000000017 0.23575000000000004 9.327040000000002 1.0000000180025095e-35 382.78000000000003
decision_type=8 10 8 8 10
left_child=1 -1 3 -2 -4
right_child=2 -3 4 -5 -6
leaf_value=-0.0032729922776548693 0.0052577867936832202 0.0012469808068749364 4.0601320702150572e-05 0.00028630893372143181 -0.0030820111337825358
leaf_weight=69 50 46 924 325 73
leaf_count=69 50 46 924 325 73
internal_value=0 -0.00146497 0.000122793 0.000949181 -0.000188032
internal_weight=1487 115 1372 375 997
internal_count=1487 115 1372 375 997
is_linear=0
shrinkage=0.0110667


Tree=352
num_leaves=4
num_cat=0
split_feature=15 18 4
split_gain=2.15454 4.03598 3.44537
threshold=0.71400000000000008 0.88835000000000008 1385.7600000000002
decision_type=2 10 8
left_child=-1 2 -2
right_child=1 -3 -4
leaf_value=-0.0018812378425440293 -0.00015115047089951249 0.0028789569338717345 0.0025615189064012466
leaf_weight=71 1295 61 60
leaf_count=71 1295 61 60
internal_value=0 9.43274e-05 -3.10299e-05
internal_weight=1487 1416 1355
internal_count=1487 1416 1355
is_linear=0
shrinkage=0.0110667


Tree=353
num_leaves=5
num_cat=0
split_feature=16 29 0 5
split_gain=2.15733 2.55339 5.36238 2.87143
threshold=0.00018100000000000004 0.93750000000000011 1.7300000000000002 11.168000000000001
decision_type=8 10 10 8
left_child=-1 3 -3 -2
right_child=1 2 -4 -5
leaf_value=-0.0022367373802251247 -0.00088937034704569438 -0.0016141622965708318 0.0028644618900573243 0.00025782360478253765
leaf_weight=51 379 48 103 906
leaf_count=51 379 48 103 906
internal_value=0 7.94383e-05 0.00144077 -8.05291e-05
internal_weight=1487 1436 151 1285
internal_count=1487 1436 151 1285
is_linear=0
shrinkage=0.0110667


Tree=354
num_leaves=7
num_cat=0
split_feature=3 17 46 9 18 3
split_gain=2.1769 6.80661 7.91383 3.90125 5.87541 4.53498
threshold=32.865000000000002 0.12150000000000001 12.500000000000002 96.192000000000021 0.23840000000000003 94.340000000000018
decision_type=8 10 2 10 10 10
left_child=1 -1 -3 4 -2 -5
right_child=3 2 -4 5 -6 -7
leaf_value=0.0024037232750816762 5.9434348134539162e-05 0.00062565093779382323 -0.0050307570075564193 0.00054934906883345811 -0.0039802797728602608 0.004236698620654733
leaf_weight=47 1064 54 69 151 46 56
leaf_count=47 1064 54 69 151 46 56
internal_value=0 -0.00117856 -0.00254743 0.00015213 -0.000107974 0.00154691
internal_weight=1487 170 123 1317 1110 207
internal_count=1487 170 123 1317 1110 207
is_linear=0
shrinkage=0.0110667


Tree=355
num_leaves=4
num_cat=0
split_feature=3 14 31
split_gain=2.17349 5.48444 2.54371
threshold=162.44500000000002 1.0000000180025095e-35 0.033000000000000008
decision_type=8 2 8
left_child=1 -1 -3
right_child=-2 2 -4
leaf_value=0.0035373330001138808 -0.0023166119849100633 -0.002194896348432499 4.7613264918165265e-05
leaf_weight=54 48 65 1320
leaf_count=54 48 65 1320
internal_value=0 7.7274e-05 -5.76285e-05
internal_weight=1487 1439 1385
internal_count=1487 1439 1385
is_linear=0
shrinkage=0.0110667


Tree=356
num_leaves=6
num_cat=0
split_feature=24 12 0 6 27
split_gain=2.12989 4.93543 7.57383 4.80914 4.77536
threshold=142.50000000000003 64.420000000000016 47.920000000000009 1240.0000000000002 45.350000000000001
decision_type=2 10 10 10 8
left_child=3 2 -2 4 -1
right_child=1 -3 -4 -5 -6
leaf_value=0.0032517361438646458 0.00014264499494186459 -0.0027371168064748664 0.0035127750985354598 -0.0035381377840453159 -0.00029659682953941328
leaf_weight=49 335 49 108 53 893
leaf_count=49 335 49 108 53 893
internal_value=0 0.000595624 0.000964264 -0.00029452 -0.00011202
internal_weight=1487 492 443 995 942
internal_count=1487 492 443 995 942
is_linear=0
shrinkage=0.0110667


Tree=357
num_leaves=6
num_cat=0
split_feature=3 77 11 40 27
split_gain=2.14688 6.61124 5.30924 3.34224 4.09991
threshold=32.865000000000002 3.5000000000000004 0.19806500000000002 0.77350000000000008 58.595000000000006
decision_type=8 2 10 8 8
left_child=1 2 -1 -2 -5
right_child=3 -3 -4 4 -6
leaf_value=0.0030481136760769321 -0.0019451472342045376 -0.0038108317826149522 -0.0020327397295340668 0.0026010388810723474 0.00012198348404821921
leaf_weight=53 87 69 48 88 1142
leaf_count=53 87 69 48 88 1142
internal_value=0 -0.00117041 0.000633419 0.000151077 0.000299349
internal_weight=1487 170 101 1317 1230
internal_count=1487 170 101 1317 1230
is_linear=0
shrinkage=0.0110667


Tree=358
num_leaves=6
num_cat=0
split_feature=20 50 47 35 3
split_gain=2.13314 3.56493 2.87242 4.93846 4.10076
threshold=0.077535350000000017 1.1653000000000002 363.00000000000006 62248.500000000007 99.265000000000015
decision_type=8 2 8 10 10
left_child=1 -1 3 -2 -4
right_child=2 -3 4 -5 -6
leaf_value=0.00017208594004843112 -7.0588600993532036e-05 -0.003791480937436397 0.0015906116960207649 -0.0034795749467475983 -0.00027549149925249627
leaf_weight=68 737 47 307 56 272
leaf_count=68 737 47 307 56 272
internal_value=0 -0.00144778 0.000121352 -0.000311328 0.000713957
internal_weight=1487 115 1372 793 579
internal_count=1487 115 1372 793 579
is_linear=0
shrinkage=0.0110667


Tree=359
num_leaves=4
num_cat=0
split_feature=23 15 12
split_gain=2.13384 2.51844 4.57849
threshold=-36.289999999999992 0.71750000000000014 76.180000000000021
decision_type=8 2 10
left_child=-1 -2 -3
right_child=1 2 -4
leaf_value=-0.0022953799543775815 -0.0019261441330659188 6.2648353974412323e-05 0.0035777311378166489
leaf_weight=48 73 1319 47
leaf_count=48 73 1319 47
internal_value=0 7.65657e-05 0.000183594
internal_weight=1487 1439 1366
internal_count=1487 1439 1366
is_linear=0
shrinkage=0.0110667


Tree=360
num_leaves=6
num_cat=0
split_feature=1 9 20 62 41
split_gain=2.12874 4.1039 3.80047 3.88592 2.24416
threshold=0.098750000000000018 1.0000000180025095e-35 0.044972100000000008 12.28835649427541 1.0745000000000002
decision_type=2 10 8 10 2
left_child=2 -2 -1 -4 -3
right_child=1 4 3 -5 -6
leaf_value=-0.0026098816192549538 0.0037515463150984097 -0.0010750053513014141 9.7567506551667307e-05 -0.0029741516579887225 0.0010391077562746222
leaf_weight=76 49 97 1044 53 168
leaf_count=76 49 97 1044 53 168
internal_value=0 0.0008093 -0.000216642 -5.08353e-05 0.00026525
internal_weight=1487 314 1173 1097 265
internal_count=1487 314 1173 1097 265
is_linear=0
shrinkage=0.0110667


Tree=361
num_leaves=7
num_cat=0
split_feature=3 49 31 9 3 6
split_gain=2.12296 6.54096 6.99422 3.81569 4.41971 4.13782
threshold=32.865000000000002 -12.117499999999998 11.329500000000001 96.192000000000021 94.340000000000018 193.00000000000003
decision_type=8 10 8 10 10 10
left_child=1 2 -1 5 -5 -2
right_child=3 -3 -4 4 -6 -7
leaf_value=0.0036149493900977715 4.2790900329116038e-05 -0.0045751005848875589 -0.001866206572862875 0.00054483378101398861 0.0041850187148560203 -0.0031547964810778937
leaf_weight=46 1058 49 75 151 56 52
leaf_count=46 1058 49 75 151 56 52
internal_value=0 -0.00116387 0.000217512 0.000150234 0.00152963 -0.000107003
internal_weight=1487 170 121 1317 207 1110
internal_count=1487 170 121 1317 207 1110
is_linear=0
shrinkage=0.0110667


Tree=362
num_leaves=7
num_cat=0
split_feature=42 23 62 20 31 42
split_gain=2.1172 10.4142 4.51426 3.61813 3.54992 2.96775
threshold=0.97050000000000003 32.910000000000004 0.021052508986442068 0.077535350000000017 0.033000000000000008 0.94350000000000012
decision_type=2 8 10 8 8 2
left_child=3 2 -2 5 -5 -1
right_child=1 -3 -4 4 -6 -7
leaf_value=-0.00020979301092579095 0.0011503572033027781 0.0052822178670734353 -0.0033234520785123266 -0.0024067985436777811 0.0001597326900366897 -0.0041238481125951409
leaf_weight=46 67 52 47 70 1156 49
leaf_count=46 67 52 47 70 1156 49
internal_value=0 0.00117799 -0.00069408 -0.00014803 1.31907e-05 -0.00222866
internal_weight=1487 166 114 1321 1226 95
internal_count=1487 166 114 1321 1226 95
is_linear=0
shrinkage=0.0110667


Tree=363
num_leaves=4
num_cat=0
split_feature=3 14 46
split_gain=2.13644 5.36647 2.5765
threshold=162.44500000000002 1.0000000180025095e-35 11.500000000000002
decision_type=8 2 2
left_child=1 -1 -3
right_child=-2 2 -4
leaf_value=0.0034992584278748791 -0.0022967802844444142 0.00040455417252000713 -0.00055063602144612197
leaf_weight=54 48 716 669
leaf_count=54 48 716 669
internal_value=0 7.66124e-05 -5.68314e-05
internal_weight=1487 1439 1385
internal_count=1487 1439 1385
is_linear=0
shrinkage=0.0110667


Tree=364
num_leaves=5
num_cat=0
split_feature=7 4 3 20
split_gain=2.12196 2.39305 11.346 2.66725
threshold=16.467050811439254 95.815000000000012 100.00500000000001 1.4094200000000001
decision_type=10 8 10 8
left_child=1 3 -3 -1
right_child=-2 2 -4 -5
leaf_value=-0.0017917251371661134 -0.0022411781681420094 0.0021947818676360102 -0.0035847550249189491 3.3172036005697745e-05
leaf_weight=108 50 208 52 1069
leaf_count=108 50 208 52 1069
internal_value=0 7.7981e-05 0.00103886 -0.000134275
internal_weight=1487 1437 260 1177
internal_count=1487 1437 260 1177
is_linear=0
shrinkage=0.0110667


Tree=365
num_leaves=7
num_cat=0
split_feature=3 77 11 29 3 21
split_gain=2.08332 6.41994 5.14551 3.277 4.16738 3.5294
threshold=32.865000000000002 3.5000000000000004 0.19806500000000002 0.11950000000000001 105.57500000000002 0.43050000000000005
decision_type=8 2 10 10 10 2
left_child=1 2 -1 4 -2 -5
right_child=3 -3 -4 5 -6 -7
leaf_value=0.0030017540927924761 0.00019800620739396279 -0.0037548964037129534 -0.0020001410428895916 -0.0009285383719460083 -0.0016851876970018153 0.0023005488727181446
leaf_weight=53 938 69 48 57 170 152
leaf_count=53 938 69 48 57 170 152
internal_value=0 -0.00115295 0.000624584 0.000148824 -9.09286e-05 0.00141987
internal_weight=1487 170 101 1317 1108 209
internal_count=1487 170 101 1317 1108 209
is_linear=0
shrinkage=0.0110667


Tree=366
num_leaves=4
num_cat=0
split_feature=19 6 61
split_gain=2.0881 3.77543 3.32747
threshold=-1.0000000180025095e-35 1240.0000000000002 3.5000000000000004
decision_type=8 10 2
left_child=-1 2 -2
right_child=1 -3 -4
leaf_value=0.0016738250884799925 0.00012609430671992714 -0.0027725475457337973 -0.0028715982295736326
leaf_weight=86 1292 62 47
leaf_count=86 1292 62 47
internal_value=0 -0.000102747 2.08704e-05
internal_weight=1487 1401 1339
internal_count=1487 1401 1339
is_linear=0
shrinkage=0.0110667


Tree=367
num_leaves=7
num_cat=0
split_feature=42 17 14 40 36 67
split_gain=2.08628 8.82142 3.59801 2.98155 4.8062 4.31447
threshold=0.97050000000000003 3.8345000000000007 1630.5000000000002 0.79500000000000004 13.981600000000002 0.87050000000000016
decision_type=2 8 2 8 2 10
left_child=3 2 -2 5 -5 -1
right_child=1 -3 -4 4 -6 -7
leaf_value=-0.00010391044582794794 -0.0023257622007718339 0.0051693222090283316 0.0015413632896408426 -0.00028994388614854893 0.0016080990882434264 -0.0044265733213718012
leaf_weight=71 61 48 57 1008 195 47
leaf_count=71 61 48 57 1008 195 47
internal_value=0 0.00116936 -0.000457716 -0.000146945 1.77162e-05 -0.00182568
internal_weight=1487 166 118 1321 1203 118
internal_count=1487 166 118 1321 1203 118
is_linear=0
shrinkage=0.0110667


Tree=368
num_leaves=5
num_cat=0
split_feature=7 53 11 73
split_gain=2.08054 2.2719 6.64806 4.5489
threshold=16.467050811439254 0.086500000000000007 0.087299000000000015 43.596111035170679
decision_type=10 8 8 8
left_child=1 3 -3 -1
right_child=-2 2 -4 -5
leaf_value=0.0011868213245038923 -0.0022191977878424983 0.0017773329628007447 -0.00018851010792287048 -0.0015622395374602516
leaf_weight=107 50 285 808 237
leaf_count=107 50 285 808 237
internal_value=0 7.72161e-05 0.000324081 -0.000707144
internal_weight=1487 1437 1093 344
internal_count=1487 1437 1093 344
is_linear=0
shrinkage=0.0110667


Tree=369
num_leaves=4
num_cat=0
split_feature=23 15 39
split_gain=2.05075 2.46845 5.05128
threshold=-36.289999999999992 0.71750000000000014 0.20530000000000001
decision_type=8 2 8
left_child=-1 -2 -3
right_child=1 2 -4
leaf_value=-0.0022502466046217858 -0.0019076731100424542 0.0037460979210370547 5.3984102980072898e-05
leaf_weight=48 73 47 1319
leaf_count=48 73 47 1319
internal_value=0 7.50601e-05 0.000181021
internal_weight=1487 1439 1366
internal_count=1487 1439 1366
is_linear=0
shrinkage=0.0110667


Tree=370
num_leaves=7
num_cat=0
split_feature=3 17 73 9 3 6
split_gain=2.0638 6.58808 5.57818 3.70088 4.29489 4.06914
threshold=32.865000000000002 0.12150000000000001 27.75649855927772 96.192000000000021 94.340000000000018 193.00000000000003
decision_type=8 10 8 10 10 10
left_child=1 -1 -3 5 -5 -2
right_child=3 2 -4 4 -6 -7
leaf_value=0.0023767737582423162 4.333389911973573e-05 -7.9245148028294474e-05 -0.0047942050830540664 0.00053581910828380953 0.0041242346206834899 -0.0031276037741358779
leaf_weight=47 1058 60 63 151 56 52
leaf_count=47 1058 60 63 151 56 52
internal_value=0 -0.00114754 -0.00249425 0.000148125 0.00150661 -0.000105212
internal_weight=1487 170 123 1317 207 1110
internal_count=1487 170 123 1317 207 1110
is_linear=0
shrinkage=0.0110667


Tree=371
num_leaves=4
num_cat=0
split_feature=3 14 24
split_gain=2.049 5.21594 2.69461
threshold=162.44500000000002 1.0000000180025095e-35 142.50000000000003
decision_type=8 2 2
left_child=1 -1 -3
right_child=-2 2 -4
leaf_value=0.0034493290806312561 -0.0022492892763891935 -0.00040525599443543892 0.00062675548727123616
leaf_weight=54 48 917 468
leaf_count=54 48 917 468
internal_value=0 7.50282e-05 -5.65306e-05
internal_weight=1487 1439 1385
internal_count=1487 1439 1385
is_linear=0
shrinkage=0.0110667


Tree=372
num_leaves=5
num_cat=0
split_feature=16 32 0 55
split_gain=2.0726 2.64538 5.04528 3.22345
threshold=0.00018100000000000004 1.1530000000000002 1.7300000000000002 4.5000000000000009
decision_type=8 10 10 8
left_child=-1 3 -3 -2
right_child=1 2 -4 -5
leaf_value=-0.0021923698147437803 -0.0016393239453443044 -0.0014800920963244093 0.0029927137395958877 0.00011687986793761276
leaf_weight=51 144 46 94 1152
leaf_count=51 144 46 94 1152
internal_value=0 7.78625e-05 0.00152305 -7.82514e-05
internal_weight=1487 1436 140 1296
internal_count=1487 1436 140 1296
is_linear=0
shrinkage=0.0110667


Tree=373
num_leaves=7
num_cat=0
split_feature=42 23 62 6 20 20
split_gain=2.03576 9.96752 4.4547 3.71498 7.63198 4.04614
threshold=0.97050000000000003 32.910000000000004 0.044216396531942058 719.00000000000011 89.327200000000019 0.044972100000000008
decision_type=2 8 10 10 8 8
left_child=3 2 -2 5 -5 -1
right_child=1 -3 -4 4 -6 -7
leaf_value=-0.0023860632268206845 0.0011228844948971022 0.0051703473967754984 -0.0033362056245721744 0.00084243166918534216 -0.0053662915916645806 0.00018831782248753743
leaf_weight=80 68 52 46 49 48 1144
leaf_count=80 68 52 46 49 48 1144
internal_value=0 0.00115511 -0.000676369 -0.000145154 -0.00222989 2.0055e-05
internal_weight=1487 166 114 1321 97 1224
internal_count=1487 166 114 1321 97 1224
is_linear=0
shrinkage=0.0110667


Tree=374
num_leaves=5
num_cat=0
split_feature=16 32 0 5
split_gain=2.03736 2.59831 4.93587 2.78505
threshold=0.00018100000000000004 1.1530000000000002 1.7300000000000002 11.168000000000001
decision_type=8 10 10 8
left_child=-1 3 -3 -2
right_child=1 2 -4 -5
leaf_value=-0.0021736553291880154 -0.00087850159403565623 -0.0014609308804751559 0.0029631120824181998 0.00025106068701610709
leaf_weight=51 377 46 94 919
leaf_count=51 377 46 94 919
internal_value=0 7.71979e-05 0.00150947 -7.75209e-05
internal_weight=1487 1436 140 1296
internal_count=1487 1436 140 1296
is_linear=0
shrinkage=0.0110667


Tree=375
num_leaves=6
num_cat=0
split_feature=1 28 20 4 52
split_gain=2.01507 3.91881 3.55497 4.19048 2.94854
threshold=0.098750000000000018 648.50000000000011 0.044972100000000008 567.7650000000001 -0.6349999999999999
decision_type=2 8 8 10 2
left_child=2 4 -1 -4 -2
right_child=1 -3 3 -5 -6
leaf_value=-0.0025254285994464913 0.0021481436582036534 0.0032308973869975221 0.00012678557316413451 -0.0026905195030662824 -0.00056535794598949621
leaf_weight=76 67 64 1028 69 183
leaf_count=76 67 64 1028 69 183
internal_value=0 0.000787397 -0.000210778 -5.04166e-05 0.000161848
internal_weight=1487 314 1173 1097 250
internal_count=1487 314 1173 1097 250
is_linear=0
shrinkage=0.0110667


Tree=376
num_leaves=6
num_cat=0
split_feature=3 49 31 40 3
split_gain=2.02993 6.40053 6.7428 3.24351 3.75723
threshold=32.865000000000002 -12.117499999999998 11.329500000000001 0.77350000000000008 99.995000000000019
decision_type=8 10 8 8 10
left_child=1 2 -1 -2 -5
right_child=3 -3 -4 4 -6
leaf_value=0.0035642054305314963 -0.0019181243818564781 -0.004512496113172876 -0.001817536291114089 0.00069184024620176426 -0.00064496199409262841
leaf_weight=46 87 49 75 863 367
leaf_count=46 87 49 75 863 367
internal_value=0 -0.00113808 0.000228388 0.000146905 0.000292971
internal_weight=1487 170 121 1317 1230
internal_count=1487 170 121 1317 1230
is_linear=0
shrinkage=0.0110667


Tree=377
num_leaves=5
num_cat=0
split_feature=31 53 9 9
split_gain=2.03133 2.5714 4.97351 4.62182
threshold=0.033000000000000008 0.086500000000000007 1.0000000180025095e-35 0.066000000000000017
decision_type=8 8 8 10
left_child=-1 3 -3 -2
right_child=1 2 -4 -5
leaf_value=-0.0017384541711567172 -0.0029631389476102977 0.0029788267791011659 0.0001431398682629888 1.5712306217114465e-05
leaf_weight=78 86 82 994 247
leaf_count=78 86 82 994 247
internal_value=0 9.62378e-05 0.000359245 -0.000753591
internal_weight=1487 1409 1076 333
internal_count=1487 1409 1076 333
is_linear=0
shrinkage=0.0110667


Tree=378
num_leaves=5
num_cat=0
split_feature=19 3 4 8
split_gain=2.01498 2.69774 9.10727 8.33474
threshold=-1.0000000180025095e-35 99.955000000000013 910.24500000000012 0.79050000000000009
decision_type=8 10 8 2
left_child=-1 3 -3 -2
right_child=1 2 -4 -5
leaf_value=0.0016442546114814858 -4.1201411073850104e-05 -0.00026346496038107418 -0.0055092980097992232 0.0043886988607954132
leaf_weight=86 959 341 46 55
leaf_count=86 959 341 46 55
internal_value=0 -0.000100932 -0.000887009 0.000199076
internal_weight=1487 1401 387 1014
internal_count=1487 1401 387 1014
is_linear=0
shrinkage=0.0110667


Tree=379
num_leaves=7
num_cat=0
split_feature=3 17 73 9 3 6
split_gain=1.99975 6.47531 5.42898 3.56911 4.18725 3.96257
threshold=32.865000000000002 0.12150000000000001 27.75649855927772 96.192000000000021 94.340000000000018 193.00000000000003
decision_type=8 10 8 10 10 10
left_child=1 -1 -3 5 -5 -2
right_child=3 2 -4 4 -6 -7
leaf_value=0.0023644278300938943 4.3609784771826864e-05 -8.2236665205695001e-05 -0.0047337130378191893 0.00052134140740123323 0.0040645054118745591 -0.0030855311532924129
leaf_weight=47 1058 60 63 151 56 52
leaf_count=47 1058 60 63 151 56 52
internal_value=0 -0.00112959 -0.00246473 0.000145808 0.00147989 -0.000102978
internal_weight=1487 170 123 1317 207 1110
internal_count=1487 170 123 1317 207 1110
is_linear=0
shrinkage=0.0110667


Tree=380
num_leaves=5
num_cat=0
split_feature=31 32 52 10
split_gain=1.99468 2.59554 3.53867 3.2041
threshold=0.033000000000000008 1.1530000000000002 -0.45499999999999996 0.55000000000000016
decision_type=8 10 2 8
left_child=-1 3 -3 -2
right_child=1 2 -4 -5
leaf_value=-0.0017227003159528129 -0.0011195123967061237 0.0040467414146303218 0.00026634300060559689 0.00023125880198927599
leaf_weight=78 274 46 89 1000
leaf_count=78 274 46 89 1000
internal_value=0 9.53657e-05 0.0015545 -5.92499e-05
internal_weight=1487 1409 135 1274
internal_count=1487 1409 135 1274
is_linear=0
shrinkage=0.0110667


Tree=381
num_leaves=4
num_cat=0
split_feature=6 0 23
split_gain=1.99586 2.77548 2.27305
threshold=1240.0000000000002 577.50000000000011 -36.289999999999992
decision_type=10 10 8
left_child=1 2 -1
right_child=-2 -3 -4
leaf_value=-0.002418151833330791 -0.0017116598712078376 0.0026051229954727416 8.4724754588564577e-05
leaf_weight=46 79 52 1310
leaf_count=46 79 52 1310
internal_value=0 9.60375e-05 -1.78697e-07
internal_weight=1487 1408 1356
internal_count=1487 1408 1356
is_linear=0
shrinkage=0.0110667


Tree=382
num_leaves=4
num_cat=0
split_feature=15 18 4
split_gain=1.99338 3.64898 3.40943
threshold=0.71400000000000008 0.88835000000000008 1385.7600000000002
decision_type=2 10 8
left_child=-1 2 -2
right_child=1 -3 -4
leaf_value=-0.0018095126953125709 -0.00014795710723930012 0.0027384904003478084 0.0025505275464286509
leaf_weight=71 1295 61 60
leaf_count=71 1295 61 60
internal_value=0 9.0731e-05 -2.84646e-05
internal_weight=1487 1416 1355
internal_count=1487 1416 1355
is_linear=0
shrinkage=0.0110667


end of trees

feature_importances:
top10_holder_pct=176
avg_tx_size_usd=149
buy_sell_ratio_24h=138
price_change_6h=86
entry_vs_median_peak=83
price_change_24h=82
jup_price_impact_1k=61
consensus_val=59
volatility_proxy=54
sentiment_consistency=49
volume_mcap_ratio=42
volume_ema3=41
bundle_pct=40
market_cap_log=36
sells_24h=32
sentiment_amplification=31
lifecycle_velocity=25
first_call_age_minutes=23
liq_mcap_ratio=22
token_age_hours=21
txn_velocity=21
helius_top20_pct=20
kol_saturation=19
buy_sell_ratio_delta=18
price_change_5m=18
onchain_multiplier=18
whale_total_pct=17
mention_heat_ratio=17
price_change_1h=15
price_acceleration=15
buys_24h=14
price_velocity=13
ultra_short_heat=12
helius_gini=12
txn_count_24h=10
whale_dominance=9
recency_score=9
kol_reputation_avg=9
best_kol_win_rate=9
buy_sell_ratio_1h=8
helius_top5_pct=8
score_velocity=8
short_term_heat=7
whale_count_delta=7
ath_ratio=6
hour_paris=6
risk_count=6
jup_price_impact_500=6
jup_price_impact_5k=6
relative_volume=5
median_peak_return=5
market_heat_24h=5
whale_count=5
mention_acceleration_v2=5
risk_score=4
pvp_recent_count=4
score_acceleration=3
entry_timing_quality=3
volume_velocity=2
phase_duration_cycles=2
score_ema3=2
day_of_week=2
volume_acceleration=1
volume_delta=1
win_rate_7d=1
recency_weighted_score_vel=1
volume_acceleration_v2=1
score_delta=1
helius_onchain_bsr=1
call_type_score=1
mention_acceleration=1

parameters:
[boosting: gbdt]
[objective: regression]
[metric: l2]
[tree_learner: serial]
[device_type: cpu]
[data_sample_strategy: bagging]
[data: ]
[valid: ]
[num_iterations: 383]
[learning_rate: 0.0110667]
[num_leaves: 33]
[num_threads: 2]
[seed: 0]
[deterministic: 0]
[force_col_wise: 0]
[force_row_wise: 0]
[histogram_pool_size: -1]
[max_depth: 3]
[min_data_in_leaf: 46]
[min_sum_hessian_in_leaf: 0.001]
[bagging_fraction: 0.980297]
[pos_bagging_fraction: 1]
[neg_bagging_fraction: 1]
[bagging_freq: 0]
[bagging_seed: 3]
[bagging_by_query: 0]
[feature_fraction: 0.649615]
[feature_fraction_bynode: 1]
[feature_fraction_seed: 2]
[extra_trees: 0]
[extra_seed: 6]
[early_stopping_round: 0]
[early_stopping_min_delta: 0]
[first_metric_only: 0]
[max_delta_step: 0]
[lambda_l1: 0.000293188]
[lambda_l2: 6.66139e-07]
[linear_lambda: 0]
[min_gain_to_split: 0]
[drop_rate: 0.1]
[max_drop: 50]
[skip_drop: 0.5]
[xgboost_dart_mode: 0]
[uniform_drop: 0]
[drop_seed: 4]
[top_rate: 0.2]
[other_rate: 0.1]
[min_data_per_group: 100]
[max_cat_threshold: 32]
[cat_l2: 10]
[cat_smooth: 10]
[max_cat_to_onehot: 4]
[top_k: 20]
[monotone_constraints: ]
[monotone_constraints_method: basic]
[monotone_penalty: 0]
[feature_contri: ]
[forcedsplits_filename: ]
[refit_decay_rate: 0.9]
[cegb_tradeoff: 1]
[cegb_penalty_split: 0]
[cegb_penalty_feature_lazy: ]
[cegb_penalty_feature_coupled: ]
[path_smooth: 0]
[interaction_constraints: ]
[verbosity: -1]
[saved_feature_importance_type: 0]
[use_quantized_grad: 0]
[num_grad_quant_bins: 4]
[quant_train_renew_leaf: 0]
[stochastic_rounding: 1]
[linear_tree: 0]
[max_bin: 255]
[max_bin_by_feature: ]
[min_data_in_bin: 3]
[bin_construct_sample_cnt: 200000]
[data_random_seed: 1]
[is_enable_sparse: 1]
[enable_bundle: 1]
[use_missing: 1]
[zero_as_missing: 0]
[feature_pre_filter: 1]
[pre_partition: 0]
[two_round: 0]
[header: 0]
[label_column: ]
[weight_column: ]
[group_column: ]
[ignore_column: ]
[categorical_feature: ]
[forcedbins_filename: ]
[precise_float_parser: 0]
[parser_config_file: ]
[objective_seed: 5]
[num_class: 1]
[is_unbalance: 0]
[scale_pos_weight: 1]
[sigmoid: 1]
[boost_from_average: 1]
[reg_sqrt: 0]
[alpha: 0.9]
[fair_c: 1]
[poisson_max_delta_step: 0.7]
[tweedie_variance_power: 1.5]
[lambdarank_truncation_level: 30]
[lambdarank_norm: 1]
[label_gain: ]
[lambdarank_position_bias_regularization: 0]
[eval_at: ]
[multi_error_top_k: 1]
[auc_mu_weights: ]
[num_machines: 1]
[local_listen_port: 12400]
[time_out: 120]
[machine_list_filename: ]
[machines: ]
[gpu_platform_id: -1]
[gpu_device_id: -1]
[gpu_use_dp: 0]
[num_gpu: 1]

end of parameters

pandas_categorical:[]
