tree
version=v4
num_class=1
num_tree_per_iteration=1
label_index=0
max_feature_idx=85
objective=regression
feature_names=price_change_6h entry_vs_median_peak market_cap_log buy_sell_ratio_1h price_change_5m avg_tx_size_usd buy_sell_ratio_24h bundle_pct volatility_proxy price_change_24h relative_volume volume_ema3 consensus_val liq_mcap_ratio ultra_short_heat recency_weighted_score_vel hour_paris sentiment_amplification helius_top5_pct sentiment_consistency whale_total_pct helius_gini median_peak_return price_change_1h price_acceleration bundle_count volume_delta top10_holder_pct win_rate_7d sentiment jup_price_impact_1k token_age_hours buy_sell_ratio_delta txn_velocity helius_top20_pct volume_mcap_ratio sells_24h whale_dominance price_drift_from_first_seen buy_sell_ratio_5m mention_velocity volume_acceleration_v2 first_call_age_minutes onchain_multiplier jup_price_impact_500 score_acceleration score_velocity breadth_val market_heat_24h price_target_count recency_score ath_ratio price_velocity txn_count_24h jup_price_impact_5k entry_timing_quality mention_heat_ratio hedging_count time_spread_minutes kol_saturation buys_24h whale_count volume_velocity msg_conviction_avg mention_acceleration_v2 avg_conviction short_term_heat day_of_week phase_duration_cycles sentiment_delta lifecycle_phase_num score_delta jito_max_slot_txns best_kol_win_rate risk_score call_type_score score_ema3 mention_ema3 whale_count_delta lp_locked_pct volume_acceleration lifecycle_velocity helius_onchain_bsr mentions_delta liquidity_depth_score pump_momentum_pen
feature_infos=[-99.980000000000004:9999.9999000000007] [0:5] [1.791759469228055:30.424249281857922] [0:1] [-97.109999999999999:4321] [0:14339.690000000001] [0:1] [0:96.530000000000001] [0:999.99900000000002] [-100:9999.9999000000007] [0:9999.9999000000007] [0.01:17.719000000000001] [0:0.99060000000000004] [0:1.9865330000000001] [0:12] [-102.432:153.51400000000001] [0:23] [0:99.999899999999997] [6.4500000000000002:100] [0.51200000000000001:1] [3.46:100.01000000000001] [0:0.99950000000000006] [1.0426:1.1996] [-98.890000000000001:9999.9999000000007] [-46.177999999999997:49.015999999999998] [0:35] [-31746400:38533900] [0:3923.29] [0.15559999999999999:0.2611] [-0.33700000000000002:0.85099999999999998] [0:100] [0:31819] [-1:1] [0:99.998999999999995] [10.69:100] [0:406.03194200000002] [0:42956] [0:25.236499999999999] [0:2733333.3330000001] [0:1] [-4.2670000000000003:5.1559999999999997] [-56.719999999999999:82.498999999999995] [5.5999999999999996:9742.6000000000004] [0.59199999999999997:1.3] [0:100] [-182.46600000000001:206.33699999999999] [-154.23400000000001:206.33699999999999] [0:1] [-11.029999999999999:5.79] [0:23] [0.0030000000000000001:0.98699999999999999] [0.0016999999999999999:1] [-46.177999999999997:26.608000000000001] [1:186086] [0:100] [0.23300000000000001:0.86699999999999999] [0:10] [0:6] [0:7918.6999999999998] [108:428] [0:143130] [1:55] [-56.445:49.060000000000002] [0.5:2] [-8.9299999999999997:6.7320000000000002] [7:10] [0:6] [0:6] [1:241] [-0.65000000000000002:0.77400000000000002] [0:5] [-78:81] [1:50] [0.0060000000000000001:0.66700000000000004] [-1827399:10000] [-1:1] [1.0029999999999999:95.421000000000006] [0.20000000000000001:25.25] [-33:29] [0:100] [0:4] [-3:5] [0.47099999999999997:0.90000000000000002] [-3:10] [0.0023999999999999998:1] [0.45000000000000001:1]
tree_sizes=1450 1716 1537 1791 1538 1538 1535 1538 1635 1361 1515 1366 1466 1449 1714 1628 1529 1272 1881 1621 1624 1976 1260 1435 1535 1625 1540 1365 1634 1707 1628 1719 1626 1277 1618 1621 1635 1539 1447 1452 1431 1438 1367 1452 1446 1350 1366 1337 1462 1534 1366 1107 1191 1284 1371 1284 1370 1106 1460 1541 1109 1369 1461 1458 1460 1460 1362 1538 1108 1541 1463 1283 1538 1455 1264 1374 1893 1109 1883 1457 1471 1467 1635 1541 1469 1463 1792 1634 1645 1611 1630 1709 1542 1274 1114 1721 1547 1199 1544 1198 1814 1279 1109 1810 1722 1445 1886 1533 1855 1110 1454 1371 1788 1284 1810 1196 1813

Tree=0
num_leaves=16
num_cat=0
split_feature=0 3 5 2 14 15 13 4 25 4 29 2 1 16 31
split_gain=44.3419 11.3689 10.8692 9.56612 12.5658 18.4169 23.2098 15.7121 8.59758 9.8041 5.49084 3.87911 4.32614 2.80817 1.8347
threshold=31.535000000000004 0.5335000000000002 118.93500000000002 8.6217292364597409 3.0980000000000003 1.7500000000000002 0.059124500000000003 43.035000000000004 18.500000000000004 -4.9349999999999987 0.015500000000000002 18.531275447950705 1.5128500000000003 13.500000000000002 0.8500000000000002
decision_type=10 2 10 10 8 8 10 10 10 8 2 8 2 2 8
left_child=1 11 8 -2 7 -6 -7 10 13 -10 -5 12 14 -3 -1
right_child=3 2 -4 4 5 6 -8 -9 9 -11 -12 -13 -14 -15 -16
leaf_value=0.25153579525355513 0.25173871674667631 0.2546345786710455 0.26194222301533787 0.25520105553898359 0.25481551253118234 0.27237228905482797 0.25932549373325997 0.24856433739854353 0.2624057405180425 0.25477792144422184 0.25797548563004885 0.24860380144802971 0.25695913837054568 0.25264447263844098 0.25300999480968278
leaf_weight=107 30 168 21 98 32 22 37 22 27 44 275 22 25 125 468
leaf_count=107 30 168 21 98 32 22 37 22 27 44 275 22 25 125 468
internal_value=0.254816 0.253594 0.254941 0.2572 0.25754 0.260899 0.264213 0.256763 0.254541 0.25766 0.25725 0.252757 0.252912 0.253781 0.252733
internal_weight=1523 1007 385 516 486 91 59 395 364 71 373 622 600 293 575
internal_count=1523 1007 385 516 486 91 59 395 364 71 373 622 600 293 575
is_linear=0
shrinkage=1


Tree=1
num_leaves=18
num_cat=0
split_feature=1 15 8 4 3 5 4 25 4 58 39 30 11 32 19 67 4
split_gain=38.6419 12.8446 35.9951 29.9072 10.2609 10.4481 10.0071 9.33242 9.33407 6.16023 5.13464 2.95113 2.71713 2.38752 1.86417 3.16093 3.09215
threshold=1.1043000000000001 0.49900000000000005 0.10450000000000001 -14.779999999999999 0.5335000000000002 114.10000000000001 47.250000000000007 18.500000000000004 -4.9349999999999987 4.1000000000000005 0.66600000000000015 27.713350000000002 12.426000000000002 0.42650000000000005 0.86150000000000004 1.0000000180025095e-35 -14.254999999999997
decision_type=2 8 10 10 2 10 10 10 8 10 2 8 10 10 2 2 8
left_child=4 3 -3 -2 12 7 9 11 -9 -4 13 -6 14 -5 15 -1 -16
right_child=1 2 6 10 5 -7 -8 8 -10 -11 -12 -13 -14 -15 16 -17 -18
leaf_value=0.0021995654220215125 -0.00894901444518615 0.014774445428828069 0.0020231335892058758 0.0013036498553369066 -0.0022913192035347862 0.0069241507367809501 -0.0035941995898349146 0.0075142923568769478 -6.5725864737870338e-05 0.0054572002947892509 -0.0016300043176308762 -0.00014771303069945806 0.00050551658031451217 0.0046990041351148877 -0.0062501157704800778 -0.0019726677644250714 -0.0023587427608803449
leaf_weight=23 33 24 329 41 129 21 28 27 40 63 31 131 37 45 22 83 416
leaf_count=23 33 24 329 41 129 21 28 27 40 63 31 131 37 45 22 83 416
internal_value=0 0.00199289 0.00284846 -0.000530593 -0.00127427 8.0534e-05 0.00216375 -0.000354824 0.0029687 0.00257849 0.00183226 -0.00121648 -0.00208808 0.00309603 -0.00226698 -0.0010546 -0.00255729
internal_weight=1523 594 444 150 929 348 420 327 67 392 117 260 581 86 544 106 438
internal_count=1523 594 444 150 929 348 420 327 67 392 117 260 581 86 544 106 438
is_linear=0
shrinkage=0.0100044


Tree=2
num_leaves=16
num_cat=0
split_feature=0 3 5 2 10 25 4 56 10 31 30 11 16 9 50
split_gain=42.6263 10.9108 10.4633 9.32438 12.9932 8.2541 9.42742 6.32394 8.00092 6.14992 4.42304 4.06149 2.75383 2.50999 1.06743
threshold=31.535000000000004 0.5335000000000002 118.93500000000002 8.6217292364597409 0.39110000000000006 18.500000000000004 -4.9349999999999987 3.1000000000000005 13.804800000000002 0.35000000000000003 0.088114200000000018 12.426000000000002 13.500000000000002 56.395000000000003 0.33250000000000007
decision_type=10 2 10 10 2 10 8 2 2 10 8 10 2 10 2
left_child=1 10 5 -2 -5 12 -7 9 -9 -6 -1 13 -3 -12 -13
right_child=3 2 -4 4 7 6 -8 8 -10 -11 11 14 -14 -15 -16
leaf_value=-0.0064482053256313156 -0.0030538049773631412 -0.00016994825813010153 0.0069911522804042506 0.010030709733127504 0.0046222632815753071 0.0074391159055014443 -4.0187979950881034e-05 0.0098581897146453462 0.0018441158128040382 0.0013352662609793168 -0.0022162160895107734 -0.00039777973689924509 -0.0021407151837418929 0.001269814914383522 0.0027111317182110838
leaf_weight=22 30 168 21 23 69 27 44 24 27 343 536 22 125 21 21
leaf_count=22 30 168 21 23 69 27 44 24 27 343 536 22 125 21 21
internal_value=0 -0.00119811 0.000122217 0.00233813 0.00267375 -0.000270348 0.00278499 0.00230536 0.00564199 0.00188904 -0.00201753 -0.00185282 -0.00101534 -0.00208236 0.00108904
internal_weight=1523 1007 385 516 486 364 71 463 51 412 622 600 293 557 43
internal_count=1523 1007 385 516 486 364 71 463 51 412 622 600 293 557 43
is_linear=0
shrinkage=0.0100044


Tree=3
num_leaves=19
num_cat=0
split_feature=0 3 23 15 4 22 16 4 25 60 16 30 33 1 16 36 36 31
split_gain=41.7799 10.6932 8.49298 16.4519 9.22332 13.8241 7.40212 6.47124 9.0198 8.99152 5.26089 4.33449 4.26426 3.9076 3.4239 2.78821 2.74484 1.96802
threshold=31.535000000000004 0.5335000000000002 939.00000000000011 -12.872999999999999 43.035000000000004 1.0626500000000003 14.500000000000002 -4.0199999999999987 19.500000000000004 15.500000000000002 16.500000000000004 0.088114200000000018 9.0275000000000016 1.5128500000000003 14.500000000000002 2004.0000000000002 2250.5000000000005 0.35000000000000003
decision_type=10 2 8 10 8 2 2 10 10 2 2 8 8 2 2 2 2 8
left_child=1 11 4 -4 6 -6 12 8 9 -3 -8 -1 -2 17 16 -16 -9 -13
right_child=2 7 3 -5 5 -7 10 14 -10 -11 -12 13 -14 -15 15 -17 -18 -19
leaf_value=-0.0063836949396708937 0.0054242581217189868 0.0051771487446349252 0.012377379665519854 6.4298902387842347e-05 0.0037067501525359556 -0.0055960935494085455 -0.0024771429506206749 -0.0012282105485260681 0.006390399585457179 -0.0005975623587671121 0.0018037070630624139 -0.004338543184052716 0.002618313341792358 0.0018591317042040371 -0.0015208313977854221 -0.0061127806035589484 0.0022388550850270927 -0.0018566942007747736
leaf_weight=22 82 33 23 21 28 37 38 86 30 147 116 35 171 27 36 22 31 538
leaf_count=22 82 33 23 21 28 37 38 86 30 147 116 35 171 27 36 22 31 538
internal_value=0 -0.00118614 0.00231481 0.00653145 0.00191887 -0.00156789 0.00247905 0.000120924 0.00130817 0.000453614 0.000738602 -0.00199735 0.0035331 -0.00183426 -0.00129604 -0.00328595 -0.000298015 -0.00201065
internal_weight=1523 1007 516 44 472 65 407 385 210 180 154 622 253 600 175 58 117 573
internal_count=1523 1007 516 44 472 65 407 385 210 180 154 622 253 600 175 58 117 573
is_linear=0
shrinkage=0.0100044


Tree=4
num_leaves=16
num_cat=0
split_feature=0 3 5 2 10 25 56 10 31 84 30 11 1 71 50
split_gain=40.9506 10.4801 10.2061 9.08028 12.7339 7.98309 6.14142 7.81774 6.01783 5.12973 4.24766 3.96176 2.39308 2.36002 1.04201
threshold=31.535000000000004 0.5335000000000002 118.93500000000002 8.6217292364597409 0.39110000000000006 18.500000000000004 3.1000000000000005 13.804800000000002 0.35000000000000003 0.99770000000000014 0.088114200000000018 12.426000000000002 1.4670000000000003 3.5000000000000004 0.33250000000000007
decision_type=10 2 10 10 2 10 2 2 10 10 8 10 2 10 2
left_child=1 10 5 -2 -5 13 8 -8 -6 -7 -1 12 -12 -3 -13
right_child=3 2 -4 4 6 9 7 -9 -10 -11 11 14 -14 -15 -16
leaf_value=-0.0063198297272976942 -0.0030290001080966059 -0.00074520788482097615 0.0069036700463052103 0.0099061458500724203 0.0045515798351363239 0.0051738661926711569 0.0097140480168395032 0.0017917988132232542 0.001300080798568726 -0.00019142482507168493 -0.0021733518228212677 -0.00037860454757712692 0.0012293966206975582 -0.0042459542646978337 0.0026919622039888987
leaf_weight=22 30 272 21 23 69 39 24 27 343 32 536 22 21 21 21
leaf_count=22 30 272 21 23 69 39 24 27 343 32 536 22 21 21 21
internal_value=0 -0.0011743 0.000119644 0.00229173 0.00262296 -0.000268023 0.00225824 0.00554646 0.00184791 0.00273664 -0.00197739 -0.00181591 -0.00204263 -0.00100074 0.00108949
internal_weight=1523 1007 385 516 486 364 463 51 412 71 622 600 557 293 43
internal_count=1523 1007 385 516 486 364 463 51 412 71 622 600 557 293 43
is_linear=0
shrinkage=0.0100044


Tree=5
num_leaves=16
num_cat=0
split_feature=0 3 5 2 10 25 56 10 31 84 30 11 16 9 0
split_gain=40.1375 10.2711 10.003 8.90047 12.4794 7.82362 6.01932 7.66061 5.89752 5.02833 4.1626 3.88253 2.67366 2.36851 0.816382
threshold=31.535000000000004 0.5335000000000002 118.93500000000002 8.6217292364597409 0.39110000000000006 18.500000000000004 3.1000000000000005 13.804800000000002 0.35000000000000003 0.99770000000000014 0.088114200000000018 12.426000000000002 13.500000000000002 56.395000000000003 -9.5149999999999988
decision_type=10 2 10 10 2 10 2 2 10 10 8 10 2 10 8
left_child=1 10 5 -2 -5 12 8 -8 -6 -7 -1 13 -3 -12 -13
right_child=3 2 -4 4 6 9 7 -9 -10 -11 11 14 -14 -15 -16
leaf_value=-0.0062566034340324969 -0.0029986965346899077 -0.00015768769088392147 0.0068346028932841892 0.009807040632722145 0.0045060439995452239 0.0051221043986986563 0.0096168646356592311 0.0017738727937401878 0.0012870742458121953 -0.00018950973575734083 -0.0021522315342626776 0.0024319210729062393 -0.0020996011492539698 0.0012329948937132291 -0.00027536140598592111
leaf_weight=22 30 168 21 23 69 39 24 27 343 32 536 22 125 21 21
leaf_count=22 30 168 21 23 69 39 24 27 343 32 536 22 125 21 21
internal_value=0 -0.00116256 0.000118377 0.00226889 0.00259683 -0.000265378 0.00223573 0.00549124 0.00182946 0.00270907 -0.0019576 -0.00179772 -0.00099077 -0.00202217 0.00107828
internal_weight=1523 1007 385 516 486 364 463 51 412 71 622 600 293 557 43
internal_count=1523 1007 385 516 486 364 463 51 412 71 622 600 293 557 43
is_linear=0
shrinkage=0.0100044


Tree=6
num_leaves=16
num_cat=0
split_feature=0 3 5 2 10 25 4 14 4 24 30 11 16 9 0
split_gain=39.3405 10.0662 9.80401 8.72423 12.23 7.66733 9.01484 5.87649 14.6158 10.2837 4.07925 3.80488 2.62016 2.3219 0.800417
threshold=31.535000000000004 0.5335000000000002 118.93500000000002 8.6217292364597409 0.39110000000000006 18.500000000000004 -4.9349999999999987 3.0980000000000003 43.035000000000004 2.6265000000000005 0.088114200000000018 12.426000000000002 13.500000000000002 56.395000000000003 -9.5149999999999988
decision_type=10 2 10 10 2 10 8 8 10 8 8 10 2 10 8
left_child=1 10 5 -2 -5 12 -7 8 -6 -9 -1 13 -3 -12 -13
right_child=3 2 -4 4 7 6 -8 9 -10 -11 11 14 -14 -15 -16
leaf_value=-0.006194009832501084 -0.0029686964632199249 -0.00015611013180569342 0.0067662263924133017 0.0097089268122172358 0.0021885858494491727 0.0072332156094443703 -8.0383751640130093e-05 -0.00028660868766607257 -0.006194674943087849 0.007421670390198894 -0.0021306997016666551 0.0024075911639873933 -0.002078595863784183 0.0012206594066244145 -0.00027260660665108017
leaf_weight=22 30 168 21 23 365 27 44 26 22 50 536 22 125 21 21
leaf_count=22 30 168 21 23 365 27 44 26 22 50 536 22 125 21 21
internal_value=0 -0.00115094 0.000117122 0.00224627 0.00257096 -0.000262761 0.00268178 0.00221345 0.00170852 0.00476681 -0.00193802 -0.00177971 -0.000980904 -0.00200192 0.00106717
internal_weight=1523 1007 385 516 486 364 71 463 387 76 622 600 293 557 43
internal_count=1523 1007 385 516 486 364 71 463 387 76 622 600 293 557 43
is_linear=0
shrinkage=0.0100044


Tree=7
num_leaves=16
num_cat=0
split_feature=0 3 5 2 10 25 4 7 21 53 30 11 21 9 50
split_gain=38.557 9.86545 9.60896 8.55115 11.9859 7.51416 8.83608 5.80954 14.5406 9.81113 3.99756 3.72879 2.33618 2.27621 1.01685
threshold=31.535000000000004 0.5335000000000002 118.93500000000002 8.6217292364597409 0.39110000000000006 18.500000000000004 -4.9349999999999987 74.910000000000011 0.76860000000000006 7509.5000000000009 0.088114200000000018 12.426000000000002 0.77080000000000015 56.395000000000003 0.33250000000000007
decision_type=10 2 10 10 2 10 8 10 8 2 8 10 8 10 2
left_child=1 10 5 -2 -5 12 -7 8 -6 -9 -1 13 -3 -12 -13
right_child=3 2 -4 4 7 6 -8 9 -10 -11 11 14 -14 -15 -16
leaf_value=-0.0061320423565167101 -0.0029389962549530605 -0.0041995361287284544 0.0066985344412756193 0.0096117946694533989 -0.0057008183895882417 0.0071608511719265192 -7.9579588576739177e-05 0.0079243802481891272 0.0021816088172620751 0.0010412507378832439 -0.0021093832874433944 -0.00039383412676245949 -0.00071690789422105899 0.0012084473740028691 0.0026397135658092936
leaf_weight=22 30 21 21 23 25 27 44 43 354 41 536 22 272 21 21
leaf_count=22 30 21 21 23 25 27 44 43 354 41 536 22 272 21 21
internal_value=0 -0.00113944 0.00011588 0.00222377 0.00254524 -0.000260169 0.00265476 0.00219128 0.00165809 0.00458087 -0.00191863 -0.00176188 -0.000971137 -0.00198186 0.00105618
internal_weight=1523 1007 385 516 486 364 71 463 379 84 622 600 293 557 43
internal_count=1523 1007 385 516 486 364 71 463 379 84 622 600 293 557 43
is_linear=0
shrinkage=0.0100044


Tree=8
num_leaves=17
num_cat=0
split_feature=9 41 60 8 4 17 2 13 22 14 17 17 25 30 31 9
split_gain=32.8263 12.842 22.2205 18.7494 14.4882 5.23602 4.98212 13.8307 6.59036 6.99949 4.25827 3.44618 2.13033 1.59305 1.93308 0.92515
threshold=31.375000000000004 0.0015000000000000002 175.00000000000003 9.0325000000000006 47.250000000000007 0.27130000000000004 9.4398089576033559 4.5500000000000008e-05 1.0608000000000002 2.1235000000000004 0.51145000000000007 0.0084500000000000009 19.500000000000004 19.978600000000004 0.95000000000000007 -85.864999999999995
decision_type=10 8 2 10 10 10 10 10 2 8 10 10 10 10 10 8
left_child=6 2 -2 -3 10 -4 12 -8 9 -9 -5 -10 13 15 -15 -1
right_child=1 3 5 4 -6 -7 7 8 11 -11 -12 -13 -14 14 -16 -17
leaf_value=-0.00068703514176365812 -0.010399001278650779 0.0090653909808201399 0.0042139168373929057 0.0018360182031186671 -0.0051838686259300182 -0.0019862387247503053 0.007001753868489332 0.0035014575885898014 -0.0020778625033836678 -0.0016511381780852717 0.0043038452965396771 0.00030498951348691946 0.0010953838951624449 -0.0060449809361275385 -0.001638017284928777 -0.0020008418727263857
leaf_weight=67 22 40 31 337 27 24 24 63 250 45 90 79 23 21 21 359
leaf_count=67 22 40 31 337 27 24 24 63 250 45 90 79 23 21 21 359
internal_value=0 0.00189653 -0.00189372 0.00249006 0.00190775 0.00148378 -0.00113747 -0.000386835 -0.000795714 0.00134201 0.00235934 -0.00150157 -0.00183949 -0.00198662 -0.00387373 -0.00179739
internal_weight=1523 571 77 494 454 55 952 461 437 108 427 329 491 468 42 426
internal_count=1523 571 77 494 454 55 952 461 437 108 427 329 491 468 42 426
is_linear=0
shrinkage=0.0100044


Tree=9
num_leaves=14
num_cat=0
split_feature=0 2 10 6 14 4 24 14 7 27 20 38 16
split_gain=37.1499 8.31599 11.7792 7.20498 5.6706 14.0646 9.96371 4.78393 5.96241 8.23955 4.17389 5.636 3.64576
threshold=31.535000000000004 8.6217292364597409 0.39110000000000006 0.98050000000000004 3.0980000000000003 43.035000000000004 2.6265000000000005 2.3800000000000003 37.845000000000006 48.820000000000007 56.385000000000005 132.29400000000001 17.500000000000004
decision_type=10 10 2 2 8 10 8 8 10 10 8 2 2
left_child=3 -2 -3 7 5 -4 -6 8 12 -10 -9 -12 -1
right_child=1 2 4 -5 6 -7 -8 10 9 -11 11 -13 -14
leaf_value=-0.00054706170652435633 -0.0029082725264567826 0.0095051644451974518 0.0021238451166910206 0.0033303766724724969 -0.00031643351411116279 -0.0060997306383840889 0.0072705490445590269 -0.0059171620258326356 -0.00047885994587627134 0.0049692501634413652 -0.0019219155002846795 0.0033471307576573395 -0.0029993547630873824
leaf_weight=219 30 23 365 35 26 22 50 25 81 42 499 21 85
leaf_count=219 30 23 365 35 26 22 50 25 81 42 499 21 85
internal_value=0 0.0021828 0.00249985 -0.00111847 0.00214893 0.00165286 0.00465719 -0.00128006 -0.000482868 0.00137046 -0.00190216 -0.00170652 -0.00123719
internal_weight=1523 516 486 1007 463 387 76 972 427 123 545 520 304
internal_count=1523 516 486 1007 463 387 76 972 427 123 545 520 304
is_linear=0
shrinkage=0.0100044


Tree=10
num_leaves=16
num_cat=0
split_feature=0 3 5 23 15 25 53 40 28 47 30 5 1 16 31
split_gain=36.41 9.483 9.39151 7.97543 15.7618 7.21522 4.96608 4.48289 4.56407 4.41026 3.92189 3.80547 3.48883 2.54831 1.90084
threshold=31.535000000000004 0.5335000000000002 118.93500000000002 939.00000000000011 -12.872999999999999 18.500000000000004 105.50000000000001 0.85100000000000009 0.19600000000000004 0.11650000000000002 0.088114200000000018 51.080000000000005 1.5128500000000003 13.500000000000002 0.35000000000000003
decision_type=10 2 10 8 10 10 2 10 2 2 8 10 2 2 8
left_child=1 10 5 6 -5 13 -2 8 -8 -7 -1 -9 14 -3 -12
right_child=3 2 -4 4 -6 9 7 11 -10 -11 12 -13 -14 -15 -16
leaf_value=-0.0060444037873136659 -0.0029524754563757826 -0.00013163788501805414 0.0066311010748420027 0.011968472069395287 0 0.00067857360971645541 0.0024562352477617852 0.0079540846612681793 0.00021106070945731346 0.0058952546903414992 -0.0041695477879182203 0.0027525255216040768 0.0017727084624862511 -0.0020274925032294343 -0.0017314276179696971
leaf_weight=22 21 168 21 23 21 45 232 21 151 26 35 47 27 125 538
leaf_count=22 21 168 21 23 21 45 232 21 151 26 35 47 27 125 538
internal_value=0 -0.00110729 0.000123413 0.00216094 0.00624691 -0.000248312 0.00177718 0.0020004 0.0015746 0.00260798 -0.00187124 0.0043788 -0.00171597 -0.00094507 -0.00188272
internal_weight=1523 1007 385 516 44 364 472 451 383 71 622 68 600 293 573
internal_count=1523 1007 385 516 44 364 472 451 383 71 622 68 600 293 573
is_linear=0
shrinkage=0.0100044


Tree=11
num_leaves=14
num_cat=0
split_feature=1 35 5 7 36 21 2 3 20 27 22 11 17
split_gain=31.6906 12.1794 10.0125 8.61004 14.7274 13.4596 5.09727 4.7318 4.98023 10.0876 3.76433 2.44097 1.72578
threshold=1.1043000000000001 0.040181000000000008 1282.7950000000003 76.180000000000021 2250.5000000000005 0.76155000000000006 8.6217292364597409 0.53250000000000008 65.040000000000006 48.820000000000007 1.0653000000000004 12.426000000000002 0.097500000000000017
decision_type=2 10 10 10 2 8 10 2 8 10 2 10 10
left_child=2 -2 7 5 -5 -3 -7 11 9 -9 -10 12 -1
right_child=1 3 -4 4 -6 6 -8 8 10 -11 -12 -13 -14
leaf_value=-0.0022561657040649553 -0.00566095842726967 -0.0060377508001894526 0.0040855654912732462 0.0096319741986110995 0.00078186147915967755 -0.0018793701906866607 0.0022336965632483471 -0.00051555327739798043 0.00034251447339331373 0.0069959136204817722 -0.0021220936741349235 0.00051552697262455174 0.00025550102557219079
leaf_weight=485 21 22 35 38 38 32 443 62 102 25 155 37 28
leaf_count=485 21 22 35 38 38 32 443 62 102 25 155 37 28
internal_value=0 0.0018048 -0.00115394 0.00208077 0.00522473 0.00159728 0.00195376 -0.00136058 -0.000435176 0.00162735 -0.00113865 -0.00193692 -0.00211644
internal_weight=1523 594 929 573 76 497 475 894 344 87 257 550 513
internal_count=1523 594 929 573 76 497 475 894 344 87 257 550 513
is_linear=0
shrinkage=0.0100044


Tree=12
num_leaves=15
num_cat=0
split_feature=23 19 17 26 5 17 20 6 47 42 29 11 43 63
split_gain=21.6678 9.709 13.4447 9.69151 16.5941 9.83094 8.85812 6.31487 4.39335 8.40575 6.52365 3.08835 5.22549 0.840536
threshold=31.765000000000004 0.71250000000000002 1.2424500000000003 307.96500000000009 511.85000000000008 0.64615000000000011 57.495000000000005 0.53250000000000008 0.11650000000000002 25.450000000000003 0.18750000000000003 8.8195000000000014 0.89950000000000008 1.4600000000000002
decision_type=10 2 10 8 10 10 8 2 2 2 2 10 2 2
left_child=3 -2 8 6 5 7 -1 -5 9 -3 -10 13 -13 -8
right_child=1 2 -4 4 -6 -7 11 -9 10 -11 -12 12 -14 -15
leaf_value=-0.0080851271158800479 -0.003097937058929366 -0.001229484868069257 0.0092112850229830612 -0.0016942685925045453 0.008781907627271204 0.0064707266811223482 -0.0017714073261081162 0.00035896036120611782 0.00029703506471019084 0.0026307984765477346 0.0050810721385334059 0.0040921117846529579 -0.0011911205757172249 -0.0030314584151413136
leaf_weight=22 35 95 27 255 21 21 129 362 45 138 81 21 169 102
leaf_count=22 35 95 27 255 21 21 129 362 45 138 81 21 169 102
internal_value=0 0.00193067 0.00239014 -0.000737521 2.96878e-05 -0.000256273 -0.00188186 -0.000487425 0.00187336 0.00105105 0.00338323 -0.00155449 -0.000600059 -0.00233365
internal_weight=1523 421 386 1102 659 638 443 617 359 233 126 421 190 231
internal_count=1523 421 386 1102 659 638 443 617 359 233 126 421 190 231
is_linear=0
shrinkage=0.0100044


Tree=13
num_leaves=15
num_cat=0
split_feature=0 3 5 2 10 25 4 56 10 19 2 1 16 11
split_gain=34.4707 9.06845 9.13238 7.92003 11.4901 6.98702 8.52783 5.72132 7.38146 5.5429 3.78597 3.61552 2.51198 2.25859
threshold=31.535000000000004 0.5335000000000002 118.93500000000002 8.6217292364597409 0.39110000000000006 18.500000000000004 -4.9349999999999987 3.1000000000000005 13.804800000000002 0.72250000000000003 18.531275447950705 1.5128500000000003 13.500000000000002 12.426000000000002
decision_type=10 2 10 10 2 10 8 2 2 2 8 2 2 10
left_child=1 10 5 -2 -5 12 -7 9 -9 -6 11 13 -3 -1
right_child=3 2 -4 4 7 6 -8 8 -10 -11 -12 -13 -14 -15
leaf_value=-0.0019999563462368033 -0.0028654722883851721 -0.00011850657078674298 0.0065433614364577017 0.0093307004451293977 -0.0021202122524646557 0.0069973538199438017 -0.00011556715536342917 0.0092877699016684825 0.0015897293986881077 0.0020248057778101828 -0.0059248558286288137 0.0020270270511600383 -0.0020007414784422922 0.00052714884719563977
leaf_weight=538 30 168 21 23 35 27 44 24 27 377 22 25 125 37
leaf_count=538 30 168 21 23 35 27 44 24 27 377 22 25 125 37
internal_value=0 -0.00107735 0.00012609 0.00210265 0.00241211 -0.000240418 0.00257028 0.0020655 0.00523888 0.00166939 -0.00182442 -0.00167181 -0.000926128 -0.00183499
internal_weight=1523 1007 385 516 486 364 71 463 51 412 622 600 293 575
internal_count=1523 1007 385 516 486 364 71 463 51 412 622 600 293 575
is_linear=0
shrinkage=0.0100044


Tree=14
num_leaves=18
num_cat=0
split_feature=0 3 5 4 5 15 23 4 25 4 16 30 45 11 16 9 50
split_gain=33.785 8.88735 8.95069 7.86942 17.1842 9.50963 25.0837 20.2112 6.84741 8.35875 5.39899 3.87712 3.84335 3.45065 2.46172 2.04068 0.981802
threshold=31.535000000000004 0.5335000000000002 118.93500000000002 43.035000000000004 51.405000000000008 1.7500000000000002 939.00000000000011 -14.779999999999999 18.500000000000004 -4.9349999999999987 14.500000000000002 0.088114200000000018 1.2910000000000001 12.426000000000002 13.500000000000002 56.395000000000003 0.33250000000000007
decision_type=10 2 10 10 10 8 8 10 10 8 2 8 8 10 2 10 2
left_child=1 11 8 5 -5 7 10 -2 14 -10 -7 -1 -9 15 -3 -13 -15
right_child=3 2 -4 4 -6 6 -8 12 9 -11 -12 13 -14 16 -16 -17 -18
leaf_value=-0.0059547864377657066 -0.0088245767213939348 -0.00011732098658389517 0.0064778990575185174 0.0034838551633049933 -0.0085658924111451616 0.0036243559164214913 0.01345250699570533 0.0030638777431905421 0.0069273493574659407 -0.00011441095888433838 0.00091300733111574612 -0.0019842615149272048 -0.0012276626439256247 -0.00036461016662795429 -0.0019807252493370003 0.0011553759490873581 0.0026145283951080713
leaf_weight=22 21 168 21 27 21 199 23 78 27 44 119 536 28 22 125 21 21
leaf_count=22 21 168 21 27 21 199 23 78 27 44 119 536 28 22 125 21 21
internal_value=0 -0.00106657 0.000124759 0.00208164 -0.00175971 0.00247852 0.003349 0.000130584 -0.00023805 0.00254437 0.00261399 -0.00180615 0.00191749 -0.00165177 -0.000916909 -0.00186346 0.00105883
internal_weight=1523 1007 385 516 48 468 341 127 364 71 318 622 106 600 293 557 43
internal_count=1523 1007 385 516 48 468 341 127 364 71 318 622 106 600 293 557 43
is_linear=0
shrinkage=0.0100044


Tree=15
num_leaves=17
num_cat=0
split_feature=0 3 5 4 5 15 23 4 25 4 16 30 45 1 16 31
split_gain=33.1132 8.71006 8.77263 7.71238 16.8425 9.32137 24.5832 19.8084 6.71059 8.19301 5.29081 3.79949 3.76735 3.22687 2.41246 1.84863
threshold=31.535000000000004 0.5335000000000002 118.93500000000002 43.035000000000004 51.405000000000008 1.7500000000000002 939.00000000000011 -14.779999999999999 18.500000000000004 -4.9349999999999987 14.500000000000002 0.088114200000000018 1.2910000000000001 1.5128500000000003 13.500000000000002 0.35000000000000003
decision_type=10 2 10 10 10 8 8 10 10 8 2 8 8 2 2 8
left_child=1 11 8 5 -5 7 10 -2 14 -10 -7 -1 -9 15 -3 -13
right_child=3 2 -4 4 -6 6 -8 12 9 -11 -12 13 -14 -15 -16 -17
leaf_value=-0.0058952122453698914 -0.0087362920283424687 -0.00011614725289250103 0.0064130915725362182 0.0034490011596664504 -0.0084801956191651161 0.0035880963421640057 0.013317922503543371 0.0030332254107418625 0.0068580452031625737 -0.00011326632141813433 0.00090387322774144313 -0.0040502550258972488 -0.001215380647640313 0.0017191471548017934 -0.001960909214932585 -0.0016464558978262968
leaf_weight=22 21 168 21 27 21 199 23 78 27 44 119 35 28 27 125 538
leaf_count=22 21 168 21 27 21 199 23 78 27 44 119 35 28 27 125 538
internal_value=0 -0.00105591 0.00012344 0.00206084 -0.00174182 0.00245375 0.00331558 0.000129064 -0.000235705 0.00251873 0.00258788 -0.00178808 0.00189818 -0.00163523 -0.000907782 -0.00179565
internal_weight=1523 1007 385 516 48 468 341 127 364 71 318 622 106 600 293 573
internal_count=1523 1007 385 516 48 468 341 127 364 71 318 622 106 600 293 573
is_linear=0
shrinkage=0.0100044


Tree=16
num_leaves=16
num_cat=0
split_feature=0 3 2 10 6 25 56 10 31 84 16 30 11 1 50
split_gain=32.4551 8.5365 7.57791 11.2477 5.5868 5.9135 5.57249 7.11438 5.66419 4.31742 4.1847 3.72337 3.36589 1.96052 0.958667
threshold=31.535000000000004 0.5335000000000002 8.6217292364597409 0.39110000000000006 0.85400000000000009 18.500000000000004 3.1000000000000005 13.804800000000002 0.35000000000000003 0.99770000000000014 4.5000000000000009 0.088114200000000018 12.426000000000002 1.4670000000000003 0.33250000000000007
decision_type=10 2 8 2 2 10 2 2 10 10 2 8 10 2 2
left_child=1 11 -2 -4 5 10 8 -8 -5 -7 -3 -1 13 -13 -14
right_child=2 4 3 6 -6 9 7 -9 -10 -11 -12 12 14 -15 -16
leaf_value=-0.0058362339361150957 -0.0032011482326292388 0.0014724154975224071 0.0091673894432979346 0.0041735065727744247 0.0051416080914647722 0.004592947679724498 0.009089259845117055 0.0015308619007702018 0.0010588251961177373 -0.00029991281866237156 -0.0014315928782040672 -0.0019463810607805564 -0.00034755158446852884 0.001130159608208582 0.00259522312540259
leaf_weight=22 26 63 23 71 21 40 24 27 345 32 229 536 22 21 21
leaf_count=22 26 63 23 71 21 40 24 27 345 32 229 536 22 21 21
internal_value=0 -0.00104538 0.00204025 0.00232113 0.000122135 -0.000163731 0.00198105 0.0051143 0.00159367 0.00239954 -0.000800407 -0.00177021 -0.00161887 -0.00182796 0.00105813
internal_weight=1523 1007 516 490 385 364 467 51 416 72 292 622 600 557 43
internal_count=1523 1007 516 490 385 364 467 51 416 72 292 622 600 557 43
is_linear=0
shrinkage=0.0100044


Tree=17
num_leaves=13
num_cat=0
split_feature=0 2 10 6 14 24 30 47 10 21 16 18
split_gain=31.8103 7.4361 10.9556 6.86196 5.46867 9.29953 5.09878 8.8767 5.71515 5.09282 4.83923 4.29957
threshold=31.535000000000004 8.6217292364597409 0.39110000000000006 0.98050000000000004 3.0980000000000003 2.6265000000000005 0.088114200000000018 0.11350000000000002 8.2643500000000021 0.71265000000000012 7.5000000000000009 32.850000000000001
decision_type=10 10 2 2 8 8 8 2 2 8 2 8
left_child=3 -2 -3 6 9 -6 7 -1 11 -4 -10 -8
right_child=1 2 4 -5 5 -7 8 -9 10 -11 -12 -13
leaf_value=-0.0092335686962209864 -0.0027935466762354271 0.0090756752447814018 -0.0031583610676040202 0.0033069727420565872 -0.00035979976419166774 0.0069688946485481169 0.0017931678430818791 -0.00017546386637350673 0.0040513809302314702 0.00177833606157775 -0.00021185729767463822 -0.0015604256912856095
leaf_weight=21 30 23 22 35 26 50 40 23 34 365 121 733
leaf_count=21 30 23 22 35 26 50 40 23 34 365 121 733
internal_value=0 0.00201992 0.00231983 -0.00103491 0.00198131 0.0044439 -0.00119264 -0.00452942 -0.00103297 0.0014942 0.00071457 -0.00138514
internal_weight=1523 516 486 1007 463 76 972 44 928 387 155 773
internal_count=1523 516 486 1007 463 76 972 44 928 387 155 773
is_linear=0
shrinkage=0.0100044


Tree=18
num_leaves=20
num_cat=0
split_feature=0 3 4 29 15 23 4 4 2 8 25 16 45 2 1 16 36 36 11
split_gain=31.1765 8.31039 7.56697 13.95 9.06555 23.7968 19.3913 6.20426 11.9185 13.9121 8.46441 5.18738 3.67897 3.6782 3.36694 3.06416 2.63096 2.59271 2.11257
threshold=31.535000000000004 0.5335000000000002 43.035000000000004 0.28750000000000003 1.7500000000000002 939.00000000000011 -14.779999999999999 -4.0199999999999987 10.074470179207731 3.8930000000000002 18.500000000000004 14.500000000000002 1.2910000000000001 18.531275447950705 1.5128500000000003 14.500000000000002 2004.0000000000002 2250.5000000000005 12.426000000000002
decision_type=10 2 10 2 8 8 10 10 10 10 10 2 8 8 2 2 2 2 10
left_child=1 13 4 -4 6 11 -2 8 10 -10 -3 -6 -8 14 18 17 -17 -9 -1
right_child=2 7 3 -5 5 -7 12 15 9 -11 -12 -13 -14 -15 -16 16 -18 -19 -20
leaf_value=-0.0019064138591250374 -0.0086753065477782783 -0.0014288851654793374 0.0029529820996677496 -0.0079002061258269512 0.0035130659705401479 0.013079949777143005 0.002968670707160748 -0.0012192090841331086 0.0098159335792209913 0.00076272855051747748 0.0054560450018609824 0.00085530776835039798 -0.0012299087189225038 -0.0057808716319137669 0.0019795702871471792 -0.0014271920670172393 -0.0058886964519075467 0.0021498108709302639 0.00053714943457447667
leaf_weight=538 21 119 27 21 199 23 78 86 30 40 21 119 28 22 25 36 22 31 37
leaf_count=538 21 119 27 21 199 23 78 86 30 40 21 119 28 22 25 36 22 31 37
internal_value=0 -0.00102455 0.00199969 -0.00176708 0.00238891 0.00323879 9.62977e-05 0.000127363 0.00128991 0.00466201 -0.000386476 0.00252275 0.00184684 -0.00173973 -0.0015893 -0.00125995 -0.00314283 -0.000314992 -0.00174682
internal_weight=1523 1007 516 48 468 341 127 385 210 70 140 318 106 622 600 175 58 117 575
internal_count=1523 1007 516 48 468 341 127 385 210 70 140 318 106 622 600 175 58 117 575
is_linear=0
shrinkage=0.0100044


Tree=19
num_leaves=17
num_cat=0
split_feature=0 3 5 4 5 15 14 4 73 4 61 11 45 2 1 11
split_gain=30.5561 8.14472 8.47911 7.41595 16.4745 8.88611 23.4287 19.0048 5.29281 4.33353 8.04194 3.72147 3.60622 3.60459 3.30029 2.07098
threshold=31.535000000000004 0.5335000000000002 118.93500000000002 43.035000000000004 51.405000000000008 1.7500000000000002 0.016500000000000004 -14.779999999999999 0.16450000000000004 -4.0199999999999987 11.500000000000002 10.434000000000003 1.2910000000000001 18.531275447950705 1.5128500000000003 12.426000000000002
decision_type=10 2 10 10 10 8 10 10 8 8 10 10 8 8 2 10
left_child=1 13 9 5 -5 7 -7 -2 -8 10 -3 -11 -9 14 15 -1
right_child=3 2 -4 4 -6 6 8 12 -10 11 -12 -13 -14 -15 -16 -17
leaf_value=-0.00188734127875022 -0.0085885150831835431 -0.0011642855374072658 0.0063095819790564842 0.0033841708456827627 -0.0084135383928479659 0.011986335384358868 0.00028577946874764227 0.0029389708575320956 0.0032180797388418878 -0.0016555854246973428 0.0038428616222852072 0.0015038304115746902 -0.001217604055201902 -0.0057230376569609165 0.001959765849602506 0.0005317755609503457
leaf_weight=538 21 66 21 27 21 28 86 78 227 190 62 46 28 22 25 37
leaf_count=538 21 66 21 27 21 28 86 78 227 190 62 46 28 22 25 37
internal_value=0 -0.00101429 0.000126054 0.00197971 -0.00174912 0.00236504 0.00320647 9.51211e-05 0.00241673 -0.000226969 0.00125047 -0.00103403 0.00182824 -0.0017223 -0.00157335 -0.00172932
internal_weight=1523 1007 385 516 48 468 341 127 313 364 128 236 106 622 600 575
internal_count=1523 1007 385 516 48 468 341 127 313 364 128 236 106 622 600 575
is_linear=0
shrinkage=0.0100044


Tree=20
num_leaves=17
num_cat=0
split_feature=0 3 5 4 5 15 14 4 25 4 73 45 2 1 71 11
split_gain=29.9477 7.98265 8.31024 7.26794 16.147 8.71023 22.9612 18.626 6.32257 7.75291 5.18678 3.53492 3.53244 3.23496 2.31985 2.03021
threshold=31.535000000000004 0.5335000000000002 118.93500000000002 43.035000000000004 51.405000000000008 1.7500000000000002 0.016500000000000004 -14.779999999999999 18.500000000000004 -4.9349999999999987 0.16450000000000004 1.2910000000000001 18.531275447950705 1.5128500000000003 3.5000000000000004 12.426000000000002
decision_type=10 2 10 10 10 8 10 10 10 8 8 8 8 2 10 10
left_child=1 12 8 5 -5 7 -7 -2 14 -10 -8 -9 13 15 -3 -1
right_child=3 2 -4 4 -6 6 10 11 9 -11 -12 -13 -14 -15 -16 -17
leaf_value=-0.001868459536196592 -0.0085025917821232103 -0.00062389373456594468 0.0062464581488637927 0.0033503142338387874 -0.0083293658279077788 0.011866419007359658 0.00028292040696413181 0.0029095681485322368 0.0066700215085581669 -0.00011067965294279911 0.0031858847096533729 -0.0012054227174333595 -0.0056657815551987177 0.0019401595718490892 -0.0040925877733120255 0.00052645548592513531
leaf_weight=538 21 272 21 27 21 28 86 78 27 44 227 28 22 25 21 37
leaf_count=538 21 272 21 27 21 28 86 78 27 44 227 28 22 25 21 37
internal_value=0 -0.00100411 0.000124793 0.00195993 -0.00173134 0.00234141 0.00317447 9.39562e-05 -0.000224661 0.00244883 0.00239259 0.00180982 -0.00170505 -0.00155757 -0.000877124 -0.001712
internal_weight=1523 1007 385 516 48 468 341 127 364 71 313 106 622 600 293 575
internal_count=1523 1007 385 516 48 468 341 127 364 71 313 106 622 600 293 575
is_linear=0
shrinkage=0.0100044


Tree=21
num_leaves=21
num_cat=0
split_feature=0 3 4 29 15 23 4 4 50 8 16 42 30 45 11 16 51 53 9 50
split_gain=29.352 7.82344 7.12288 13.6813 8.53785 22.8986 18.2548 6.00383 8.54566 9.46605 5.10899 4.34786 3.54997 3.46503 3.1046 2.99225 2.48836 2.21567 1.82828 0.933795
threshold=31.535000000000004 0.53250000000000008 43.035000000000004 0.28750000000000003 1.7500000000000002 939.00000000000011 -14.779999999999999 -4.0199999999999987 0.94850000000000001 5.8710000000000013 14.500000000000002 30.200000000000006 0.088114200000000018 1.2910000000000001 12.426000000000002 14.500000000000002 0.63120000000000009 4843.5000000000009 56.395000000000003 0.33250000000000007
decision_type=10 2 10 2 8 8 10 10 2 10 2 2 8 8 10 2 8 2 10 2
left_child=1 12 4 -4 6 10 -2 8 11 -10 -6 -3 -1 -8 18 17 -17 -9 -14 -16
right_child=2 7 3 -5 5 -7 13 15 9 -11 -12 -13 14 -15 19 16 -18 -19 -20 -21
leaf_value=-0.0056595088485002221 -0.0084175284559825612 -0.0044816544997553177 0.0029604546513426924 -0.0077878817499326663 0.0034229631459655216 0.01279651018989812 0.0028804596063753776 -0.001156642885292516 0.0086714711606491381 0.0013539056718145802 0.00078566954975606165 0.00048491418459086074 -0.0018571940685016373 -0.0011933631783210981 -0.00035813272420239715 -0.0052585000334345018 -0.0010425419597682329 0.0019210236325126098 0.0011130187376519379 0.0025462809749523924
leaf_weight=22 21 21 27 21 199 23 78 86 27 53 119 109 535 28 22 28 30 32 21 21
leaf_count=22 21 21 27 21 199 23 78 86 27 53 119 109 535 28 22 28 30 32 21 21
internal_value=0 -0.000994068 0.00194035 -0.00171374 0.00231802 0.00314279 9.28029e-05 0.000121143 0.00126658 0.00384051 0.00244031 -0.000306964 -0.00168944 0.00179158 -0.00154137 -0.00123788 -0.00310117 -0.000310548 -0.00174257 0.00102882
internal_weight=1523 1007 516 48 468 341 127 386 210 80 318 130 621 106 599 176 58 118 556 43
internal_count=1523 1007 516 48 468 341 127 386 210 80 318 130 621 106 599 176 58 118 556 43
is_linear=0
shrinkage=0.0100044


Tree=22
num_leaves=13
num_cat=0
split_feature=0 2 10 6 14 4 55 30 47 10 6 12
split_gain=28.7682 7.03982 10.565 6.64405 5.37126 12.5591 8.36037 4.95367 8.55862 5.30394 3.8993 3.53034
threshold=31.535000000000004 8.6217292364597409 0.39110000000000006 0.98050000000000004 3.0980000000000003 43.035000000000004 0.4835000000000001 0.088114200000000018 0.11350000000000002 8.2643500000000021 0.5655 0.19265000000000002
decision_type=10 8 2 2 8 10 2 8 2 2 2 2
left_child=3 -2 -3 7 5 -4 -6 8 -1 11 -11 -9
right_child=1 2 4 -5 6 -7 -8 9 -10 10 -12 -13
leaf_value=-0.009047104736218942 -0.0031305804287706063 0.0088270022444805959 0.0018324439759562121 0.0032883932580783557 0.0095157951998505776 -0.0057771025222362266 0.0021682602502171825 -0.0014695026563801615 -0.00015193064438263204 -0.00036610327673567274 0.0030382496570323927 0.0017658110051317034
leaf_weight=21 26 23 367 35 22 23 55 738 23 106 49 35
leaf_count=21 26 23 367 35 22 23 55 738 23 106 49 35
internal_value=0 0.00192096 0.00219176 -0.000984123 0.00186208 0.0013802 0.00428514 -0.00113936 -0.00442812 -0.00098197 0.000701377 -0.00132126
internal_weight=1523 516 490 1007 467 390 77 972 44 928 155 773
internal_count=1523 516 490 1007 467 390 77 972 44 928 155 773
is_linear=0
shrinkage=0.0100044


Tree=23
num_leaves=15
num_cat=0
split_feature=0 19 17 23 11 6 7 21 30 73 10 33 6 12
split_gain=28.1959 6.99099 12.0282 10.7285 8.05525 6.51208 6.25004 9.67241 4.85567 6.11199 5.19806 4.81481 3.82186 3.46041
threshold=31.535000000000004 0.72250000000000003 1.1706500000000002 95.575000000000003 7.4960000000000013 0.98050000000000004 76.180000000000021 0.77005000000000012 0.088114200000000018 0.20550000000000004 8.2643500000000021 9.4245000000000019 0.5655 0.19265000000000002
decision_type=10 2 10 10 10 2 10 8 8 8 2 10 2 2
left_child=5 3 6 -2 -4 8 7 -3 9 -1 13 -8 -12 -10
right_child=1 2 4 -5 -6 -7 11 -9 10 -11 12 -13 -14 -15
leaf_value=-0.0082931240928791373 0.0036889685241168996 -0.0052837755875230633 0.011183546113870166 -0.0057504054260649239 0.0025972696313047985 0.0032554948796217581 0.008074699724261657 0.0016939436415236448 -0.0014548011352547286 -0.00075618709688180256 -0.00036244059001175457 0.001839311742719982 0.0030078536925058135 0.0017481450428068661
leaf_weight=21 21 21 24 28 21 35 26 350 738 23 106 25 49 35
leaf_count=21 21 21 24 28 21 35 26 350 738 23 106 25 49 35
internal_value=0 0.00190177 0.0022802 -0.00167733 0.0072067 -0.000974278 0.00175166 0.00129533 -0.00112798 -0.00438413 -0.000972132 0.00504468 0.000694273 -0.00130803
internal_weight=1523 516 467 49 45 1007 422 371 972 44 928 51 155 773
internal_count=1523 516 467 49 45 1007 422 371 972 44 928 51 155 773
is_linear=0
shrinkage=0.0100044


Tree=24
num_leaves=16
num_cat=0
split_feature=0 3 5 2 14 15 13 4 25 4 16 2 1 16 11
split_gain=27.6361 7.54785 8.06741 6.87916 10.244 15.2682 19.8319 12.5971 6.19732 7.49509 5.08893 3.4374 3.10553 2.30313 1.93393
threshold=31.535000000000004 0.53250000000000008 118.93500000000002 8.6217292364597409 3.0980000000000003 1.5030000000000003 0.059124500000000003 43.035000000000004 18.500000000000004 -4.9349999999999987 11.500000000000002 18.531275447950705 1.5128500000000003 13.500000000000002 12.426000000000002
decision_type=10 2 10 8 8 8 10 10 10 8 2 8 2 2 10
left_child=1 11 8 -2 7 -6 -7 10 13 -10 -5 12 14 -3 -1
right_child=3 2 -4 4 5 6 -8 -9 9 -11 -12 -13 -14 -15 -16
leaf_value=-0.0018064353298899109 -0.0031106583766877171 -8.6592278498663896e-05 0.006162782663362381 0.0031028503417460697 -0.00037541218750046491 0.015720941345849122 0.003719252791895574 -0.0057218901028250188 0.0065854844765251604 -8.0693546145074526e-05 0.00075887059680106422 -0.0055543224090759142 0.0019249499432206205 -0.00188668192030015 0.0005307607031972022
leaf_weight=537 26 169 21 181 32 22 38 23 27 44 194 22 25 125 37
leaf_count=537 26 169 21 181 32 22 38 23 27 44 194 22 25 125 37
internal_value=0 -0.000964531 0.000130827 0.00188282 0.00215054 0.00516499 0.00814244 0.00145034 -0.000212508 0.00243526 0.00189384 -0.00164756 -0.00150181 -0.000856541 -0.00165342
internal_weight=1523 1007 386 516 490 92 60 398 365 71 375 621 599 294 574
internal_count=1523 1007 386 516 490 92 60 398 365 71 375 621 599 294 574
is_linear=0
shrinkage=0.0100044


Tree=25
num_leaves=17
num_cat=0
split_feature=0 3 5 19 17 23 11 25 4 23 23 50 2 1 71 11
split_gain=27.0859 7.39707 7.90692 6.83708 11.6924 10.4855 7.8326 6.07346 7.34653 4.7013 7.54946 5.65447 3.36861 3.04406 2.25956 1.89587
threshold=31.535000000000004 0.53250000000000008 118.93500000000002 0.72250000000000003 1.1706500000000002 95.575000000000003 7.4960000000000013 18.500000000000004 -4.9349999999999987 171.50000000000003 148.00000000000003 0.96750000000000014 18.531275447950705 1.5128500000000003 3.5000000000000004 12.426000000000002
decision_type=10 2 10 2 10 10 10 10 8 8 10 2 8 2 10 10
left_child=1 12 7 5 9 -2 -6 14 -9 10 -5 -11 13 15 -3 -1
right_child=3 2 -4 4 6 -7 -8 8 -10 11 -12 -13 -14 -15 -16 -17
leaf_value=-0.001788363007809286 0.0036291604636143355 -0.00059893178356008772 0.0061011277063098808 0.0015041045205660263 0.011017249246187568 -0.0057022388571027968 0.0025492171825398945 0.0065196005489036443 -7.9886273417955879e-05 0.0020518125543343706 -0.0041379252868148642 0.0068113662809551195 -0.0054987546794522772 0.0019056920670652256 -0.0040216741895805598 0.0005254507546145346
leaf_weight=537 21 273 21 262 24 28 21 27 44 100 26 34 22 25 21 37
leaf_count=537 21 273 21 262 24 28 21 27 44 100 26 34 22 25 21 37
internal_value=0 -0.000954881 0.000129448 0.00186398 0.00223826 -0.00167544 0.00709559 -0.00021042 0.00241071 0.00171709 0.000990054 0.00326956 -0.00163106 -0.00148674 -0.000848018 -0.00163686
internal_weight=1523 1007 386 516 467 49 45 365 71 422 288 134 621 599 294 574
internal_count=1523 1007 386 516 467 49 45 365 71 422 288 134 621 599 294 574
is_linear=0
shrinkage=0.0100044


Tree=26
num_leaves=16
num_cat=0
split_feature=0 3 5 2 10 25 4 31 4 30 11 3 71 27 40
split_gain=26.5482 7.24929 7.74963 6.72642 10.2072 5.95207 7.20091 5.28342 15.7404 3.3252 2.90166 2.6062 2.21435 1.70643 1.16707
threshold=31.535000000000004 0.53250000000000008 118.93500000000002 8.5900717676794098 0.39110000000000006 18.500000000000004 -4.9349999999999987 0.35000000000000003 43.035000000000004 0.088114200000000018 12.117000000000003 0.57050000000000012 3.5000000000000004 51.260000000000005 0.20100000000000004
decision_type=10 2 10 8 2 10 8 10 10 8 10 2 10 8 10
left_child=1 9 5 -2 -5 12 -7 11 -9 -1 13 -6 -3 -11 -12
right_child=3 2 -4 4 7 6 -8 8 -10 10 14 -13 -14 -15 -16
leaf_value=-0.0054574740315538267 -0.0031952172127821467 -0.00059293980755852234 0.0060400894154810586 0.0086269217646162636 0.0063048404687678535 0.0064543756148846259 -7.9087061887894573e-05 0.0018049089980198964 -0.006894161782417552 -0.00029886798595025825 -0.0005089700597587087 0.0024555540705094216 -0.0039814396745240519 -0.0019087614474663473 0.0025642078730588659
leaf_weight=22 25 273 21 23 34 27 44 372 22 79 27 40 21 471 22
leaf_count=22 25 273 21 23 34 27 44 372 22 79 27 40 21 471 22
internal_value=0 -0.000945328 0.000128082 0.00184541 0.00210482 -0.000208352 0.0023864 0.0017814 0.00131574 -0.00161472 -0.00147132 0.00424244 -0.00083958 -0.00167998 0.000843195
internal_weight=1523 1007 386 516 491 365 71 468 394 621 599 74 294 550 49
internal_count=1523 1007 386 516 491 365 71 468 394 621 599 74 294 550 49
is_linear=0
shrinkage=0.0100044


Tree=27
num_leaves=14
num_cat=0
split_feature=0 19 17 23 11 6 23 14 23 2 10 54 20
split_gain=26.0209 6.70856 11.4434 10.2535 7.68219 6.33416 4.59974 8.59115 7.39219 4.11343 4.63052 5.07701 3.24496
threshold=31.535000000000004 0.72250000000000003 1.1706500000000002 96.89500000000001 7.4960000000000013 0.98050000000000004 171.50000000000003 3.8650000000000007 148.00000000000003 18.185196128696784 2.9056500000000005 28.002744814906151 65.040000000000006
decision_type=10 2 10 10 10 2 8 8 10 10 2 10 8
left_child=5 3 6 -2 -4 9 8 -8 -3 10 12 -12 -1
right_child=1 2 4 -5 -6 -7 7 -9 -10 -11 11 -13 -14
leaf_value=0.00064427904944717377 0.0033519518128676518 0.0014716635506487985 0.010886909796595729 -0.005828452884074335 0.0024999528223461982 0.0032357661187706515 0.0021100636149998468 0.0091134313982404094 -0.0041113534893479449 -0.0051910574948849332 0.00073369324286060857 -0.0020637986906097998 -0.0017364754863552698
leaf_weight=63 22 262 24 27 21 35 113 21 26 24 240 89 556
leaf_count=63 22 262 24 27 21 35 113 21 26 24 240 89 556
internal_value=0 0.00182698 0.00219774 -0.00167901 0.00700308 -0.000935911 0.00168212 0.00321771 0.00096294 -0.00108752 -0.000982203 -1.89602e-05 -0.00149198
internal_weight=1523 516 467 49 45 1007 422 134 288 972 948 329 619
internal_count=1523 516 467 49 45 1007 422 134 288 972 948 329 619
is_linear=0
shrinkage=0.0100044


Tree=28
num_leaves=17
num_cat=0
split_feature=0 3 5 2 14 46 13 4 25 4 29 30 11 16 31 40
split_gain=25.5041 7.05601 7.56749 6.59394 9.73582 14.8278 19.1523 12.0689 5.83058 7.04894 5.07904 3.26133 2.80981 2.27115 1.70748 1.14351
threshold=31.535000000000004 0.5335000000000002 118.93500000000002 8.6217292364597409 3.0980000000000003 2.0970000000000004 0.059124500000000003 43.035000000000004 18.500000000000004 -4.9349999999999987 0.015500000000000002 0.088114200000000018 12.117000000000003 13.500000000000002 0.35000000000000003 0.20100000000000004
decision_type=10 2 10 8 8 8 10 10 10 8 2 8 10 2 8 10
left_child=1 11 8 -2 7 -6 -7 10 13 -10 -5 -1 14 -3 -13 -14
right_child=3 2 -4 4 5 6 -8 -9 9 -11 -12 12 15 -15 -16 -17
leaf_value=-0.0053913593750616259 -0.0030799870720063902 -5.724671486654673e-05 0.0059763025541839983 -0.00012190757321948444 -0.00045002561896774127 0.01539168845645732 0.0035967646952369059 -0.0056319553665026669 0.0063934028609133192 -7.0336050359851718e-05 0.0025151840222769391 -0.0038124060043947267 -0.00050429211856543182 -0.0018468534216545087 -0.0014993744643836033 0.0025374273983648147
leaf_weight=22 26 168 21 98 32 22 38 23 27 44 277 35 27 125 516 22
leaf_count=22 26 168 21 98 32 22 38 23 27 44 277 35 27 125 516 22
internal_value=0 -0.000926534 0.000134669 0.00180878 0.00207095 0.00500971 0.00794413 0.00138823 -0.000198629 0.00236864 0.00182241 -0.00158557 -0.00144376 -0.000825351 -0.00164876 0.000833749
internal_weight=1523 1007 385 516 490 92 60 398 364 71 375 622 600 293 551 49
internal_count=1523 1007 385 516 490 92 60 398 364 71 375 622 600 293 551 49
is_linear=0
shrinkage=0.0100044


Tree=29
num_leaves=18
num_cat=0
split_feature=0 3 5 15 14 14 4 25 4 49 22 30 11 73 16 37 42
split_gain=24.9961 6.9157 7.42145 6.58637 23.8367 17.6881 11.3641 5.71661 6.90924 4.68634 4.17441 3.19373 2.75702 2.4378 2.22151 1.67152 1.12976
threshold=31.535000000000004 0.53250000000000008 118.93500000000002 0.49900000000000005 8.0760000000000023 11.995500000000002 43.035000000000004 18.500000000000004 -4.9349999999999987 1.5000000000000002 1.1042500000000002 0.088114200000000018 12.117000000000003 0.077500000000000013 13.500000000000002 0.34825 890.25000000000011
decision_type=10 2 10 8 8 8 10 10 8 2 2 8 10 10 2 8 2
left_child=1 11 7 5 6 10 9 14 -9 -5 13 -1 15 -2 -3 -13 -14
right_child=3 2 -4 4 -6 -7 -8 8 -10 -11 -12 12 16 -15 -16 -17 -18
leaf_value=-0.0053374216136292769 0.0013744946518846545 -6.057055991323152e-05 0.0059165130767921681 0.0013129913131217866 0.010439406731289015 -0.0081366745216032293 -0.0045629448777966897 0.0063294405027302042 -6.9632383115476423e-05 0.0038446038392937407 -0.0014442049344176977 0.00062918306392846545 0.0025186709385490772 0.0052469953874412535 -0.0018283767269043525 -0.0017671234990606869 -0.0005046484686867511
leaf_weight=22 42 169 21 219 34 23 27 27 44 112 31 30 22 28 125 520 27
leaf_count=22 42 169 21 219 34 23 27 27 44 112 31 30 22 28 125 520 27
internal_value=0 -0.000917305 0.000131054 0.00179063 0.00242662 -0.000208995 0.00166185 -0.000198099 0.00234475 0.0021737 0.00158291 -0.00157112 -0.00143053 0.00294284 -0.000816794 -0.00163395 0.000825132
internal_weight=1523 1007 386 516 392 124 358 365 71 331 101 621 599 70 294 550 49
internal_count=1523 1007 386 516 392 124 358 365 71 331 101 621 599 70 294 550 49
is_linear=0
shrinkage=0.0100044


Tree=30
num_leaves=17
num_cat=0
split_feature=0 3 11 19 17 23 11 7 21 57 30 7 51 14 26 8
split_gain=24.4992 6.86149 13.6755 6.56252 11.0697 9.99184 7.38973 6.03077 9.31273 4.29744 5.73647 4.58618 6.27944 3.57298 3.08224 1.36616
threshold=31.535000000000004 0.90900000000000014 9.6535000000000029 0.72250000000000003 1.1706500000000002 95.575000000000003 7.4960000000000013 76.180000000000021 0.77005000000000012 1.0000000180025095e-35 0.16892100000000002 37.845000000000006 0.32385000000000003 0.72650000000000003 2964.7900000000004 26.842500000000005
decision_type=10 2 8 2 10 10 10 10 8 2 8 8 8 8 10 8
left_child=1 9 -3 5 7 -2 -6 8 -5 10 -1 15 -13 -9 -12 -11
right_child=3 2 -4 4 6 -7 -8 13 -10 11 14 12 -14 -15 -16 -17
leaf_value=-0.0066707379886602157 0.0034819235609458662 -0.0017163700071891423 0.0088559962202149137 -0.0052720998723467822 0.010675223869334449 -0.0056259538878805342 0.0024475717625178756 0.0016173997000907638 0.0015752827268174293 -0.00059668799080165029 -0.0017166753826298607 0.0040739930663052822 -0.00021021551788755172 0.0070958567945543314 0.00057224616413252018 -0.0029650719905526144
leaf_weight=22 21 29 21 21 24 28 21 21 350 42 488 40 235 30 66 64
leaf_count=22 21 29 21 21 24 28 21 21 350 42 488 40 235 30 66 64
internal_value=0 -0.000908141 0.00269695 0.00177274 0.00213949 -0.00169495 0.00686574 0.0016323 0.00118405 -0.00109791 -0.00164362 -0.000269344 0.000408019 0.00486657 -0.00144154 -0.00203943
internal_weight=1523 1007 50 516 467 49 45 422 371 957 576 381 275 51 554 106
internal_count=1523 1007 50 516 467 49 45 422 371 957 576 381 275 51 554 106
is_linear=0
shrinkage=0.0100044


Tree=31
num_leaves=18
num_cat=0
split_feature=0 3 11 15 8 4 4 45 57 2 16 29 26 1 8 32 2
split_gain=24.0133 6.72426 13.4039 6.43286 23.075 15.6784 8.93232 5.47387 4.21137 4.41041 4.29387 4.06822 3.64626 3.64822 3.24578 3.01272 1.55699
threshold=31.535000000000004 0.90900000000000014 9.6535000000000029 0.49900000000000005 0.10450000000000001 81.77000000000001 43.035000000000004 1.0000000180025095e-35 1.0000000180025095e-35 8.6573307960365735 13.500000000000002 0.015500000000000002 2964.7900000000004 0.97380000000000011 42.638500000000008 0.42650000000000005 8.3947586663445009
decision_type=10 2 8 8 10 8 10 8 2 10 2 2 10 2 10 10 8
left_child=1 8 -3 5 -5 7 11 15 12 16 -11 -6 14 -14 -1 -2 -10
right_child=3 2 -4 4 6 -7 -8 -9 9 10 -12 -13 13 -15 -16 -17 -18
leaf_value=-0.0017468804874688079 0.00023830819932765855 -0.0016991987029319727 0.0087673971073854301 0.012116050621686645 0.00017172022579123341 -0.0078903283091459678 -0.0035383209425143549 -0.0031024934016780094 -0.0012352213188747282 0.0017120889919632039 -0.00095797373980753 0.0028178992220649775 -0.0011959488710686036 0.003580598158729075 -0.0057071131704536145 0.0042106727335531084 -0.0042390781363740755
leaf_weight=485 33 29 21 23 76 22 29 21 116 137 107 264 44 25 22 48 21
leaf_count=485 33 29 21 23 76 22 29 21 116 137 107 264 44 25 22 48 21
internal_value=0 -0.000899083 0.0026697 0.00175509 0.00238364 -0.000221043 0.00177335 0.00141984 -0.00108695 -0.000266685 0.000535652 0.00223038 -0.00162718 0.000515064 -0.0019214 0.00260902 -0.00170555
internal_weight=1523 1007 50 516 392 124 369 102 957 381 244 340 576 69 507 81 137
internal_count=1523 1007 50 516 392 124 369 102 957 381 244 340 576 69 507 81 137
is_linear=0
shrinkage=0.0100044


Tree=32
num_leaves=17
num_cat=0
split_feature=0 3 11 19 17 23 11 7 21 33 57 30 7 51 26 7
split_gain=23.5365 6.58983 13.1378 6.42305 10.7967 9.74114 7.17195 5.88099 9.11945 4.5722 4.12716 5.62209 4.43826 6.15585 2.95643 1.1594
threshold=31.535000000000004 0.90900000000000014 9.6535000000000029 0.72250000000000003 1.1706500000000002 95.575000000000003 7.4960000000000013 76.180000000000021 0.77005000000000012 9.4245000000000019 1.0000000180025095e-35 0.16892100000000002 37.845000000000006 0.32385000000000003 2964.7900000000004 22.635000000000002
decision_type=10 2 8 2 10 10 10 10 8 10 2 8 8 8 10 10
left_child=1 10 -3 5 7 -2 -6 8 -5 -9 11 -1 15 -14 -13 -12
right_child=3 2 -4 4 6 -7 -8 9 -10 -11 12 14 13 -15 -16 -17
leaf_value=-0.0065876474507579278 0.0034178272222783329 -0.0016821992265713165 0.0086796842505985281 -0.0052320169067816124 0.010521266328395638 -0.0055745500132383836 0.0024142015212390519 0.0077453696537170928 0.0015439628162894875 0.0016690680316420363 -0.0013979452471705575 -0.0016803195556855085 0.0040319800628495555 -0.00020983560526011979 0.00056110904566607862 -0.0039193841506753781
leaf_weight=22 21 29 21 21 24 28 21 26 350 25 81 488 40 235 66 25
leaf_count=22 21 29 21 21 24 28 21 26 350 25 81 488 40 235 66 25
internal_value=0 -0.000890128 0.00264272 0.00173755 0.00210041 -0.00169305 0.00676805 0.00159947 0.00115677 0.00479334 -0.00107612 -0.00161092 -0.000264053 0.000402233 -0.00141085 -0.0020054
internal_weight=1523 1007 50 516 467 49 45 422 371 51 957 576 381 275 554 106
internal_count=1523 1007 50 516 467 49 45 422 371 51 957 576 381 275 554 106
is_linear=0
shrinkage=0.0100044


Tree=33
num_leaves=13
num_cat=0
split_feature=0 2 10 6 31 4 30 47 10 16 48 18
split_gain=23.0697 6.31076 9.70896 6.12353 5.13337 14.6282 4.55482 7.96123 4.59978 4.64581 4.37072 3.85552
threshold=31.535000000000004 8.6217292364597409 0.39110000000000006 0.98050000000000004 0.35000000000000003 43.035000000000004 0.088114200000000018 0.11350000000000002 8.2643500000000021 7.5000000000000009 -0.73499999999999988 32.850000000000001
decision_type=10 8 2 2 10 10 8 2 2 2 2 8
left_child=3 -2 -3 6 10 -6 7 -1 11 -10 -4 -8
right_child=1 2 4 -5 5 -7 8 -9 9 -11 -12 -13
leaf_value=-0.0086379576655417831 -0.0030624454179545976 0.0083370971270134604 0.0078520992355502195 0.0032206717741880605 0.0016735471624570711 -0.006713358461373233 0.0018146951776120679 -5.7925825344171084e-05 0.0039576234493730244 -0.00021951749931446447 0.002465905610204214 -0.0013615257548698892
leaf_weight=21 26 23 22 35 371 22 40 23 34 121 52 733
leaf_count=21 26 23 22 35 371 22 40 23 34 121 52 733
internal_value=0 0.00172025 0.00197679 -0.00088125 0.00166064 0.00120061 -0.00103035 -0.00418371 -0.000879374 0.000688024 0.0040855 -0.00119542
internal_weight=1523 516 490 1007 467 393 972 44 928 155 74 773
internal_count=1523 516 490 1007 467 393 972 44 928 155 74 773
is_linear=0
shrinkage=0.0100044


Tree=34
num_leaves=17
num_cat=0
split_feature=0 3 5 19 17 33 11 7 20 25 33 84 2 1 21 58
split_gain=22.6109 6.4193 7.0886 6.30022 10.565 8.29244 7.03589 5.76806 9.01777 5.51078 4.4821 4.45688 3.20261 2.90992 2.24882 1.73346
threshold=31.535000000000004 0.53250000000000008 118.93500000000002 0.72250000000000003 1.1706500000000002 6.932500000000001 7.4960000000000013 76.180000000000021 39.155000000000008 18.500000000000004 8.5000000000000018 0.04880000000000001 18.531275447950705 1.5128500000000003 0.77080000000000015 12.650000000000002
decision_type=10 2 10 2 10 10 10 10 8 10 10 10 8 2 8 8
left_child=1 12 9 5 7 -2 -6 8 -5 14 -9 -11 13 15 -3 -1
right_child=3 2 -4 4 6 -7 -8 10 -10 11 -12 -13 -14 -15 -16 -17
leaf_value=0.00080256916891324498 -0.0054268698781660364 -0.0039567280775981446 0.0057916842740419966 -0.0047886658115761172 0.010397204854424573 0.0028244687676910419 0.0023668104513027682 0.0081566212898444602 0.0015415820678148621 0.0051605569555410995 0.0020836251257273296 7.146453915451535e-05 -0.0052727529369980559 0.0019560968627184623 -0.00054319805332805817 -0.0016384267783359102
leaf_weight=30 27 21 21 24 24 22 21 22 347 31 29 40 22 25 273 544
leaf_count=30 27 21 21 24 24 22 21 22 347 31 29 40 22 25 273 544
internal_value=0 -0.000872434 0.000137505 0.00170307 0.00206246 -0.00169456 0.00667977 0.00156689 0.00112843 -0.000184095 0.00472989 0.00231253 -0.00150237 -0.00136163 -0.000791626 -0.00150849
internal_weight=1523 1007 386 516 467 49 45 422 371 365 51 71 621 599 294 574
internal_count=1523 1007 386 516 467 49 45 422 371 365 51 71 621 599 294 574
is_linear=0
shrinkage=0.0100044


Tree=35
num_leaves=17
num_cat=0
split_feature=0 3 11 19 17 4 11 7 20 33 57 30 7 51 26 8
split_gain=22.1617 6.35315 12.8537 6.17463 10.3552 8.6242 6.89402 5.65377 8.83854 4.3916 3.97263 5.38988 4.31797 5.97824 2.86748 1.33684
threshold=31.535000000000004 0.90900000000000014 9.6535000000000029 0.72250000000000003 1.1706500000000002 3.6150000000000007 7.4960000000000013 76.180000000000021 39.155000000000008 8.5000000000000018 1.0000000180025095e-35 0.16892100000000002 37.845000000000006 0.32385000000000003 2964.7900000000004 26.842500000000005
decision_type=10 2 8 2 10 8 10 10 8 10 2 8 8 8 10 8
left_child=1 10 -3 5 7 -2 -6 8 -5 -9 11 -1 15 -14 -13 -12
right_child=3 2 -4 4 6 -7 -8 9 -10 -11 12 14 13 -15 -16 -17
leaf_value=-0.0064441437816833589 0.0025673518207377241 -0.0016724342228909904 0.0085765855333741307 -0.0047407581010311369 0.010293186879053074 -0.0058063749576991322 0.002343131980385453 0.0080750190333939865 0.0015261594394650154 0.0020627795994479642 -0.00054030285252791056 -0.001640462917520356 0.0039845497866591514 -0.00019546578487321059 0.00056691695336283203 -0.0028824803728021205
leaf_weight=22 24 29 21 24 24 25 21 22 347 29 42 488 40 235 66 64
leaf_count=22 24 29 21 24 24 25 21 22 347 29 42 488 40 235 66 64
internal_value=0 -0.000863679 0.00260508 0.00168611 0.00204191 -0.00167733 0.00661325 0.00155124 0.0011171 0.00468284 -0.00104632 -0.00157101 -0.000249548 0.000407614 -0.00137505 -0.00196722
internal_weight=1523 1007 50 516 467 49 45 422 371 51 957 576 381 275 554 106
internal_count=1523 1007 50 516 467 49 45 422 371 51 957 576 381 275 554 106
is_linear=0
shrinkage=0.0100044


Tree=36
num_leaves=17
num_cat=0
split_feature=0 15 14 14 4 3 11 45 49 57 30 7 51 26 32 8
split_gain=21.7223 6.23439 22.4513 16.8535 10.6195 6.22607 12.5985 5.77443 4.56073 3.89305 5.2822 4.23236 5.85933 2.81076 2.6927 1.3097
threshold=31.535000000000004 0.49900000000000005 8.0760000000000023 11.995500000000002 43.035000000000004 0.90900000000000014 9.6535000000000029 1.0000000180025095e-35 1.5000000000000002 1.0000000180025095e-35 0.16892100000000002 37.845000000000006 0.32385000000000003 2964.7900000000004 0.42650000000000005 26.842500000000005
decision_type=10 8 8 8 10 2 8 8 2 2 8 8 8 10 10 8
left_child=5 3 4 7 8 9 -7 14 -3 10 -1 15 -13 -12 -2 -11
right_child=1 2 -4 -5 -6 6 -8 -9 -10 11 13 12 -14 -15 -16 -17
leaf_value=-0.0063796735594067351 0.00047045383346654775 0.0011918286063156099 0.010064548287140589 -0.0080143387319918467 -0.0044714558564535861 -0.0016557025064481412 0.0084907818100031975 -0.0031667955067986816 0.0036887347822872935 -0.0005348974391517383 -0.0016240510389905682 0.0039446866518991174 -0.00019351024203473916 0.00056124524194960102 0.0042490850236816839 -0.0028536428236626827
leaf_weight=22 33 219 34 23 27 29 21 21 112 42 488 40 235 66 47 64
leaf_count=22 33 219 34 23 27 29 21 21 112 42 488 40 235 66 47 64
internal_value=0 0.00166932 0.00228818 -0.000276183 0.00154586 -0.000855065 0.00257874 0.00147257 0.00204079 -0.00103588 -0.00155529 -0.000247087 0.000403486 -0.00136127 0.00270732 -0.00194767
internal_weight=1523 516 392 124 358 1007 50 101 331 957 576 381 275 554 80 106
internal_count=1523 516 392 124 358 1007 50 101 331 957 576 381 275 554 80 106
is_linear=0
shrinkage=0.0100044


Tree=37
num_leaves=16
num_cat=0
split_feature=0 15 14 14 5 33 3 69 58 22 2 10 54 7 31
split_gain=21.2907 6.11036 22.0037 16.518 6.79294 8.1794 6.10152 11.7989 5.82003 4.07595 3.86165 3.61625 4.59761 2.80325 1.66776
threshold=31.535000000000004 0.49900000000000005 8.0760000000000023 11.995500000000002 51.405000000000008 11.470000000000002 0.90900000000000014 -1.0000000180025095e-35 4.1000000000000005 1.1042500000000002 18.185196128696784 2.9056500000000005 28.002744814906151 47.115000000000009 0.55000000000000016
decision_type=10 8 8 8 10 8 2 10 10 2 10 2 10 10 10
left_child=6 3 4 9 8 -6 10 -8 -3 14 11 13 -13 -1 -2
right_child=1 2 -4 -5 5 -7 7 -9 -10 -11 -12 12 -14 -15 -16
leaf_value=-0.0016256279656662442 0.0051945037730730444 0.0019162219781982805 0.0099638584089326923 -0.0079341597745528451 0.0023327587242533729 -0.0025414766015316214 0.0082739826478226176 -0.0015436578002668124 0.0064451751314779267 -0.0015340952409752793 -0.0050884318658527038 0.00065422913357123208 -0.0020120536978014041 0.00048845034453720798 0.0017492589839701955
leaf_weight=538 21 186 34 23 66 72 21 29 34 31 23 237 89 70 49
leaf_count=538 21 186 34 23 66 72 21 29 34 31 23 237 89 70 49
internal_value=0 0.00165264 0.00226533 -0.000273311 0.0015304 -0.00020051 -0.000846537 0.00255268 0.0026223 0.00145783 -0.00102555 -0.00092405 -6.95297e-05 -0.00138 0.00280217
internal_weight=1523 516 392 124 358 138 1007 50 220 101 957 934 326 608 70
internal_count=1523 516 392 124 358 138 1007 50 220 101 957 934 326 608 70
is_linear=0
shrinkage=0.0100044


Tree=38
num_leaves=15
num_cat=0
split_feature=0 2 10 3 5 25 4 31 4 48 2 1 71 58
split_gain=20.8677 6.07846 9.41138 6.0171 6.79987 5.3264 6.66107 5.03618 14.0063 4.2703 3.07941 2.84172 2.19321 1.69592
threshold=31.535000000000004 8.6217292364597409 0.39110000000000006 0.53250000000000008 118.93500000000002 18.500000000000004 -4.9349999999999987 0.35000000000000003 43.035000000000004 -0.73499999999999988 18.531275447950705 1.5128500000000003 3.5000000000000004 12.650000000000002
decision_type=10 8 2 2 10 10 8 10 10 2 8 2 10 8
left_child=3 -2 -3 10 5 12 -7 9 -9 -4 11 13 -5 -1
right_child=1 2 7 4 -6 6 -8 8 -10 -11 -12 -13 -14 -15
leaf_value=0.0008311779946933456 -0.0030578536628894605 0.008149776699387476 0.0077008383850958213 -0.00052722488097825732 0.0056774447308638506 0.0061918553137751461 -9.1003082911169706e-05 0.0015839406538341581 -0.0066229695874240281 0.0023771067672866087 -0.0051451306637508767 0.0019689871613138392 -0.0038983022019958187 -0.001583653426234537
leaf_weight=30 26 23 22 273 21 27 44 371 22 52 22 25 21 544
leaf_count=30 26 23 22 273 21 27 44 371 22 52 22 25 21 544
internal_value=0 0.00163616 0.00188799 -0.000838068 0.000139632 -0.000175273 0.00227919 0.0015767 0.00112108 0.00397813 -0.00144797 -0.00130992 -0.000772621 -0.00145508
internal_weight=1523 516 490 1007 386 365 71 467 393 74 621 599 294 574
internal_count=1523 516 490 1007 386 365 71 467 393 74 621 599 294 574
is_linear=0
shrinkage=0.0100044


Tree=39
num_leaves=15
num_cat=0
split_feature=0 15 8 8 4 3 11 45 29 38 20 43 38 32
split_gain=20.4527 5.99441 21.3152 14.7824 8.1743 5.93447 12.1059 5.36155 4.01696 3.7531 3.96132 5.36364 4.03638 3.33154
threshold=31.535000000000004 0.49900000000000005 0.10450000000000001 10.156000000000001 43.035000000000004 0.90900000000000014 9.6535000000000029 0.89650000000000019 0.015500000000000002 308.01800000000009 65.040000000000006 1.1625000000000003 30.329000000000004 0.42650000000000005
decision_type=10 8 10 10 10 2 8 8 2 2 8 2 2 10
left_child=5 3 -3 -2 8 9 -7 13 -4 10 11 -1 -12 -5
right_child=1 2 4 7 -6 6 -8 -9 -10 -11 12 -13 -14 -15
leaf_value=-0.00039720106024870053 -0.0079466325830722852 0.011580638253826131 3.2511964172681278e-05 4.9036844491306931e-05 -0.0034410043047142925 -0.0016274849004311075 0.0083181505828889106 -0.0032222003519280923 0.0026608766514054369 -0.0052026875498708174 -0.0012896820271163561 0.0044173439973818167 0.003137182689648885 0.0041658262551109637
leaf_weight=100 21 23 76 35 29 29 21 21 264 21 785 30 21 47
leaf_count=100 21 23 76 35 29 29 21 21 264 21 785 30 21 47
internal_value=0 0.00161982 0.00222669 -0.000287755 0.00163998 -0.000829684 0.00252261 0.00126062 0.00207734 -0.00100624 -0.000910647 0.000703434 -0.00117266 0.00242517
internal_weight=1523 516 392 124 369 1007 50 103 340 957 936 130 806 82
internal_count=1523 516 392 124 369 1007 50 103 340 957 936 130 806 82
is_linear=0
shrinkage=0.0100044


Tree=40
num_leaves=15
num_cat=0
split_feature=0 19 17 23 11 6 7 21 30 47 10 3 33 18
split_gain=20.046 6.03224 10.0158 9.3889 6.5592 5.8755 5.46268 8.66874 4.42662 7.54213 4.26006 6.92548 4.22263 3.62223
threshold=31.535000000000004 0.72250000000000003 1.1706500000000002 96.89500000000001 7.4960000000000013 0.98050000000000004 76.180000000000021 0.77005000000000012 0.088114200000000018 0.11350000000000002 8.2643500000000021 0.5655 9.4245000000000019 32.850000000000001
decision_type=10 2 10 10 10 2 10 8 8 2 2 2 10 8
left_child=5 3 6 -2 -4 8 7 -3 9 -1 13 -12 -8 -10
right_child=1 2 4 -5 -6 -7 12 -9 10 -11 11 -13 -14 -15
leaf_value=-0.0084112584732695516 0.0030905980108838732 -0.0051833179674171462 0.010040887493039122 -0.0056918588490326031 0.0022838275639454298 0.0031968044123677568 0.0073877576326404851 0.001423647852095691 0.0017947447139586097 -5.8469161019715003e-05 -0.0007374029049486276 0.0038045457144022569 0.0015461236697193754 -0.0012838851589197012
leaf_weight=21 22 21 24 27 21 35 26 350 40 23 106 49 25 733
leaf_count=21 22 21 24 27 21 35 26 350 40 23 106 49 25 733
internal_value=0 0.00160364 0.00195539 -0.00172109 0.00645101 -0.000821383 0.00147279 0.00104602 -0.000967464 -0.0040758 -0.000818627 0.000689705 0.00455076 -0.00112283
internal_weight=1523 516 467 49 45 1007 422 371 972 44 928 155 51 773
internal_count=1523 516 467 49 45 1007 422 371 972 44 928 155 51 773
is_linear=0
shrinkage=0.0100044


Tree=41
num_leaves=15
num_cat=0
split_feature=0 19 17 23 11 6 7 20 30 47 10 3 33 18
split_gain=19.6482 5.91197 9.81698 9.20244 6.42688 5.75879 5.35447 8.57487 4.33911 7.39088 4.17498 6.78778 4.13734 3.55041
threshold=31.535000000000004 0.72250000000000003 1.1706500000000002 96.89500000000001 7.4960000000000013 0.98050000000000004 76.180000000000021 39.155000000000008 0.088114200000000018 0.11350000000000002 8.2643500000000021 0.5655 9.4245000000000019 32.850000000000001
decision_type=10 2 10 10 10 2 10 8 8 2 2 2 10 8
left_child=5 3 6 -2 -4 8 7 -3 9 -1 13 -12 -8 -10
right_child=1 2 4 -5 -6 -7 12 -9 10 -11 11 -13 -14 -15
leaf_value=-0.0083271087338266814 0.0030596783423402505 -0.0047346928576360017 0.0099404341704099116 -0.0056349152671435554 0.0022609792488961092 0.0031648223505508243 0.0073138473360955542 0.0014385121136239591 0.0017767892621730291 -5.7884172763439775e-05 -0.00073002564571422019 0.0037664834158836575 0.0015306556178337478 -0.0012710406293052839
leaf_weight=21 22 24 24 27 21 35 26 347 40 23 106 49 25 733
leaf_count=21 22 24 24 27 21 35 26 347 40 23 106 49 25 733
internal_value=0 0.00158767 0.00193591 -0.00170359 0.00638677 -0.000813166 0.00145808 0.00103552 -0.000957799 -0.00403533 -0.000810423 0.000682717 0.00450549 -0.00111157
internal_weight=1523 516 467 49 45 1007 422 371 972 44 928 155 51 773
internal_count=1523 516 467 49 45 1007 422 371 972 44 928 155 51 773
is_linear=0
shrinkage=0.0100044


Tree=42
num_leaves=14
num_cat=0
split_feature=1 35 4 29 23 3 26 4 20 43 25 38 39
split_gain=17.4715 10.0803 7.04596 7.08673 8.93628 6.33183 10.9743 5.09659 3.20748 6.3703 5.07808 2.79059 1.72067
threshold=1.1043000000000001 0.097894500000000009 62.985000000000007 0.015500000000000002 939.00000000000011 0.90900000000000014 -31042.299999999999 -13.034999999999998 65.040000000000006 1.1625000000000003 16.500000000000004 85.957000000000008 0.49150000000000005
decision_type=2 8 10 2 8 2 10 10 8 2 10 2 2
left_child=5 -2 3 7 -5 8 -7 -3 9 10 -1 12 -10
right_child=1 2 -4 4 -6 6 -8 -9 11 -11 -12 -13 -14
leaf_value=-0.0027311159601445829 -0.0049973228421364979 -0.0039719610366745614 -0.0035654028605490839 0.0020661376440269767 0.007377742749630249 0.0081083517521105489 -0.0015026084678323407 0.00084952507195998751 -0.0011301370082332609 0.0049520192548513468 0.0018202188792602377 0.0022763544183463796 -0.0022928321808823966
leaf_weight=55 24 27 25 366 35 21 27 117 567 25 44 21 169
leaf_count=55 24 27 25 366 35 21 27 117 567 25 44 21 169
internal_value=0 0.00134033 0.00160955 0.00184942 0.00253312 -0.00085655 0.00267398 -4.51021e-05 -0.00105044 0.000432893 -0.000694626 -0.00129521 -0.00139895
internal_weight=1523 594 570 545 401 929 48 144 881 124 99 757 736
internal_count=1523 594 570 545 401 929 48 144 881 124 99 757 736
is_linear=0
shrinkage=0.0100044


Tree=43
num_leaves=15
num_cat=0
split_feature=0 2 10 3 5 31 4 48 4 61 11 2 1 11
split_gain=18.9086 5.8449 9.07963 5.63378 6.49617 5.01825 13.789 4.11816 3.78144 6.67191 3.52098 2.97167 2.74807 1.63607
threshold=31.535000000000004 8.6217292364597409 0.39110000000000006 0.53250000000000008 118.93500000000002 0.35000000000000003 43.035000000000004 -0.68499999999999994 -4.0199999999999987 11.500000000000002 10.434000000000003 18.531275447950705 1.5128500000000003 12.426000000000002
decision_type=10 10 2 2 10 10 10 2 8 10 10 8 2 10
left_child=3 -2 -3 11 8 7 -7 -4 9 -5 -10 12 13 -1
right_child=1 2 5 4 -6 6 -8 -9 10 -11 -12 -13 -14 -15
leaf_value=-0.0015359554740398019 -0.0027099710416672381 0.0079728783640256075 0.0075841048933556225 -0.00097600986660436987 0.005560927727886222 0.0015142507271240343 -0.0068107109841897924 0.0023231781288491843 -0.0015130831920991746 0.0035830096113295515 0.0015592800572805964 -0.0050195809736373791 0.0019723988747010306 0.00061379999157497322
leaf_weight=537 30 23 22 66 21 370 21 50 191 62 46 22 25 37
leaf_count=537 30 23 22 66 21 370 21 50 191 62 46 22 25 37
internal_value=0 0.00155753 0.00182375 -0.000797689 0.000148283 0.00151536 0.00106367 0.00394949 -0.00015942 0.00122169 -0.000911047 -0.00138787 -0.00125222 -0.00139502
internal_weight=1523 516 486 1007 386 463 391 72 365 128 237 621 599 574
internal_count=1523 516 486 1007 386 463 391 72 365 128 237 621 599 574
is_linear=0
shrinkage=0.0100044


Tree=44
num_leaves=15
num_cat=0
split_feature=0 15 14 14 4 6 45 30 47 17 10 3 18 32
split_gain=18.5322 5.81135 20.7282 15.7847 9.71074 5.5963 5.52176 4.28224 7.19454 4.24829 3.99362 6.58872 3.42943 2.541
threshold=31.535000000000004 0.49900000000000005 8.0760000000000023 11.995500000000002 43.035000000000004 0.98050000000000004 1.0000000180025095e-35 0.088114200000000018 0.11350000000000002 0.51145000000000007 8.2643500000000021 0.5655 32.850000000000001 0.42650000000000005
decision_type=10 8 8 8 10 2 8 8 2 10 2 2 8 10
left_child=5 3 4 6 9 7 13 8 -1 -3 12 -12 -9 -2
right_child=1 2 -4 -5 -6 -7 -8 10 -10 -11 11 -13 -14 -15
leaf_value=-0.0082239037139103036 0.00038996835757196794 0.0012996758258057451 0.0096115863259023746 -0.0078249536083816566 -0.0043276649454585979 0.0031317681408386962 -0.0031814107536360168 0.0017581903191705545 -6.4333865451984934e-05 0.0040775032679189697 -0.00071731518932428167 0.0037126625191999094 -0.0012371797998559225 0.0040607744966664836
leaf_weight=21 33 260 34 23 27 35 21 40 23 71 106 49 733 47
leaf_count=21 33 260 34 23 27 35 21 40 23 71 106 49 733 47
internal_value=0 0.00154198 0.00213959 -0.000336326 0.00142618 -0.000789682 0.0013556 -0.000932279 -0.00398944 0.00189961 -0.000785869 0.000674395 -0.00108043 0.00256349
internal_weight=1523 516 392 124 358 1007 101 972 44 331 928 155 773 80
internal_count=1523 516 392 124 358 1007 101 972 44 331 928 155 773 80
is_linear=0
shrinkage=0.0100044


Tree=45
num_leaves=14
num_cat=0
split_feature=0 19 7 21 23 17 36 6 30 47 10 16 18
split_gain=18.1636 5.8069 9.51924 11.2926 8.96363 6.48768 6.45027 5.48513 4.1976 7.05024 3.91385 4.50425 3.36144
threshold=31.535000000000004 0.72250000000000003 76.180000000000021 0.7651 95.575000000000003 0.86810000000000009 2250.5000000000005 0.98050000000000004 0.088114200000000018 0.11350000000000002 8.2643500000000021 7.5000000000000009 32.850000000000001
decision_type=10 2 10 8 10 10 2 2 8 2 2 2 8
left_child=7 4 3 -3 -2 -5 -4 8 9 -1 12 -12 -10
right_child=1 2 6 5 -6 -7 -8 -9 10 -11 11 -13 -14
leaf_value=-0.008141628099958222 0.0031646658961737451 -0.0058347008773823334 0.0082701752776688942 0.0012757609726725258 -0.0054590398212515873 0.0058711004654384185 0.0018585485437697385 0.0031004365707583163 0.0017406007224669395 -6.3690237880731885e-05 0.0038870891129226264 -0.00022591152422539595 -0.0012248025322735181
leaf_weight=21 21 21 36 347 28 34 29 35 40 23 34 121 733
leaf_count=21 21 21 36 347 28 34 29 35 40 23 34 121 733
internal_value=0 0.00152658 0.00187176 0.00129298 -0.00173554 0.0016894 0.00543043 -0.000781782 -0.000922966 -0.00394984 -0.000777992 0.000667561 -0.0010696
internal_weight=1523 516 467 402 49 381 65 1007 972 44 928 155 773
internal_count=1523 516 467 402 49 381 65 1007 972 44 928 155 773
is_linear=0
shrinkage=0.0100044


Tree=46
num_leaves=14
num_cat=0
split_feature=0 15 14 14 4 3 11 45 16 38 38 20 32
split_gain=17.8028 5.71026 20.2361 15.4331 9.49714 5.46217 11.6887 5.40548 4.30694 3.58556 3.65386 3.60458 2.49229
threshold=31.535000000000004 0.49900000000000005 8.0760000000000023 11.995500000000002 43.035000000000004 0.90900000000000014 9.6535000000000029 1.0000000180025095e-35 14.500000000000002 308.01800000000009 19.138000000000002 65.040000000000006 0.42650000000000005
decision_type=10 8 8 8 10 2 8 8 2 2 2 8 10
left_child=5 3 4 7 8 9 -7 12 -3 10 11 -1 -2
right_child=1 2 -4 -5 -6 6 -8 -9 -10 -11 -12 -13 -14
leaf_value=0.00061268985094086392 0.00036476818769327625 0.0027229833417731033 0.0094865684940256302 -0.0077552793985847367 -0.0042912965189018434 -0.0016354175590023567 0.008137258012957848 -0.0031666048934533919 0.00033089029197244272 -0.0050447998923250793 0.002572836543787929 -0.0012166307042901724 0.004000279762098346
leaf_weight=124 33 212 34 23 27 29 21 21 119 21 30 782 47
leaf_count=124 33 212 34 23 27 29 21 21 119 21 30 782 47
internal_value=0 0.00151136 0.00210378 -0.000350531 0.00139884 -0.000773961 0.00244203 0.0013223 0.00186708 -0.0009434 -0.000849935 -0.000964766 0.00251755
internal_weight=1523 516 392 124 358 1007 50 101 331 957 936 906 80
internal_count=1523 516 392 124 358 1007 50 101 331 957 936 906 80
is_linear=0
shrinkage=0.0100044


Tree=47
num_leaves=14
num_cat=0
split_feature=0 19 7 21 23 33 17 6 30 47 10 3 18
split_gain=17.4486 5.66497 9.29515 11.0465 8.75571 7.13899 6.34589 5.35876 4.11452 6.8977 3.81894 6.43944 3.25578
threshold=31.535000000000004 0.72250000000000003 76.180000000000021 0.7651 96.89500000000001 6.932500000000001 0.86810000000000009 0.98050000000000004 0.088114200000000018 0.11350000000000002 8.2643500000000021 0.5655 32.850000000000001
decision_type=10 2 10 8 10 10 10 2 8 2 2 2 8
left_child=7 4 3 -3 -2 -4 -5 8 9 -1 12 -12 -10
right_child=1 2 5 6 -6 -7 -8 -9 10 -11 11 -13 -14
leaf_value=-0.008048695592052629 0.0029191199921487603 -0.0057842873247984511 0.008950212930733413 0.0012482349551932138 -0.0055604232151591987 0.0022324384364134841 0.0057931280521548298 0.0030709916697635262 0.0017152022153156684 -5.8042698872193926e-05 -0.00071007051656732324 0.003669371046965571 -0.0012030482787075973
leaf_weight=21 22 21 30 347 27 35 34 35 40 23 106 49 733
leaf_count=21 22 21 30 347 27 35 34 35 40 23 106 49 733
internal_value=0 0.00149626 0.00183722 0.00126526 -0.00172565 0.00535378 0.00165737 -0.000766204 -0.000905767 -0.00390253 -0.000762221 0.000665664 -0.00105029
internal_weight=1523 516 467 402 49 65 381 1007 972 44 928 155 773
internal_count=1523 516 467 402 49 65 381 1007 972 44 928 155 773
is_linear=0
shrinkage=0.0100044


Tree=48
num_leaves=15
num_cat=0
split_feature=0 15 14 14 4 3 69 45 16 8 20 43 38 48
split_gain=17.102 5.60841 19.7469 15.0924 9.26679 5.29854 10.9467 5.29265 4.18813 3.58421 3.30113 5.79692 2.45383 1.49999
threshold=31.535000000000004 0.49900000000000005 8.0760000000000023 11.995500000000002 43.035000000000004 0.90900000000000014 -1.0000000180025095e-35 1.0000000180025095e-35 14.500000000000002 52.646000000000008 65.040000000000006 1.1625000000000003 132.29400000000001 -0.54499999999999993
decision_type=10 8 8 8 10 2 10 8 2 10 8 2 2 2
left_child=5 3 4 7 8 9 -7 13 -3 10 11 -1 -12 -2
right_child=1 2 -4 -5 -6 6 -8 -9 -10 -11 12 -13 -14 -15
leaf_value=-0.0004324446529435576 0.0038916736200242576 0.0026786527024957756 0.0093615234012431534 -0.0076863904193345805 -0.0042485262001740022 0.0079203628202356956 -0.0015355969552365487 -0.0031514604995398002 0.00031964045325321973 -0.0043995314484260219 -0.0011581090611715648 0.0046881872929846321 0.0020711628483929909 0.0010907501533953682
leaf_weight=104 39 212 34 23 27 21 29 21 119 29 772 28 24 41
leaf_count=104 39 212 34 23 27 21 29 21 119 29 772 28 24 41
internal_value=0 0.00148135 0.00206849 -0.000363853 0.00137207 -0.000758539 0.00240883 0.00129025 0.00183464 -0.000925438 -0.000815413 0.000643494 -0.00105904 0.00247312
internal_weight=1523 516 392 124 358 1007 50 101 331 957 928 132 796 80
internal_count=1523 516 392 124 358 1007 50 101 331 957 928 132 796 80
is_linear=0
shrinkage=0.0100044


Tree=49
num_leaves=16
num_cat=0
split_feature=0 2 10 31 19 3 5 25 84 48 35 2 1 16 58
split_gain=16.7619 5.55395 10.8376 5.7073 5.80964 5.23732 6.16542 5.06396 5.69416 3.52771 3.4912 2.85187 2.70384 2.50369 1.66095
threshold=31.535000000000004 9.0115475257774325 0.43680000000000002 0.35000000000000003 0.71550000000000014 0.53250000000000008 118.93500000000002 19.500000000000004 0.04880000000000001 -0.68499999999999994 1.8178805000000002 18.531275447950705 1.5128500000000003 13.500000000000002 12.650000000000002
decision_type=10 10 2 10 2 2 10 10 10 2 8 8 2 2 8
left_child=5 10 -3 9 -5 11 7 13 -9 -4 -2 12 14 -7 -1
right_child=1 2 3 4 -6 6 -8 8 -10 -11 -12 -13 -14 -15 -16
leaf_value=0.00093556598349794364 -0.0048877123181416951 0.0088194017420613439 0.0074214553799352798 -0.0031060693660405108 0.0013378464634007635 9.0339259611221684e-05 0.0054339672008049747 0.0059019440990735594 -7.2549793730909747e-05 0.0025247722046961981 0.00077130082414805356 -0.0048775318238626223 0.0020121805649139196 -0.0017506096329952755 -0.0014561565857081715
leaf_weight=30 21 21 22 32 349 172 21 27 38 49 22 22 25 128 544
leaf_count=30 21 21 22 32 349 172 21 27 38 49 22 22 25 128 544
internal_value=0 0.00146655 0.001781 0.001451 0.000961051 -0.00075095 0.00016106 -0.000138603 0.00238834 0.00406112 -0.00196092 -0.00132002 -0.0011871 -0.00069062 -0.0013288
internal_weight=1523 516 473 452 381 1007 386 365 65 71 43 621 599 300 574
internal_count=1523 516 473 452 381 1007 386 365 65 71 43 621 599 300 574
is_linear=0
shrinkage=0.0100044


Tree=50
num_leaves=14
num_cat=0
split_feature=0 19 37 5 39 6 7 3 30 25 53 48 1
split_gain=16.4677 9.59856 8.09024 7.78749 8.577 6.13666 5.18584 4.63486 3.96554 3.88218 5.76742 5.5218 2.62325
threshold=70.670000000000016 0.71550000000000014 0.18250000000000002 46.405000000000008 0.56450000000000011 0.98050000000000004 65.685000000000016 0.5335000000000002 0.088114200000000018 16.500000000000004 5255.5000000000009 -2.1849999999999996 1.2020000000000002
decision_type=10 2 8 10 2 2 8 2 8 10 2 2 2
left_child=5 -2 -3 6 -5 7 -4 8 -1 11 -11 -9 -10
right_child=1 2 3 4 -6 -7 -8 9 12 10 -12 -13 -14
leaf_value=-0.0055052354238176518 -0.0030601256368923222 0.006468251766926259 0.00021690937538824677 0.0022453248502393832 -0.0019071049753277391 0.0034252997371757902 0.0048125108102366693 0.003067255374700241 -0.0013733570664869548 0.00051477060703278624 0.006378999721564819 -0.00097866945513535013 0.00086662895865142412
leaf_weight=22 38 40 34 116 87 36 95 38 556 87 21 296 57
leaf_count=22 38 40 34 116 87 36 95 38 556 87 21 296 57
internal_value=0 0.0017144 0.00220575 0.00168812 0.000459043 -0.000631014 0.00361176 -0.000767858 -0.00131544 1.57633e-05 0.00166757 -0.000514301 -0.00116286
internal_weight=1523 410 372 332 203 1113 129 1077 635 442 108 334 613
internal_count=1523 410 372 332 203 1113 129 1077 635 442 108 334 613
is_linear=0
shrinkage=0.0100044


Tree=51
num_leaves=11
num_cat=0
split_feature=0 19 37 20 6 4 8 20 25 38
split_gain=16.1398 9.40819 7.92844 10.0791 6.01459 4.94554 4.45251 4.20184 5.18091 4.69778
threshold=70.670000000000016 0.71550000000000014 0.18250000000000002 34.755000000000003 0.98050000000000004 16.195000000000004 87.385500000000022 65.615000000000023 16.500000000000004 132.29400000000001
decision_type=10 2 8 8 2 8 10 8 10 2
left_child=4 -2 -3 -4 6 -5 7 8 -1 -9
right_child=1 2 3 5 -6 -7 -8 9 -10 -11
leaf_value=-0.00072910261673082963 -0.0030295108620507602 0.0064035406435756486 -0.0050177269090095379 0.0012941598951205007 0.0033910317124297511 0.0040656851410271694 -0.0052236876876220915 -0.0010583063670168325 0.0028665431951489322 0.0034165623960162508
leaf_weight=93 38 40 21 218 36 93 22 868 70 24
leaf_count=93 38 40 21 218 36 93 22 868 70 24
internal_value=0 0.00169728 0.00218376 0.00167128 -0.000624664 0.0021273 -0.00076015 -0.000665789 0.000806734 -0.000936389
internal_weight=1523 410 372 332 1113 311 1077 1055 163 892
internal_count=1523 410 372 332 1113 311 1077 1055 163 892
is_linear=0
shrinkage=0.0100044


Tree=52
num_leaves=12
num_cat=0
split_feature=0 2 10 3 11 31 4 48 38 38 20
split_gain=15.8546 5.40593 8.56526 5.04433 11.2577 4.80813 12.8281 3.95954 3.53335 3.51167 3.28292
threshold=31.535000000000004 8.6217292364597409 0.39110000000000006 0.90900000000000014 9.6535000000000029 0.35000000000000003 43.035000000000004 -0.68499999999999994 308.01800000000009 19.138000000000002 65.040000000000006
decision_type=10 10 2 2 8 10 10 2 2 2 8
left_child=3 -2 -3 8 -5 7 -7 -4 9 10 -1
right_child=1 2 5 4 -6 6 -8 -9 -10 -11 -12
leaf_value=0.0005921756218750004 -0.0026777854370406834 0.0076544909775385934 0.0073282090225561571 -0.0016409417039465579 0.0079497913853462023 0.0013755611233272991 -0.0066544958139862784 0.0021701540881008119 -0.0049639900599850271 0.0025553415446439372 -0.0011533679981485944
leaf_weight=124 30 23 22 29 21 370 21 50 21 30 782
leaf_count=124 30 23 22 29 21 370 21 50 21 30 782
internal_value=0 0.00142639 0.00168252 -0.000730264 0.00236009 0.00138293 0.000940817 0.00376503 -0.000893139 -0.000800359 -0.000912969
internal_weight=1523 516 486 1007 50 463 391 72 957 936 906
internal_count=1523 516 486 1007 50 463 391 72 957 936 906
is_linear=0
shrinkage=0.0100044


Tree=53
num_leaves=13
num_cat=0
split_feature=1 5 35 4 29 7 57 20 43 25 38 10
split_gain=14.2757 9.74591 9.48373 6.39243 6.81267 8.29113 4.92482 2.88188 6.09401 5.32083 2.2855 2.19449
threshold=1.1043000000000001 1282.7950000000003 0.097894500000000009 62.985000000000007 0.015500000000000002 76.180000000000021 1.0000000180025095e-35 65.040000000000006 1.1625000000000003 16.500000000000004 53.45600000000001 3.0521000000000007
decision_type=2 10 8 10 2 10 2 8 2 10 2 2
left_child=1 7 -2 4 6 -6 -4 8 9 -1 11 -9
right_child=2 -3 3 -5 5 -7 -8 10 -10 -11 -12 -13
leaf_value=-0.0026822383399421898 -0.0049358720155175438 0.0043977070961943379 0.0010011563235556441 -0.0034559070546735823 0.0017629137927567642 0.0058113864829934031 -0.0030967856679613541 -0.0016463721343235854 0.004838838978342426 0.0018662926916552288 0.002017865679379349 -0.00042954961028923374
leaf_weight=58 24 35 103 25 341 60 41 534 25 46 21 210
leaf_count=58 24 35 103 25 341 60 41 534 25 46 21 210
internal_value=0 -0.000774074 0.00121174 0.00147296 0.00170154 0.00237205 -0.000156217 -0.000978063 0.000397292 -0.000657371 -0.00121176 -0.00130473
internal_weight=1523 929 594 570 545 401 144 894 129 104 765 744
internal_count=1523 929 594 570 545 401 144 894 129 104 765 744
is_linear=0
shrinkage=0.0100044


Tree=54
num_leaves=14
num_cat=0
split_feature=0 19 17 11 5 6 29 3 38 29 30 25 1
split_gain=15.3151 9.19957 7.62016 8.77493 6.13518 5.87246 4.90096 4.4109 4.94785 4.11732 3.91252 3.6514 2.50799
threshold=70.670000000000016 0.71550000000000014 1.1706500000000002 8.6140000000000025 46.405000000000008 0.98050000000000004 -1.0000000180025095e-35 0.5335000000000002 9.8105000000000029 0.48900000000000005 0.088114200000000018 16.500000000000004 1.2020000000000002
decision_type=10 2 10 10 10 2 2 2 2 2 8 10 2
left_child=5 -2 4 -4 6 7 -3 10 11 -6 -1 -9 -12
right_child=1 2 3 -5 9 -7 -8 8 -10 -11 12 -13 -14
leaf_value=-0.005437923285911383 -0.0030207157436816907 -0.0010102413863398569 0.010145657977718384 0.0012089324273011433 0.0010215968585897261 0.0033595050222861769 0.0041118001152758597 -0.0007520029457145943 0.0045426691112007917 -0.0033218212863587852 -0.0013308478805118692 0.0014296879080839934 0.00085921461097483438
leaf_weight=22 38 22 24 21 169 36 111 318 23 25 556 101 57
leaf_count=22 38 22 24 21 169 36 111 318 23 25 556 101 57
internal_value=0 0.00165338 0.00213448 0.00600527 0.00159766 -0.000608462 0.00325437 -0.000742353 2.20428e-05 0.0004549 -0.00127655 -0.000222875 -0.001125
internal_weight=1523 410 372 45 327 1113 133 1077 442 194 635 419 613
internal_count=1523 410 372 45 327 1113 133 1077 442 194 635 419 613
is_linear=0
shrinkage=0.0100044


Tree=55
num_leaves=13
num_cat=0
split_feature=0 19 17 11 5 39 6 30 8 20 25 38
split_gain=15.0098 9.01699 7.46906 8.59862 6.01247 6.18887 5.75568 4.53195 4.39961 3.94261 4.94618 4.53814
threshold=70.670000000000016 0.71550000000000014 1.1706500000000002 8.6140000000000025 46.405000000000008 0.55550000000000022 0.98050000000000004 7.3375100000000009 87.385500000000022 65.615000000000023 16.500000000000004 132.29400000000001
decision_type=10 2 10 10 10 2 2 10 10 8 10 2
left_child=6 -2 4 -4 7 -6 8 -3 9 10 -1 -11
right_child=1 2 3 -5 5 -7 -8 -9 -10 11 -12 -13
leaf_value=-0.00071524257642932099 -0.0029904950831948916 0.0041118060563559598 0.010044156538470106 0.0011968377111451695 0.0022795643529528327 -0.0012914214274507806 0.0033258949858199346 -0.00056937283426662048 -0.0051716259866237384 -0.0010231110172851064 0.0027978592616239458 0.0033750832486197859
leaf_weight=93 38 108 24 21 95 99 36 25 22 868 70 24
leaf_count=93 38 108 24 21 95 99 36 25 22 868 70 24
internal_value=0 0.00163684 0.00211316 0.00594549 0.00158164 0.000450279 -0.00060235 0.00322171 -0.000734913 -0.000641111 0.000785146 -0.000903256
internal_weight=1523 410 372 45 327 194 1113 133 1077 1055 163 892
internal_count=1523 410 372 45 327 194 1113 133 1077 1055 163 892
is_linear=0
shrinkage=0.0100044


Tree=56
num_leaves=14
num_cat=0
split_feature=0 15 14 14 4 45 3 11 49 38 38 27 32
split_gain=14.7209 5.31496 18.7994 14.645 8.89122 5.14714 4.84154 11.0334 4.38196 3.49793 3.36031 3.16718 2.49108
threshold=31.535000000000004 0.49900000000000005 8.0760000000000023 11.995500000000002 43.035000000000004 1.0000000180025095e-35 0.90900000000000014 9.6535000000000029 1.5000000000000002 308.01800000000009 19.138000000000002 65.430000000000021 0.42650000000000005
decision_type=10 8 8 8 10 8 2 8 2 2 2 8 10
left_child=6 3 4 5 8 12 9 -8 -3 10 11 -1 -2
right_child=1 2 -4 -5 -6 -7 7 -9 -10 -11 -12 -13 -14
leaf_value=-0.00011353635833838237 0.00022345151002278697 0.00088817907029864137 0.0090619033814373848 -0.0076347404511544819 -0.0042392609638161848 -0.0031733079152783893 -0.0016367067058201082 0.0078578416079296744 0.0033338597001525742 -0.004913277831494982 0.0025115872946644534 -0.0013397652821441981 0.0038553465897733512
leaf_weight=340 33 219 34 23 27 21 29 21 112 21 30 566 47
leaf_count=340 33 219 34 23 27 21 29 21 112 21 30 566 47
internal_value=0 0.00137449 0.00194618 -0.000421851 0.0012666 0.00120728 -0.000703619 0.00232393 0.00171981 -0.000863213 -0.000770899 -0.000881085 0.00237411
internal_weight=1523 516 392 124 358 101 1007 50 331 957 936 906 80
internal_count=1523 516 392 124 358 101 1007 50 331 957 936 906 80
is_linear=0
shrinkage=0.0100044


Tree=57
num_leaves=11
num_cat=0
split_feature=0 19 37 20 6 4 8 20 21 38
split_gain=14.4526 8.82039 7.53114 9.7853 5.62459 4.81075 4.31952 3.83569 4.87159 4.46125
threshold=70.670000000000016 0.71550000000000014 0.18250000000000002 34.755000000000003 0.98050000000000004 16.195000000000004 87.385500000000022 65.615000000000023 0.77350000000000008 132.29400000000001
decision_type=10 2 8 8 2 8 10 8 10 2
left_child=4 -2 -3 -4 6 -5 7 8 -1 -9
right_child=1 2 3 5 -6 -7 -8 9 -10 -11
leaf_value=-0.0033673861577516876 -0.0029703634512503936 0.0061899310291337164 -0.0050134220156900864 0.0012054805767559614 0.0032921618558451014 0.0039386564599994843 -0.0051182524647248352 -0.001006583754300822 0.0015030009477983175 0.0033541977408493
leaf_weight=24 38 40 21 218 36 93 22 868 139 24
leaf_count=24 38 40 21 218 36 93 22 868 139 24
internal_value=0 0.00160617 0.00207731 0.00157773 -0.000591055 0.00202715 -0.000722113 -0.000629157 0.000777583 -0.000887736
internal_weight=1523 410 372 332 1113 311 1077 1055 163 892
internal_count=1523 410 372 332 1113 311 1077 1055 163 892
is_linear=0
shrinkage=0.0100044


Tree=58
num_leaves=15
num_cat=0
split_feature=0 15 14 14 4 45 6 49 30 47 10 16 12 32
split_gain=14.2018 5.21838 18.3196 14.334 8.72531 5.04003 4.64144 4.29693 4.02963 6.60968 3.56692 4.32127 2.9925 2.44778
threshold=31.535000000000004 0.49900000000000005 8.0760000000000023 11.995500000000002 43.035000000000004 1.0000000180025095e-35 0.98050000000000004 1.5000000000000002 0.088114200000000018 0.11350000000000002 8.2643500000000021 7.5000000000000009 0.19265000000000002 0.42650000000000005
decision_type=10 8 8 8 10 8 2 2 8 2 2 2 2 10
left_child=6 3 4 5 7 13 8 -3 9 -1 12 -12 -10 -2
right_child=1 2 -4 -5 -6 -7 -8 -9 10 -11 11 -13 -14 -15
leaf_value=-0.0078444962235196397 0.0002044249854948904 0.0008710487681154633 0.008940938859408774 -0.0075657641242306761 -0.0042085538765394784 -0.0031529033178354596 0.0028796738105824832 0.0032929468310741927 -0.0010942277429456906 -2.1723273743439952e-05 0.0038540994165575998 -0.00017372139041434633 0.0018866727346570965 0.0038046802580397085
leaf_weight=21 33 219 34 23 27 21 35 112 738 23 34 121 35 47
leaf_count=21 33 219 34 23 27 21 35 112 738 23 34 121 35 47
internal_value=0 0.00135005 0.00191654 -0.000429869 0.00124564 0.00118173 -0.000691095 0.00169463 -0.000821065 -0.00378609 -0.000679023 0.000701066 -0.000957507 0.0023365
internal_weight=1523 516 392 124 358 101 1007 331 972 44 928 155 773 80
internal_count=1523 516 392 124 358 101 1007 331 972 44 928 155 773 80
is_linear=0
shrinkage=0.0100044


Tree=59
num_leaves=16
num_cat=0
split_feature=0 2 10 31 4 3 5 25 4 48 35 2 1 16 11
split_gain=13.9194 5.17522 10.3113 5.48484 10.1962 4.67179 5.77811 4.62774 6.83801 3.42253 3.28355 2.76672 2.58641 2.48144 1.56838
threshold=31.535000000000004 9.0115475257774325 0.43680000000000002 0.35000000000000003 42.245000000000005 0.53250000000000008 118.93500000000002 19.500000000000004 -4.9349999999999987 -0.68499999999999994 1.8178805000000002 18.531275447950705 1.5128500000000003 13.500000000000002 12.426000000000002
decision_type=10 10 2 10 10 2 10 10 8 2 8 8 2 2 10
left_child=5 10 -3 9 -5 11 7 13 -9 -4 -2 12 14 -7 -1
right_child=1 2 3 4 -6 6 -8 8 -10 -11 -12 -13 -14 -15 -16
leaf_value=-0.0013676147418719713 -0.0048100032735749121 0.0085050409996249229 0.0071852613609294539 0.0012462591458198798 -0.0057623154861098759 0.00013686288419257446 0.0052814706464379838 0.0065452419601292177 -0.00014774240820772595 0.0023633030418001573 0.00067518355619862881 -0.0047246706368207362 0.0020389402875464232 -0.0016963276129568731 0.00073920270434619498
leaf_weight=537 21 21 22 359 22 172 21 24 41 49 22 22 25 128 37
leaf_count=537 21 21 22 359 22 172 21 24 41 49 22 22 25 128 37
internal_value=0 0.00133657 0.00164023 0.00131829 0.000838011 -0.000684181 0.000177072 -0.000112897 0.00230269 0.0038765 -0.00197214 -0.0012217 -0.00109078 -0.000640786 -0.00122945
internal_weight=1523 516 473 452 381 1007 386 365 65 71 43 621 599 300 574
internal_count=1523 516 473 452 381 1007 386 365 65 71 43 621 599 300 574
is_linear=0
shrinkage=0.0100044


Tree=60
num_leaves=11
num_cat=0
split_feature=0 19 37 20 36 4 8 20 25 38
split_gain=13.6893 8.61687 7.3401 9.53174 5.27466 4.72765 4.26794 3.6873 4.77648 4.51404
threshold=70.670000000000016 0.71550000000000014 0.18250000000000002 34.755000000000003 1.0000000180025095e-35 16.195000000000004 87.385500000000022 65.615000000000023 16.500000000000004 132.29400000000001
decision_type=10 2 8 8 2 8 10 8 10 2
left_child=4 -2 -3 -4 -1 -5 7 8 -6 -9
right_child=1 2 3 5 6 -7 -8 9 -10 -11
leaf_value=0.0032401842294261262 -0.0029601951257314215 0.0060890580002012449 -0.0049694532702588157 0.0011647597296863023 -0.00070288715862998439 0.003874128048416661 -0.0050699822476219219 -0.00098320497492771289 0.0027492942128072204 0.003317561929422575
leaf_weight=35 38 40 21 218 93 93 22 868 70 25
leaf_count=35 38 40 21 218 93 93 22 868 70 25
internal_value=0 0.00156324 0.00202895 0.0015357 -0.000575184 0.00197931 -0.000700316 -0.000607999 0.000771339 -0.000861287
internal_weight=1523 410 372 332 1113 311 1078 1056 163 893
internal_count=1523 410 372 332 1113 311 1078 1056 163 893
is_linear=0
shrinkage=0.0100044


Tree=61
num_leaves=14
num_cat=0
split_feature=0 15 14 14 4 3 11 49 38 29 32 38 27
split_gain=13.4191 5.12288 17.7606 14.0165 8.43573 4.58627 10.817 4.20033 3.4639 3.2294 3.61188 3.21861 3.00791
threshold=31.535000000000004 0.49900000000000005 8.0760000000000023 11.995500000000002 43.035000000000004 0.90900000000000014 9.6535000000000029 1.5000000000000002 308.01800000000009 -0.013999999999999997 0.42650000000000005 19.138000000000002 65.430000000000021
decision_type=10 8 8 8 10 2 8 2 2 2 10 2 8
left_child=5 3 4 9 7 8 -7 -3 11 -2 -11 12 -1
right_child=1 2 -4 -5 -6 6 -8 -9 -10 10 -12 -13 -14
leaf_value=-9.5042164874699128e-05 -0.0018680206641675018 0.00084027445846761458 0.0087901166678031883 -0.0075075457614064362 -0.0041497310332027464 -0.0016465064615888887 0.0077545092707164438 0.0032347784542844553 -0.0048569647857584055 -0.00023429325013364955 0.0041518077953527971 0.0024773109651706629 -0.0012900740626113183
leaf_weight=340 26 219 34 23 27 29 21 112 21 33 42 30 566
leaf_count=340 26 219 34 23 27 29 21 112 21 33 42 30 566
internal_value=0 0.00131237 0.0018737 -0.000451223 0.00121305 -0.000671729 0.00227484 0.00165459 -0.000827092 0.00114226 0.00220387 -0.000735232 -0.000843102
internal_weight=1523 516 392 124 358 1007 50 331 957 101 75 936 906
internal_count=1523 516 392 124 358 1007 50 331 957 101 75 936 906
is_linear=0
shrinkage=0.0100044


Tree=62
num_leaves=15
num_cat=0
split_feature=2 13 26 14 4 27 28 41 44 39 13 4 73 37
split_gain=12.2612 19.5382 26.3886 33.2189 9.51888 8.32193 7.17973 8.49228 4.389 4.30354 3.94071 1.9548 1.43416 1.08327
threshold=9.4398089576033559 1.0000000180025095e-35 -68782.249999999985 3.0595000000000003 -37.374999999999993 33.480000000000011 0.19720000000000001 -0.0084999999999999989 14.914884483162728 0.5635 0.04833500000000001 -42.974999999999994 0.055500000000000008 0.56405000000000005
decision_type=10 10 10 8 10 10 2 10 10 2 10 8 8 10
left_child=8 2 3 -2 5 -3 9 -8 11 -6 -7 -1 -13 -14
right_child=1 4 -4 -5 6 10 7 -9 -10 -11 -12 12 13 -15
leaf_value=0.0019744751789927293 0.0016467885534421731 -0.0075797516835033702 -0.0021011497481047128 0.018021147177997826 0.0027985701447233607 0.0028441920552103464 -0.0014822696402636019 0.0023033502044830382 -0.0055699496967797591 0.0006796604688182749 -0.0014790214121413719 0.0011924010533004594 -0.00085216351673743536 -0.0018283490058778103
leaf_weight=21 25 21 29 25 191 24 201 84 22 197 166 25 299 193
leaf_count=21 25 21 29 25 191 24 201 84 22 197 166 25 299 193
internal_value=0 0.000684997 0.00545272 0.00986104 0.000257391 -0.00159446 0.000839999 -0.000361758 -0.00117667 0.00172622 -0.000925806 -0.000994499 -0.00111771 -0.00123785
internal_weight=1523 963 79 50 884 211 673 285 560 388 190 538 517 492
internal_count=1523 963 79 50 884 211 673 285 560 388 190 538 517 492
is_linear=0
shrinkage=0.0100044


Tree=63
num_leaves=15
num_cat=0
split_feature=0 19 17 11 5 39 6 29 3 30 4 11 25 1
split_gain=12.9392 8.3974 7.01691 8.05397 5.94986 5.87217 5.24285 4.67198 3.98622 3.73861 3.53308 6.2619 5.32289 2.29982
threshold=70.670000000000016 0.71550000000000014 1.1706500000000002 8.6140000000000025 46.405000000000008 0.55550000000000022 0.98050000000000004 -1.0000000180025095e-35 0.5335000000000002 0.088114200000000018 -4.0199999999999987 10.434000000000003 19.500000000000004 1.2020000000000002
decision_type=10 2 10 10 10 2 2 2 2 8 8 10 10 2
left_child=6 -2 4 -4 7 -6 8 -3 9 -1 12 -12 -10 -11
right_child=1 2 3 -5 5 -7 -8 -9 10 13 11 -13 -14 -15
leaf_value=-0.0052610487776846892 -0.0029456319652478098 -0.0010682187996664673 0.009660544862818133 0.0010962617884672618 0.002121490550731412 -0.0013576331095140159 0.003189798827943438 0.0039328372497011259 0.00041504846407454371 -0.0012426628215589516 -0.0013398457200583429 0.0021871933062192917 0.0054324333965280426 0.0008543669857496546
leaf_weight=22 38 22 24 21 95 99 36 111 118 556 234 64 26 57
leaf_count=22 38 22 24 21 95 99 36 111 118 556 234 64 26 57
internal_value=0 0.00151981 0.00197959 0.00569396 0.0014643 0.000339083 -0.000559205 0.00309542 -0.000685777 -0.00119365 4.07902e-05 -0.000577818 0.00133037 -0.00104546
internal_weight=1523 410 372 45 327 194 1113 133 1077 635 442 298 144 613
internal_count=1523 410 372 45 327 194 1113 133 1077 635 442 298 144 613
is_linear=0
shrinkage=0.0100044


Tree=64
num_leaves=15
num_cat=0
split_feature=2 13 26 14 4 27 28 41 44 39 13 4 55 37
split_gain=11.9012 19.0306 25.7676 32.4451 9.20323 8.16106 7.01753 8.30796 4.30459 4.17183 3.85986 1.90569 2.11888 1.71484
threshold=9.4398089576033559 1.0000000180025095e-35 -68782.249999999985 3.0595000000000003 -37.374999999999993 33.480000000000011 0.19720000000000001 -0.0084999999999999989 14.914884483162728 0.5635 0.04833500000000001 -42.974999999999994 0.71650000000000003 0.57150000000000012
decision_type=10 10 10 8 10 10 2 10 10 2 10 8 2 10
left_child=8 2 3 -2 5 -3 9 -8 11 -6 -7 -1 13 -13
right_child=1 4 -4 -5 6 10 7 -9 -10 -11 -12 12 -14 -15
leaf_value=0.0019524204354802821 0.0016178214123879744 -0.0074951259371272361 -0.0020837324913351245 0.017801037524975888 0.0027577750495459074 0.0028252997952932452 -0.001470640418342278 0.0022736188506836384 -0.00551010912828237 0.00067135261648769309 -0.0014533494802749967 -0.0008131673928215142 0.0012938475204394902 -0.0020641774479720457
leaf_weight=21 25 21 29 25 191 24 201 84 22 197 166 307 34 176
leaf_count=21 25 21 29 25 191 24 201 84 22 197 166 307 34 176
internal_value=0 0.000674899 0.00538029 0.00973651 0.000252862 -0.00156799 0.000825751 -0.000362319 -0.00115923 0.00170192 -0.000905763 -0.000978796 -0.00110048 -0.00127182
internal_weight=1523 963 79 50 884 211 673 285 560 388 190 538 517 483
internal_count=1523 963 79 50 884 211 673 285 560 388 190 538 517 483
is_linear=0
shrinkage=0.0100044


Tree=65
num_leaves=15
num_cat=0
split_feature=2 13 26 14 4 27 28 41 44 39 13 4 73 37
split_gain=11.6644 18.6516 25.2572 31.7965 9.02023 7.99834 6.87796 8.14265 4.21863 4.08832 3.78326 1.86801 1.3939 1.04309
threshold=9.4398089576033559 1.0000000180025095e-35 -68782.249999999985 3.0595000000000003 -37.374999999999993 33.480000000000011 0.19720000000000001 -0.0084999999999999989 14.914884483162728 0.5635 0.04833500000000001 -42.974999999999994 0.055500000000000008 0.56405000000000005
decision_type=10 10 10 8 10 10 2 10 10 2 10 8 8 10
left_child=8 2 3 -2 5 -3 9 -8 11 -6 -7 -1 -13 -14
right_child=1 4 -4 -5 6 10 7 -9 -10 -11 -12 12 13 -15
leaf_value=0.0019328876255750602 0.0016016359937319916 -0.0074201416048590325 -0.0020628857806285032 0.017622948382517205 0.0027301850856817941 0.0027970342930621808 -0.0014559275098475046 0.0022508725826424873 -0.005454983713752041 0.0006646361268083567 -0.0014388095673211142 0.0011878794175899513 -0.00082934511521054596 -0.0017874488014529614
leaf_weight=21 25 21 29 25 191 24 201 84 22 197 166 25 299 193
leaf_count=21 25 21 29 25 191 24 201 84 22 197 166 25 299 193
internal_value=0 0.000668161 0.00532647 0.00963937 0.000250333 -0.00155231 0.00081751 -0.000358647 -0.00114763 0.00168493 -0.00089663 -0.000968978 -0.00108947 -0.00120794
internal_weight=1523 963 79 50 884 211 673 285 560 388 190 538 517 492
internal_count=1523 963 79 50 884 211 673 285 560 388 190 538 517 492
is_linear=0
shrinkage=0.0100044


Tree=66
num_leaves=14
num_cat=0
split_feature=0 15 14 14 4 45 3 11 58 8 31 4 16
split_gain=12.2497 4.9088 16.314 13.4842 8.29663 4.8777 4.34909 10.2878 4.15823 3.46934 2.44677 2.92621 1.47392
threshold=31.535000000000004 0.49900000000000005 8.0760000000000023 11.995500000000002 43.035000000000004 1.0000000180025095e-35 0.90900000000000014 9.6535000000000029 4.1000000000000005 52.646000000000008 0.25000000000000006 -11.824999999999998 9.5000000000000018
decision_type=10 8 8 8 10 8 2 8 10 10 8 8 2
left_child=6 3 4 5 8 12 9 -8 -3 10 -1 -12 -2
right_child=1 2 -4 -5 -6 -7 7 -9 -10 -11 11 -13 -14
leaf_value=-0.0030817932525537025 0.0040976148641406543 0.0010627959926990179 0.0084325313363998785 -0.0073933700018056483 -0.0041484567293320366 -0.003174411310702212 -0.001595703810898453 0.0075717024550381847 0.0039517801035230653 -0.0042096711508881899 0.00093348139011843105 -0.0007919290516135623 0.0011931972142186014
leaf_weight=41 28 269 34 23 27 21 29 21 62 29 112 775 52
leaf_count=41 28 269 34 23 27 21 29 21 62 29 112 775 52
internal_value=0 0.00125392 0.00180345 -0.000472394 0.0011701 0.00109027 -0.00064176 0.00222753 0.00160803 -0.000793086 -0.000684858 -0.000572538 0.00222667
internal_weight=1523 516 392 124 358 101 1007 50 331 957 928 887 80
internal_count=1523 516 392 124 358 101 1007 50 331 957 928 887 80
is_linear=0
shrinkage=0.0100044


Tree=67
num_leaves=16
num_cat=0
split_feature=0 15 14 14 47 35 45 3 10 6 8 20 43 32 31
split_gain=12.0063 4.81109 15.9887 13.2158 4.94185 4.82719 4.78119 4.26195 9.70068 3.60462 3.40006 2.59132 5.54689 2.3556 2.14671
threshold=31.535000000000004 0.49900000000000005 8.0760000000000023 11.995500000000002 0.16500000000000004 4.3115440000000005 1.0000000180025095e-35 0.90900000000000014 0.045350000000000008 0.5635 52.646000000000008 65.040000000000006 1.1625000000000003 0.42650000000000005 0.25000000000000006
decision_type=10 8 8 8 2 10 8 2 2 2 10 8 2 10 8
left_child=7 3 4 6 9 -6 13 10 -9 -3 11 12 -1 -2 -13
right_child=1 2 -4 -5 5 -7 -8 8 -10 -11 -12 14 -14 -15 -16
leaf_value=-0.00043811433282884779 0.00011320806637822746 -0.00069044932219133708 0.0083481686963904761 -0.0073194036576306482 0.0057349834176174544 -1.3258943887230882e-05 -0.0031426532592937358 -0.001661921359845029 0.0071880152217248285 0.0015473244950016543 -0.0041675557989922715 -0.0032585994647134136 0.0045708896907509251 0.0036441495936944839 -0.00077692933396394535
leaf_weight=104 33 123 34 23 41 22 21 28 22 172 29 37 28 47 759
leaf_count=104 33 123 34 23 41 22 21 28 22 172 29 37 28 47 759
internal_value=0 0.0012414 0.00178545 -0.000467559 0.00115839 0.00370617 0.00107936 -0.000635353 0.00220497 0.000609697 -0.000785165 -0.000678007 0.000614146 0.00220456 -0.000893984
internal_weight=1523 516 392 124 358 63 101 1007 50 295 957 928 132 80 796
internal_count=1523 516 392 124 358 63 101 1007 50 295 957 928 132 80 796
is_linear=0
shrinkage=0.0100044


Tree=68
num_leaves=11
num_cat=0
split_feature=0 19 37 20 6 4 8 20 21 38
split_gain=11.7986 8.12292 6.79835 9.18581 5.03478 4.4201 4.2065 3.39203 4.74066 4.20413
threshold=70.670000000000016 0.71550000000000014 0.18250000000000002 34.755000000000003 0.98050000000000004 16.195000000000004 87.385500000000022 65.615000000000023 0.77350000000000008 132.29400000000001
decision_type=10 2 8 8 2 8 10 8 10 2
left_child=4 -2 -3 -4 6 -5 7 8 -1 -9
right_child=1 2 3 5 -6 -7 -8 9 -10 -11
leaf_value=-0.0033323153975707573 -0.0029406380949122718 0.0058110329999602368 -0.004957708801510508 0.0010765258776995429 0.0031398985534214141 0.0036963927968485374 -0.0049956264679379475 -0.00092494925915698732 0.0014721800959567584 0.0033086722427370396
leaf_weight=24 38 40 21 218 36 93 22 868 139 24
leaf_count=24 38 40 21 218 36 93 22 868 139 24
internal_value=0 0.0014513 0.00190358 0.00142872 -0.000533966 0.00186431 -0.000658026 -0.000566291 0.000756464 -0.000809522
internal_weight=1523 410 372 332 1113 311 1077 1055 163 892
internal_count=1523 410 372 332 1113 311 1077 1055 163 892
is_linear=0
shrinkage=0.0100044


Tree=69
num_leaves=16
num_cat=0
split_feature=0 2 10 31 4 3 5 25 4 48 43 2 16 1 70
split_gain=11.5842 4.72617 9.59346 5.30178 9.70392 4.17843 5.30377 4.31381 6.53792 3.35126 3.13367 2.68667 2.43474 2.42866 1.55212
threshold=31.535000000000004 9.0115475257774325 0.43680000000000002 0.35000000000000003 42.245000000000005 0.53250000000000008 118.93500000000002 19.500000000000004 -4.9349999999999987 -0.68499999999999994 1.0425000000000002 18.531275447950705 13.500000000000002 1.5128500000000003 3.5000000000000004
decision_type=10 10 2 10 10 2 10 10 8 2 2 8 2 2 2
left_child=5 10 -3 9 -5 11 7 12 -9 -4 -2 13 -7 14 -1
right_child=1 2 3 4 -6 6 -8 8 -10 -11 -12 -13 -14 -15 -16
leaf_value=-0.00086264075335495548 -0.0047147611588130899 0.0081309608116196166 0.0069865415717057884 0.0011252896415423475 -0.0057126939366367261 0.00017323053445389666 0.0050805076397506428 0.0063933820890223246 -0.00015049277376858922 0.002216592852946439 0.00064233668812896545 -0.0045834571134138512 -0.001642949020897317 0.0020295770797601059 -0.0021468101882917315
leaf_weight=452 21 21 22 359 22 172 21 24 41 49 22 22 128 25 122
leaf_count=452 21 21 22 359 22 172 21 24 41 49 22 22 128 25 122
internal_value=0 0.00121937 0.00150967 0.00119905 0.000726892 -0.000624093 0.00019031 -8.73344e-05 0.00224488 0.00371367 -0.00194244 -0.00113249 -0.00059716 -0.00100348 -0.00113794
internal_weight=1523 516 473 452 381 1007 386 365 65 71 43 621 300 599 574
internal_count=1523 516 473 452 381 1007 386 365 65 71 43 621 300 599 574
is_linear=0
shrinkage=0.0100044


Tree=70
num_leaves=15
num_cat=0
split_feature=2 13 11 14 4 27 22 12 44 1 13 4 55 37
split_gain=10.904 17.9201 24.2837 31.1113 8.5902 7.84716 6.28901 7.24723 4.10975 4.01397 3.67238 1.81752 2.01544 1.63851
threshold=9.4398089576033559 1.0000000180025095e-35 11.046500000000002 3.0595000000000003 -37.374999999999993 33.480000000000011 1.0599000000000003 0.10080000000000001 14.914884483162728 0.64700000000000013 0.04833500000000001 -42.974999999999994 0.71650000000000003 0.57150000000000012
decision_type=10 10 8 8 10 10 2 2 10 2 10 8 2 10
left_child=8 2 -2 -4 5 -3 9 -8 11 -6 -7 -1 13 -13
right_child=1 4 3 -5 6 10 7 -9 -10 -11 -12 12 -14 -15
leaf_value=0.0019293254148973807 -0.0022348635931677867 -0.0073347208653854728 0.0019038095788253809 0.017621922871903242 0.0064761540517475902 0.002765830440471892 -0.00037819373547420744 0.0025842344386458192 -0.0053608385955864098 0.0018542399702967025 -0.001407433331324837 -0.00077087953025947145 0.0012828816784711951 -0.0019937705016368321
leaf_weight=21 28 21 27 24 22 24 401 104 22 146 166 307 34 176
leaf_count=21 28 21 27 24 22 24 401 104 22 146 166 307 34 176
internal_value=0 0.000646026 0.00521206 0.00932711 0.000236443 -0.00152267 0.000789975 0.00022921 -0.00110959 0.00246755 -0.000873159 -0.000933227 -0.00105212 -0.00121929
internal_weight=1523 963 79 51 884 211 673 505 560 168 190 538 517 483
internal_count=1523 963 79 51 884 211 673 505 560 168 190 538 517 483
is_linear=0
shrinkage=0.0100044


Tree=71
num_leaves=13
num_cat=0
split_feature=0 24 39 8 4 38 6 10 8 20 25 38
split_gain=11.2013 6.51341 19.2746 12.3703 6.00544 5.39195 4.89194 4.43354 4.15396 3.24812 4.54584 4.09738
threshold=70.670000000000016 0.8015000000000001 1.0000000180025095e-35 46.334500000000006 47.250000000000007 2.6395000000000004 0.98050000000000004 1.8294000000000004 87.385500000000022 65.615000000000023 16.500000000000004 132.29400000000001
decision_type=10 8 2 10 10 2 2 2 10 8 10 2
left_child=6 3 -3 -2 7 -5 8 -4 9 10 -1 -11
right_child=1 2 4 5 -6 -7 -8 -9 -10 11 -12 -13
leaf_value=-0.00069501669791951126 -0.0077282197284886459 0.010886062380107938 -0.0014175615277557366 0.0036571118517496086 -0.0029379394697285196 -0.0023729955715171276 0.0031011005957316501 0.0023262960945196194 -0.0049528660002187488 -0.00090338493135694179 0.0026726930301425211 0.0032761332259442664
leaf_weight=93 21 23 36 36 29 25 36 240 22 868 70 24
leaf_count=93 21 23 36 36 29 25 36 240 22 868 70 24
internal_value=0 0.00141412 0.00204605 -0.00109709 0.00137499 0.00116356 -0.000520241 0.00183306 -0.000642546 -0.000551379 0.000742933 -0.000789414
internal_weight=1523 410 328 82 305 61 1113 276 1077 1055 163 892
internal_count=1523 410 328 82 305 61 1113 276 1077 1055 163 892
is_linear=0
shrinkage=0.0100044


Tree=72
num_leaves=16
num_cat=0
split_feature=0 2 2 73 31 30 17 19 6 30 47 43 7 18 35
split_gain=10.9984 4.52333 7.72431 11.1627 6.31328 5.47587 6.55238 4.22897 3.98657 3.92578 6.18724 3.15823 8.76654 3.19176 3.0264
threshold=31.535000000000004 9.0115475257774325 10.722064646620453 0.13850000000000004 3.4500000000000006 5.1116750000000009 0.54100000000000004 0.71550000000000014 0.98050000000000004 0.088114200000000018 0.11350000000000002 1.1695000000000002 22.925000000000001 32.080000000000005 1.8178805000000002
decision_type=10 10 10 10 10 10 10 2 2 8 2 2 10 8 8
left_child=8 14 3 4 -3 7 -7 -4 9 10 -1 13 -13 -11 -2
right_child=1 2 5 -5 -6 6 -8 -9 -10 11 -12 12 -14 -15 -16
leaf_value=-0.0075809762033789627 -0.0046294434097155597 0.0038935678460497525 -0.0041123813708520409 0.0095514816932894247 -0.0020462757228366787 0.0011767280937556625 0.0073103706783754505 0.0004557241462853461 0.0027009373501415859 0.0018541502809264784 -1.053798422413302e-05 -0.00032333456374867306 0.0061384266723409527 -0.0010039453948199881 0.00063446005754625595
leaf_weight=21 21 56 22 26 26 60 25 258 35 41 23 130 25 732 22
leaf_count=21 21 56 22 26 26 60 25 258 35 41 23 130 25 732 22
internal_value=0 0.00118816 0.0014722 0.0038257 0.00199369 0.000772113 0.00299667 9.19665e-05 -0.000608094 -0.000728639 -0.00365447 -0.000588456 0.000710151 -0.0008506 -0.0019048
internal_weight=1523 516 473 108 82 365 85 280 1007 972 44 928 155 773 43
internal_count=1523 516 473 108 82 365 85 280 1007 972 44 928 155 773 43
is_linear=0
shrinkage=0.0100044


Tree=73
num_leaves=15
num_cat=0
split_feature=2 13 11 14 4 27 28 41 39 44 13 4 55 37
split_gain=10.4422 17.2449 23.562 30.0958 8.25539 7.68221 6.49835 7.93911 3.99605 3.99471 3.58437 1.77183 1.96328 1.61037
threshold=9.4398089576033559 1.0000000180025095e-35 11.046500000000002 3.0595000000000003 -37.374999999999993 33.480000000000011 0.19720000000000001 -0.0084999999999999989 0.5635 14.914884483162728 0.04833500000000001 -42.974999999999994 0.71650000000000003 0.57150000000000012
decision_type=10 10 8 8 10 10 2 10 2 10 10 8 2 10
left_child=9 2 -2 -4 5 -3 8 -8 -6 11 -7 -1 13 -13
right_child=1 4 3 -5 6 10 7 -9 -10 -11 -12 12 -14 -15
leaf_value=0.0019143544620195835 -0.0022235487175225584 -0.0072446728265192044 0.0018629407904298654 0.017323370335591393 0.002649495931362694 0.0027437021666628057 -0.0014536310454306225 0.0022064171602211476 0.0006075982633143497 -0.0052772161508182229 -0.001379266726309343 -0.0007497941354914795 0.0012751582367592756 -0.0019620984740377052
leaf_weight=21 28 21 27 24 191 24 201 84 197 22 166 307 34 176
leaf_count=21 28 21 27 24 191 24 201 84 197 22 166 307 34 176
internal_value=0 0.000632209 0.0051114 0.00916498 0.000230387 -0.00149406 0.000773051 -0.00037013 0.00161625 -0.00108582 -0.000851345 -0.000911906 -0.00102932 -0.00119435
internal_weight=1523 963 79 51 884 211 673 285 388 560 190 538 517 483
internal_count=1523 963 79 51 884 211 673 285 388 560 190 538 517 483
is_linear=0
shrinkage=0.0100044


Tree=74
num_leaves=13
num_cat=0
split_feature=0 19 23 7 21 33 17 3 11 38 38 27
split_gain=10.5854 4.38904 8.07726 7.70433 10.6436 6.04019 5.48057 3.96344 9.75664 3.38863 2.95029 2.55524
threshold=31.535000000000004 0.72250000000000003 95.575000000000003 76.180000000000021 0.7651 6.932500000000001 0.86810000000000009 0.90900000000000014 9.6535000000000029 308.01800000000009 19.138000000000002 65.430000000000021
decision_type=10 2 10 10 8 10 10 2 8 2 2 8
left_child=7 2 -2 4 -3 -5 -6 9 -9 10 11 -1
right_child=1 3 -4 5 6 -7 -8 8 -10 -11 -12 -13
leaf_value=-6.3828308687819785e-05 0.0029794437245528236 -0.005976999918815281 -0.0052053051430658919 0.0079744523713944741 0.00094986477240408722 0.0017934124405357365 0.0051724885501219422 -0.0015799470484295962 0.0073472795726498398 -0.0047258141359628964 0.0024257885249325825 -0.0011654889744529902
leaf_weight=340 21 21 28 30 347 35 34 29 21 21 30 566
leaf_count=340 21 21 28 30 347 35 34 29 21 21 30 566
internal_value=0 0.00116566 -0.00166993 0.00146608 0.000945151 0.00466703 0.00133024 -0.00059654 0.00214241 -0.000741056 -0.000650208 -0.000753557
internal_weight=1523 516 49 467 402 65 381 1007 50 957 936 906
internal_count=1523 516 49 467 402 65 381 1007 50 957 936 906
is_linear=0
shrinkage=0.0100044


Tree=75
num_leaves=14
num_cat=0
split_feature=0 19 17 11 5 39 6 29 30 54 18 6 11
split_gain=10.3972 7.68581 6.24314 7.36092 5.92213 5.35933 4.66407 4.33382 3.90017 5.86295 4.46068 5.48479 3.42181
threshold=70.670000000000016 0.71550000000000014 1.1706500000000002 8.6140000000000025 46.405000000000008 0.55550000000000022 0.98050000000000004 -1.0000000180025095e-35 0.088114200000000018 22.302390134121683 33.850000000000001 0.55750000000000022 9.8850000000000016
decision_type=10 2 10 10 10 2 2 2 8 8 8 2 10
left_child=6 -2 4 -4 7 -6 8 -3 9 -1 11 -10 -12
right_child=1 2 3 -5 5 -7 -8 -9 10 -11 12 -13 -14
leaf_value=-0.00026670317782103559 -0.0029096891056977331 -0.0010658757501169961 0.0090976254042046765 0.0009086200334082078 0.0018975353484321225 -0.00142716233355332 0.0030347171012794893 0.0037496907725140059 -0.00078087093382074851 -0.0072212023581550173 -0.0010111839270936761 0.0042224660937832739 0.0004364772712700707
leaf_weight=28 38 22 24 21 95 99 36 111 44 22 731 43 209
leaf_count=28 38 22 24 21 95 99 36 111 44 22 731 43 209
internal_value=0 0.00136244 0.00180248 0.00530617 0.00131618 0.000193933 -0.000501193 0.00294295 -0.000620642 -0.00335376 -0.000486261 0.00167648 -0.00068787
internal_weight=1523 410 372 45 327 194 1113 133 1077 50 1027 87 940
internal_count=1523 410 372 45 327 194 1113 133 1077 50 1027 87 940
is_linear=0
shrinkage=0.0100044


Tree=76
num_leaves=20
num_cat=0
split_feature=0 15 23 14 4 45 3 4 2 8 25 16 8 8 16 32 11 25 54
split_gain=10.1943 4.51828 14.5518 12.5182 5.46584 4.70067 3.87089 5.01675 9.71924 11.7097 5.7092 3.86514 2.62032 2.61774 2.83706 2.31487 1.65541 1.54546 1.48327
threshold=31.535000000000004 0.49900000000000005 1147.5000000000002 11.995500000000002 43.035000000000004 1.0000000180025095e-35 0.53250000000000008 -4.0199999999999987 10.074470179207731 3.8930000000000002 18.500000000000004 11.500000000000002 49.350000000000009 10.156000000000001 12.500000000000002 0.42650000000000005 12.426000000000002 17.500000000000004 4.1393714752624691
decision_type=10 8 8 8 10 8 2 10 8 10 10 2 10 10 2 10 10 8 8
left_child=6 3 4 5 11 15 12 8 10 -10 -8 -3 16 14 -9 -2 18 -15 -1
right_child=1 2 -4 -5 -6 -7 7 13 9 -11 -12 -13 -14 17 -16 -17 -18 -19 -20
leaf_value=0.0014927304416957972 3.6253978957398652e-05 0.0026589989004443598 0.009782234967080165 -0.0071805786605217432 -0.0027973056317688702 -0.0031941266837671235 -0.0011251587403131712 -0.0010629230786102898 0.0090191665510033058 0.00070996418404886566 0.0045291591277109647 0.00051375237327037221 -0.0044823205835388914 -0.0021752064229942818 -0.0054698482855861826 0.0035353843058993414 0.0010278053302995584 0.000578057974355228 -0.0011903719843783208
leaf_weight=21 33 168 21 23 31 21 119 43 30 40 21 172 22 27 23 47 39 83 539
leaf_count=21 33 168 21 23 31 21 119 43 30 40 21 172 22 27 23 47 39 83 539
internal_value=0 0.00114394 0.00167128 -0.000512232 0.00120852 0.000992899 -0.00058541 0.000198379 0.00124546 0.00429039 -0.000267341 0.00157774 -0.00107478 -0.00104328 -0.00261918 0.00210892 -0.000947364 -8.54359e-05 -0.00108734
internal_weight=1523 516 392 124 371 101 1007 386 210 70 140 340 621 176 66 80 599 110 560
internal_count=1523 516 392 124 371 101 1007 386 210 70 140 340 621 176 66 80 599 110 560
is_linear=0
shrinkage=0.0100044


Tree=77
num_leaves=11
num_cat=0
split_feature=0 19 37 37 11 6 8 53 51 2
split_gain=9.99763 7.506 6.32943 6.10067 5.51765 4.55912 4.08296 2.86521 6.68413 1.44725
threshold=70.670000000000016 0.71550000000000014 0.18250000000000002 0.23410000000000003 8.8410000000000029 0.98050000000000004 87.385500000000022 99.500000000000014 0.97055000000000013 17.561153758413955
decision_type=10 2 8 8 8 2 10 2 10 8
left_child=5 -2 -3 -4 -5 6 7 9 -9 -1
right_child=1 2 3 4 -6 -7 -8 8 -10 -11
leaf_value=-0.0014166464973022392 -0.0028857553271476447 0.0055410653313022733 -0.0033222293474978295 -0.0032129551379269481 0.0020783937010237642 0.0030044199812308491 -0.0048825647964855085 -0.0003235726210326249 0.0051600463164205822 0.0010044769029920941
leaf_weight=337 38 40 26 21 285 36 22 669 23 26
leaf_count=337 38 40 26 21 285 36 22 669 23 26
internal_value=0 0.00133602 0.00177092 0.0013126 0.00171084 -0.000491452 -0.000609563 -0.000519174 -0.000139357 -0.0012395
internal_weight=1523 410 372 332 306 1113 1077 1055 692 363
internal_count=1523 410 372 332 306 1113 1077 1055 692 363
is_linear=0
shrinkage=0.0100044


Tree=78
num_leaves=20
num_cat=0
split_feature=0 12 11 13 14 4 18 33 46 3 5 25 4 63 2 16 1 54 39
split_gain=9.80692 4.29242 7.78104 12.6774 8.48798 6.67039 6.14054 5.90574 5.42772 3.77311 4.94353 4.03264 6.29169 3.16299 2.63074 2.38752 2.33169 2.33109 1.53657
threshold=31.535000000000004 0.098550000000000013 8.8195000000000014 0.025860000000000005 0.76750000000000018 62.985000000000007 26.515000000000004 9.3930000000000025 7.0770000000000008 0.53250000000000008 118.93500000000002 19.500000000000004 -4.9349999999999987 1.0250000000000001 18.531275447950705 13.500000000000002 1.5128500000000003 5.5846160066857662 0.48950000000000005
decision_type=10 2 8 8 8 8 10 8 10 2 10 10 8 2 8 2 2 10 2
left_child=9 2 -2 4 -4 -5 7 -3 13 14 11 15 -13 -8 16 -11 18 -9 -1
right_child=1 6 3 5 -6 -7 8 17 -10 10 -12 12 -14 -15 -16 -17 -18 -19 -20
leaf_value=-0.00086444302784961639 -0.0046315235401787223 0.0081958723576803505 0.0012669668933943878 0.00059567090027927807 0.0099494000483303473 -0.0052558907402277854 -0.0041449201880324671 0.0001815639484247086 0.0047693072500386222 0.00020158658938672049 0.0049206638308622302 0.0062564181659151537 -0.00016267688995805067 0.00078862929511239448 -0.0044712692490995404 -0.0015971413878111893 0.0020427517760396676 0.0045612719728076604 -0.0024609708254819235
leaf_weight=504 27 28 22 270 24 21 22 25 21 172 21 24 41 31 22 128 25 25 70
leaf_count=504 27 28 22 270 24 21 22 25 21 172 21 24 41 31 22 128 25 25 70
internal_value=0 0.001122 0.000527652 0.000945015 0.00582636 0.000168741 0.00253639 0.00449696 0.00045155 -0.00057417 0.00019963 -6.82825e-05 0.00218662 -0.00123372 -0.00105733 -0.000561358 -0.00092968 0.00239849 -0.0010615
internal_weight=1523 516 364 337 46 291 152 78 74 1007 386 365 65 53 621 300 599 50 574
internal_count=1523 516 364 337 46 291 152 78 74 1007 386 365 65 53 621 300 599 50 574
is_linear=0
shrinkage=0.0100044


Tree=79
num_leaves=15
num_cat=0
split_feature=0 15 14 14 4 45 17 3 11 2 10 54 53 32
split_gain=9.61288 4.36456 14.1797 12.0874 7.69546 4.58872 3.95388 3.71785 9.49287 3.30904 2.53431 4.45954 2.33723 2.27819
threshold=31.535000000000004 0.49900000000000005 8.0760000000000023 11.995500000000002 43.035000000000004 1.0000000180025095e-35 0.51145000000000007 0.90900000000000014 9.6535000000000029 18.185196128696784 2.9056500000000005 28.002744814906151 3668.0000000000005 0.42650000000000005
decision_type=10 8 8 8 10 8 10 2 8 10 2 10 2 10
left_child=7 3 4 5 6 13 -3 9 -9 10 12 -12 -1 -2
right_child=1 2 -4 -5 -6 -7 -8 8 -10 -11 11 -13 -14 -15
leaf_value=-0.00087600167776349491 8.6249185433393928e-06 0.00088207834944961942 0.0078095913907823876 -0.00706941748457588 -0.0040840586055047321 -0.003174815935463109 0.0035591367216845091 -0.001587145706844202 0.0072185786565812935 -0.0044666830904244821 0.00081446215995233887 -0.0018112733534843982 -0.004292272378530913 0.0034797079611072071
leaf_weight=587 33 260 34 23 27 21 71 29 21 23 237 89 21 47
leaf_count=587 33 260 34 23 27 21 71 29 21 23 237 89 21 47
internal_value=0 0.00111088 0.00162921 -0.000516799 0.00103846 0.000961978 0.0014604 -0.000568426 0.00208418 -0.00070843 -0.000614433 9.34675e-05 -0.000996225 0.00206481
internal_weight=1523 516 392 124 358 101 331 1007 50 957 934 326 608 80
internal_count=1523 516 392 124 358 101 331 1007 50 957 934 326 608 80
is_linear=0
shrinkage=0.0100044


Tree=80
num_leaves=15
num_cat=0
split_feature=2 13 11 14 4 27 28 41 30 44 13 4 73 37
split_gain=9.46539 16.4419 22.3431 28.5149 7.63858 7.5589 6.25512 7.67744 3.92178 3.88156 3.43796 1.71769 1.2364 0.978293
threshold=9.4398089576033559 1.0000000180025095e-35 11.046500000000002 3.0595000000000003 -37.374999999999993 33.480000000000011 0.19720000000000001 -0.0084999999999999989 4.1855800000000007 14.914884483162728 0.04833500000000001 -42.974999999999994 0.055500000000000008 0.56405000000000005
decision_type=10 10 8 8 10 10 2 10 8 10 10 8 8 10
left_child=9 2 -2 -4 5 -3 8 -8 -6 11 -7 -1 -13 -14
right_child=1 4 3 -5 6 10 7 -9 -10 -11 -12 12 13 -15
leaf_value=0.001920900464406529 -0.002166104453631342 -0.0071531672222194358 0.0018138884949620636 0.01686448141853544 -0.00020675733905980295 0.0027091854383003103 -0.0014554629654746508 0.0021435603714401123 0.0021281056511272697 -0.0051650180950231469 -0.0013287784999818351 0.0011664387365864068 -0.00072315563235871288 -0.0016504834505841387
leaf_weight=21 28 21 27 24 94 24 201 84 294 22 166 25 299 193
leaf_count=21 28 21 27 24 94 24 201 84 294 22 166 25 299 193
internal_value=0 0.000601956 0.00497559 0.00892307 0.000209568 -0.00144916 0.000731627 -0.000389948 0.00155895 -0.00103375 -0.000811595 -0.000862292 -0.000977961 -0.00108968
internal_weight=1523 963 79 51 884 211 673 285 388 560 190 538 517 492
internal_count=1523 963 79 51 884 211 673 285 388 560 190 538 517 492
is_linear=0
shrinkage=0.0100044


Tree=81
num_leaves=15
num_cat=0
split_feature=2 13 11 14 4 27 28 41 19 44 13 4 55 37
split_gain=9.27678 16.1146 21.9007 27.9449 7.48642 7.4082 6.13026 7.5247 3.87252 3.80405 3.36973 1.68373 1.85119 1.52848
threshold=9.4398089576033559 1.0000000180025095e-35 11.046500000000002 3.0595000000000003 -37.374999999999993 33.480000000000011 0.19720000000000001 -0.0084999999999999989 0.7965000000000001 14.914884483162728 0.04833500000000001 -42.974999999999994 0.71650000000000003 0.57150000000000012
decision_type=10 10 8 8 10 10 2 10 2 10 10 8 2 10
left_child=9 2 -2 -4 5 -3 8 -8 -6 11 -7 -1 13 -13
right_child=1 4 3 -5 6 10 7 -9 -10 -11 -12 12 -14 -15
leaf_value=0.0019016829356900036 -0.0021444337289539105 -0.0070816036719920572 0.0017957416090577203 0.016695762061481139 0.0033045328220483181 0.0026820815169797956 -0.0014409018833323895 0.0021221153187087867 0.00096766100161105946 -0.0051133450852596986 -0.0013154848400762018 -0.00069534315154117182 0.0012695103475323115 -0.001876366942911751
leaf_weight=21 28 21 27 24 95 24 201 84 293 22 166 307 34 176
leaf_count=21 28 21 27 24 95 24 201 84 293 22 166 307 34 176
internal_value=0 0.000595919 0.00492581 0.00883406 0.000207441 -0.00143466 0.000724288 -0.000385999 0.00154332 -0.0010234 -0.000803404 -0.00085364 -0.000968177 -0.0011285
internal_weight=1523 963 79 51 884 211 673 285 388 560 190 538 517 483
internal_count=1523 963 79 51 884 211 673 285 388 560 190 538 517 483
is_linear=0
shrinkage=0.0100044


Tree=82
num_leaves=17
num_cat=0
split_feature=2 13 26 14 4 27 28 41 39 13 30 35 4 13 55 37
split_gain=9.09225 15.7936 21.47 27.1629 7.33757 7.26049 6.00833 7.37499 3.84803 3.30286 3.10357 3.86628 1.95506 2.42171 1.37923 1.51742
threshold=9.4398089576033559 1.0000000180025095e-35 -68782.249999999985 3.0595000000000003 -37.374999999999993 33.480000000000011 0.19720000000000001 -0.0084999999999999989 0.5635 0.04833500000000001 19.978600000000004 25.197687500000004 -12.434999999999999 1.1122065000000003 0.71650000000000003 0.57150000000000012
decision_type=10 10 10 8 10 10 2 10 2 10 10 8 8 10 2 10
left_child=10 2 3 -2 5 -3 8 -8 -6 -7 12 -12 13 -1 15 -14
right_child=1 4 -4 -5 6 9 7 -9 -10 -11 11 -13 14 -15 -16 -17
leaf_value=-0.00057272246207192977 0.0014200887028035843 -0.0070107566630437171 -0.0019334820319237757 0.016232592470524092 0.0025416813021103897 0.0026552489765162136 -0.0014264865296510882 0.0021008847759838183 0.00053815723795908575 -0.0013023241826995199 -0.0060801005189190585 -0.00050549728380669574 -0.00070749657303970071 0.0035574286946579237 0.00097440403809595586 -0.0019864978170702242
leaf_weight=39 25 21 29 25 191 24 201 84 197 166 26 25 270 22 32 146
leaf_count=39 25 21 29 25 191 24 201 84 197 166 26 25 270 22 32 146
internal_value=0 0.000589972 0.00487653 0.00885342 0.000205365 -0.00142031 0.000717062 -0.00038209 0.00152792 -0.000795295 -0.00101316 -0.003374 -0.000773958 0.000894647 -0.00100418 -0.00115963
internal_weight=1523 963 79 50 884 211 673 285 388 190 560 51 509 61 448 416
internal_count=1523 963 79 50 884 211 673 285 388 190 560 51 509 61 448 416
is_linear=0
shrinkage=0.0100044


Tree=83
num_leaves=16
num_cat=0
split_feature=0 15 23 14 5 33 30 22 6 30 8 43 7 38 73
split_gain=8.90891 4.21046 13.1544 11.6062 5.7759 5.89336 5.26735 3.85218 3.58 3.75621 6.34166 2.94225 8.35473 3.00489 2.15581
threshold=31.535000000000004 0.49900000000000005 939.00000000000011 11.995500000000002 51.405000000000008 11.004000000000001 7.2175250000000011 1.1042500000000002 0.98050000000000004 0.088114200000000018 11.410500000000001 1.1695000000000002 22.925000000000001 132.29400000000001 0.077500000000000013
decision_type=10 8 8 8 10 8 10 2 2 8 10 2 10 2 10
left_child=8 3 4 7 6 -6 -3 14 9 10 -1 13 -13 -11 -2
right_child=1 2 -4 -5 5 -7 -8 -9 -10 11 -12 12 -14 -15 -16
leaf_value=0.00021547535508286518 0.00075623737123135316 0.0028596353416438466 0.0083243083607749194 -0.0069500834913743606 0.0017459120826722116 -0.0024053115664233226 -0.00082489261049112177 -0.0019934803054924076 0.0025884398350052625 -0.00090197081428746253 -0.007323187798482584 -0.00027952362157630676 0.00602810391366376 0.0023690542813794347 0.004389586731088798
leaf_weight=22 42 178 27 23 62 76 49 31 35 744 22 130 25 29 28
leaf_count=22 42 178 27 23 62 76 49 31 35 744 22 130 25 29 28
internal_value=0 0.00106941 0.00157856 -0.000529239 0.00107585 -0.000530459 0.00205833 0.00091953 -0.000547235 -0.000661538 -0.00352309 -0.000524402 0.000729101 -0.000777503 0.00222892
internal_weight=1523 516 392 124 365 138 227 101 1007 972 44 928 155 773 70
internal_count=1523 516 392 124 365 138 227 101 1007 972 44 928 155 773 70
is_linear=0
shrinkage=0.0100044


Tree=84
num_leaves=15
num_cat=0
split_feature=2 13 26 14 31 16 67 4 44 27 10 4 55 37
split_gain=8.78511 15.3998 20.9203 26.5264 7.1275 7.5158 8.07217 5.78776 3.67376 3.60725 2.47095 1.63299 1.76965 1.46804
threshold=9.4398089576033559 1.0000000180025095e-35 -68782.249999999985 3.0595000000000003 127.05000000000003 13.500000000000002 1.0000000180025095e-35 45.375000000000007 14.914884483162728 30.555000000000003 17.453850000000006 -42.974999999999994 0.71650000000000003 0.57150000000000012
decision_type=10 10 10 8 10 2 2 10 10 10 2 8 2 10
left_child=8 2 3 -2 5 7 -7 -3 11 -6 -11 -1 13 -13
right_child=1 4 -4 -5 9 6 -8 -9 -10 10 -12 12 -14 -15
leaf_value=0.0018844089322606831 0.0013920423944280252 0.0020815761646621029 -0.0019090700138112721 0.016030649892947581 -0.0051256568634400141 -0.0046981032676196898 0.00025010532943481003 -0.0030862413549790986 -0.0050152550178534632 -0.0010922128957545736 0.0024739183183389115 -0.00067402880565659148 0.0012456592347273084 -0.0018316205356413255
leaf_weight=21 25 333 29 25 21 39 212 23 22 235 21 307 34 176
leaf_count=21 25 333 29 25 21 39 212 23 22 235 21 307 34 176
internal_value=0 0.000579929 0.00481271 0.00873842 0.000200128 0.000808276 -0.000513346 0.0017439 -0.000995898 -0.00112764 -0.00079439 -0.000829021 -0.000941856 -0.00109865
internal_weight=1523 963 79 50 884 607 251 356 560 277 256 538 517 483
internal_count=1523 963 79 50 884 607 251 356 560 277 256 538 517 483
is_linear=0
shrinkage=0.0100044


Tree=85
num_leaves=15
num_cat=0
split_feature=2 13 11 14 4 27 22 47 1 44 13 4 55 20
split_gain=8.61006 15.0933 20.6635 26.2137 7.02713 7.06166 5.81708 6.23114 4.06321 3.6004 3.22841 1.6007 1.73471 1.02349
threshold=9.4398089576033559 1.0000000180025095e-35 11.046500000000002 3.0595000000000003 -37.374999999999993 33.480000000000011 1.0599000000000003 0.16150000000000003 0.64700000000000013 14.914884483162728 0.04833500000000001 -42.974999999999994 0.71650000000000003 65.040000000000006
decision_type=10 10 8 8 10 10 2 2 2 10 10 8 2 10
left_child=9 2 -2 -4 5 -3 8 -8 -6 11 -7 -1 13 -13
right_child=1 4 3 -5 6 10 7 -9 -10 -11 -12 12 -14 -15
leaf_value=0.001865556398533348 -0.0021020540587386493 -0.0069061767273086577 0.0017423998733738322 0.016175553048204606 0.0063427968178899324 0.0026350818437679523 -0.00035162765083001025 0.0025639723227774665 0.0016954499911187202 -0.0049650803505797729 -0.0012776473550417037 -0.00062450251347939646 0.0012331970469652296 -0.0015587969788742003
leaf_weight=21 28 21 27 24 22 24 416 89 146 22 166 245 34 238
leaf_count=21 28 21 27 24 22 24 416 89 146 22 166 245 34 238
internal_value=0 0.000574113 0.00476456 0.00856102 0.000198096 -0.00139278 0.000698882 0.00015953 0.00231209 -0.000985934 -0.000776283 -0.000820702 -0.000932433 -0.00108768
internal_weight=1523 963 79 51 884 211 673 505 168 560 190 538 517 483
internal_count=1523 963 79 51 884 211 673 505 168 560 190 538 517 483
is_linear=0
shrinkage=0.0100044


Tree=86
num_leaves=19
num_cat=0
split_feature=0 12 11 13 51 4 18 33 63 8 64 11 3 52 54 19 51 16
split_gain=8.45075 4.11194 7.21318 11.4148 7.5167 6.3548 5.92459 5.50838 4.2235 3.6009 3.36302 3.33419 10.5225 4.87397 2.2179 1.61733 1.834 1.80329
threshold=31.535000000000004 0.098550000000000013 8.8195000000000014 0.025860000000000005 0.99340000000000017 62.985000000000007 26.515000000000004 9.3930000000000025 1.0250000000000001 52.646000000000008 0.70400000000000007 10.434000000000003 0.90900000000000014 0.71050000000000013 5.5846160066857662 0.86250000000000016 0.53540000000000021 10.500000000000002
decision_type=10 2 8 8 8 8 10 8 2 10 8 8 2 10 10 2 8 2
left_child=9 2 -2 4 -4 -5 7 -3 -8 11 -10 15 13 -13 -9 17 -17 -1
right_child=1 6 3 5 -6 -7 8 14 10 -11 -12 12 -14 -15 -16 16 -18 -19
leaf_value=-0.0017735295624177567 -0.0045076281328942213 0.0079242939053145705 0.0010083644205578874 0.0005418919222118264 0.0092070669706793753 -0.0051700012336194376 -0.0028473744407184419 0.00015962476191307384 -0.00013381402034758893 -0.0040127429211341947 0.0051575407886224776 -0.00040590276781685738 0.00699173623187869 0.0042909630534828953 0.0044327030352691154 -0.0044180962470468281 -0.001310131715946953 0.0010430260335451639
leaf_weight=37 27 28 21 270 25 21 26 25 27 29 21 556 21 23 25 21 261 59
leaf_count=37 27 28 21 270 25 21 26 25 27 29 21 556 21 23 25 21 261 59
internal_value=0 0.00104156 0.000459855 0.00086186 0.00549361 0.000125041 0.0024257 0.00435123 0.000377784 -0.000532962 0.00215295 -0.000428394 3.30611e-05 -0.000216988 0.00232324 -0.00116445 -0.00154638 -2.84193e-05
internal_weight=1523 516 364 337 46 291 152 78 74 1007 48 978 600 579 50 378 282 96
internal_count=1523 516 364 337 46 291 152 78 74 1007 48 978 600 579 50 378 282 96
is_linear=0
shrinkage=0.0100044


Tree=87
num_leaves=17
num_cat=0
split_feature=2 13 11 14 31 16 19 4 44 27 10 4 13 55 29 30
split_gain=8.33344 14.6411 20.126 25.4896 6.84012 7.37169 7.34881 5.61295 3.52534 3.48444 2.39175 1.56276 2.9612 1.33864 1.23653 0.894937
threshold=9.4398089576033559 1.0000000180025095e-35 11.046500000000002 3.0595000000000003 127.05000000000003 13.500000000000002 0.75200000000000011 45.375000000000007 14.914884483162728 30.555000000000003 17.453850000000006 -12.434999999999999 1.1122065000000003 0.71650000000000003 0.35300000000000004 12.345350000000002
decision_type=10 10 8 8 10 2 2 10 10 10 2 8 10 2 2 8
left_child=8 2 -2 -4 5 7 -7 -3 11 -6 -11 12 14 15 -1 -13
right_child=1 4 3 -5 9 6 -8 -9 -10 10 -12 13 -14 -15 -16 -17
leaf_value=0.00074739960351615962 -0.0020842209281271935 0.002049467373847434 0.0017143326423888906 0.015947592552258347 -0.0050357683259748846 -0.0049979890131127561 0.00012971785278684481 -0.0030393912224662071 -0.0049074464545081709 -0.0010716695310027846 0.0024366466345715938 -0.0027881128248851308 0.0035332451147743957 0.00094525284727173286 -0.0026504879743259337 -0.0010208734700691145
leaf_weight=21 28 333 27 24 21 32 219 23 22 235 21 32 23 32 21 409
leaf_count=21 28 333 27 24 21 32 219 23 22 235 21 32 23 32 21 409
internal_value=0 0.000564831 0.00469204 0.00843888 0.000194466 0.000790256 -0.00051862 0.00171689 -0.000969951 -0.00110622 -0.00077859 -0.000806422 0.000635381 -0.00100742 -0.000919311 -0.00115218
internal_weight=1523 963 79 51 884 607 251 356 560 277 256 538 65 473 42 441
internal_count=1523 963 79 51 884 607 251 356 560 277 256 538 65 473 42 441
is_linear=0
shrinkage=0.0100044


Tree=88
num_leaves=17
num_cat=0
split_feature=2 31 14 26 37 64 4 16 35 44 11 6 4 73 4 73
split_gain=8.16738 10.8129 14.8062 23.5669 14.6273 8.71412 5.51376 6.33624 3.67534 3.45494 2.28872 2.25683 1.54061 1.16265 0.89882 0.385338
threshold=9.4398089576033559 74.90000000000002 3.5530000000000004 -389148.99999999994 0.24615000000000001 0.010500000000000001 47.250000000000007 13.500000000000002 3.3000000000000009e-05 14.914884483162728 10.434000000000003 0.49650000000000005 -41.599999999999994 0.055500000000000008 10.095000000000001 0.12450000000000001
decision_type=10 10 8 10 10 8 10 2 10 10 10 2 8 8 10 10
left_child=9 2 6 4 -4 -5 7 -2 -3 12 15 -12 -1 -14 -15 -10
right_child=1 8 3 5 -6 -7 -8 -9 10 -11 11 -13 13 14 -16 -17
leaf_value=0.0017146130062461334 0.0018013251142334082 -0.0050643316188117076 0.015273547118836658 -0.0041529695354698831 0.0038426417843266964 0.0039308191576626671 -0.0037624847070152172 -0.00039197796782330832 -0.0009849723048880191 -0.0048583502131034715 0.0035689579837269829 -0.00028781141311964945 0.0011661403713643117 -0.00090237873188077355 -0.0026381060369176142 -0.0020256584825363161
leaf_weight=23 308 21 25 24 21 30 27 229 152 22 21 53 25 457 33 52
leaf_count=23 308 21 25 24 21 30 27 229 152 22 21 53 25 457 33 52
internal_value=0 0.000559166 0.00127145 0.00482141 0.0100845 0.000312954 0.000639629 0.000863485 -0.00101811 -0.000960248 -0.000707589 0.000788382 -0.000798329 -0.000913187 -0.00102204 -0.00125688
internal_weight=1523 963 664 100 46 54 564 537 299 560 278 74 538 515 490 204
internal_count=1523 963 664 100 46 54 564 537 299 560 278 74 538 515 490 204
is_linear=0
shrinkage=0.0100044


Tree=89
num_leaves=17
num_cat=0
split_feature=6 5 36 17 37 51 21 19 32 35 4 19 31 1 74 1
split_gain=8.05303 10.0341 9.56514 6.84384 10.7146 5.99854 5.58207 5.15429 4.69333 5.92042 4.56368 4.41638 3.96031 1.80423 1.33504 0.51085
threshold=0.56450000000000011 1023.3600000000002 21.500000000000004 0.066600000000000006 0.23705000000000001 0.95795000000000019 0.9547000000000001 0.71650000000000003 0.40800000000000008 2.2595580000000006 25.415000000000003 0.74550000000000016 0.55000000000000016 1.3048000000000002 3000.5000000000005 0.89240000000000008
decision_type=2 10 2 10 8 10 10 2 8 10 10 2 8 2 10 2
left_child=3 2 13 4 -1 11 -7 -5 14 -10 12 -4 -6 15 -9 -2
right_child=1 -3 5 7 10 6 -8 8 9 -11 -12 -13 -14 -15 -16 -17
leaf_value=-0.006694175613161127 0 0.0070886424846627735 -0.0019343493513098763 -0.0026227680549984838 -0.0025424705659501598 0.0076562557452930034 0.0011546142057101342 -0.0013902245731079277 0.0075947772013657934 0.0017394992970897031 0.0029756660526340018 0.0012568552965506509 -0.00056639515969851475 -0.0044658973859571039 0.0017770356317038385 -0.0015910969751035649
leaf_weight=32 25 25 49 29 126 27 27 36 25 59 31 363 540 21 21 87
leaf_count=32 25 25 49 29 126 27 27 36 25 59 31 363 540 21 21 87
internal_value=0 0.000873644 0.000611993 -0.000605632 -0.00102816 0.00128906 0.00443051 0.00119829 0.00199378 0.00349826 -0.000766082 0.000874033 -0.00094228 -0.00175011 -0.000199588 -0.00122881
internal_weight=1523 624 599 899 729 466 54 170 141 84 697 412 666 133 57 112
internal_count=1523 624 599 899 729 466 54 170 141 84 697 412 666 133 57 112
is_linear=0
shrinkage=0.0100044


Tree=90
num_leaves=17
num_cat=0
split_feature=6 5 53 17 37 28 23 19 0 11 52 18 73 9 63 3
split_gain=7.89284 9.83413 9.37813 6.70786 10.501 6.50635 5.51354 5.0522 5.0186 4.18036 5.27777 4.10564 2.75215 1.8658 1.60456 0.83108
threshold=0.56450000000000011 1023.3600000000002 105.50000000000001 0.066600000000000006 0.23705000000000001 0.21570000000000003 939.00000000000011 0.71650000000000003 434.00000000000006 9.9865000000000013 0.62450000000000017 32.080000000000005 0.16350000000000003 145.50000000000003 1.0250000000000001 0.69850000000000001
decision_type=2 10 2 10 8 2 8 2 8 10 10 8 10 8 2 2
left_child=3 2 13 4 -1 6 -4 -5 14 11 -11 -6 -7 15 -9 -2
right_child=1 -3 5 7 9 12 -8 8 -10 10 -12 -13 -14 -15 -16 -17
leaf_value=-0.0066272043774814535 -0.00047890772052826063 0.007017724748758899 0.0016090068470116193 -0.0025965288016977727 0.0018539154014805116 0.0002014346660619852 0.0066976634294481077 -0.00098814531568152059 0.0052048140666519881 -4.4646865087810664e-05 0.0052962574774291114 -0.0013858637008414877 -0.0032953323220343551 -0.0042074490676048812 0.0016790654058544297 -0.0022881314155299747
leaf_weight=32 77 25 333 29 42 69 23 32 36 114 22 519 33 24 73 40
leaf_count=32 77 25 333 29 42 69 23 32 36 114 22 519 33 24 73 40
internal_value=0 0.000864917 0.000605861 -0.000599573 -0.00101789 0.00130208 0.00194157 0.0011863 0.00197393 -0.000758418 0.000809368 -0.0011409 -0.0009166 -0.00164601 0.000853308 -0.00110902
internal_weight=1523 624 599 899 729 458 356 170 141 697 136 561 102 141 105 117
internal_count=1523 624 599 899 729 458 356 170 141 697 136 561 102 141 105 117
is_linear=0
shrinkage=0.0100044


Tree=91
num_leaves=18
num_cat=0
split_feature=6 5 53 28 23 6 61 9 12 19 29 4 14 31 11 9 3
split_gain=7.73547 9.63825 9.19298 6.37674 5.40325 4.95034 15.0385 5.29927 5.27551 4.94892 3.24243 3.20203 2.1442 3.04126 2.43898 1.82807 0.814237
threshold=0.56450000000000011 1023.3600000000002 105.50000000000001 0.21570000000000003 939.00000000000011 0.55850000000000011 17.500000000000004 52.640000000000008 0.19015000000000001 0.76150000000000018 0.34900000000000003 5.4500000000000011 1.3910000000000002 0.55000000000000016 10.434000000000003 145.50000000000003 0.69850000000000001
decision_type=2 10 2 2 8 2 8 10 2 2 2 10 10 10 10 8 2
left_child=5 2 15 4 -4 7 -7 12 9 -9 -8 -5 14 -14 -1 16 -2
right_child=1 -3 3 11 -6 6 10 8 -10 -11 -12 -13 13 -15 -16 -17 -18
leaf_value=-0.00093543932743965909 -0.00047411653051813416 0.006947516560314824 0.0015929096808163545 -0.0018733035709260892 0.006630657205586787 -0.010224513065645787 0.0028993190013748668 -0.0040656190639753627 0.0055862183775368659 0.0011265590888739296 -0.0024833030999439299 0.002351865037909242 -0.005383883488367487 -0.0008494958491351922 0.00070803983345543568 -0.0041653560943319167 -0.0022652400003354859
leaf_weight=469 77 25 333 79 23 21 21 21 23 144 24 23 24 41 111 24 40
leaf_count=469 77 25 333 79 23 21 21 21 23 144 24 23 24 41 111 24 40
internal_value=0 0.000856242 0.000599755 0.00128908 0.00192218 -0.000593575 -0.00323376 -0.000382763 0.00109218 0.000457532 0 -0.000907297 -0.000814767 -0.00254456 -0.000618577 -0.00162974 -0.00109804
internal_weight=1523 624 599 458 356 899 66 833 188 165 45 102 645 65 580 141 117
internal_count=1523 624 599 458 356 899 66 833 188 165 45 102 645 65 580 141 117
is_linear=0
shrinkage=0.0100044


Tree=92
num_leaves=16
num_cat=0
split_feature=2 13 11 14 22 12 37 34 9 19 44 55 60 3 7
split_gain=7.60563 13.7083 19.3863 24.107 6.72437 7.19533 12.472 6.53074 4.02999 4.33633 3.38986 1.45682 1.62374 2.14067 1.38983
threshold=9.4398089576033559 1.0000000180025095e-35 11.046500000000002 3.0595000000000003 1.0601500000000004 0.10080000000000001 0.23705000000000001 96.860000000000014 -32.259999999999998 0.85050000000000014 14.914884483162728 0.71650000000000003 2940.5000000000005 0.5485000000000001 21.835000000000004
decision_type=10 10 8 8 2 2 8 8 8 2 10 2 2 2 10
left_child=10 2 -2 -4 8 6 -6 -7 -3 -10 11 12 14 -14 -1
right_child=1 4 3 -5 5 7 -8 -9 9 -11 -12 -13 13 -15 -16
leaf_value=-0.00089083795703708338 -0.0021170758859490589 0.005649181462112904 0.0016695458382619958 0.01551317094137597 -0.0067856004311854156 0.0042980551750399195 -0.00043177207400120493 -0.00039117703357417484 0.0036749844293402028 0.00033920943356223503 -0.0047876427512352753 0.0012212381487195206 -0.0010649488211119998 0.0032434705377688924 -0.0027089577137993353
leaf_weight=410 28 23 27 24 33 58 505 60 53 152 22 34 25 21 48
leaf_count=410 28 23 27 24 33 58 505 60 53 152 22 34 25 21 48
internal_value=0 0.000539545 0.00453311 0.00821074 0.000181122 -0.000331565 -0.000824021 0.00190223 0.00166216 0.00120823 -0.000926686 -0.000766287 -0.000903052 0.000872508 -0.00108434
internal_weight=1523 963 79 51 884 656 538 118 228 205 560 538 504 46 458
internal_count=1523 963 79 51 884 656 538 118 228 205 560 538 504 46 458
is_linear=0
shrinkage=0.0100044


Tree=93
num_leaves=13
num_cat=0
split_feature=0 11 14 4 54 17 3 5 17 8 36 36
split_gain=7.48347 8.3592 16.3255 10.1557 5.37914 5.14791 4.92095 9.37176 4.79806 5.28868 4.30595 3.30956
threshold=185.00000000000003 11.046500000000002 3.8385000000000002 27.445000000000004 16.892969444564962 0.38315000000000005 0.5655 511.85000000000008 0.072050000000000017 62.587500000000006 834.50000000000011 1027.5000000000002
decision_type=10 8 8 10 10 10 2 10 10 10 2 2
left_child=5 -2 3 4 -3 6 8 10 9 -1 -8 -10
right_child=1 2 -4 -5 -6 -7 7 -9 11 -11 -12 -13
leaf_value=-0.00076078043596140539 -0.0033784866244978826 0.0013828259964633527 0.010224258685611207 -0.0041503612810532735 0.0059517161597506087 -0.0052291976877709614 -0.00070308782461323222 0.0070306099872748558 0.0040913489511063975 -0.0052022926730606661 0.0014271563970840045 7.1312481513130757e-05
leaf_weight=726 30 141 23 29 32 21 199 22 32 28 181 59
leaf_count=726 30 141 23 29 32 21 199 22 32 28 181 59
internal_value=0 0.00156422 0.00222927 0.00131224 0.00223576 -0.000314074 -0.000230215 0.000679289 -0.000664505 -0.000927513 0.000308018 0.00149983
internal_weight=1523 255 225 202 173 1268 1247 402 845 754 380 91
internal_count=1523 255 225 202 173 1268 1247 402 845 754 380 91
is_linear=0
shrinkage=0.0100044


Tree=94
num_leaves=11
num_cat=0
split_feature=7 29 53 20 2 27 13 29 44 4
split_gain=7.40741 8.62487 10.2133 7.37063 6.14011 9.06813 8.43258 4.70057 3.32345 1.49983
threshold=73.925000000000011 0.023500000000000004 4015.0000000000005 35.750000000000007 9.4398089576033559 24.945000000000004 0.041959500000000004 0.26750000000000007 14.914884483162728 -41.599999999999994
decision_type=10 2 2 8 10 10 10 2 10 8
left_child=3 -2 -3 -1 8 -6 -7 -4 9 -5
right_child=1 2 7 4 5 6 -8 -9 -10 -11
leaf_value=-0.0059351553791551978 -0.0023792249173976141 0.0092332081216455354 0.0052211837597290174 0.0017291799580806577 -0.0043266901741847025 0.0033156175645638708 0.00027054838258478228 -0.0009218128556743217 -0.0047326699510483374 -0.00086434039399201177
leaf_weight=22 26 27 21 23 38 105 695 30 22 514
leaf_count=22 26 27 21 23 38 105 695 30 22 514
internal_value=0 0.00257763 0.00424727 -0.000188467 -9.69993e-05 0.000443624 0.000671906 0.00158111 -0.000909872 -0.000750737
internal_weight=1523 104 78 1419 1397 838 800 51 559 537
internal_count=1523 104 78 1419 1397 838 800 51 559 537
is_linear=0
shrinkage=0.0100044


Tree=95
num_leaves=18
num_cat=0
split_feature=6 5 36 17 6 10 28 23 19 0 11 24 28 73 1 63 0
split_gain=7.36072 9.06401 8.80725 6.34657 9.7782 14.7384 6.1572 5.35972 4.8889 4.85409 3.8256 3.07431 2.8576 2.6433 1.7331 1.56041 0.516646
threshold=0.56450000000000011 1023.3600000000002 21.500000000000004 0.066600000000000006 0.55850000000000011 5.0042000000000009 0.21570000000000003 939.00000000000011 0.71650000000000003 434.00000000000006 9.9865000000000013 0.50500000000000012 0.19540000000000005 0.16350000000000003 1.3048000000000002 1.0250000000000001 0.16500000000000004
decision_type=2 10 2 10 2 2 2 8 2 8 10 10 2 10 2 2 8
left_child=3 2 14 4 10 -6 7 -4 -5 15 12 -12 -1 -8 16 -10 -2
right_child=1 -3 6 8 5 -7 13 -9 9 -11 11 -13 -14 -15 -16 -17 -18
leaf_value=-0.0003896538209899472 -0.00030282795739255698 0.0067424493335661168 0.0015314858579145696 -0.0025629662849580453 -0.00039487628251173298 -0.011389813155264049 0.00016871341759109058 0.0065453662992658373 -0.00098519509239732429 0.0051104281161704285 0.00017383650562555704 0.0043575138689669239 -0.0018548377868610989 -0.0032421989649355407 -0.0043414907503090024 0.0016450493727016768 -0.0017303698838959101
leaf_weight=303 45 25 339 29 28 22 71 23 32 36 113 21 242 33 21 73 67
leaf_count=303 45 25 339 29 28 22 71 23 32 36 113 21 242 33 21 73 67
internal_value=0 0.00083522 0.000586414 -0.000579042 -0.000985968 -0.00525972 0.00123617 0.00185379 0.00115799 0.00193289 -0.000669265 0.00083959 -0.00104273 -0.000900578 -0.00168001 0.000830558 -0.00116889
internal_weight=1523 624 599 899 729 50 466 362 170 141 679 134 545 104 133 105 112
internal_count=1523 624 599 899 729 50 466 362 170 141 679 134 545 104 133 105 112
is_linear=0
shrinkage=0.0100044


Tree=96
num_leaves=16
num_cat=0
split_feature=6 5 36 17 37 28 23 4 82 4 31 4 35 9 0
split_gain=7.21411 8.88347 8.63345 6.22002 10.1297 6.03454 5.25252 4.44554 4.2456 4.33981 3.76617 3.1061 2.98869 1.69801 0.506047
threshold=0.56450000000000011 1023.3600000000002 21.500000000000004 0.066600000000000006 0.23705000000000001 0.21570000000000003 939.00000000000011 25.415000000000003 0.89350000000000007 62.985000000000007 0.55000000000000016 5.4500000000000011 2.2595580000000006 37.080000000000005 0.16500000000000004
decision_type=2 10 2 10 8 2 8 10 10 8 8 10 10 10 8
left_child=3 2 13 4 -1 6 -4 10 9 12 -6 -7 -5 14 -2
right_child=1 -3 5 8 7 11 -8 -9 -10 -11 -12 -13 -14 -15 -16
leaf_value=-0.0064852931368280442 -0.00029979832882551135 0.0066749949819670997 0.0015161642340600541 0.0039655710689471286 -0.0024556085940469255 -0.0018221532818788405 0.0064798835981472952 0.0029720061184958435 0.0046371880331490785 -0.0030163766970793646 -0.00052858472581723869 0.002327437426199687 0.00029117169157548829 -0.0042980566898951321 -0.001713058507763039
leaf_weight=32 45 25 339 31 126 81 23 31 29 29 540 23 81 21 67
leaf_count=32 45 25 339 31 126 81 23 31 29 29 540 23 81 21 67
internal_value=0 0.000826842 0.000580502 -0.000573264 -0.000976123 0.00122384 0.00183528 -0.000721249 0.00114632 0.000418742 -0.00089519 -0.000891438 0.00132028 -0.0016634 -0.00115732
internal_weight=1523 624 599 899 729 466 362 697 170 141 666 104 112 133 112
internal_count=1523 624 599 899 729 466 362 697 170 141 666 104 112 133 112
is_linear=0
shrinkage=0.0100044


Tree=97
num_leaves=12
num_cat=0
split_feature=7 29 53 20 35 2 43 1 29 38 31
split_gain=7.12148 8.37686 9.93336 7.16203 5.82798 6.31507 7.85387 4.8745 4.59869 4.44043 3.06429
threshold=73.925000000000011 0.023500000000000004 4015.0000000000005 35.750000000000007 0.18611000000000003 9.4398089576033559 1.0755000000000001 2.3832000000000004 0.26750000000000007 132.29400000000001 0.25000000000000006
decision_type=10 2 2 8 10 10 2 2 2 2 8
left_child=3 -2 -3 -1 7 10 -7 9 -4 -5 -6
right_child=1 2 8 4 5 6 -8 -9 -10 -11 -12
leaf_value=-0.0058496149827488523 -0.0023573271661405173 0.0090901060288138772 0.0051439297505278848 -0.0011220697273445223 -0.0037095365671229964 0.0036070414703681716 0.0004591432947761177 -0.0058228655587578065 -0.00093219126306846574 0.0036000645497737487 -0.00042013735266401264
leaf_weight=22 26 27 21 355 31 94 519 21 30 21 356
leaf_count=22 26 27 21 355 31 94 519 21 30 21 356
internal_value=0 0.00252736 0.00417294 -0.000184825 -9.46463e-05 0.000311439 0.000944064 -0.00112094 0.0015432 -0.000854733 -0.000687127
internal_weight=1523 104 78 1419 1397 1000 613 397 51 376 387
internal_count=1523 104 78 1419 1397 1000 613 397 51 376 387
is_linear=0
shrinkage=0.0100044


Tree=98
num_leaves=16
num_cat=0
split_feature=6 5 53 17 37 28 23 4 82 4 11 4 35 9 3
split_gain=7.01871 8.63462 8.35608 6.04676 9.91415 5.91914 4.92687 4.35079 4.15773 4.23157 3.6588 3.05419 2.9067 1.73782 0.770904
threshold=0.56450000000000011 1023.3600000000002 105.50000000000001 0.066600000000000006 0.23705000000000001 0.21570000000000003 939.00000000000011 25.415000000000003 0.89350000000000007 62.985000000000007 9.9865000000000013 5.4500000000000011 2.2595580000000006 145.50000000000003 0.69850000000000001
decision_type=2 8 2 10 8 2 8 10 10 8 10 10 10 8 2
left_child=3 2 13 4 -1 6 -4 10 9 12 -6 -7 -5 14 -2
right_child=1 -3 5 8 7 11 -8 -9 -10 -11 -12 -13 -14 -15 -16
leaf_value=-0.0064129656377968783 -0.00042673326319336515 0.0065812850617905745 0.001525279748431436 0.0039089543403254571 -0.0012538490520923077 -0.0018295753696742586 0.0063369651440420317 0.0029430927406865507 0.0045844975961579458 -0.0029820330702360017 0.0005949334086261742 0.002296519953919439 0.0002850448136145944 -0.0040248028397486578 -0.0021693715293059296
leaf_weight=32 77 25 333 31 533 79 23 31 29 29 133 23 81 24 40
leaf_count=32 77 25 333 31 533 79 23 31 29 29 133 23 81 24 40
internal_value=0 0.000815547 0.000572647 -0.000565468 -0.000962689 0.00122993 0.00183995 -0.000710519 0.00112995 0.000409839 -0.000882615 -0.000885909 0.00130018 -0.00155274 -0.00103408
internal_weight=1523 624 599 899 729 458 356 697 170 141 666 102 112 141 117
internal_count=1523 624 599 899 729 458 356 697 170 141 666 102 112 141 117
is_linear=0
shrinkage=0.0100044


Tree=99
num_leaves=12
num_cat=0
split_feature=7 14 2 27 27 2 21 13 44 54 4
split_gain=6.92878 9.39724 10.6023 7.01338 11.6434 6.54191 8.00249 11.0816 3.55276 2.32304 1.48452
threshold=73.925000000000011 0.75700000000000012 11.475685553637145 25.825000000000003 16.635000000000002 9.4398089576033559 0.74245000000000017 0.041959500000000004 14.349637814239509 8.2558822630146782 -41.599999999999994
decision_type=10 8 10 8 10 10 8 10 10 10 8
left_child=3 -2 -3 4 -1 8 -7 -8 10 -4 -5
right_child=1 2 9 5 -6 6 7 -9 -10 -11 -12
leaf_value=0.00088150479422853219 -0.0017013001380261324 0.010584309559080714 -0.00022792635965329536 0.0017451817258673254 -0.0083691911200914643 -0.0055650633459795379 0.0038747875934930652 0.00024742396704216486 -0.0048387744006280903 0.0041254264485165656 -0.00083690546595897289
leaf_weight=27 35 21 23 23 27 21 96 701 22 25 502
leaf_count=27 35 21 23 23 27 21 96 701 22 25 502
internal_value=0 0.00249293 0.00464006 -0.000182309 -0.00371877 -4.14133e-05 0.000523909 0.000686045 -0.000889288 0.00201124 -0.000721207
internal_weight=1523 104 69 1419 54 1365 818 797 547 48 525
internal_count=1523 104 69 1419 54 1365 818 797 547 48 525
is_linear=0
shrinkage=0.0100044


Tree=100
num_leaves=19
num_cat=0
split_feature=6 15 8 17 37 29 44 19 32 35 51 11 13 4 71 31 9 74
split_gain=6.83495 8.20393 11.7884 5.90343 9.68994 4.80786 5.92701 4.74719 4.38218 5.50546 4.26937 6.14647 4.30087 4.26289 3.8502 3.67257 1.99914 1.31371
threshold=0.56450000000000011 1.7500000000000002 1.0000000180025095e-35 0.066600000000000006 0.23705000000000001 0.012500000000000002 4.8077866765988775 0.71650000000000003 0.40800000000000008 2.2595580000000006 0.80130000000000001 8.8195000000000014 0.00098850000000000023 25.415000000000003 20.500000000000004 0.55000000000000016 65.75500000000001 3000.5000000000005
decision_type=2 8 8 10 8 2 10 2 8 10 8 10 10 10 8 8 8 10
left_child=3 10 -3 4 -1 14 -7 -5 17 -10 -2 16 -13 15 -4 -6 -12 -9
right_child=1 2 5 7 13 6 -8 8 9 -11 11 12 -14 -15 -16 -17 -18 -19
leaf_value=-0.0063388443697203782 -0.0039822533386721874 0.0080614540623711334 0.0025485685100766131 -0.0025494309094814638 -0.0024124104493117278 0.0025220098211116942 -0.00099110601795846529 -0.0014188548592212848 0.0072854240669975086 0.0016379600707543112 -0.0010342751190922067 0.0055574052316343242 0.00048488629511860058 0.0029152644572087464 -0.0023615249852914693 -0.0005094938793062647 -0.0043598850574298031 0.0017216405688987284
leaf_weight=32 34 27 22 29 126 232 60 36 25 59 72 22 73 31 57 540 25 21
leaf_count=32 34 27 22 29 126 232 60 36 25 59 72 22 73 31 57 540 25 21
internal_value=0 0.000804816 0.00167025 -0.000558001 -0.000950499 0.00120148 0.0017955 0.00111716 0.00188088 0.00333487 -0.000713283 -0.000127352 0.00167383 -0.000701172 -0.00097702 -0.000871538 -0.00190535 -0.000238079
internal_weight=1523 624 398 899 729 371 292 170 141 84 226 192 95 697 79 666 97 57
internal_count=1523 624 398 899 729 371 292 170 141 84 226 192 95 697 79 666 97 57
is_linear=0
shrinkage=0.0100044


Tree=101
num_leaves=13
num_cat=0
split_feature=7 14 2 27 27 8 17 5 43 7 48 2
split_gain=6.73381 9.16908 10.3316 6.83797 11.4102 6.3597 6.54232 5.93323 4.99423 8.37568 4.01124 2.1807
threshold=73.925000000000011 0.75700000000000012 11.475685553637145 25.825000000000003 16.635000000000002 87.385500000000022 0.33005000000000007 942.07000000000005 1.0745000000000002 66.895000000000024 -0.45499999999999996 12.644098469999348
decision_type=10 8 10 8 10 10 10 10 2 8 2 10
left_child=3 -2 -3 4 -1 6 7 -5 9 -7 -10 -4
right_child=1 2 11 5 -6 8 -8 -9 10 -11 -12 -13
leaf_value=0.00088187635543232818 -0.001685089922977597 0.010446631466161028 0.0040311306470117436 -0.00034643374099269287 -0.008275412096663385 -0.00039760268357515296 -0.0057081942771767128 0.0032436848828163506 0.0025739847609995434 0.0077815520640040379 -0.0010672921941272523 -0.00018416987788164529
leaf_weight=27 35 21 25 1123 27 21 22 48 57 30 64 23
leaf_count=27 35 21 25 1123 27 21 22 48 57 30 64 23
internal_value=0 0.00245759 0.00457857 -0.000179737 -0.0036717 -4.06016e-05 -0.000300862 -0.000198116 0.00175671 0.00438712 0.000636832 0.00198309
internal_weight=1523 104 69 1419 54 1365 1193 1171 172 51 121 48
internal_count=1523 104 69 1419 54 1365 1193 1171 172 51 121 48
is_linear=0
shrinkage=0.0100044


Tree=102
num_leaves=11
num_cat=0
split_feature=7 14 2 20 10 23 10 23 12 54
split_gain=6.59909 8.98719 10.1254 6.9093 5.68117 9.02303 6.4018 5.95232 4.60559 2.24396
threshold=73.925000000000011 0.75700000000000012 11.475685553637145 35.750000000000007 7.614300000000001 939.00000000000011 7.0370500000000007 210.50000000000003 0.12585000000000005 8.2558822630146782
decision_type=10 8 10 8 2 8 2 10 2 10
left_child=3 -2 -3 -1 6 7 8 -6 -5 -4
right_child=1 2 9 4 5 -7 -8 -9 -10 -11
leaf_value=-0.0057418623319405726 -0.0016682315319519292 0.010342118901814315 -0.00023698334509566333 -0.00061331276847075358 0.00088410128370355477 -0.0054129513289968611 -0.0059521454379720508 0.0051324047321011602 0.0015054637842493669 0.0040410849266326121
leaf_weight=22 35 21 23 878 324 21 21 37 116 25
leaf_count=22 35 21 23 878 324 21 21 37 116 25
internal_value=0 0.00243288 0.00453277 -0.000177939 -8.93488e-05 0.000949413 -0.000481625 0.00132327 -0.000364689 0.00196297
internal_weight=1523 104 69 1419 1397 382 1015 361 994 48
internal_count=1523 104 69 1419 1397 382 1015 361 994 48
is_linear=0
shrinkage=0.0100044


Tree=103
num_leaves=19
num_cat=0
split_feature=6 15 53 17 37 18 33 0 51 11 13 4 32 29 35 31 0 9
split_gain=6.61384 7.99223 10.0809 5.71479 9.48749 5.59436 6.04853 4.75926 4.17493 5.95348 4.1784 4.16543 3.74645 6.5983 4.90482 3.60996 2.10884 1.95323
threshold=0.56450000000000011 1.7500000000000002 8.5000000000000018 0.066600000000000006 0.23705000000000001 33.850000000000001 9.0275000000000016 210.50000000000003 0.80130000000000001 8.8195000000000014 0.00098850000000000023 25.415000000000003 0.40800000000000008 0.28750000000000003 2.8852200000000003 0.55000000000000016 9.7050000000000018 65.75500000000001
decision_type=2 8 2 10 8 8 10 10 8 10 10 10 8 2 10 8 10 8
left_child=3 8 -3 4 -1 6 -4 -7 -2 17 -11 15 16 14 -14 -6 -5 -10
right_child=1 2 5 12 11 7 -8 -9 9 10 -12 -13 13 -15 -16 -17 -18 -19
leaf_value=-0.0062668999230262564 -0.0039393153162298493 0.0084035619554295102 0.0053928131066653239 0.00065957068206928403 -0.0023844887032919305 -0.00011079848727190758 0.00061090092425390642 0.0034185993951226898 -0.0010158729349966974 0.0054732867560115259 0.00047320340408854485 0.0028864015448421959 0.0072317884296482504 -0.0020236045482223781 0.0018855303721120827 -0.00049785990135037185 -0.0029654401247160892 -0.0043034161091293809
leaf_weight=32 34 21 58 41 126 223 50 46 72 22 73 31 27 26 50 540 26 25
leaf_count=32 34 21 58 41 126 223 50 46 72 22 73 31 27 26 50 540 26 25
internal_value=0 0.000791659 0.00164587 -0.000548932 -0.000935125 0.00126586 0.0031915 0.000487709 -0.000706676 -0.000127179 0.00164537 -0.000688395 0.00109919 0.0023002 0.00377777 -0.000856822 -0.000726944 -0.00187713
internal_weight=1523 624 398 899 729 377 108 269 226 192 95 697 170 103 77 666 67 97
internal_count=1523 624 398 899 729 377 108 269 226 192 95 697 170 103 77 666 67 97
is_linear=0
shrinkage=0.0100044


Tree=104
num_leaves=18
num_cat=0
split_feature=6 5 36 28 17 6 10 51 19 0 11 3 4 28 1 4 1
split_gain=6.48238 8.03566 7.86189 5.6527 5.60126 9.3698 14.1663 4.92341 4.60683 4.5151 3.58778 4.13703 2.96884 2.81878 1.60083 1.59448 0.480433
threshold=0.56450000000000011 1023.3600000000002 21.500000000000004 0.21570000000000003 0.066600000000000006 0.55850000000000011 5.0042000000000009 0.9638000000000001 0.71650000000000003 434.00000000000006 9.9865000000000013 0.55150000000000021 5.4500000000000011 0.19540000000000005 1.3048000000000002 -0.71499999999999986 0.89240000000000008
decision_type=2 10 2 2 10 2 2 10 2 8 10 2 10 2 2 8 2
left_child=4 2 14 7 5 10 -7 -4 -6 15 13 -12 -5 -1 16 -10 -2
right_child=1 -3 3 12 8 6 -8 -9 9 -11 11 -13 -14 -15 -16 -17 -18
leaf_value=-0.00032900274335021662 7.1585318318194299e-05 0.0063460809244420789 0.0013267373144266151 -0.001793811867105446 -0.0025236239360042069 -0.00033891741638050375 -0.011118908385100244 0.0049874178280910567 0.0020990970825546479 0.0049052664581340066 -4.5270479079210546e-06 0.0044282847114134067 0.0022624615302847951 -0.00178384752563131 -0.0041501038748683727 -0.00035560445035347232 -0.0014522036800586726
leaf_weight=303 25 25 320 81 29 28 22 42 49 36 108 26 23 242 21 56 87
leaf_count=303 25 25 320 81 29 28 22 42 49 36 108 26 23 242 21 56 87
internal_value=0 0.000783761 0.000549351 0.00116335 -0.000543441 -0.000925788 -0.00510919 0.0017552 0.00108819 0.00184065 -0.000615738 0.000845468 -0.000883734 -0.000977491 -0.00159176 0.00077703 -0.00109998
internal_weight=1523 624 599 466 899 729 50 362 170 141 679 134 104 545 133 105 112
internal_count=1523 624 599 466 899 729 50 362 170 141 679 134 104 545 133 105 112
is_linear=0
shrinkage=0.0100044


Tree=105
num_leaves=15
num_cat=0
split_feature=24 20 5 17 19 14 6 34 8 5 9 24 76 19
split_gain=6.43695 18.5649 17.6177 8.1084 5.6703 5.47029 5.42788 5.17143 4.40627 4.24992 2.95854 1.96289 1.98215 1.84589
threshold=0.8015000000000001 56.385000000000005 1083.7700000000002 0.51145000000000007 0.72550000000000014 0.95150000000000012 0.5655 57.085000000000008 47.727500000000006 62.765000000000008 75.440000000000012 -1.9839999999999998 5.3610000000000007 0.89100000000000013
decision_type=8 8 10 10 2 8 2 8 10 10 10 10 10 2
left_child=1 -1 3 6 -5 -6 9 -8 10 -2 13 -10 -13 -3
right_child=2 8 -4 4 5 -7 7 -9 11 -11 -12 12 -14 -15
leaf_value=-0.0098698572611839522 -0.00026577617849836215 0.00022673263503421382 0.0095570916219130438 -0.00079836941682452059 0.00064986680341854526 0.0066305707687844819 0.0029821071861512033 0.000209847330518152 -0.00049725075485210451 -0.0027051180434008435 -0.0041993223607448785 0.00094263828303291209 0.0051361606660782636 -0.0011287057579332266
leaf_weight=22 411 154 21 27 24 45 91 264 23 87 25 24 23 282
leaf_count=22 411 154 21 27 24 45 91 264 23 87 25 24 23 282
internal_value=0 -0.000861085 0.000491404 0.000289366 0.00304601 0.00456995 -1.92896e-05 0.000924297 -0.00048529 -0.000694645 -0.000842432 0.0018474 0.00302359 -0.000646845
internal_weight=1523 553 970 949 96 69 853 355 531 498 461 70 47 436
internal_count=1523 553 970 949 96 69 853 355 531 498 461 70 47 436
is_linear=0
shrinkage=0.0100044


Tree=106
num_leaves=20
num_cat=0
split_feature=12 34 6 30 7 21 11 5 13 6 45 61 2 17 1 58 22 24 17
split_gain=6.32659 11.6602 7.77968 5.29441 8.83079 5.1476 5.12662 4.99811 6.78745 4.88853 7.37855 5.28925 4.77361 3.92158 3.86305 3.12022 4.97661 2.52889 1.19123
threshold=0.098050000000000012 57.995000000000005 0.55550000000000022 0.088114200000000018 31.035000000000004 0.8045000000000001 8.991500000000002 187.95500000000001 0.27486600000000005 0.60050000000000014 2.3340000000000005 1.5000000000000002 11.014596859877773 0.66970000000000007 1.4670000000000003 4.5000000000000009 1.0548500000000003 4.7320000000000002 0.022250000000000002
decision_type=2 8 2 8 10 10 8 10 8 2 8 10 10 10 2 10 2 8 10
left_child=3 2 5 4 -1 -2 14 13 -9 15 -11 -12 -4 -8 18 16 -3 -17 -5
right_child=1 9 12 6 -6 -7 7 8 -10 10 11 -13 -14 -15 -16 17 -18 -19 -20
leaf_value=9.5285792450019646e-05 -0.0026229653126186542 0.0017484867465113012 0.0095201803651626914 -0.0012483863942960487 -0.0085062613050659631 0.0042110933055892596 -0.00023208712883939273 0.0073498285900897332 0.00053180526734793252 -0.0016583933651712656 0.0079012843424325421 0.0011742253403106038 0.003456503468967349 0.0032483439826586488 -0.0054277142631271912 -0.00050233759484376132 -0.0029407039259477957 0.0026776147446734328 0.0011536295291311961
leaf_weight=27 21 30 28 243 21 23 683 22 45 29 25 23 26 34 22 72 89 38 22
leaf_count=27 21 30 28 243 21 23 683 22 45 29 25 23 26 34 22 72 89 38 22
internal_value=0 0.00107345 0.00407715 -0.000387116 -0.00363969 0.000918615 -0.000240079 0.00017718 0.00279077 0.000107055 0.00229151 0.00470611 0.0066257 -6.51576e-05 -0.00138463 -0.000621542 -0.00174718 0.000583884 -0.00104387
internal_weight=1523 404 98 1119 48 44 1071 784 67 306 77 48 54 717 287 229 119 110 265
internal_count=1523 404 98 1119 48 44 1071 784 67 306 77 48 54 717 287 229 119 110 265
is_linear=0
shrinkage=0.0100044


Tree=107
num_leaves=16
num_cat=0
split_feature=24 20 5 17 28 19 14 6 11 4 31 35 58 10 30
split_gain=6.24285 18.2387 17.1429 7.81817 5.72831 5.26376 5.25422 4.83173 3.75022 3.44068 2.28604 2.25834 2.19652 1.71607 1.14178
threshold=0.8015000000000001 56.385000000000005 1083.7700000000002 0.46005000000000001 0.24705000000000002 0.72550000000000014 0.95150000000000012 0.5655 11.682500000000003 1.3800000000000001 4.8000000000000016 0.13463550000000005 274.45000000000005 54.578150000000001 9.8800400000000028
decision_type=8 8 10 10 2 2 8 2 10 10 8 10 8 2 8
left_child=1 -1 3 4 7 -5 -7 -2 10 14 12 -12 -3 -11 -10
right_child=2 8 -4 5 -6 6 -8 -9 9 13 11 -13 -14 -15 -16
leaf_value=-0.009777234121069853 -0.00051077769434225656 0.00022492929240339434 0.0094266916818525892 -0.00080138291174281146 -0.0039897982395667442 0.00055075959442735809 0.00626941576720106 0.0010501970295314932 0.0011343991774373774 0.0047935022456192158 -0.0013806599512405588 0.00045058332612634615 -0.0032853803354164724 0.0011069576235553033 -0.00096320492411252484
leaf_weight=22 472 23 21 27 35 25 48 342 40 25 153 119 70 28 73
leaf_count=22 472 23 21 27 35 25 48 342 40 25 153 119 70 28 73
internal_value=0 -0.00084796 0.000483981 0.000284665 -2.53977e-05 0.00293064 0.00432952 0.000143399 -0.00047546 0.000766555 -0.00104403 -0.000574514 -0.00240268 0.00287144 -0.00020871
internal_weight=1523 553 970 949 849 100 73 814 531 166 365 272 93 53 113
internal_count=1523 553 970 949 849 100 73 814 531 166 365 272 93 53 113
is_linear=0
shrinkage=0.0100044


Tree=108
num_leaves=20
num_cat=0
split_feature=12 34 6 30 18 21 11 5 13 6 45 61 2 17 1 14 12 29 17
split_gain=6.16119 11.3941 7.57913 5.19474 8.07762 5.04989 4.93961 4.83714 6.61322 4.75704 7.21397 5.16696 4.67396 3.79513 3.78174 3.10014 4.4261 3.59443 1.1581
threshold=0.098050000000000012 57.995000000000005 0.55550000000000022 0.088114200000000018 59.925000000000004 0.8045000000000001 8.991500000000002 187.95500000000001 0.27486600000000005 0.60050000000000014 2.3340000000000005 1.5000000000000002 11.014596859877773 0.66970000000000007 1.4670000000000003 1.53 0.098650000000000002 0.17750000000000002 0.022250000000000002
decision_type=2 8 2 8 8 10 8 10 8 2 8 10 10 10 2 8 2 2 10
left_child=3 2 5 4 -1 -2 14 13 -9 15 -11 -12 -4 -8 18 16 -3 -17 -5
right_child=1 9 12 6 -6 -7 7 8 -10 10 11 -13 -14 -15 -16 17 -18 -19 -20
leaf_value=-0.0082573645885480069 -0.0025968564949279097 -0.0053003190297782549 0.0094084698732691385 -0.0012242976979026728 0 0.0041718528889229745 -0.00022938341570118923 0.0072445441834472065 0.00051425467785024329 -0.0016463115420998879 0.007804678310958618 0.0011550099250200454 0.0034074724373560341 0.0031944498763080359 -0.0053601238773402123 -0.00096826778101304696 -0.00067498881688824331 0.0026917774993868555 0.0011438540745714527
leaf_weight=21 21 27 28 243 27 23 683 22 45 29 25 23 26 34 22 62 93 47 22
leaf_count=21 21 27 28 243 27 23 683 22 45 29 25 23 26 34 22 62 93 47 22
internal_value=0 0.00105938 0.00402861 -0.000381972 -0.00360379 0.000910564 -0.000236313 0.000173237 0.00274441 0.000104019 0.00225895 0.00464658 0.00654417 -6.51378e-05 -0.0013598 -0.000614653 -0.00172697 0.000597497 -0.00102259
internal_weight=1523 404 98 1119 48 44 1071 784 67 306 77 48 54 717 287 229 120 109 265
internal_count=1523 404 98 1119 48 44 1071 784 67 306 77 48 54 717 287 229 120 109 265
is_linear=0
shrinkage=0.0100044


Tree=109
num_leaves=11
num_cat=0
split_feature=7 29 53 20 10 23 10 23 12 29
split_gain=6.08201 7.6059 8.94239 6.77081 5.26652 8.76362 6.28377 5.7064 4.29493 4.27957
threshold=73.925000000000011 0.023500000000000004 4015.0000000000005 35.750000000000007 7.614300000000001 939.00000000000011 7.0370500000000007 210.50000000000003 0.12585000000000005 0.26750000000000007
decision_type=10 2 2 8 2 8 2 10 2 2
left_child=3 -2 -3 -1 6 7 8 -6 -5 -4
right_child=1 2 9 4 5 -7 -8 -9 -10 -11
leaf_value=-0.0056786098586315333 -0.0023178593755417121 0.0085697790290614369 0.0048824272211082567 -0.00058507078916136043 0.00085542843206616061 -0.0053532097116976637 -0.005880501607064677 0.0050152134565777055 0.0014609681746935175 -0.00097959930292994052
leaf_weight=22 26 27 21 878 324 21 21 37 116 30
leaf_count=22 26 27 21 878 324 21 21 37 116 30
internal_value=0 0.00233566 0.00390419 -0.000170779 -8.30725e-05 0.000917027 -0.000460798 0.00128553 -0.000344936 0.00140763
internal_weight=1523 104 78 1419 1397 382 1015 361 994 51
internal_count=1523 104 78 1419 1397 382 1015 361 994 51
is_linear=0
shrinkage=0.0100044


Tree=110
num_leaves=15
num_cat=0
split_feature=24 20 6 17 28 11 19 10 8 4 9 16 50 19
split_gain=6.04648 17.953 13.568 6.77662 5.77272 5.72269 4.79491 4.79745 4.15285 3.55236 2.86082 2.12312 1.85319 1.74889
threshold=0.8015000000000001 56.385000000000005 0.85400000000000009 0.46005000000000001 0.22520000000000004 9.9865000000000013 0.72550000000000014 18.139750000000003 47.727500000000006 -1.1449999999999998 75.440000000000012 10.500000000000002 0.48250000000000004 0.89100000000000013
decision_type=8 8 2 10 2 10 2 2 10 8 10 2 2 2
left_child=1 -1 3 4 5 -2 -5 -8 10 -6 13 -10 -13 -3
right_child=2 8 -4 6 9 -7 7 -9 11 -11 -12 12 -14 -15
leaf_value=-0.0096935293855154835 4.4666029494185268e-05 0.00023086897271150977 0.0082456805592589291 -0.00080264083209853241 -0.0047746172326277704 0.003134206172439767 0.0063663577351060711 0.0011383580445064689 0.0042197322844996308 -0.00088351420634945994 -0.0041125868496920412 -0.0012964898679647219 0.0027194771669075677 -0.0010884090767567928
leaf_weight=22 672 154 22 27 35 66 41 32 24 75 25 25 21 282
leaf_count=22 672 154 22 27 35 66 41 32 24 75 25 25 21 282
internal_value=0 -0.000834502 0.000476323 0.000294594 2.52854e-06 0.000322801 0.00275777 0.00409318 -0.000464912 -0.0021339 -0.000811697 0.00179958 0.000507456 -0.00061932
internal_weight=1523 553 970 948 848 738 100 73 531 110 461 70 46 436
internal_count=1523 553 970 948 848 738 100 73 531 110 461 70 46 436
is_linear=0
shrinkage=0.0100044


Tree=111
num_leaves=14
num_cat=0
split_feature=24 20 5 17 28 19 14 8 43 9 16 50 19
split_gain=5.92623 17.5954 16.5136 7.35184 5.53496 5.24328 5.14507 4.07029 4.06741 2.8037 2.08071 1.81643 1.71424
threshold=0.8015000000000001 56.385000000000005 1083.7700000000002 0.51145000000000007 0.24705000000000002 0.72550000000000014 0.95150000000000012 47.727500000000006 1.1895000000000002 75.440000000000012 10.500000000000002 0.48250000000000004 0.89100000000000013
decision_type=8 8 10 10 2 2 8 10 2 10 2 2 2
left_child=1 -1 3 4 8 -5 -7 9 -2 12 -9 -12 -3
right_child=2 7 -4 5 -6 6 -8 10 -10 -11 11 -13 -14
leaf_value=-0.0095965510407791787 -0.00012908001842973672 0.00022855922909916662 0.0092486151874722981 -0.00079461084406410329 -0.0039153018054288273 0.00056344757384428428 0.006364656471928882 0.0041775162479351664 0.0019377298846887108 -0.0040714426253127657 -0.0012835192311257567 0.0026922703862484942 -0.0010775201754779726
leaf_weight=22 708 154 21 27 35 24 45 24 110 25 25 21 282
leaf_count=22 708 154 21 27 35 24 45 24 110 25 25 21 282
internal_value=0 -0.000826153 0.000471572 0.000275922 -1.79061e-05 0.00290081 0.00436647 -0.000460235 0.000147198 -0.000803576 0.00178157 0.000502085 -0.000613093
internal_weight=1523 553 970 949 853 96 69 531 818 461 70 46 436
internal_count=1523 553 970 949 853 96 69 531 818 461 70 46 436
is_linear=0
shrinkage=0.0100044


Tree=112
num_leaves=19
num_cat=0
split_feature=12 34 6 30 54 21 11 6 45 61 5 13 8 1 17 52 14 17
split_gain=5.87475 11.0801 7.33927 5.07794 10.2505 4.94858 4.7101 4.61776 7.06388 5.03532 4.61091 6.38719 3.7707 3.68469 3.60421 3.0374 2.12743 1.12284
threshold=0.098050000000000012 57.995000000000005 0.55550000000000022 0.088114200000000018 11.137136188779154 0.8045000000000001 8.991500000000002 0.60050000000000014 2.3340000000000005 1.5000000000000002 187.95500000000001 0.27486600000000005 38.324500000000008 1.4670000000000003 0.66970000000000007 2.0570000000000004 1.53 0.022250000000000002
decision_type=2 8 2 8 8 10 8 2 8 10 10 8 10 2 10 10 8 10
left_child=3 2 5 4 -1 -2 13 15 -9 -10 14 -12 -4 17 -8 16 -3 -5
right_child=1 7 12 6 -6 -7 10 8 9 -11 11 -13 -14 -15 -16 -17 -18 -19
leaf_value=0.00064608739476265827 -0.0025781408285536407 -0.0019422013700747117 0.0089233999889781323 -0.0011918197370392705 -0.0085887798902870311 0.0041223019799036332 -0.00022186556333363597 -0.0016486303843185539 0.0076960668243087971 0.0011307937469469747 0.0071037516515438251 0.00048905899001546111 0.0035006841506053368 -0.0052746619270449173 0.0031147362137082333 0.0029945340450360874 7.1946132533389095e-05 0.0011399510355932171
leaf_weight=26 21 110 29 243 22 23 683 29 25 23 22 45 25 22 34 21 98 22
leaf_count=26 21 110 29 243 22 23 683 29 25 23 22 45 25 22 34 21 98 22
internal_value=0 0.00103446 0.00396246 -0.000372981 -0.00355836 0.000893595 -0.000228955 9.23112e-05 0.00221558 0.00457841 0.000170932 0.00268125 0.00643795 -0.00132605 -6.17564e-05 -0.000615714 -0.000986719 -0.00099313
internal_weight=1523 404 98 1119 48 44 1071 306 77 48 784 67 54 287 717 229 208 265
internal_count=1523 404 98 1119 48 44 1071 306 77 48 784 67 54 287 717 229 208 265
is_linear=0
shrinkage=0.0100044


Tree=113
num_leaves=13
num_cat=0
split_feature=7 14 2 27 27 2 13 51 47 44 2 4
split_gain=5.81287 8.26985 9.33342 6.7413 11.145 5.58244 6.3195 10.4838 5.14617 3.45616 2.05436 1.42727
threshold=73.925000000000011 0.75700000000000012 11.475685553637145 25.825000000000003 16.635000000000002 9.4398089576033559 0.041959500000000004 0.91100000000000014 0.11650000000000002 14.349637814239509 12.644098469999348 -41.599999999999994
decision_type=10 8 10 8 10 10 10 8 2 10 10 8
left_child=3 -2 -3 4 -1 9 7 -7 -8 11 -4 -5
right_child=1 2 10 5 -6 6 8 -9 -10 -11 -12 -13
leaf_value=0.00086574877133165193 -0.0016497716617129125 0.0098758796814812141 0.0038188649741009704 0.0017730982674405392 -0.0081839497947035263 -0.002446535674613341 -0.00039033754441305716 0.0046642155474650475 0.0014819319629263735 -0.0047066778452966905 -0.00027355314691735572 -0.00075985479328012227
leaf_weight=27 35 21 25 23 27 28 505 78 207 22 23 502
leaf_count=27 35 21 25 23 27 28 505 78 207 22 23 502
internal_value=0 0.00228344 0.00429816 -0.00016692 -0.00363403 -2.87674e-05 0.000493388 0.00277313 0.000152087 -0.000812089 0.00182971 -0.000646309
internal_weight=1523 104 69 1419 54 1365 818 106 712 547 48 525
internal_count=1523 104 69 1419 54 1365 818 106 712 547 48 525
is_linear=0
shrinkage=0.0100044


Tree=114
num_leaves=19
num_cat=0
split_feature=6 15 5 29 44 6 61 10 23 51 11 13 4 24 81 29 22 5
split_gain=5.73927 7.13966 10.2617 5.31229 6.46551 4.51723 14.0455 4.16338 5.69208 4.02045 5.27775 3.95638 3.91779 4.18748 2.89305 2.88083 2.53535 1.85546
threshold=0.56450000000000011 1.7500000000000002 624.3950000000001 0.012500000000000002 4.8077866765988775 0.55850000000000011 17.500000000000004 8.6515500000000021 144.00000000000003 0.80130000000000001 8.8195000000000014 0.00016900000000000002 21.845000000000002 0.6110000000000001 3.5000000000000004 0.34900000000000003 1.0555000000000001 61.910000000000004
decision_type=2 8 10 2 10 2 8 2 10 8 10 10 10 10 8 2 2 10
left_child=5 9 3 14 -5 7 -7 8 16 -2 17 -12 13 -9 -3 -8 -1 -11
right_child=1 2 -4 4 -6 6 15 12 -10 10 11 -13 -14 -15 -16 -17 -18 -19
leaf_value=0.00080807803224757771 -0.0038505521686838995 0.0018319269014055719 0.0083618818989725074 0.0025238698996710943 -0.0010464348053851856 -0.0097896458235695021 0.0028248149901922456 -0.000183760954797978 -0.0058377060062540613 -0.0010071967794701491 0.0053974448417813499 0.00045127566212535574 0.0045700684737479931 0.0044782237601014479 -0.0024478168337199336 -0.0022465825594158973 -0.00084146269436922332 -0.0044094002044262016
leaf_weight=114 34 22 21 237 64 21 21 153 21 76 21 74 26 22 54 24 497 21
leaf_count=114 34 22 21 237 64 21 21 153 21 76 21 74 26 22 54 24 497 21
internal_value=0 0.000737546 0.00154499 0.00116168 0.00176024 -0.000511268 -0.00303302 -0.00030984 -0.000709933 -0.000678418 -0.000109634 0.00155889 0.000941429 0.000394581 -0.00119113 8.9985e-05 -0.000531477 -0.00175771
internal_weight=1523 624 398 377 301 899 66 833 632 226 192 95 201 175 76 45 611 97
internal_count=1523 624 398 377 301 899 66 833 632 226 192 95 201 175 76 45 611 97
is_linear=0
shrinkage=0.0100044


Tree=115
num_leaves=12
num_cat=0
split_feature=7 14 2 20 35 44 1 38 28 58 2
split_gain=5.63843 8.09041 9.10986 6.69537 4.93042 5.17705 5.08667 3.88628 3.65057 3.197 2.00276
threshold=73.925000000000011 0.75700000000000012 11.475685553637145 35.750000000000007 0.18611000000000003 5.4912081428948349 1.4670000000000003 53.45600000000001 0.20660000000000003 262.4500000000001 12.644098469999348
decision_type=10 8 10 8 8 10 2 2 2 8 10
left_child=3 -2 -3 -1 6 8 7 -5 -6 -7 -4
right_child=1 2 10 4 5 9 -8 -9 -10 -11 -12
leaf_value=-0.0056414195800036735 -0.0016411670293217222 0.0097523816688265593 0.0037667317083735084 -0.0010198894851320983 0.0011387725240813282 0.0015041225816517997 -0.0058388764035891549 0.003401887440389384 -0.00025488923019581836 -0.0017792060877977649 -0.00027341897958782133
leaf_weight=22 35 21 25 343 525 36 21 21 291 160 23
leaf_count=22 35 21 25 343 525 36 21 21 291 160 23
internal_value=0 0.00224889 0.00424173 -0.000164416 -7.71944e-05 0.000288344 -0.00104156 -0.000761068 0.000640109 -0.00116924 0.00180262
internal_weight=1523 104 69 1419 1397 1012 385 364 816 196 48
internal_count=1523 104 69 1419 1397 1012 385 364 816 196 48
is_linear=0
shrinkage=0.0100044


Tree=116
num_leaves=19
num_cat=0
split_feature=6 42 4 2 40 13 75 17 37 18 4 31 32 29 10 29 39 0
split_gain=5.59244 7.40333 10.3495 5.23999 7.20551 9.04996 5.40249 4.93796 8.99243 4.91258 3.98734 3.495 3.43869 6.28022 3.23716 2.98325 2.92135 2.04387
threshold=0.56450000000000011 14.750000000000002 -31.124999999999996 10.174430298075359 0.68800000000000006 0.05323400000000001 -1.0000000180025095e-35 0.066600000000000006 0.23705000000000001 39.400000000000006 25.415000000000003 0.55000000000000016 0.40800000000000008 0.28750000000000003 4.2509000000000006 0.015500000000000002 0.59250000000000014 9.7050000000000018
decision_type=2 2 10 10 8 10 2 10 8 8 10 8 8 2 2 2 2 10
left_child=7 2 -2 9 6 -6 -5 8 -1 -3 11 -10 17 15 -11 -14 -4 -9
right_child=1 3 16 4 5 -7 -8 12 10 14 -12 -13 13 -15 -16 -17 -18 -19
leaf_value=-0.0060543575037187072 0.0095197079208202452 -0.0053338315373213643 0.0036639502492388405 -0.0056093501453275182 0.0084738798723182924 0.0015422919202039516 0.00020979777680646273 0.000642520989463254 -0.0022912519605347483 -0.00081878519832105168 0.0028743961648131588 -0.00043520206688665142 0.0007994704460824282 -0.0020401390320982384 0.0022715968495426089 0.0050310917042527079 -0.0015880522968148279 -0.0029257900998500533
leaf_weight=32 22 21 21 21 21 197 65 41 126 194 31 540 26 26 41 51 21 26
leaf_count=32 22 21 21 21 21 197 65 41 126 194 31 540 26 26 41 51 21 26
internal_value=0 0.000728021 0.00395355 0.000356972 0.00124664 0.00221622 -0.00119541 -0.000504715 -0.000863778 -0.000694216 -0.00062353 -0.000788379 0.00102707 0.00217794 -0.000273851 0.00361981 0.00100572 -0.000721991
internal_weight=1523 624 64 560 304 218 86 899 729 256 697 666 170 103 235 77 42 67
internal_count=1523 624 64 560 304 218 86 899 729 256 697 666 170 103 235 77 42 67
is_linear=0
shrinkage=0.0100044


end of trees

feature_importances:
price_change_5m=127
price_change_6h=82
volume_ema3=79
market_cap_log=75
ultra_short_heat=65
buy_sell_ratio_1h=63
avg_tx_size_usd=58
buy_sell_ratio_24h=55
relative_volume=51
sentiment_amplification=47
jup_price_impact_1k=46
sentiment_consistency=45
hour_paris=43
entry_vs_median_peak=39
liq_mcap_ratio=39
bundle_count=38
bundle_pct=34
volatility_proxy=34
whale_total_pct=34
price_change_1h=34
token_age_hours=33
recency_weighted_score_vel=30
sentiment=29
price_drift_from_first_seen=27
whale_dominance=26
top10_holder_pct=24
score_acceleration=21
win_rate_7d=20
price_change_24h=19
helius_gini=19
jup_price_impact_500=18
volume_mcap_ratio=17
buy_sell_ratio_delta=16
helius_top5_pct=15
txn_velocity=15
breadth_val=15
consensus_val=14
buy_sell_ratio_5m=14
ath_ratio=14
volume_delta=13
sells_24h=13
txn_count_24h=13
best_kol_win_rate=13
price_acceleration=12
onchain_multiplier=12
median_peak_return=11
jup_price_impact_5k=11
market_heat_24h=10
recency_score=10
entry_timing_quality=10
time_spread_minutes=9
volume_acceleration_v2=8
whale_count=7
hedging_count=6
score_delta=6
helius_top20_pct=5
price_target_count=5
mention_heat_ratio=5
msg_conviction_avg=5
liquidity_depth_score=5
mention_velocity=4
first_call_age_minutes=4
price_velocity=3
buys_24h=3
score_velocity=2
mention_acceleration_v2=2
day_of_week=2
sentiment_delta=2
risk_score=2
helius_onchain_bsr=2
lifecycle_phase_num=1
call_type_score=1
score_ema3=1
lifecycle_velocity=1

parameters:
[boosting: gbdt]
[objective: regression]
[metric: l2]
[tree_learner: serial]
[device_type: cpu]
[data_sample_strategy: bagging]
[data: ]
[valid: ]
[num_iterations: 117]
[learning_rate: 0.0100044]
[num_leaves: 22]
[num_threads: 2]
[seed: 0]
[deterministic: 0]
[force_col_wise: 0]
[force_row_wise: 0]
[histogram_pool_size: -1]
[max_depth: 5]
[min_data_in_leaf: 21]
[min_sum_hessian_in_leaf: 0.001]
[bagging_fraction: 0.965456]
[pos_bagging_fraction: 1]
[neg_bagging_fraction: 1]
[bagging_freq: 0]
[bagging_seed: 3]
[bagging_by_query: 0]
[feature_fraction: 0.846136]
[feature_fraction_bynode: 1]
[feature_fraction_seed: 2]
[extra_trees: 0]
[extra_seed: 6]
[early_stopping_round: 0]
[early_stopping_min_delta: 0]
[first_metric_only: 0]
[max_delta_step: 0]
[lambda_l1: 0.135321]
[lambda_l2: 2.4822e-07]
[linear_lambda: 0]
[min_gain_to_split: 0]
[drop_rate: 0.1]
[max_drop: 50]
[skip_drop: 0.5]
[xgboost_dart_mode: 0]
[uniform_drop: 0]
[drop_seed: 4]
[top_rate: 0.2]
[other_rate: 0.1]
[min_data_per_group: 100]
[max_cat_threshold: 32]
[cat_l2: 10]
[cat_smooth: 10]
[max_cat_to_onehot: 4]
[top_k: 20]
[monotone_constraints: ]
[monotone_constraints_method: basic]
[monotone_penalty: 0]
[feature_contri: ]
[forcedsplits_filename: ]
[refit_decay_rate: 0.9]
[cegb_tradeoff: 1]
[cegb_penalty_split: 0]
[cegb_penalty_feature_lazy: ]
[cegb_penalty_feature_coupled: ]
[path_smooth: 0]
[interaction_constraints: ]
[verbosity: -1]
[saved_feature_importance_type: 0]
[use_quantized_grad: 0]
[num_grad_quant_bins: 4]
[quant_train_renew_leaf: 0]
[stochastic_rounding: 1]
[linear_tree: 0]
[max_bin: 255]
[max_bin_by_feature: ]
[min_data_in_bin: 3]
[bin_construct_sample_cnt: 200000]
[data_random_seed: 1]
[is_enable_sparse: 1]
[enable_bundle: 1]
[use_missing: 1]
[zero_as_missing: 0]
[feature_pre_filter: 1]
[pre_partition: 0]
[two_round: 0]
[header: 0]
[label_column: ]
[weight_column: ]
[group_column: ]
[ignore_column: ]
[categorical_feature: ]
[forcedbins_filename: ]
[precise_float_parser: 0]
[parser_config_file: ]
[objective_seed: 5]
[num_class: 1]
[is_unbalance: 0]
[scale_pos_weight: 1]
[sigmoid: 1]
[boost_from_average: 1]
[reg_sqrt: 0]
[alpha: 0.9]
[fair_c: 1]
[poisson_max_delta_step: 0.7]
[tweedie_variance_power: 1.5]
[lambdarank_truncation_level: 30]
[lambdarank_norm: 1]
[label_gain: ]
[lambdarank_position_bias_regularization: 0]
[eval_at: ]
[multi_error_top_k: 1]
[auc_mu_weights: ]
[num_machines: 1]
[local_listen_port: 12400]
[time_out: 120]
[machine_list_filename: ]
[machines: ]
[gpu_platform_id: -1]
[gpu_device_id: -1]
[gpu_use_dp: 0]
[num_gpu: 1]

end of parameters

pandas_categorical:[]
