{
  "horizon": "12h",
  "mode": "risk_reward",
  "trained_at": "2026-02-28T04:41:35.378256",
  "train_samples": 357,
  "test_samples": 153,
  "n_winners": 196,
  "feature_tier": "extended",
  "ensemble_weights": {
    "xgboost": 0.5641770561098419,
    "lightgbm": 0.4358229438901581
  },
  "xgb_params": {
    "max_depth": 4,
    "learning_rate": 0.2985281225829654,
    "n_estimators": 316,
    "min_child_weight": 7,
    "subsample": 0.8292267605920385,
    "colsample_bytree": 0.6143610251257159,
    "gamma": 1.1928638070728044,
    "reg_alpha": 0.5973875082130096,
    "reg_lambda": 2.500374817332166e-08,
    "objective": "reg:squarederror"
  },
  "lgb_params": {
    "num_leaves": 42,
    "max_depth": 7,
    "learning_rate": 0.13931158981139424,
    "n_estimators": 272,
    "min_child_samples": 44,
    "subsample": 0.6354986466385841,
    "colsample_bytree": 0.7185776242232942,
    "reg_alpha": 0.413985802959926,
    "reg_lambda": 2.4449989212111976e-05,
    "objective": "regression"
  },
  "metrics": {
    "spearman": 0.23564258239180838,
    "rmse": 0.7117053828072675,
    "precision_at_5": 0.4,
    "precision_at_10": 0.4,
    "xgb_spearman": 0.22745396917552724,
    "lgb_spearman": 0.17570664629488159
  },
  "quality_gate": "PASSED",
  "dd_by_rr_band": {
    "0.5-0.8": {
      "count": 5,
      "avg_dd_pct": 66.4,
      "median_dd_pct": 62.5,
      "p75_dd_pct": 79.2,
      "recommended_sl_pct": 95.1
    },
    "0.8-1.0": {
      "count": 52,
      "avg_dd_pct": 47.1,
      "median_dd_pct": 50.0,
      "p75_dd_pct": 80.6,
      "recommended_sl_pct": 96.7
    },
    "1.0-1.5": {
      "count": 84,
      "avg_dd_pct": 42.8,
      "median_dd_pct": 38.5,
      "p75_dd_pct": 67.9,
      "recommended_sl_pct": 81.5
    },
    ">1.5": {
      "count": 12,
      "avg_dd_pct": 26.7,
      "median_dd_pct": 21.0,
      "p75_dd_pct": 43.3,
      "recommended_sl_pct": 52.0
    }
  },
  "feature_importances_xgb": {
    "kol_saturation": 0.10651236772537231,
    "risk_score": 0.09208330512046814,
    "win_rate_7d": 0.08143401145935059,
    "ultra_short_heat": 0.07850173860788345,
    "price_velocity": 0.06513451784849167,
    "price_change_5m": 0.05599862337112427,
    "mentions": 0.05320524051785469,
    "consensus_val": 0.052307553589344025,
    "onchain_multiplier": 0.04863901436328888,
    "price_change_6h": 0.046990759670734406,
    "market_heat_24h": 0.04494234919548035,
    "helius_top20_pct": 0.04215265065431595,
    "median_peak_return": 0.03993527963757515,
    "price_change_1h": 0.03972003608942032,
    "volatility_proxy": 0.03889237716794014,
    "volume_1h_log": 0.03880009055137634,
    "mention_velocity": 0.03858045116066933,
    "token_age_hours": 0.03616959974169731,
    "short_term_heat": 0.0,
    "sentiment": 0.0,
    "liq_mcap_ratio": 0.0,
    "safety_penalty": 0.0,
    "sentiment_consistency": 0.0,
    "buy_sell_ratio_5m": 0.0,
    "market_cap_log": 0.0,
    "volume_velocity": 0.0,
    "day_of_week": 0.0,
    "hour_paris": 0.0,
    "is_weekend": 0.0,
    "is_prime_time": 0.0,
    "entry_vs_median_peak": 0.0,
    "relative_volume": 0.0,
    "kol_freshness": 0.0,
    "mention_heat_ratio": 0.0,
    "conviction_val": 0.0,
    "breadth_val": 0.0,
    "price_action_val": 0.0,
    "volume_24h_log": 0.0,
    "liquidity_usd_log": 0.0,
    "buy_sell_ratio_24h": 0.0,
    "price_change_24h": 0.0,
    "volume_mcap_ratio": 0.0,
    "top10_holder_pct": 0.0,
    "helius_onchain_bsr": 0.0,
    "buys_24h": 0.0,
    "pvp_same_name_count": 0.0,
    "new_kol_ratio": 0.0,
    "mentions_delta": 0.0,
    "kol_arrival_rate": 0.0,
    "entry_timing_quality": 0.0,
    "pump_momentum_pen": 0.0,
    "gate_mult": 0.0,
    "hype_pen": 0.0,
    "entry_drift_mult": 0.0,
    "ath_ratio": 0.0,
    "momentum_direction": 0.0,
    "price_drift_from_first_seen": 0.0,
    "lifecycle_phase_num": 0.0,
    "social_momentum_num": 0.0,
    "call_type_score": 0.0,
    "mention_acceleration_v2": 0.0,
    "volume_acceleration_v2": 0.0,
    "price_acceleration": 0.0
  },
  "shap_importances_xgb": {
    "kol_saturation": 0.0997299775481224,
    "price_change_5m": 0.04966386407613754,
    "consensus_val": 0.03767034038901329,
    "market_heat_24h": 0.0341951809823513,
    "helius_top20_pct": 0.03315620869398117,
    "ultra_short_heat": 0.028378499671816826,
    "median_peak_return": 0.023476842790842056,
    "price_velocity": 0.020728880539536476,
    "price_change_6h": 0.02072478085756302,
    "volume_1h_log": 0.017343154177069664,
    "volatility_proxy": 0.016894469037652016,
    "mentions": 0.01577937602996826,
    "win_rate_7d": 0.01567605510354042,
    "price_change_1h": 0.011854891665279865,
    "token_age_hours": 0.011390367522835732,
    "risk_score": 0.009102961979806423,
    "mention_velocity": 0.00765775004401803,
    "onchain_multiplier": 0.006245556753128767,
    "short_term_heat": 0.0,
    "sentiment": 0.0,
    "liq_mcap_ratio": 0.0,
    "safety_penalty": 0.0,
    "sentiment_consistency": 0.0,
    "buy_sell_ratio_5m": 0.0,
    "market_cap_log": 0.0,
    "volume_velocity": 0.0,
    "day_of_week": 0.0,
    "hour_paris": 0.0,
    "is_weekend": 0.0,
    "is_prime_time": 0.0,
    "entry_vs_median_peak": 0.0,
    "relative_volume": 0.0,
    "kol_freshness": 0.0,
    "mention_heat_ratio": 0.0,
    "conviction_val": 0.0,
    "breadth_val": 0.0,
    "price_action_val": 0.0,
    "volume_24h_log": 0.0,
    "liquidity_usd_log": 0.0,
    "buy_sell_ratio_24h": 0.0,
    "price_change_24h": 0.0,
    "volume_mcap_ratio": 0.0,
    "top10_holder_pct": 0.0,
    "helius_onchain_bsr": 0.0,
    "buys_24h": 0.0,
    "pvp_same_name_count": 0.0,
    "new_kol_ratio": 0.0,
    "mentions_delta": 0.0,
    "kol_arrival_rate": 0.0,
    "entry_timing_quality": 0.0,
    "pump_momentum_pen": 0.0,
    "gate_mult": 0.0,
    "hype_pen": 0.0,
    "entry_drift_mult": 0.0,
    "ath_ratio": 0.0,
    "momentum_direction": 0.0,
    "price_drift_from_first_seen": 0.0,
    "lifecycle_phase_num": 0.0,
    "social_momentum_num": 0.0,
    "call_type_score": 0.0,
    "mention_acceleration_v2": 0.0,
    "volume_acceleration_v2": 0.0,
    "price_acceleration": 0.0
  },
  "shap_importances_lgb": {
    "kol_saturation": 0.09986752282683424,
    "market_heat_24h": 0.055533839684541585,
    "consensus_val": 0.05166045798003599,
    "liquidity_usd_log": 0.04550967280654464,
    "kol_freshness": 0.045488220990238214,
    "helius_top20_pct": 0.04331339240573488,
    "pvp_same_name_count": 0.04267580871924282,
    "price_action_val": 0.042285309425512244,
    "price_change_5m": 0.04148134058352496,
    "win_rate_7d": 0.041331849007616606,
    "top10_holder_pct": 0.04107660641995815,
    "buy_sell_ratio_24h": 0.03206011380064929,
    "relative_volume": 0.03183243803670322,
    "call_type_score": 0.03143949627439051,
    "entry_vs_median_peak": 0.029760936662525037,
    "price_change_1h": 0.02973865326647982,
    "price_change_6h": 0.028914724438817836,
    "sentiment": 0.02888021436337542,
    "volume_1h_log": 0.02878790908152993,
    "ultra_short_heat": 0.028466330741174193,
    "short_term_heat": 0.02834875256521931,
    "buys_24h": 0.025335403948689595,
    "volume_mcap_ratio": 0.02396486208690385,
    "ath_ratio": 0.023594118933789276,
    "breadth_val": 0.023316604116930248,
    "buy_sell_ratio_5m": 0.021369641134467564,
    "gate_mult": 0.020434917379026796,
    "liq_mcap_ratio": 0.02036185613894546,
    "token_age_hours": 0.019610093395430836,
    "price_velocity": 0.018901804278282083,
    "day_of_week": 0.018526857668032033,
    "conviction_val": 0.01813508317559038,
    "momentum_direction": 0.01808295101862522,
    "price_drift_from_first_seen": 0.017181851350580507,
    "volume_velocity": 0.015594725112394228,
    "entry_timing_quality": 0.015394484137400553,
    "pump_momentum_pen": 0.01478200217756468,
    "price_change_24h": 0.014751406598862102,
    "mention_velocity": 0.013851303276623499,
    "onchain_multiplier": 0.013674605366066659,
    "volume_24h_log": 0.013396794849219587,