tree
version=v4
num_class=1
num_tree_per_iteration=1
label_index=0
max_feature_idx=76
objective=binary sigmoid:1
feature_names=token_age_hours short_term_heat price_change_6h mentions sentiment liq_mcap_ratio onchain_multiplier safety_penalty sentiment_consistency ultra_short_heat buy_sell_ratio_5m price_change_1h volatility_proxy market_cap_log mention_velocity volume_velocity day_of_week hour_paris is_weekend is_prime_time median_peak_return entry_vs_median_peak win_rate_7d market_heat_24h relative_volume kol_saturation activity_ratio_raw kol_freshness mention_heat_ratio consensus_val conviction_val breadth_val time_spread_minutes first_call_age_minutes kol_cascade_rate lifecycle_velocity phase_duration_cycles pt_kol_win_rate pt_kol_score pt_kol_tier_encoded entry_mcap_log rt_liquidity_log rt_volume_24h_log rt_buy_sell_ratio rt_token_age_hours rt_is_pump_fun n_kol_confirmations volume_24h_log volume_1h_log liquidity_usd_log buy_sell_ratio_24h price_change_5m price_change_24h volume_mcap_ratio top10_holder_pct risk_score helius_top20_pct helius_onchain_bsr buys_24h pvp_same_name_count new_kol_ratio mentions_delta kol_arrival_rate entry_timing_quality pump_momentum_pen gate_mult hype_pen entry_drift_mult price_velocity ath_ratio price_drift_from_first_seen lifecycle_phase_num social_momentum_num call_type_score mention_acceleration_v2 volume_acceleration_v2 price_acceleration
feature_infos=[0:9841.2999999999993] [0.0080000000000000002:6] [-99.760000000000005:9999.9999000000007] [0:11] [-0.55400000000000005:0.80000000000000004] [0:1.8250900000000001] [0.69299999999999995:1.3] none [0.46200000000000002:1] [0:12] [0:1] [-99.760000000000005:9999.9999000000007] [0:999.99900000000002] [7.4223737009868236:17.416743178683465] [-1.9870000000000001:10.548999999999999] [-7.2530000000000001:39.781999999999996] [0:6] [0:23] [0:1] [0:1] [1.0205:1.5] [0.0022000000000000001:5] [0.037999999999999999:0.2742] [-11.880000000000001:13.640000000000001] [0.0195:1110.1986999999999] [100:213] [0:1] [0:1] [0:10] [0.0097999999999999997:0.68610000000000004] [0.25:1] [0.0040000000000000001:1] [0:1415.5999999999999] [5.9000000000000004:1423.5] [1:6] [-3:5] [1:228] [0:0.44919999999999999] [0:1.891] [0:1] [8.5448745041214593:17.388829626379348] [8.3284269119382603:13.538055741714667] [7.0754199464324579:16.025375481778902] [0.13300000000000001:1] [0:71.799999999999997] [0:1] none [7.0720825724038132:16.357996507868279] [5.9121778036215025:16.310465900929426] [6.5735265238732348:13.374603130773231] [0.17499999999999999:1] [-94.590000000000003:291] [-99.760000000000005:9999.9999000000007] [0.014037000000000001:289.80978399999998] [0:104.28] [1:10000] [5.0700000000000003:100] [0.58799999999999997:0.90000000000000002] [2:256605] none [0:1] [-6:5] [0:6.4329999999999998] [0.29999999999999999:0.86699999999999999] [0.45000000000000001:1] none [0.59999999999999998:1] none [-18.690000000000001:22.588000000000001] [0.0141:1] [0:2742.5] [0:5] [0:2] [-1:1] [-2.9809999999999999:12.23] [-9.5660000000000007:39.781999999999996] [-18.690000000000001:22.588000000000001]
tree_sizes=2059 2092 2211 1799 2211 2000 2102 2114 2022 2307 2117 1919 1805 1926 1906 2122 2009 2023 1721 1715 2224 1927 1718 1930 1820 1499 2024 2020 1716 1603 1802 1299 1910 1625 1823 1727 2137 1594 1917 2029 1908 1309 1303 1924 1918 1939 2244 1613 1614 2030 1198 1512 1200 1611 1494 1615 1721 1499 1419 1936 1512 1205 1609 1518 2347 1201 1518 1200 1620 1842 1721 1723 2034 1525 1512 1518 1407 1729 1921 1414 1603 1827 1619 1737 1398 2037 1409 1718 1822 2126 1415 1725 2132 1203 1506 2046 1413 1408 1933 1621 2445 1828 1514 1837 2036 1205 1519 2148 1207 1507 1835 1715 1311 1617 1515 2145 2050 1211 2044 1946 2030 1509 1210 1816 1313 1848 1636 2354 2151 1524 1524 1213 1424 1627 1089 1321 1847 2156 1831 1425 2122 1209 1636 1415 1209 2041 1636 1638 1529 1413 1935 1414 2167 1743 1742 1414 1324 1209 1739 2156 2160 1428 1316 1524 1313 999 1318 2042 1623 2388 1420 2158 2065 1953 1839 1642 1957 2156 1637 1318 2279 1848 1204 1524 1848 1851 2588 1314 2058 1305 2048 1216 1961 1416 1424 1855 1109 1534 1740 1752 2168 1424 1000 2387 2269 1438 1743 1536 2071 2177 1211 2050 1639 1430 1113 1651 1540 1730 1746 1851 1527 1952 2151 1329 1747 1654 1957 1538 1542 1866 1434 1709 2071 1859 1539 1763 1546 1431 1627 2277 1118 1430 1856 2178 1861 1755 1970 1000 1973 1644 1754 1113 2183 1857 2079 1227 2086 1545 1867 1868 1329 1955 1437 1435 2086 2189 1442 2181 2072 1752 1759 1986 2182 1447 1851 1334 2089 1771 2318 1762 1544 1759 1443 1447 1770 2203 1658 1767 1450 1226 1333 2094 1771 1343 1556 1540 2093 2090 1552 1449 2186 1655 2209 1442 1555 1669 1974 1332 1753 1667

Tree=0
num_leaves=19
num_cat=0
split_feature=11 41 13 5 41 13 21 12 20 41 56 10 11 11 10 20 11 10
split_gain=158.769 51.3905 64.1191 40.4558 105.319 45.9886 24.0853 20.8278 18.1587 18.714 12.4441 11.3466 12.2667 10.1159 11.095 12.8584 5.78883 1.01374
threshold=109.50000000000001 10.330326178502206 12.450921947696267 0.25898600000000005 12.244028872289441 9.9124720678451812 3.3644000000000003 88.908500000000018 1.12565 9.5975655253911736 49.515000000000008 0.65950000000000009 -8.8299999999999983 44.330000000000005 0.51850000000000007 1.1261500000000002 417.50000000000006 0.49250000000000005
decision_type=10 10 2 2 8 2 2 10 2 10 10 2 8 10 2 2 10 2
left_child=3 6 -3 11 5 17 7 -2 9 -7 16 12 -1 14 15 -14 -8 -5
right_child=1 2 -4 4 -6 8 10 -9 -10 -11 -12 -13 13 -15 -16 -17 -18 -19
leaf_value=-1.5094352010349961 -1.1432329552765352 -1.4579425827812005 -1.1795658784950485 -1.5094354333385203 -1.0706648726252406 -1.2671669022604808 -1.1063325306299736 -1.308143333561921 -1.2237424013641764 -1.4498171218339746 -1.1706013382808433 -1.5094353586695302 -1.4699125602998064 -1.4476505647973015 -1.2534901478482028 -1.2919588938787563 -1.0183622370343581 -1.4608832411335526
leaf_weight=5.7202913761138916 17.705140292644504 10.492832124233248 18.017302989959717 9.0571280121803266 12.929783910512922 8.9207561016082781 10.052744418382646 9.3946314156055433 14.184065967798231 9.0627592802047712 10.364907115697859 7.6270551681518546 6.8353858888149315 8.7449653148651105 8.4440651535987836 6.211060494184494 14.85344150662422 5.5642100274562827
leaf_count=36 63 62 69 57 39 40 33 45 59 53 39 48 41 51 37 29 39 33
internal_value=-1.26875 -1.18245 -1.28202 -1.34468 -1.29682 -1.35932 -1.13694 -1.2004 -1.29948 -1.35921 -1.08817 -1.41026 -1.38922 -1.36648 -1.33344 -1.38519 -1.05387 -1.49096
internal_weight=194.183 90.881 28.5101 103.302 59.7187 46.7889 62.3709 27.0998 32.1676 17.9835 35.2711 43.5828 35.9558 30.2355 21.4905 13.0464 24.9062 14.6213
internal_count=873 350 131 523 281 242 219 108 152 93 111 242 194 158 107 70 72 90
is_linear=0
shrinkage=1


Tree=1
num_leaves=19
num_cat=0
split_feature=9 0 73 0 20 11 54 12 30 13 57 6 25 6 42 20 50 54
split_gain=165.371 68.894 36.0691 24.8278 26.9886 21.5094 21.0867 16.3522 14.1553 15.0981 17.4381 16.3747 9.42205 13.4892 7.4436 3.82766 0.875813 0.00158444
threshold=0.8175 1.2500000000000002 -0.89999999999999991 15.050000000000002 1.1352500000000003 27.045000000000005 60.830000000000005 10.102000000000002 0.52500000000000002 11.128053480376193 0.69350000000000012 1.1895000000000002 145.50000000000003 1.1625000000000003 12.050063971128615 1.1336000000000002 0.5485000000000001 45.82500000000001
decision_type=8 8 2 10 2 10 2 10 2 2 10 2 2 2 2 2 2 2
left_child=5 2 -2 4 -3 12 7 -4 9 10 -7 16 15 -14 -9 17 -11 -1
right_child=1 3 6 -5 -6 8 -8 14 -10 11 -12 -13 13 -15 -16 -17 -18 -19
leaf_value=-0.11273638871626522 0.09294582684407468 0.17035407228526295 0.16858303464941132 -0.076845009655658159 -0.021448784924542628 0.14651745754121709 0.13866455231567451 0.31681429879184431 0.16475016715032459 -0.11389238758230111 -0.017989438101310155 0.08390457168110009 -0.079327032929004837 0.067179260987623737 0.24526569320109695 -0.024833706388764823 -0.065100744997566157 -0.11062373455453561
leaf_weight=6.4780945628881472 15.48323057591915 17.981115847826008 11.27994556725025 7.4840022325515738 8.7357658445835096 13.378983169794084 12.695975080132483 29.172157764434814 7.7183822244405738 6.1431869119405764 8.4102922677993757 6.7998122274875632 8.6935757249593753 11.973273158073424 19.405611723661423 6.0978530347347251 5.670343279838562 5.676948219537735
leaf_count=40 64 67 37 44 46 51 48 64 29 37 44 30 55 57 57 33 33 37
internal_value=0.107946 0.175098 0.216987 0.0672693 0.107639 0.0136401 0.243458 0.265685 0.0536624 0.0324405 0.0830204 -0.0267695 -0.0358441 0.00555075 0.288232 -0.0827135 -0.0904733 -0.11175
internal_weight=209.279 122.238 88.0369 34.2009 26.7169 87.0407 72.5537 59.8577 48.121 40.4026 21.7893 18.6133 38.9197 20.6668 48.5778 18.2529 11.8135 12.155
internal_count=873 427 270 157 113 446 206 158 224 195 95 100 222 112 121 110 70 77
is_linear=0
shrinkage=0.0895223


Tree=2
num_leaves=20
num_cat=0
split_feature=9 0 54 64 29 49 57 10 64 48 4 6 49 10 55 49 4 48 54
split_gain=117.884 58.3032 26.7571 18.9937 18.8333 33.1836 12.8778 13.4356 11.3254 17.4419 11.1639 9.40284 20.9942 8.35269 7.41317 7.12087 6.98728 1.19957 0.00383154
threshold=0.75700000000000012 1.2500000000000002 64.825000000000017 0.55000000000000016 0.19305000000000003 10.68719101339409 0.87550000000000006 0.5485000000000001 0.55000000000000016 12.620437258865012 0.18400000000000002 1.1825000000000003 9.5477221898785469 0.54550000000000021 1966.0000000000002 9.3422707409665424 0.13850000000000004 12.118652204029408 56.145000000000003
decision_type=8 8 2 2 2 8 10 2 2 10 2 2 10 2 2 10 2 10 2
left_child=4 2 6 11 8 -6 15 -8 9 10 13 12 -3 -1 17 -2 -17 18 -10
right_child=1 3 -4 -5 5 -7 7 -9 14 -11 -12 -13 -14 -15 -16 16 -18 -19 -20
leaf_value=-0.056626291044155383 0.17983029728077227 0.13462441337342676 0.061019798981656562 -0.058471219187972767 -0.025202599011416176 0.22640603365225356 0.19883483847095149 0.062092269122203718 -0.11210640269491517 -0.087169147560725913 0.1166068415334952 0.16344057509749721 -0.053474784352803034 0.059378864519089178 0.020830590940813933 0.28721921339655931 0.21007619231918195 -0.059187452632552394 -0.1088449602445317
leaf_weight=9.2027248293161446 24.765431135892868 10.703512310981756 13.474756360054014 9.8980502933263761 9.0387079715728778 7.848462536931037 13.351269185543062 10.126095399260519 5.8921555280685478 10.401812463998793 11.54509463906288 8.6437633931636793 8.5572529733180982 10.826152771711348 6.0212721526622763 15.767358079552649 23.338612616062164 5.2881402522325507 5.9549391120672226
leaf_count=50 66 40 55 57 48 24 34 37 37 62 45 30 45 50 31 31 57 33 41
internal_value=0.092557 0.142889 0.178439 0.0480746 0.00748724 0.0917345 0.196552 0.139856 -0.0143559 0.0133707 0.0464929 0.0858677 0.0510547 0.00607747 -0.064616 0.217392 0.24118 -0.094642 -0.110467
internal_weight=220.646 138.626 100.824 37.8026 82.0195 16.8872 87.3488 23.4774 65.1323 41.9758 31.574 27.9045 19.2608 20.0289 23.1565 63.8714 39.106 17.1352 11.8471
internal_count=873 452 280 172 421 72 225 71 349 207 145 115 85 100 142 154 88 111 78
is_linear=0
shrinkage=0.0895223


Tree=3
num_leaves=16
num_cat=0
split_feature=9 13 0 51 73 51 17 13 0 8 8 29 42 42 17
split_gain=88.5734 39.7027 45.3872 15.2893 13.8345 23.2178 10.4714 10.0125 11.1953 9.50362 13.1362 16.5394 10.7868 8.65055 7.05161
threshold=0.8045000000000001 9.504897370467468 3.5500000000000003 13.745000000000003 -0.63349999999999984 3.5450000000000004 21.500000000000004 10.040283590186981 0.75000000000000011 0.80850000000000011 0.86450000000000016 0.096150000000000013 12.774134285242381 12.882211328567967 16.500000000000004
decision_type=8 2 10 10 2 8 2 2 10 2 2 2 2 2 2
left_child=3 -2 4 6 5 -3 9 -6 14 -1 -11 -12 -13 -4 -9
right_child=1 2 13 -5 7 -7 -8 8 -10 10 11 12 -14 -15 -16
leaf_value=-0.08244210997648431 -0.013596968072983794 -0.022401986731706302 -0.054636804862452648 0.10236159902801352 0.23971694986862904 0.16904765007755199 -0.11106029622456616 0.20392743215321621 0.096456992009160109 0.1271741360627652 0.10686285465870825 0.007397799544334711 -0.091325850061575981 0.071078907089456481 0.13580514082667994
leaf_weight=8.7068858146667463 15.001914396882055 8.0901129692792875 8.9881781190633792 12.170780241489409 16.783333912491798 13.628665447235109 6.882953852415084 37.493490606546402 15.830265298485754 7.6514712721109381 9.6682843118906003 28.665546223521233 12.84390679001808 8.5682151168584806 18.036621063947678
leaf_count=52 68 36 50 47 33 35 45 75 54 29 41 147 79 36 46
internal_value=0.0807436 0.124155 0.140373 0.00934191 0.161732 0.0977337 -0.00587084 0.177501 0.162869 0.00484951 0.017769 0.00141198 -0.0231493 0.00671724 0.181801
internal_weight=229.011 142.421 127.419 86.5898 109.862 21.7188 74.419 88.1437 71.3604 67.5361 58.8292 51.1777 41.5095 17.5564 55.5301
internal_count=873 433 365 440 279 71 393 208 175 348 296 267 226 86 121
is_linear=0
shrinkage=0.0895223


Tree=4
num_leaves=20
num_cat=0
split_feature=9 0 54 11 40 54 21 51 64 25 9 25 22 22 12 40 11 51 49
split_gain=68.2648 29.7096 23.452 15.5428 14.3613 19.7747 14.8597 13.1301 12.5161 11.3053 10.6046 11.8859 10.0671 15.4296 9.43007 9.31128 14.0818 1.09804 0.00373999
threshold=0.8045000000000001 3.5500000000000003 64.825000000000017 27.045000000000005 9.946437839743707 34.935000000000009 1.6499000000000004 18.440000000000001 0.47500000000000003 138.50000000000003 0.58850000000000013 171.50000000000003 0.22715000000000005 0.21265000000000003 18.775500000000005 11.275178478310631 454.00000000000006 -3.6199999999999997 8.9933898784618815
decision_type=8 10 2 10 2 2 2 10 2 2 10 2 2 2 8 2 10 8 10
left_child=3 2 4 12 -2 15 -7 9 -3 -5 11 -11 13 14 -1 -6 -17 -16 -14
right_child=1 8 -4 7 5 6 -8 -9 -10 10 -12 -13 18 -15 17 16 -18 -19 -20
leaf_value=0.038884486578302645 0.18758943788949581 0.065653389051306743 0.024190232106016608 0.07923477618708033 0.19868313596718887 -0.018513943869141087 0.11506636960123205 0.14584228288403492 -0.079197375341456849 -0.11372657542051987 0.066673891475348274 0.035720708458180483 -0.10831618860487932 0.12433619879458306 -0.056852109876187128 0.055235547266752671 0.17509610102895173 -0.1105562785517938 -0.11173293543051947
leaf_weight=7.1812168061733308 33.644672840833664 11.617816329002382 16.447711750864983 16.301158756017685 19.664290681481361 12.014508724212648 15.014542624354361 7.9651218205690375 8.1234917789697629 10.8150104880333 8.5035792440175992 7.0420889705419532 5.092321425676344 5.6552665680646887 5.0434654429554939 14.48374515771866 17.165276691317558 7.7253280431032163 5.4626015946269035
leaf_count=39 65 47 67 67 34 47 40 24 49 66 33 32 36 25 32 49 35 51 35
internal_value=0.0713641 0.108293 0.124009 0.00831315 0.138669 0.11766 0.0556893 0.0403311 0.00604753 0.0206316 -0.0156078 -0.0547907 -0.0365142 -0.00618698 -0.0431868 0.150303 0.120244 -0.0893443 -0.110085
internal_weight=234.963 148.176 128.435 86.7872 111.987 78.3424 27.0291 50.627 19.7413 42.6618 26.3607 17.8571 36.1602 25.6053 19.95 51.3133 31.649 12.7688 10.5549
internal_count=873 433 337 440 270 205 87 222 96 198 131 98 218 147 122 118 84 83 71
is_linear=0
shrinkage=0.0895223


Tree=5
num_leaves=18
num_cat=0
split_feature=9 13 0 51 11 41 0 1 52 6 11 49 33 12 41 51 11
split_gain=53.9887 27.0263 25.2749 12.6363 11.346 9.46786 9.45928 10.6479 8.78429 13.9443 8.55202 9.93305 9.99755 6.75119 3.67101 3.42516 0.0148086
threshold=0.8175 9.504897370467468 0.75000000000000011 22.835000000000004 486.50000000000006 9.9617174555311436 7.3500000000000005 2.2010000000000005 246.00000000000003 1.1985000000000003 -34.284999999999989 9.8698030051631829 23.250000000000004 13.277000000000003 9.7188666599868174 -11.334999999999999 39.135000000000012
decision_type=8 2 10 10 10 10 10 10 2 2 10 10 2 10 8 10 10
left_child=3 -2 5 4 8 13 7 -4 10 16 14 12 -12 -3 -1 -15 -10
right_child=1 2 6 -5 -6 -7 -8 -9 9 -11 11 -13 -14 15 -16 -17 -18
leaf_value=-0.10718146331392074 -0.017106267006986125 0.11057786143111076 0.12821929996795081 0.11745137236192386 0.086568591875866685 0.088514319324393326 -0.019467980629223818 0.023306077988583786 -0.10828243546654456 0.045252274902782413 0.0090147355667712335 -0.055329782115186278 0.11695986847402305 0.20283472178079448 -0.0046331903106079176 0.15270522591017424 -0.11399582425215074
leaf_weight=6.3943586647510502 15.147418037056921 21.180289655923843 15.822234213352205 7.7291461378335944 10.056940779089926 25.531138941645622 11.105491071939467 15.20195299386978 6.733458228409293 6.588575728237628 17.228628553450111 9.0829915627837163 11.443591132760046 17.498168796300888 4.9738516435027131 29.074830666184425 8.0199454277753812
leaf_count=47 67 52 49 25 35 67 58 52 48 30 86 53 44 27 28 55 50
internal_value=0.0637099 0.0962979 0.108983 0.00811311 -0.00238196 0.134975 0.051432 0.0768116 -0.0150772 -0.0630311 0.0057566 0.0262531 0.0520977 0.152483 -0.0623146 0.17154 -0.111388
internal_weight=238.813 150.562 135.414 88.2515 80.5223 93.2844 42.1297 31.0242 70.4654 21.342 49.1234 37.7552 28.6722 67.7533 11.3682 46.573 14.7534
internal_count=873 427 360 446 421 201 159 101 386 128 258 183 130 134 75 82 98
is_linear=0
shrinkage=0.0895223


Tree=6
num_leaves=19
num_cat=0
split_feature=9 0 73 20 11 43 23 56 57 43 11 4 0 16 24 57 64 54
split_gain=43.581 24.0137 16.7907 14.541 16.5617 13.4664 17.9857 15.0231 19.1938 13.8477 11.8346 9.64272 8.56641 5.57529 4.39413 8.97124 0.0475373 0.00520195
threshold=0.77250000000000008 1.2500000000000002 -0.89999999999999991 1.1352500000000003 109.50000000000001 0.57950000000000002 0.76500000000000012 55.765000000000008 0.88650000000000018 0.6140000000000001 204.50000000000003 0.23900000000000002 4.5000000000000009 1.5000000000000002 11.2125 0.88750000000000007 0.47500000000000003 54.250000000000007
decision_type=8 8 2 2 10 2 2 8 8 2 10 2 10 2 2 8 2 2
left_child=5 2 -2 4 12 6 7 8 -1 -7 16 13 -3 -4 15 -15 -9 -18
right_child=1 3 11 -5 -6 9 -8 10 -10 -11 -12 -13 -14 14 -16 -17 17 -19
leaf_value=0.12922161448241981 0.029266402129213234 0.059940248450174809 0.16469587029512037 -0.054698663673725591 0.13598688519933558 0.11613844092343154 0.071020927376666446 -0.11577373018439457 -0.076280157378773097 -0.025776854311944819 0.016793706817211523 0.056191387844340537 -0.07324435997705124 0.13799087021584591 0.15777972218993949 0.051188901225498171 -0.10968469467816361 -0.10616945281351779
leaf_weight=7.5790856331586811 19.315239459276199 8.46161697804928 28.719800800085068 12.475089550018309 12.951239719986914 14.573502369225027 14.077899590134619 9.3515746146440542 7.012643165886403 8.8606766164302808 7.7229652702808371 15.637761354446409 7.1330690309405318 21.824876189231873 14.51658223569393 16.956183671951294 5.6944501027464876 8.6671432405710203
leaf_count=29 64 29 53 63 34 52 61 56 42 47 34 43 45 43 26 46 39 67
internal_value=0.0572112 0.084863 0.105532 0.0259272 0.0611623 0.00491584 -0.0175269 -0.0446099 0.0304592 0.0624788 -0.0794548 0.120616 -0.00097867 0.132899 0.115766 0.100039 -0.110801 -0.107564
internal_weight=241.531 157.991 116.97 41.021 28.5459 83.5399 60.1058 46.0279 14.5917 23.4342 31.4361 97.6552 15.5947 82.0174 53.2976 38.7811 23.7132 14.3616
internal_count=873 446 275 171 108 427 328 267 71 99 196 211 74 168 115 89 162 106
is_linear=0
shrinkage=0.0895223


Tree=7
num_leaves=19
num_cat=0
split_feature=11 0 56 40 49 41 41 58 33 25 44 50 33 16 48 21 33 11
split_gain=33.6379 25.5856 19.8894 16.6416 18.772 29.7011 15.4317 9.40324 9.75212 11.3794 8.94637 20.9711 10.4887 4.92511 4.82981 4.743 3.33593 0.00800079
threshold=72.850000000000009 6.0500000000000007 78.105000000000018 12.88016895392988 10.72280582301096 10.324574665717504 9.5975655253911736 601.00000000000011 15.250000000000002 137.50000000000003 0.8500000000000002 0.57850000000000013 22.550000000000004 2.5000000000000004 10.990442622971969 3.1966500000000004 20.800000000000001 17.665000000000003
decision_type=10 8 8 2 10 10 10 2 2 2 2 2 2 2 8 2 2 10
left_child=1 2 6 4 5 7 -1 -2 15 -10 11 12 13 -4 17 -9 -12 -3
right_child=3 14 10 -5 -6 -7 -8 8 9 -11 16 -13 -14 -15 -16 -17 -18 -19
leaf_value=0.12114174059339614 0.043458675613560531 -0.10829540501636127 -0.11764003774619641 -0.015295063630510955 0.18079640858018217 -0.047088661172878257 0.0062547292314992951 0.10909901065452342 0.13682490429515351 0.028118647556787852 -0.11539611167486684 0.14758129179865012 0.069154369098608295 -0.020595812329130641 -0.0076382791556913335 0.16871523846682671 -0.021130018053071589 -0.11277345524133564
leaf_weight=25.608326964080334 22.385637447237968 8.2108033299446124 7.1703312620520689 13.246209874749182 16.001648664474487 13.552945949137209 14.776638962328432 22.451265394687653 12.981384113430975 19.032167494297028 6.7214921340346319 7.5287629067897788 6.9772896692156783 10.087926954030989 5.069931022822856 20.426043018698692 5.446795865893364 5.3440279737114897
leaf_count=66 68 59 46 52 28 67 68 54 28 66 44 19 31 50 29 35 29 34
internal_value=0.0516325 0.0127806 0.0337564 0.0801846 0.0901565 0.0770698 0.0791053 0.0943681 0.109585 0.0721988 -0.00793035 0.0170734 -0.0234687 -0.0609152 -0.0821804 0.137499 -0.0732008 -0.110061
internal_weight=243.02 102.942 84.3176 140.077 126.831 110.829 40.385 97.2765 74.8909 32.0136 43.9326 31.7643 24.2355 17.2583 18.6248 42.8773 12.1683 13.5548
internal_count=873 475 353 398 346 318 134 251 183 94 219 146 127 96 122 89 73 93
is_linear=0
shrinkage=0.0895223


Tree=8
num_leaves=18
num_cat=0
split_feature=64 40 49 41 0 43 48 2 41 28 50 2 10 51 40 69 2
split_gain=21.1724 18.989 30.2048 27.3722 17.9447 16.5011 13.2587 14.0482 13.4608 10.5604 14.7237 9.74491 8.75443 8.68163 8.44143 3.08028 0.00307588
threshold=0.55000000000000016 12.982390383053977 10.865579058614568 10.330326178502206 4.0000000000000009 0.64550000000000007 10.647465368028721 114.50000000000001 9.42837936725787 1.6570000000000003 0.55550000000000022 546.50000000000011 0.43050000000000005 -12.694999999999999 11.275178478310631 0.023000000000000003 27.970000000000002
decision_type=2 2 10 10 8 2 10 10 10 2 2 8 2 8 2 10 8
left_child=1 2 3 6 5 12 9 8 -8 10 -1 -5 15 -14 -9 -2 -6
right_child=4 -3 -4 11 16 -7 7 14 -10 -11 -12 -13 13 -15 -16 -17 -18
leaf_value=0.077805772204662574 -0.11110393819117326 -0.038265084959862757 0.20297123355209573 -0.094563696659950874 -0.10512668244607169 0.14390670455035359 0.097617953811814553 0.13308532163338552 -0.029507320041027043 0.098340942847868332 -0.048315603753759657 0.028075363476381558 -0.015035750226485936 0.093066279500330987 0.066370324396777605 -0.017326577453440593 -0.10822715443266819
leaf_weight=12.535316631197931 6.0393602475523931 14.292723990976809 12.531026154756544 11.070555098354815 4.9497810006141645 7.4865456670522681 13.769751578569414 48.524292826652527 12.956158742308615 13.430176615715025 18.172649785876274 9.7795899361372012 15.127529859542845 9.8178702592849749 22.132585987448692 5.2451430186629295 5.6779217272996902
leaf_count=45 43 63 19 65 40 19 37 96 55 33 78 38 68 40 63 30 41
internal_value=0.0468008 0.0609475 0.069055 0.05872 -0.00244959 0.0229145 0.0728283 0.0912758 0.0359902 0.0321272 0.00316836 -0.0370407 -0.00208728 0.0275103 0.112188 -0.0675157 -0.106783
internal_weight=243.539 189.195 174.902 162.371 54.3442 43.7164 141.521 97.3828 26.7259 44.1381 30.708 20.8501 36.2299 24.9454 70.6569 11.2845 10.6277
internal_count=873 592 529 510 281 200 407 251 92 156 123 103 181 108 159 73 81
is_linear=0
shrinkage=0.0895223


Tree=9
num_leaves=21
num_cat=0
split_feature=11 49 5 32 41 41 1 20 20 20 44 13 17 44 53 51 29 51 11 11
split_gain=24.0386 14.476 18.2053 14.7559 12.3998 11.4889 11.407 17.7879 11.1308 10.3685 13.8469 9.8663 8.55656 6.23973 5.99033 3.62059 4.69635 0.645459 0.0799967 0.0110265
threshold=187.00000000000003 10.070687431167359 0.52973950000000014 10.4 9.5975655253911736 9.9241782440193713 2.1090000000000004 1.1336000000000002 1.1352500000000003 1.1348500000000004 0.25000000000000006 10.972832501857539 6.5000000000000009 0.35000000000000003 1.8114655000000004 20.615000000000006 0.099650000000000002 -12.539999999999997 58.435000000000009 -74.964999999999989
decision_type=10 8 2 8 10 8 10 2 2 2 2 2 2 2 2 8 2 10 10 8
left_child=1 2 4 -3 13 19 7 12 17 14 -11 -6 -5 -1 -2 16 -16 -8 -19 -4
right_child=9 3 5 6 11 -7 8 -9 -10 10 -12 -13 -14 -15 15 -17 -18 18 -20 -21
leaf_value=0.1223134815190078 0.053150807862645422 0.11112816205734823 -0.10509411699139769 0.1288724070013855 -0.050213131024939787 0.052560451370874416 -0.084999479102273609 -0.11123429658339268 0.0075383366813583071 0.10336187217006267 -0.024976519679754915 0.058815581142060321 0.0061103995217119678 0.052940769241110776 0.064069825242898018 0.14694879928305343 0.13007370011406524 -0.11319449588084193 -0.12748790169926333 -0.11130814192862609
leaf_weight=24.420475944876671 19.557189747691154 6.7171440348029137 4.667639784514904 8.0472273230552727 10.957254335284235 5.803773671388627 5.915018022060397 6.6498415395617476 10.061591394245623 11.839676745235922 15.634604454040526 16.928146913647652 10.471063293516634 18.087097629904747 18.261453151702881 15.850077554583548 16.39709784090519 5.8775173872709292 6.7524540424346924 4.5683182701468432
leaf_count=48 51 24 39 25 54 22 32 45 47 27 62 57 58 59 55 28 33 40 35 32
internal_value=0.0425337 0.0195354 0.0432616 -0.0139731 0.0623634 -0.0461433 -0.0295999 0.0143577 -0.0682741 0.0769402 0.0303291 0.0159738 0.0594575 0.0927953 0.0952173 0.111506 0.0952966 -0.109406 -0.120837 -0.108168
internal_weight=243.465 145.925 85.4327 60.4919 70.393 15.0397 53.7747 25.1681 28.6066 97.5401 27.4743 27.8854 18.5183 42.5076 70.0658 50.5086 34.6586 18.545 12.63 9.23596
internal_count=873 617 311 306 218 93 282 128 154 256 89 111 83 107 167 116 88 107 75 71
is_linear=0
shrinkage=0.0895223


Tree=10
num_leaves=19
num_cat=0
split_feature=11 0 73 5 69 33 43 42 10 51 24 17 24 20 48 2 25 11
split_gain=20.1883 18.8442 27.2505 10.5752 8.27169 14.5125 9.24538 8.0521 8.92804 8.23751 9.90652 7.11563 8.25842 7.50886 4.96049 3.53969 0.763348 0.0141091
threshold=72.850000000000009 6.0500000000000007 -0.89999999999999991 0.52973950000000014 0.31670000000000004 21.450000000000003 0.5505000000000001 11.748675457851082 0.5375000000000002 19.335000000000004 11.060000000000002 18.500000000000004 7.661150000000001 1.1304000000000003 11.050685014953176 -84.814999999999984 146.50000000000003 14.360000000000001
decision_type=10 8 2 2 10 2 2 2 2 10 2 2 2 2 8 10 2 8
left_child=1 2 16 11 7 6 -6 8 -2 10 -9 12 13 -4 17 -5 -1 -3
right_child=4 14 3 15 5 -7 -8 9 -10 -11 -12 -13 -14 -15 -16 -17 -18 -19
leaf_value=-0.11875501398418022 0.048229109971218001 -0.10459444007618642 0.063749134362229148 0.020807999724253751 0.099268549093723457 -0.067077014736996607 0.0086815128724055217 -0.046222919475962396 0.1269983597383311 0.09954110438932201 0.061251943175938711 0.001824572963639054 0.012830884031363576 0.14683270013096625 0.00066301464750065917 -0.076893311492146704 -0.074216165545324175 -0.11067422174130753
leaf_weight=6.390273876488207 17.607738316059113 6.300817422568799 20.3333695307374 5.6794130280613899 18.709218978881836 9.8389141634106618 17.451977267861366 11.270808644592764 33.42131432890892 15.907016411423681 17.61663018912077 12.44907236099243 11.756326675415037 15.261016167700289 4.6832606792449942 6.233685150742529 5.9617946743965149 6.0254509896039972
leaf_count=38 50 53 66 32 44 41 57 49 65 35 57 51 56 36 28 40 34 41
internal_value=0.0387375 0.00816558 0.0255531 0.0467067 0.0605254 0.0293213 0.0555499 0.075505 0.0998188 0.0478069 0.0193191 0.0620507 0.0778848 0.0993711 -0.0777674 -0.0303152 -0.0972584 -0.107567
internal_weight=242.898 101.074 84.065 71.7129 141.824 46.0001 36.1612 95.8235 51.0291 44.7945 28.8874 59.7998 47.3507 35.5944 17.0095 11.9131 12.3521 12.3263
internal_count=873 475 353 281 398 142 101 256 115 141 106 209 158 102 122 72 72 94
is_linear=0
shrinkage=0.0895223


Tree=11
num_leaves=17
num_cat=0
split_feature=9 0 51 45 11 73 25 40 6 73 21 33 69 40 21 11
split_gain=24.9851 13.0891 12.5967 10.4991 8.46946 9.98954 8.41756 10.5937 15.9449 8.20384 4.20841 4.04798 5.02003 2.3432 1.55952 0.0735604
threshold=0.6625000000000002 0.75000000000000011 -12.054999999999998 1.0000000180025095e-35 648.50000000000011 -1.0000000180025095e-35 125.50000000000001 9.4138845332993544 1.1755000000000002 -0.89999999999999991 3.7328000000000006 17.550000000000004 0.91910000000000014 11.184618366912394 0.50240000000000007 102.50000000000001
decision_type=8 8 10 2 10 2 2 2 2 2 2 2 8 2 2 10
left_child=3 9 -3 -1 5 -4 -5 -8 14 -2 -7 12 -11 -14 -9 -16
right_child=1 2 4 6 -6 10 7 8 -10 11 -12 -13 13 -15 15 -17
leaf_value=0.075462244939754036 0.020299784458574194 -0.062606107319066198 -0.044934724985842688 0.044553935103373125 0.11283767455788508 0.01592888299108116 0.037401910264353432 -0.061444368195650731 0.01763991231642377 0.028024542365267299 0.089681309530167397 0.10962858343334993 0.099273446677127772 0.053103619593076599 -0.11037699910893829 -0.12146101624446252
leaf_weight=10.154362216591833 20.039320468902588 11.830431275069712 12.360891520977018 11.998959720134733 10.219117671251295 12.149146117269995 11.265100590884684 5.5646173134446171 13.391265481710432 16.576425552368164 12.66386955976486 31.331065267324448 30.663751691579819 12.361332699656485 11.170984059572222 8.4328017234802228
leaf_count=41 65 60 59 51 20 52 49 44 67 45 39 63 62 30 78 48
internal_value=0.0353142 0.0540139 0.02003 -0.00890208 0.040658 0.0208157 -0.0227587 -0.0389692 -0.061281 0.0721504 0.0535702 0.0835769 0.0698822 0.0860087 -0.103272 -0.115145
internal_weight=242.173 170.195 59.2235 71.9781 47.393 37.1739 61.8237 49.8248 38.5597 110.972 24.813 90.9326 59.6015 43.0251 25.1684 19.6038
internal_count=873 495 230 378 170 150 337 286 237 265 91 200 137 92 170 126
is_linear=0
shrinkage=0.0895223


Tree=12
num_leaves=16
num_cat=0
split_feature=0 54 41 40 49 40 6 55 49 40 6 48 56 5 2
split_gain=15.2562 14.5723 19.7735 14.8992 16.3788 17.4076 14.4287 13.6387 12.5429 15.3219 10.2047 9.43169 9.27556 6.45696 0.113602
threshold=12.550000000000002 64.825000000000017 11.001155459437388 12.982390383053977 10.851055122434779 11.255753144344501 1.1545000000000003 1818.5000000000002 9.6992849825557936 9.946437839743707 1.1135000000000004 10.749002630427688 48.310000000000009 0.15143800000000002 13.390000000000002
decision_type=10 2 8 2 10 2 2 2 10 2 2 10 8 2 10
left_child=1 3 14 4 5 8 10 11 9 -1 -7 -4 -8 -2 -3
right_child=13 2 7 -5 -6 6 12 -9 -10 -11 -12 -13 -14 -15 -16
leaf_value=0.085582624701489335 0.0033966351517379719 -0.1041077606385427 -0.073571027319069712 -0.048054420894896338 0.15654042784178052 0.012210845470017339 0.090457993470090467 0.11065970718940128 0.11704115192879282 0.0070272470934192293 -0.11078565707428059 0.048999351705502694 -0.015214621946548261 -0.1096966592480054 -0.12247123695457113
leaf_weight=43.222999334335327 8.3133626505732554 5.2075295820832235 10.65332873910666 11.822627022862433 12.038111180067061 10.557672053575518 16.173166818916801 10.362248599529265 30.297016263008118 36.874712005257607 11.078814215958117 9.5339483842253667 11.313758306205271 7.8816893100738517 5.6171039715409279
leaf_count=106 44 47 57 54 19 38 45 27 60 138 61 32 54 59 32
internal_value=0.0322751 0.038322 -0.0096682 0.0491496 0.0558483 0.0482495 0.00391663 0.0271711 0.0679767 0.049418 -0.0507685 -0.0156839 0.0469625 -0.0516426 -0.113637
internal_weight=240.948 224.753 41.3742 183.379 171.556 159.518 49.1234 30.5495 110.395 80.0977 21.6365 20.1873 27.4869 16.1951 10.8246
internal_count=873 770 195 575 521 502 198 116 304 244 99 89 99 103 79
is_linear=0
shrinkage=0.0895223


Tree=13
num_leaves=17
num_cat=0
split_feature=9 13 44 9 15 56 41 54 29 43 17 16 58 6 56 41
split_gain=19.4545 14.5817 9.96339 11.3688 9.40563 9.09667 7.88876 11.1273 7.10376 7.46342 7.61707 8.13398 6.87172 6.18814 5.56489 4.2264
threshold=0.77250000000000008 9.504897370467468 2.5500000000000003 1.5535000000000003 0.034000000000000009 38.000000000000007 9.1318479225199827 34.935000000000009 0.096150000000000013 0.59250000000000014 15.500000000000002 3.5000000000000004 529.00000000000011 1.0195000000000001 43.185000000000009 9.7327232017178797
decision_type=8 2 2 10 10 8 10 2 2 2 2 2 2 2 8 10
left_child=4 -2 6 -4 5 -1 12 14 -7 10 13 -12 -3 -10 -8 -9
right_child=1 2 3 -5 -6 8 7 15 9 -11 11 -13 -14 -15 -16 -17
leaf_value=0.086700308401962412 -0.033589689692997346 0.055526245286763948 -0.067834682118833867 0.056451808004565299 -0.11053843343143782 0.051566158150560364 0.031157149706134327 0.030470830152781556 -0.0017724748431894911 0.033167791649065234 -0.049189740991063484 0.069854740964769166 0.1257650503433623 -0.11050307804909081 0.096125309057267752 -0.047722500605333576
leaf_weight=9.1853849515318853 15.715299665927885 18.912268355488777 10.02728106826544 14.324383467435835 6.3149334639310828 12.841074578464029 15.97605477273464 13.327292189002039 5.8364925459027317 14.233295455574988 11.521171152591707 7.6569712907075873 27.243325039744377 14.914788544178007 31.204376384615898 9.480628624558447
leaf_count=30 69 44 59 48 46 53 42 38 25 58 76 30 45 109 66 35
internal_value=0.0296176 0.0481907 0.0573384 0.00527423 -0.00554802 0.00315405 0.0682545 0.0493076 -0.00829904 -0.0224921 -0.0423329 -0.00166044 0.0969848 -0.0799217 0.0741261 -0.00203184
internal_weight=238.715 156.211 140.496 24.3517 82.5041 76.1892 116.144 69.9884 67.0038 54.1627 39.9294 19.1781 46.1556 20.7513 47.1804 22.8079
internal_count=873 446 377 107 427 381 270 181 351 298 240 106 89 134 108 73
is_linear=0
shrinkage=0.0895223


Tree=14
num_leaves=17
num_cat=0
split_feature=9 4 1 20 24 43 58 17 10 73 17 51 42 57 17 56
split_gain=16.4945 11.4111 11.6005 13.9789 10.7232 10.451 8.88228 7.94035 7.58163 8.64024 7.352 5.9231 6.1127 4.79143 2.64529 0.0312467
threshold=0.6625000000000002 0.36500000000000005 5.9315000000000007 1.1461000000000003 0.99975000000000014 0.57950000000000002 5152.0000000000009 4.5000000000000009 0.49150000000000005 -0.63349999999999984 14.500000000000002 -1.3299999999999998 11.481885690501604 0.87750000000000006 15.500000000000002 45.510000000000012
decision_type=8 2 8 2 2 2 2 2 2 2 2 10 2 10 2 8
left_child=4 2 3 10 -1 6 11 -8 -4 -10 -2 12 -6 14 -11 -9
right_child=1 -3 8 -5 5 -7 7 15 9 13 -12 -13 -14 -15 -16 -17
leaf_value=-0.092505778419606471 -0.005594342580414054 -0.02520895877893909 0.01908003887490313 -0.090046478404134725 0.038350749601196214 0.071021284969797358 0.019472989623513307 -0.11408186239120519 0.01837076899843245 0.12195521545324892 0.078759138543829849 0.057881655599578377 -0.081777698213111538 0.053669183047298931 0.079321228606291108 -0.10465251613352587
leaf_weight=10.538529746234415 16.295426242053509 17.794409871101379 21.699748650193214 8.7331859916448575 6.367476571351288 14.67844148725271 5.8239446058869389 4.8253321051597569 15.690578855574129 31.970519378781319 16.835616797208786 13.545890063047411 7.2712356373667717 19.031275495886803 18.363180086016655 6.8161769583821306
leaf_count=67 69 69 69 49 32 51 32 32 49 56 51 56 50 45 38 58
internal_value=0.0272129 0.0425389 0.0506505 0.0107107 -0.00929139 0.00548993 -0.016053 -0.0658674 0.0663129 0.0783631 0.03727 0.0159514 -0.0256933 0.0919335 0.106401 -0.108561
internal_weight=236.281 166.414 148.62 41.8642 69.867 59.3285 44.6501 17.4655 106.755 85.0556 33.131 27.1846 13.6387 69.365 50.3337 11.6415
internal_count=873 495 426 169 378 311 260 122 257 188 120 138 82 139 94 90
is_linear=0
shrinkage=0.0895223


Tree=15
num_leaves=19
num_cat=0
split_feature=9 54 0 24 40 45 6 20 20 25 9 48 17 33 69 20 5 21
split_gain=13.8412 9.44012 9.63912 9.3936 10.0709 9.28514 10.57 8.97074 9.12595 8.84801 8.41329 7.3572 5.69369 5.13893 8.0615 4.50727 3.21411 1.53367
threshold=0.6625000000000002 64.825000000000017 0.8500000000000002 0.99975000000000014 9.4138845332993544 1.0000000180025095e-35 1.1755000000000002 1.1263500000000002 1.1110500000000003 125.50000000000001 2.2160000000000006 11.138915462005873 8.5000000000000018 17.450000000000003 0.90625000000000011 1.1220500000000002 0.23987850000000002 0.54740000000000022
decision_type=8 2 10 2 2 2 2 2 2 2 8 8 2 2 8 2 2 2
left_child=3 2 13 -1 -5 -6 9 8 -4 -7 -3 -9 -8 14 -2 16 -16 -11
right_child=1 10 7 4 5 6 12 11 -10 17 -12 -13 -14 -15 15 -17 -18 -19
leaf_value=-0.088884434438428334 -0.0085206850147597872 -0.062476404745737506 -0.0016070813989696943 0.10163961989670665 0.069819463713193017 0.026830532964907703 0.077225216031453839 0.015859835580391599 0.10530011648643353 -0.051865068939330093 0.047930210648482997 -0.098944520071609407 -0.02676417703656633 0.091585528817512085 0.069025035288441575 0.098108268585916966 0.0091411162084667763 -0.11110508773085354
leaf_weight=10.010624304413794 15.244467049837111 12.801416315138342 14.210621349513533 7.5248386263847342 9.6605863869190198 6.2959740832448032 8.7371296882629412 9.9679770097136515 11.64143919944763 4.6959014683961895 9.740056745707987 8.1160379722714406 8.1610970571637136 33.534184984862804 16.771800875663761 20.477439641952515 12.56388698518276 13.783333554863928
leaf_count=67 45 65 60 24 36 28 33 42 29 41 30 43 48 69 36 40 36 101
internal_value=0.0249972 0.0390624 0.0475763 -0.00871492 0.00492013 -0.00925751 -0.0275889 0.0127016 0.0465342 -0.064824 -0.0147701 -0.0356637 0.0270027 0.0631177 0.0484438 0.0658769 0.0433781 -0.0960513
internal_weight=233.939 165.069 142.528 68.8695 58.8589 51.334 41.6734 43.9361 25.8521 24.7752 22.5415 18.084 16.8982 98.5918 65.0576 49.8131 29.3357 18.4792
internal_count=873 495 400 378 311 287 251 174 89 170 95 85 81 226 157 112 72 142
is_linear=0
shrinkage=0.0895223


Tree=16
num_leaves=18
num_cat=0
split_feature=9 13 40 54 42 32 40 52 40 13 40 13 40 20 49 40 64
split_gain=11.6401 11.1778 13.4727 11.1318 9.41436 8.80815 10.9272 7.31012 6.73297 13.4465 6.81324 11.5183 13.3123 4.75727 2.98482 1.92316 0.172688
threshold=0.8045000000000001 9.504897370467468 9.9542752213620016 40.340000000000011 11.45462569244159 6.0000000000000009 11.275178478310631 481.50000000000006 9.4138845332993544 9.8874917964597469 12.755582095900282 12.140117059727151 11.103202013115272 1.12565 9.9987927239368588 10.582877147212617 0.47500000000000003
decision_type=8 2 2 2 2 8 2 2 2 2 2 2 2 2 10 2 2
left_child=8 -2 -3 5 -5 -4 -7 -8 -1 15 11 12 13 -11 -14 16 -10
right_child=1 2 3 4 -6 6 7 -9 9 10 -12 -13 14 -15 -16 -17 -18
leaf_value=0.049397243811195778 -0.034302117660149962 0.095860782593158861 0.10702962961493707 0.014616245078929965 -0.10213696848830257 0.074568706223338763 -0.044361602957965783 0.041949390429621723 -0.12718259201765245 -0.0019015887497387612 -0.063606140468200886 0.10012641637162709 -0.019751429976321691 0.08704701890723425 -0.10706303456954663 -0.039862375105328973 -0.10379507398640178
leaf_weight=15.406799390912054 15.385140821337698 33.04526649415493 15.861514717340468 18.960364274680618 7.8168948814272872 26.087698854506016 16.706926278769973 14.858159460127352 4.7642766609787923 10.033759586513044 9.6893777251243574 10.686235040426252 4.9554730579257003 9.2715280055999738 8.5556129887700063 3.7659085467457762 5.4027097225189209
leaf_count=62 68 67 30 59 38 61 68 42 26 49 60 32 27 30 70 32 52
internal_value=0.0229871 0.0379491 0.0462859 0.0299513 -0.0194666 0.0479516 0.0316979 -0.00373361 -0.00397425 -0.0162244 0.00428205 0.0194029 -0.00688353 0.0408165 -0.0750399 -0.0945125 -0.114755
internal_weight=231.254 148.722 133.337 100.292 26.7773 73.5143 57.6528 31.5651 82.5317 67.1249 53.192 43.5026 32.8164 19.3053 13.5111 13.9329 10.167
internal_count=873 433 365 298 97 201 171 110 440 378 268 208 176 79 97 110 78
is_linear=0
shrinkage=0.0895223


Tree=17
num_leaves=18
num_cat=0
split_feature=0 13 40 54 9 56 28 55 69 11 6 6 43 11 58 2 64
split_gain=10.2444 11.0698 10.4441 9.18021 9.86653 10.5902 8.51911 8.34887 8.14001 7.57649 7.56846 6.80315 6.08823 3.70417 1.5548 0.0640894 0.00381529
threshold=12.550000000000002 9.3286483125016719 10.350685873615733 47.465000000000011 0.47250000000000003 44.960000000000008 1.6570000000000003 2700.5000000000005 0.47810000000000008 55.420000000000009 1.1895000000000002 1.1675000000000002 0.56850000000000012 124.50000000000001 9416.0000000000018 -33.124999999999993 0.55000000000000016
decision_type=8 2 2 2 10 10 2 2 10 10 2 2 2 10 2 10 2
left_child=1 6 8 4 5 14 12 -5 13 16 11 -6 15 -3 -4 -1 -2
right_child=9 2 3 7 10 -7 -8 -9 -10 -11 -12 -13 -14 -15 -16 -17 -18
leaf_value=-0.10300737470324285 -0.10624325021706961 0.056554271155028042 -0.12274262472438932 -0.10445068665278648 0.040027508893184648 0.044845348714236191 0.064906846169442631 0.025296296828806721 0.014724021493993657 0.01036750435506152 0.09125750461764115 -0.0378968053398403 -0.011751396658262209 0.10761951558647388 -0.051502070736417958 -0.11818349077656391 -0.10241689101599818
leaf_weight=4.4622332751750973 4.1023595929145831 21.176113545894623 5.7910225465893763 8.5734847858548147 53.914144590497017 8.1355445608496648 6.1549038439989081 7.4096646904945365 19.325262635946274 10.026734866201876 19.044507198035717 10.773114681243895 11.319300398230551 24.620710752904415 4.2625496610999107 4.4720972105860737 4.4727224782109261
leaf_count=45 33 67 41 46 158 32 23 29 58 41 52 45 54 47 30 28 44
internal_value=0.0211997 0.0268546 0.0346726 0.0187794 0.0286716 -0.0310897 -0.0273282 -0.0443008 0.0634473 -0.0424678 0.0416537 0.0270498 -0.0553578 0.0840074 -0.0925382 -0.110604 -0.104248
internal_weight=228.036 209.435 183.026 117.904 101.921 18.1891 26.4085 15.9831 65.1221 18.6018 83.7318 64.6873 20.2536 45.7968 10.0536 8.93433 8.57508
internal_count=873 755 605 433 358 103 150 75 172 118 255 203 127 114 71 73 77
is_linear=0
shrinkage=0.0895223


Tree=18
num_leaves=15
num_cat=0
split_feature=4 0 15 10 32 54 56 0 56 51 31 0 73 41
split_gain=11.6616 10.3422 10.3247 9.51005 9.50354 9.26817 9.20126 8.99652 9.02862 8.81388 7.1331 6.53038 6.41478 4.38748
threshold=0.36500000000000005 0.75000000000000011 0.095500000000000015 0.53050000000000008 0.25000000000000006 45.690000000000005 36.915000000000006 0.25000000000000006 1.0000000180025095e-35 -13.284999999999998 0.14750000000000002 12.550000000000002 -0.53549999999999986 9.4716668852157628
decision_type=2 8 10 2 10 2 8 10 10 8 2 10 2 10
left_child=1 3 6 4 7 -2 -3 -1 -9 -8 11 -11 -5 -14
right_child=5 2 -4 12 -6 -7 9 8 -10 10 -12 -13 13 -15
leaf_value=0.051469968905447874 0.0041370896947465806 0.093602676547467012 -0.093508901380880097 0.011055519756400102 0.078204603248664364 -0.10647227387462731 -0.088863245358174206 0.0044295201362242248 -0.11477008566502125 0.03844300634521941 -0.063339429020187937 -0.049750591253904117 0.10260401849112642 0.05156107184043944
leaf_weight=11.045822411775591 16.367059871554378 10.021763451397417 7.9621098190546027 13.735994875431059 12.59879060834646 9.6511067599058133 7.6409513503313065 11.435510125011207 9.1810617558658105 45.055343620479107 8.4407321438193303 7.9098703637719145 29.833232432603836 24.645721718668938
leaf_count=28 64 28 51 44 35 59 49 53 56 172 51 56 60 67
internal_value=0.0194789 0.0268303 0.00365889 0.0447597 0.0124434 -0.0368919 0.0134436 -0.0137236 -0.0486528 0.00180892 0.0130916 0.025272 0.065728 0.0795128
internal_weight=225.525 199.507 87.0308 112.476 44.2612 26.0182 79.0687 31.6624 20.6166 69.0469 61.4059 52.9652 68.2149 54.479
internal_count=873 750 407 343 172 123 356 137 109 328 279 228 171 127
is_linear=0
shrinkage=0.0895223


Tree=19
num_leaves=15
num_cat=0
split_feature=40 49 41 13 73 40 40 47 56 23 22 13 19 12
split_gain=7.75766 20.1723 12.9884 10.2005 12.6337 12.7108 9.52792 9.79148 9.40472 8.3809 7.62131 5.4818 5.22551 3.53461
threshold=12.982390383053977 10.851055122434779 10.330326178502206 9.7632376694651519 -0.70849999999999991 9.4138845332993544 9.9133562968881908 12.903428914222383 36.610000000000007 -2.6199999999999997 0.14645000000000005 9.5239569798761838 1.0000000180025095e-35 80.866000000000014
decision_type=2 10 10 2 2 2 2 2 10 2 2 2 2 10
left_child=1 2 3 4 -1 13 -5 9 -4 -8 -2 -7 -9 -6
right_child=10 -3 8 6 5 11 7 12 -10 -11 -12 -13 -14 -15
leaf_value=-0.12553021670725575 0.019851964119148417 0.12768329415966875 -0.0022923652369749321 0.086650383204992312 0.018091670685177235 -0.090665383272093142 0.063439117416932353 0.020798847701512305 -0.12060751096496169 -0.011885310992811095 -0.10343964754417613 0.0060058051077262866 0.096683217476086894 0.088777507745980588
leaf_weight=6.6770669594407073 8.0114925652742404 13.668077126145361 13.747866190969946 25.006999932229519 11.711328342556955 10.398269426077606 15.387033797800539 12.009253531694414 8.8506246916949731 51.325755961239338 8.0611300691962224 8.5798617675900442 18.439031563699245 10.989636547863482
leaf_count=46 34 26 66 58 54 80 40 48 62 196 47 36 50 30
internal_value=0.0179259 0.0225824 0.015144 0.0235956 -0.0112062 0.00710859 0.0373708 0.0246873 -0.0486303 0.00548791 -0.041984 -0.0469609 0.0667534 0.0523112
internal_weight=222.863 206.791 193.123 170.524 48.3562 41.6791 122.168 97.1611 22.5985 66.7128 16.0726 18.9781 30.4483 22.701
internal_count=873 792 766 638 246 200 392 334 128 236 81 116 98 84
is_linear=0
shrinkage=0.0895223


Tree=20
num_leaves=20
num_cat=0
split_feature=54 73 11 42 42 50 58 56 48 43 54 20 69 50 10 17 54 54 53
split_gain=7.89788 13.6083 7.96258 9.20122 6.95654 13.4235 7.8696 7.94582 6.35215 6.92491 9.02106 6.22591 5.53214 7.38674 4.91195 4.87543 4.6621 1.27688 1.12503
threshold=48.07500000000001 -0.89999999999999991 -8.8299999999999983 11.748675457851082 12.800490848123234 0.52450000000000008 7648.5000000000009 36.915000000000006 9.2267234357482817 0.56050000000000011 66.180000000000021 1.12565 0.25985000000000008 0.58550000000000002 0.55550000000000022 15.500000000000002 30.855000000000004 30.530000000000005 14.135606500000002
decision_type=2 2 10 2 2 2 2 8 8 2 2 2 10 2 2 2 2 2 2
left_child=2 -2 11 15 5 -5 17 -8 -3 10 -10 -1 13 -11 -7 -4 -9 -6 -12
right_child=1 8 3 4 6 14 7 16 9 12 18 -13 -14 -15 -16 -17 -18 -19 -20
leaf_value=-0.085550401247062091 -0.10586445094656806 -0.078046049472069681 0.092688920987642962 0.066859549710309357 0.054913648301275757 -0.019411012631164997 0.063581748750889136 -0.059755630455254186 0.027151593206629483 0.094561824919174822 -0.12036650556663868 0.022845186584099127 -0.018654067346872437 0.0067094076175018827 -0.11863786800022946 0.031806177737710099 0.032056447805239786 0.097110469021814722 -0.057364260147995526
leaf_weight=8.0399694889783877 9.6497963666915876 6.2924065105617037 27.658476822078228 9.0388481169939059 11.22210629284382 7.9010523855686179 12.516027286648749 12.730120472609999 11.349773630499842 17.583091668784622 5.0763934701681119 9.0005264431238157 10.58814314752817 13.605308566242455 8.0940411090850812 17.032887443900108 6.8001322075724593 11.7814371176064 4.1115909032523632
leaf_count=47 63 48 65 27 38 32 35 72 43 54 35 37 40 49 40 45 32 32 39
internal_value=0.0165055 -0.00632449 0.0291035 0.0369427 0.0187821 -0.0203441 0.0365748 0.00789741 0.00767614 0.0163323 -0.0262308 -0.0282973 0.0372568 0.0562381 -0.0696233 0.0694852 -0.0277879 0.0765252 -0.0921736
internal_weight=220.072 78.2565 141.816 124.775 80.0838 25.0339 55.0498 32.0463 68.6067 62.3143 20.5378 17.0405 41.7765 31.1884 15.9951 44.6914 19.5303 23.0035 9.18798
internal_count=873 371 502 418 308 99 209 139 308 260 117 84 143 103 72 110 104 70 74
is_linear=0
shrinkage=0.0895223


Tree=21
num_leaves=17
num_cat=0
split_feature=4 0 15 11 10 32 54 0 56 22 29 25 17 10 56 41
split_gain=9.36835 8.49838 7.97959 8.08892 7.4377 7.52605 7.07586 6.98195 7.28407 6.86095 6.51569 7.46555 5.55873 3.59687 4.26027 3.18918
threshold=0.36500000000000005 0.75000000000000011 0.095500000000000015 -8.8299999999999983 0.53050000000000008 0.25000000000000006 45.690000000000005 0.25000000000000006 1.0000000180025095e-35 0.18055000000000002 0.095950000000000021 137.50000000000003 8.5000000000000018 0.56650000000000011 31.805000000000003 10.398609687883669
decision_type=2 8 10 8 2 10 2 10 10 2 2 2 2 2 10 8
left_child=1 4 3 -3 5 7 -2 -1 -9 12 -11 -12 -5 15 -15 -6
right_child=6 2 -4 9 13 -7 -8 8 -10 10 11 -13 -14 14 -16 -17
leaf_value=0.043582091989241463 -0.0010702639453840257 -0.076198334548712568 -0.088141231193358732 0.092551577900073845 0.052734786489430946 0.069354752524745544 -0.10068183930833689 0.0018397203776945351 -0.10815149242594647 0.07183905013651673 0.023185373983983057 -0.058292743899465468 0.0086665679327076039 0.065167985553597207 0.0032889913223395819 0.11213536685770119
leaf_weight=10.743964537978174 16.090341001749042 7.9842045456171036 7.4024872668087474 14.39898230135441 15.261011511087419 11.985472105443476 8.8632199466228467 11.04788124933839 8.5668639168143255 7.7577329613268367 17.57468543574214 18.498630356043577 11.299002848565577 20.844333618879318 15.583311855792997 13.789005503058432
leaf_count=28 64 63 51 40 44 35 59 53 56 25 72 102 54 51 48 28
internal_value=0.0151617 0.021844 0.00066151 0.00914219 0.0385263 0.00928825 -0.0364513 -0.0144256 -0.0461995 0.0189421 -0.00259051 -0.018597 0.0556688 0.0574344 0.038697 0.0809302
internal_weight=217.691 192.738 84.9157 77.5132 107.822 42.3442 24.9536 30.3587 19.6147 69.529 43.831 36.0733 25.698 65.4777 36.4276 29.05
internal_count=873 750 407 356 343 172 123 137 109 293 199 174 94 171 99 72
is_linear=0
shrinkage=0.0895223


Tree=22
num_leaves=15
num_cat=0
split_feature=9 47 43 15 23 40 11 40 47 58 23 20 20 11
split_gain=7.05642 8.03095 9.50528 8.26521 10.9355 6.41674 8.38408 7.00504 11.6344 9.76587 6.33477 7.97136 6.26407 0.0523343
threshold=0.6625000000000002 10.641507629350906 0.57950000000000002 0.034000000000000009 2.4250000000000003 12.88016895392988 604.50000000000011 11.927873167179204 12.903428914222383 3174.5000000000005 -0.55499999999999994 1.1345500000000002 1.1461000000000003 54.750000000000007
decision_type=8 2 2 8 2 2 10 2 2 2 2 2 2 10
left_child=1 -1 3 -3 10 6 7 8 9 12 11 -5 -2 -12
right_child=5 2 -4 4 -6 -7 -8 -9 -10 -11 13 -13 -14 -15
leaf_value=-0.10942123434504961 0.03798564404843377 0.079454638493733409 0.059949741198236102 -0.072392092746776021 0.060124301081468948 -0.041426095758087096 0.078872367431656432 -0.042958521364568784 0.088845553035640915 -0.066407308474830312 -0.10345841594439587 0.057040176665307668 -0.026338141288711911 -0.11485663193550209
leaf_weight=6.0246710553765288 58.482397802174091 5.5275068990886211 15.194161955267189 10.529525540769102 7.2998737581074229 10.985286049544809 23.135716140270233 12.671153910458086 20.043334804475307 10.826546199619768 6.4438158571720141 5.9785528890788546 15.309367157518862 6.4938502162694931
leaf_count=48 189 23 56 84 28 47 49 59 46 44 67 27 61 45
internal_value=0.0139635 -0.0110883 -0.000779335 -0.0226072 -0.0379601 0.0244657 0.0296187 0.0199069 0.0275179 0.0129913 -0.0622762 -0.0255168 0.0246405 -0.10918
internal_weight=214.946 63.492 57.4673 42.2731 36.7456 151.454 140.469 117.333 104.662 84.6183 29.4457 16.5081 73.7918 12.9377
internal_count=873 378 330 274 251 495 448 399 340 294 223 111 250 112
is_linear=0
shrinkage=0.0895223


Tree=23
num_leaves=17
num_cat=0
split_feature=0 54 40 57 32 21 29 23 23 57 40 33 51 17 31 29
split_gain=6.66108 6.00178 8.69698 7.57692 8.87111 9.16425 6.76692 6.83561 8.90829 6.19906 5.39307 13.604 4.06508 3.95389 2.56517 2.08508
threshold=15.050000000000002 48.920000000000009 9.9133562968881908 0.89650000000000019 6.1500000000000012 0.83565000000000011 0.19485000000000002 -2.5049999999999994 2.2900000000000005 0.89550000000000007 9.4138845332993544 12.350000000000003 0.60000000000000009 11.500000000000002 0.11550000000000002 0.097850000000000006
decision_type=10 2 2 8 10 2 2 2 2 8 2 2 8 2 2 2
left_child=1 2 -1 4 5 -3 7 -4 9 -9 -5 -12 -2 -8 -13 -7
right_child=12 3 6 10 -6 15 13 8 -10 -11 11 14 -14 -15 -16 -17
leaf_value=0.090408619486007077 -0.0050999680924417078 0.016270728782685932 0.052405315752059214 0.05944119809474202 0.054214411153279053 -0.065702616010147152 0.011886215101914196 0.0047161905579069033 0.062502535461100919 -0.057658879088202296 0.063753893544975973 -0.11977181757205765 -0.10923206024086711 0.075001958650283793 -0.032276969080275789 -0.13171786974300731
leaf_weight=15.708932340145109 6.7473722547292692 7.5850197710096898 19.001291155815125 16.81401938945055 6.4394941404461852 6.6815378889441481 12.344896078109739 26.939047273248434 11.447712916880844 24.276292845606804 10.59273696690798 5.7702386975288373 5.4161755219101906 22.366989083588123 5.0234266631305218 8.9993417076766473
leaf_count=36 49 47 60 56 21 40 42 105 36 121 30 46 44 57 27 56
internal_value=0.0128527 0.0167648 0.0278845 -0.00486434 -0.0387754 -0.0645131 0.0194447 0.00537063 -0.00889162 -0.0248498 0.0215054 -0.00831953 -0.0514681 0.0525556 -0.0790516 -0.103589
internal_weight=212.155 199.991 132.085 67.9058 29.7054 23.2659 116.376 81.6643 62.6631 51.2153 38.2004 21.3864 12.1635 34.7119 10.7937 15.6809
internal_count=873 780 457 323 164 143 421 322 262 226 159 103 93 99 73 96
is_linear=0
shrinkage=0.0895223


Tree=24
num_leaves=16
num_cat=0
split_feature=9 20 23 2 41 20 13 53 16 54 23 42 53 9 9
split_gain=6.25742 6.93157 9.3257 5.39204 10.9644 8.99433 9.6713 6.6434 6.42386 6.37035 5.23659 4.59494 4.41871 1.70164 0.991373
threshold=2.4785000000000004 1.1461000000000003 -0.58499999999999985 458.00000000000006 10.084580080082199 1.1304000000000003 11.086169662281959 1.6043155000000002 2.5000000000000004 34.235000000000007 0.68000000000000005 13.661945716562437 1.9718735000000003 0.81100000000000017 0.96150000000000013
decision_type=10 2 2 10 10 2 2 2 2 2 2 2 2 10 8
left_child=1 3 -3 4 5 6 8 -5 -1 13 14 -9 -2 -6 -4
right_child=12 2 10 7 9 -7 -8 11 -10 -11 -12 -13 -14 -15 -16
leaf_value=-0.067914672850002383 0.0097493855207044997 0.026611629671191784 -0.086011691267606674 -0.022229792821047045 -0.068528847433497408 0.068673226484951735 0.065496624837615439 0.079235098081409203 0.0033635622885826856 0.0026605457234331296 -0.016075112976807499 0.0095276127124837573 0.072621409883683291 -0.13927042427385386 -0.13899933322050145
leaf_weight=15.707167334854601 15.759670224040745 12.656174611300232 5.9388502165675172 11.057143691927193 5.3276954703032988 19.349418312311172 13.153783105313776 24.11276338249445 28.554257694631815 7.4544716924428931 7.8277285061776629 11.052304551005362 20.759936921298504 5.579035259783268 5.4063419401645669
leaf_count=104 49 52 43 39 44 65 35 64 138 43 39 47 52 28 31
internal_value=0.0118141 0.00471257 -0.0330302 0.0132116 0.00102338 0.0158877 -0.00190137 0.038295 -0.021931 -0.0611214 -0.0724004 0.0573263 0.0454897 -0.104715 -0.111262
internal_weight=209.697 173.177 31.8291 141.348 95.1258 76.7646 57.4152 46.2222 44.2614 18.3612 19.1729 35.1651 36.5196 10.9067 11.3452
internal_count=873 772 165 607 457 342 277 150 242 115 113 111 101 72 74
is_linear=0
shrinkage=0.0895223


Tree=25
num_leaves=13
num_cat=0
split_feature=4 51 42 33 33 9 11 40 8 20 37 22
split_gain=7.20546 6.37607 6.09435 6.06099 9.97735 8.88087 7.26756 5.6014 4.50928 4.99997 4.4933 3.78096
threshold=0.36500000000000005 6.2000000000000002 14.077088449789487 7.3500000000000005 9.9500000000000011 0.58850000000000013 604.50000000000011 9.9542752213620016 0.92450000000000021 1.1277000000000001 0.27665000000000006 0.23120000000000004
decision_type=2 8 2 2 2 10 10 2 2 2 2 2
left_child=2 11 3 -1 -5 8 7 -7 -6 -10 -4 -2
right_child=1 -3 10 4 5 6 -8 -9 9 -11 -12 -13
leaf_value=0.094739700022750034 -0.12264031274889443 0.01147104581915287 -0.095473060086236128 -0.055565244633502722 0.033538039274718379 0.059510099859492245 0.097104879215724874 0.01212692312691026 -0.058430813399568494 0.011927178646426293 0.010799386541400632 -0.020217046671027195
leaf_weight=8.5551286563277227 7.1758778467774373 11.685904785990717 6.4390629269182664 13.737823553383349 14.54542290791869 31.255810175091028 14.783365316689013 55.495552223175764 17.776789005845785 14.862289223819969 6.3160293437540531 4.8345985747873783
leaf_count=19 54 40 43 59 65 95 32 200 125 79 33 29
internal_value=0.0108541 -0.0356064 0.0168451 0.0212974 0.0174299 0.0241727 0.0390858 0.0291987 -0.00791817 -0.026393 -0.0428491 -0.081412
internal_weight=207.464 23.6964 183.767 171.012 162.457 148.719 101.535 86.7514 47.1845 32.6391 12.7551 12.0105
internal_count=873 123 750 674 655 596 327 295 269 204 76 83
is_linear=0
shrinkage=0.0895223


Tree=26
num_leaves=18
num_cat=0
split_feature=4 0 20 15 20 22 25 10 51 56 42 51 22 16 69 41 56
split_gain=6.08865 5.80377 9.35462 10.1207 8.55 7.28477 6.86722 5.7064 5.59583 4.915 4.78823 5.56117 3.74174 3.61787 4.00049 3.84659 2.92212
threshold=0.36500000000000005 0.75000000000000011 1.1439000000000001 0.042500000000000003 1.0809500000000003 0.14750000000000005 140.50000000000003 0.50150000000000017 6.2000000000000002 72.860000000000014 9.7664406340469228 1.3600000000000003 0.23185000000000003 1.0000000180025095e-35 0.47810000000000008 9.9617174555311436 86.365000000000023
decision_type=2 8 2 10 2 2 2 2 8 8 2 8 2 2 10 10 8
left_child=1 7 3 4 -3 -6 -7 10 12 -4 -1 -12 -2 -9 15 16 -15
right_child=8 2 9 -5 5 6 -8 13 -10 -11 11 -13 -14 14 -16 -17 -18
leaf_value=0.049115780059701228 -0.11952338578480906 -0.04979203041754391 -0.010647784656089659 -0.08743463373420067 0.10646519139567828 0.058069183628260551 -0.019003727086666374 0.077709707474432621 0.010438216016242015 -0.1114949852774572 -0.084588871023675585 0.015554383120705251 -0.015606899785635718 0.095250950524452024 -0.0079925962868023365 0.0030004088848018221 0.038810260088388927
leaf_weight=8.5042999461293238 6.8607044331729394 10.124597575515507 7.2184750512242291 7.2248245552182189 10.543176122009752 19.891878843307495 17.34216058626771 17.683648243546486 11.692214004695417 8.3573500066995621 8.550545379519459 9.2535851746797597 4.6653929278254509 12.753750838339331 15.193861238658426 12.126275308430193 17.356354556977749
leaf_count=29 55 66 34 53 29 68 92 46 40 65 69 28 28 32 48 40 51
internal_value=0.00997669 0.0154808 -0.00243455 0.0124709 0.0249369 0.040773 0.0221715 0.0297361 -0.0331971 -0.0647585 -0.00614421 -0.0325398 -0.0774617 0.0423032 0.0314009 0.0455721 0.062717
internal_weight=205.343 182.125 80.7025 65.1266 57.9018 47.7772 37.234 101.422 23.2183 15.5758 26.3084 17.8041 11.5261 75.1139 57.4302 42.2364 30.1101
internal_count=873 750 407 308 255 189 160 343 123 99 126 97 83 217 171 123 83
is_linear=0
shrinkage=0.0895223


Tree=27
num_leaves=18
num_cat=0
split_feature=0 52 13 33 40 2 33 54 73 40 54 51 40 49 41 0 43
split_gain=5.02343 5.2793 4.49963 7.36205 6.87026 9.57509 7.62089 6.24147 5.98622 5.93436 5.24488 5.07352 4.8407 4.35881 8.49229 0.158883 0.1223
threshold=12.550000000000002 184.50000000000003 9.3286483125016719 22.550000000000004 11.255753144344501 458.00000000000006 21.450000000000003 36.300000000000004 -0.89999999999999991 9.4138845332993544 26.240000000000006 15.560000000000002 9.2437647963096676 10.076578347460345 10.193781555192778 1.0500000000000003 0.57050000000000012
decision_type=8 2 2 2 2 10 2 2 2 2 2 10 2 10 10 10 2
left_child=2 -2 3 12 7 13 10 -4 -9 -10 -7 -11 -1 -6 -15 -16 -14
right_child=1 -3 4 -5 5 6 -8 8 9 11 -12 -13 16 14 15 -17 -18
leaf_value=-0.011493063518164837 -0.10481582751639183 0.0010853795634848959 0.074403939769637703 0.049692365133710219 -0.0026702343206655679 0.091139834390847441 -0.038007267290921444 -0.03207370420934335 0.093456302528659316 0.035313374529650492 0.0087800597813153768 -0.033662935953934402 -0.10005578209702776 0.010171680319899682 -0.12920782256253957 -0.10728369071607331 -0.12326522636367829
leaf_weight=8.0718608237803 6.0575108155608204 10.00111250579357 22.986656986176968 7.3465598784387103 14.030484590679409 13.990069985389711 9.9226633571088296 13.844695955514906 10.762212052941321 38.881611671298742 11.124366655945776 10.953787289559839 3.5059039667248717 6.5755628272891071 5.7799078114330751 4.8966160677373409 3.7892470881342888
leaf_count=44 59 59 57 35 60 34 54 57 22 137 43 38 48 23 36 44 23
internal_value=0.00918214 -0.0388616 0.0133198 -0.0240198 0.0184992 -0.00372626 0.0284154 0.0336281 0.021037 0.0331713 0.054659 0.0201524 -0.0592598 -0.0397256 -0.0698612 -0.119153 -0.112112
internal_weight=202.521 16.0586 186.462 22.7136 163.749 66.3197 35.0371 97.429 74.4423 60.5976 25.1144 49.8354 15.367 31.2826 17.2521 10.6765 7.29515
internal_count=873 118 755 150 605 294 131 311 254 197 77 175 115 163 103 80 71
is_linear=0
shrinkage=0.0895223


Tree=28
num_leaves=15
num_cat=0
split_feature=48 43 21 40 57 40 13 40 50 23 40 54 38 13
split_gain=4.99678 7.39237 7.52911 6.64398 7.66271 6.2677 9.9421 7.54008 6.73743 5.25642 6.50496 4.63056 4.38535 4.81959
threshold=10.633620804612052 0.57550000000000001 0.57350000000000012 10.624244519033573 0.88450000000000017 13.120599954713285 12.530883253831119 12.072662467435991 0.52450000000000008 -1.3949999999999998 9.4305231422090454 47.190000000000005 1.1285000000000001 10.373881892920153
decision_type=10 2 2 2 10 2 2 2 2 2 2 2 2 2
left_child=9 2 -2 -3 -5 6 7 8 -4 11 -11 -1 13 -12
right_child=1 3 5 4 -6 -7 -8 -9 -10 10 12 -13 -14 -15
leaf_value=0.070620216957798437 -0.088658370979586412 0.078534011055210101 0.058971672841283629 -0.05360145996796685 0.06378741579878551 -0.060191175532760495 0.085746614931185308 -0.075685800858485391 -0.0052873785554457325 0.020603529943713027 -0.07863241943801666 -0.014286107051329221 -0.12245087797524164 0.013065004205332796
leaf_weight=9.0129754021763819 6.5504977386444798 24.894154533743858 19.184757299721241 8.6382508091628569 9.2056468464434129 9.0227721035480482 14.490145325660704 8.3322038128972036 41.069345768541098 11.904005013406275 10.227969136089092 12.003363277763127 6.5909438617527476 8.3387533426284772
leaf_count=29 69 63 57 47 29 53 38 59 165 55 63 57 49 40
internal_value=0.00846929 0.0175505 0.00407706 0.0486503 0.00695913 0.0106728 0.0183693 0.00413452 0.0151725 -0.0136383 -0.0339192 0.0221263 -0.0597182 -0.0374487
internal_weight=199.466 141.388 98.6497 42.7381 17.8439 92.0992 83.0765 68.5863 60.2541 58.078 37.0617 21.0163 25.1577 18.5667
internal_count=873 580 441 139 76 372 319 281 222 293 207 86 152 103
is_linear=0
shrinkage=0.0895223


Tree=29
num_leaves=14
num_cat=0
split_feature=8 8 11 11 17 41 49 41 33 47 33 31 31
split_gain=4.77921 6.27199 6.12937 8.75004 7.35584 5.58195 8.56702 7.32853 8.55515 7.11119 3.61858 2.91696 2.78849
threshold=0.76350000000000018 0.82800000000000007 3.0700000000000007 -27.389999999999997 9.5000000000000018 11.001155459437388 10.851055122434779 10.348851392935581 18.950000000000003 10.739104106961763 14.250000000000002 0.097500000000000017 0.17650000000000002
decision_type=2 2 10 8 2 10 10 10 2 2 2 2 2
left_child=12 -2 3 4 -3 6 7 9 -9 -4 -6 -5 -1
right_child=1 2 5 11 10 -7 -8 8 -10 -11 -12 -13 -14
leaf_value=-0.003900080155672669 0.057842410292229772 -0.076860194093483367 -0.021844092613655174 -0.041220200220425343 0.10005810734664258 -0.051555336980946526 0.1013961227652217 -0.12299990954257407 0.023841229064384982 0.0341313929284187 0.004643506143917858 -0.12878493148936709 -0.084411341349163074
leaf_weight=7.1002160124480707 20.858557321131229 5.6439652051776674 23.965065933763981 5.6106504611670989 5.5729079190641624 9.6049638837575895 9.4068268164992315 6.5309922695159894 6.1967553496360779 75.465868640691042 7.4358185417950153 6.677702222019434 6.7019154541194439
leaf_count=34 67 47 109 42 20 54 21 47 34 254 51 52 41
internal_value=0.0078034 0.0116353 0.00568988 -0.0301513 0.00848921 0.0141443 0.0193353 0.0124527 -0.0515071 0.02064 0.0455192 -0.0888047 -0.0429943
internal_weight=196.772 182.97 162.112 30.941 18.6527 131.17 121.566 112.159 12.7277 99.4309 13.0087 12.2884 13.8021
internal_count=873 798 731 212 118 519 465 444 81 363 71 94 75
is_linear=0
shrinkage=0.0895223


Tree=30
num_leaves=16
num_cat=0
split_feature=4 54 8 8 9 6 9 69 42 20 23 50 20 49 24
split_gain=5.01258 4.8248 4.55506 5.09558 6.33284 5.46524 4.59623 4.09037 5.27083 5.3798 3.94134 4.24788 3.77095 3.18119 0.807926
threshold=0.35900000000000004 48.205000000000005 0.76350000000000018 0.82800000000000007 0.6625000000000002 1.1625000000000003 1.76 0.72605000000000008 9.841297570743647 1.1373500000000003 -0.55499999999999994 0.53250000000000008 1.1304000000000003 9.8871372970836209 3.9900000000000007
decision_type=2 2 2 2 10 2 10 8 2 2 2 2 2 10 2
left_child=2 14 6 -4 5 10 -1 -6 -9 -10 12 -12 -5 -7 -2
right_child=1 -3 3 4 7 13 -8 8 9 -11 11 -13 -14 -15 -16
leaf_value=-0.089464267407993806 0.016781314898540345 -0.091706111232432608 0.059780996832346757 -0.050105043389889838 -0.024469275143640327 0.06289327942245905 0.015665146456014599 0.083189374220163967 0.03470241530569463 -0.027286529232438822 -0.010884557823188401 -0.10793957596230752 0.042366946542696654 -0.013191282886672071 -0.023937289400925453
leaf_weight=6.7849890850484353 7.6913981139659899 7.3843495920300475 19.283346842974424 7.3296748045831936 11.956581782549618 8.4867857284843939 6.5504354387521744 13.272434115409849 52.317242570221424 14.283412516117094 5.8324918262660495 9.5022863075137121 6.8251327537000179 9.154864948242901 7.9332613348960876
leaf_count=50 28 59 59 53 55 41 22 36 163 64 40 72 27 62 42
internal_value=0.00716095 -0.0320752 0.0124226 0.0166569 0.0106727 -0.0160033 -0.0378238 0.0243641 0.0316742 0.021408 -0.0395819 -0.0710255 -0.00551686 0.0234102 -0.00389291
internal_weight=194.589 23.009 171.58 158.244 138.961 47.1312 13.3354 91.8297 79.8731 66.6007 29.4896 15.3348 14.1548 17.6417 15.6247
internal_count=873 129 744 672 613 295 72 318 263 227 192 112 80 103 70
is_linear=0
shrinkage=0.0895223


Tree=31
num_leaves=11
num_cat=0
split_feature=0 4 4 9 53 2 13 49 10 11
split_gain=4.24642 5.09469 7.81283 4.50846 7.11012 4.50001 7.7147 4.30997 3.97599 3.03655
threshold=12.550000000000002 -0.12349999999999998 -0.050499999999999996 3.1700000000000004 1.3234685000000004 475.50000000000006 11.286281748694931 10.851055122434779 0.57850000000000013 165.50000000000003
decision_type=10 2 2 8 2 10 2 8 2 10
left_child=1 -1 -3 4 -4 6 -6 -2 -7 -5
right_child=7 2 3 9 5 8 -8 -9 -10 -11
leaf_value=0.053146647830641443 -0.10572984168354442 -0.084912927070523905 -0.074597463420466109 0.0091986764187961863 0.010138202506510955 0.06113074961492504 -0.058660614302116804 0.0014014634788905853 -0.0011158572131590647 0.067756191110737427
leaf_weight=19.588744223117828 5.2500092145055506 7.4221660085022441 9.0596686825156194 12.999813579022886 65.358703868463635 19.749693684279919 16.324904844164848 7.0521318614482889 14.091568805277346 15.630452424287794
leaf_count=64 56 47 48 45 312 64 97 47 57 36
internal_value=0.00657064 0.0100442 0.00478813 0.00913354 0.00177185 0.0077609 -0.00361156 -0.0443171 0.035211 0.0411678
internal_weight=192.528 180.226 160.637 153.215 124.585 115.525 81.6836 12.3021 33.8413 28.6303
internal_count=873 770 706 659 578 530 409 103 121 81
is_linear=0
shrinkage=0.0895223


Tree=32
num_leaves=17
num_cat=0
split_feature=4 51 70 23 10 33 9 5 41 11 19 30 9 0 33 8
split_gain=4.13391 5.35084 4.24352 5.12322 8.81035 4.85473 9.18067 4.6146 7.7714 6.23899 6.06757 4.35001 3.78166 2.676 2.4807 2.04705
threshold=0.35900000000000004 6.2000000000000002 1.3820000000000003 -2.5049999999999994 0.43050000000000005 25.950000000000003 1.1455000000000002 0.18014150000000004 9.5975655253911736 109.50000000000001 1.0000000180025095e-35 0.68750000000000011 0.30000000000000004 0.75000000000000011 16.650000000000002 0.93300000000000016
decision_type=2 8 2 2 2 2 8 2 10 10 2 2 10 8 2 2
left_child=2 13 3 5 12 6 -1 9 10 -6 -9 -10 14 -2 -5 -11
right_child=1 -3 -4 4 7 -7 -8 8 11 15 -12 -13 -14 -15 -16 -17
leaf_value=-0.036092737616105208 -0.1245398048417752 0.011538004166535403 -0.042928051447336128 0.026131761357500206 -0.024887583478458299 0.0968130246381496 0.06863933357020563 0.071449474417065284 -0.053276827314195987 0.083932825323976598 -0.017348984271466996 0.018933220823319857 -0.112305349884825 -0.03461994722598296 -0.056657423849699573 0.038808990415936967
leaf_weight=11.688796414062383 4.9084955863654587 11.78556437790394 10.999710969626902 4.7790863923728484 10.110810028389094 10.022437095642088 15.740720544010399 15.192489866167307 21.742360945791006 12.533593133091925 10.380447905510664 9.6546312756836432 5.7348988726735106 5.7710006739944228 7.3793426211923361 22.560401663184166
leaf_count=69 40 42 69 19 67 24 42 47 124 31 45 37 46 47 52 72
internal_value=0.0060214 -0.0300517 0.0108303 0.0145843 0.0055673 0.0434918 0.0240087 0.0157155 -0.00123156 0.0370733 0.0354047 -0.031072 -0.0523809 -0.0759491 -0.0241154 0.0549248
internal_weight=190.985 22.4651 168.52 157.52 120.068 37.452 27.4295 102.175 56.9699 45.2048 25.5729 31.397 17.8933 10.6795 12.1584 35.094
internal_count=873 129 744 675 540 135 111 423 253 170 92 161 117 87 71 103
is_linear=0
shrinkage=0.0895223


Tree=33
num_leaves=14
num_cat=0
split_feature=33 33 9 52 40 54 51 50 41 19 24 73 3
split_gain=4.02934 5.52188 4.88381 5.58841 5.27127 7.86139 10.7253 6.2843 7.22282 4.83903 4.64226 3.82852 1.76301
threshold=7.3500000000000005 9.9500000000000011 1.3900000000000003 85.705000000000027 9.4138845332993544 48.07500000000001 -36.274999999999991 0.51250000000000007 10.668734603456207 1.0000000180025095e-35 0.99445000000000017 -1.0000000180025095e-35 1.5000000000000002
decision_type=2 2 10 2 2 2 10 2 10 2 2 2 2
left_child=-1 9 4 -4 10 7 -7 -6 -9 -2 -3 -5 -8
right_child=1 2 3 11 5 6 12 8 -10 -11 -12 -13 -14
leaf_value=0.066298983719532481 -0.099338210595433699 -0.0044034265637884632 -0.010986313744223316 0.010472328270340611 0.059810189613605604 0.04191474612727232 -0.10606946773976894 0.0053062966326568317 -0.082603194041463157 0.00014015280692024037 0.082749265218282034 0.073055113923611956 -0.044013212692877723
leaf_weight=8.3621934205293638 7.5948943309485886 9.7735364809632319 17.454817242920399 12.041967228054999 13.111573319882153 6.812163736671212 13.615639628842475 45.204245926812291 8.9778827950358373 8.0965641662478447 9.8189369514584524 22.419412665069103 5.022667095065116
leaf_count=22 41 55 67 43 42 29 133 214 67 34 30 63 33
internal_value=0.00555203 0.00272903 0.00757614 0.0302833 -0.00291792 -0.0118311 -0.0542126 0.00419758 -0.00926008 -0.0480086 0.0392737 0.0511867 -0.0893467
internal_weight=188.306 179.944 164.253 51.9162 112.337 92.7442 25.4505 67.2937 54.1821 15.6915 19.5925 34.4614 18.6383
internal_count=873 851 776 173 603 518 195 323 281 75 85 106 166
is_linear=0
shrinkage=0.0895223


Tree=34
num_leaves=16
num_cat=0
split_feature=29 39 58 0 56 4 51 51 41 6 52 1 56 22 29
split_gain=3.71927 7.63178 5.51096 4.60353 5.29364 6.23775 8.87758 5.62264 4.96302 6.45912 3.43911 3.09629 3.03988 2.02963 0.605176
threshold=0.19445000000000004 1.0000000180025095e-35 1366.5000000000002 15.050000000000002 61.210000000000008 0.31550000000000006 5.830000000000001 -1.2649999999999999 9.5975655253911736 1.1555000000000002 -7.4599999999999991 4.1005000000000011 54.525000000000013 0.19145000000000004 0.098150000000000015
decision_type=2 2 2 8 10 2 8 8 10 2 2 10 8 2 2
left_child=1 3 -2 4 5 8 14 13 10 -10 -1 -5 -4 -6 -7
right_child=2 -3 12 11 7 6 -8 -9 9 -11 -12 -13 -14 -15 -16
leaf_value=0.0051396122248462753 -0.029089470011659454 -0.080089810753638274 0.01485628124440116 -0.10102514212530965 0.042688038302854704 -0.071757869860061552 0.027844989016916434 -0.09095525871149375 -0.050646720308555104 0.030411885381149424 0.060644569931876828 -0.00051868259200972371 0.067517914166996221 -0.0287570198484291 -0.11975125704728537
leaf_weight=12.033257421106098 10.747910995036362 9.4004947133362275 15.840283179655669 5.3922929801046831 5.9240835681557638 3.9224134404212219 9.7224223129451293 8.1184388771653193 12.21310845389962 22.19746508449316 34.875508308410645 4.5120880343019962 19.723200101405382 6.896250968798995 4.5474317539483309
leaf_count=56 46 55 61 65 24 30 32 56 71 94 106 24 62 51 40
internal_value=0.00509805 -0.00218787 0.027085 0.00342998 0.00825418 0.016863 -0.0305242 -0.0326592 0.0274642 0.00164221 0.0464063 -0.0552383 0.0440621 0.00425638 -0.0975258
internal_weight=186.067 139.755 46.3114 130.355 120.45 99.5116 18.1923 20.9388 81.3193 34.4106 46.9088 9.90438 35.5635 12.8203 8.46985
internal_count=873 704 169 649 560 429 102 131 327 165 162 89 123 75 70
is_linear=0
shrinkage=0.0895223


Tree=35
num_leaves=15
num_cat=0
split_feature=33 33 9 20 41 56 41 25 51 19 50 16 11 11
split_gain=3.31405 4.44923 4.18686 5.46153 4.89352 4.4821 8.18392 6.18116 4.47874 4.10292 3.95341 3.80008 3.45249 3.26663
threshold=7.3500000000000005 9.9500000000000011 2.4785000000000004 1.1461000000000003 9.3266291909116212 36.610000000000007 10.292113833255017 152.50000000000003 22.525000000000002 1.0000000180025095e-35 0.57150000000000001 1.5000000000000002 77.340000000000018 57.385000000000012
decision_type=2 2 10 2 10 10 10 2 10 2 2 2 8 10
left_child=-1 9 3 5 -5 8 7 -7 11 -2 13 -3 -4 -6
right_child=1 2 12 4 10 6 -8 -9 -10 -11 -12 -13 -14 -15
leaf_value=0.060468158462966035 -0.092253337166627106 0.052830977513832096 0.0027536042763063274 -0.098343319952056571 0.0018192101811300477 0.024895031607744211 -0.096734659095021033 -0.045151810680197094 0.0872116623056923 0.00045284575267364618 0.047219786614960256 -0.0012820919253895119 0.070309525924824215 -0.099386180772504953
leaf_weight=8.1548060774803144 7.3485974110662919 15.255114695057271 10.855007138103245 7.5218599736690548 5.5810350403189677 33.984216593205929 7.4463474228978148 14.363190425559877 8.2875135466456396 7.9811295159161091 5.9323536306619635 32.681385811418295 13.733060963451864 4.7154783122241497
leaf_count=22 41 62 38 48 37 152 67 88 21 34 25 163 38 37
internal_value=0.00467879 0.0020892 0.00649404 0.000338076 -0.0386555 0.00860578 -0.00937033 0.00408523 0.0264444 -0.0439874 -0.0109908 0.0159386 0.0404855 -0.0445293
internal_weight=183.841 175.686 160.357 135.768 23.7507 112.018 55.7938 48.3474 56.224 15.3297 16.2289 47.9365 24.5881 10.2965
internal_count=873 851 776 700 147 553 307 240 246 75 99 225 76 74
is_linear=0
shrinkage=0.0895223


Tree=36
num_leaves=19
num_cat=0
split_feature=48 43 9 73 21 48 40 17 40 50 49 56 16 50 11 48 11 2
split_gain=3.1869 6.37609 6.175 5.69205 4.9163 8.64032 4.80876 4.69538 4.23322 4.07135 6.06971 7.73097 5.33795 3.69399 3.20777 3.14451 2.42195 1.13502
threshold=10.633620804612052 0.57550000000000001 0.40850000000000003 -0.89999999999999991 1.1742000000000001 9.3889577645948563 9.9542752213620016 2.5000000000000004 9.4305231422090454 0.52350000000000019 9.9095963836296281 36.610000000000007 3.5000000000000004 0.58250000000000013 5.5300000000000011 12.527855219819644 171.00000000000003 -33.124999999999993
decision_type=10 2 8 2 2 10 2 2 2 2 8 10 2 2 8 10 10 8
left_child=3 2 16 -1 14 -6 -3 -8 -7 12 -11 15 -4 -9 -5 -12 17 -2
right_child=1 6 9 4 5 8 7 13 -10 10 11 -13 -14 -15 -16 -17 -18 -19
leaf_value=-0.093115402277878095 -0.038761458849193638 0.086033455858470206 0.0002643904787450347 -0.0038514972982617557 -0.11364099191752139 0.049207154500122703 0.07505139973286018 0.034384695193762756 -0.033643292950089818 -0.060464881257915382 0.076007231123363092 -0.041802433458135536 0.079556745737833279 -0.047792036554783618 0.068782102298557274 0.010059949241045021 0.00718755944756752 -0.10464907149120686
leaf_weight=6.4311744160950175 3.1643081605434418 13.209955744445322 15.141360869631173 10.158954698592423 6.9949931018054512 8.6395960524678248 8.3134766221046466 8.782956078648569 11.549698345363138 12.688393402844666 11.531140733510258 13.780656758695839 12.357288658618925 8.7526675425469858 9.3649113178253192 11.648068916052578 3.2604524306952944 6.2038809619843942
leaf_count=46 46 34 63 52 65 27 25 32 68 60 33 69 34 48 35 50 20 66
internal_value=0.00429161 0.0119002 -0.00123609 -0.0141551 -0.00328308 -0.0278969 0.0420935 0.0196382 0.00181068 0.00826312 -0.00704223 0.0112978 0.0358968 -0.00663249 0.0309881 0.0428674 -0.059266 -0.0823945
internal_weight=181.974 128.835 89.7756 53.1393 46.7082 27.1843 39.0591 25.8491 20.1893 77.1469 49.6483 36.9599 27.4986 17.5356 19.5239 23.1792 12.6286 9.36819
internal_count=873 580 441 293 247 160 139 105 95 309 212 152 97 80 87 83 132 112
is_linear=0
shrinkage=0.0895223


Tree=37
num_leaves=14
num_cat=0
split_feature=8 29 39 40 49 25 69 47 40 4 9 8 9
split_gain=3.3074 4.3864 4.88311 3.60034 6.53895 4.86461 4.93564 4.17194 3.83571 3.99576 2.85907 2.77958 3.96811
threshold=0.76350000000000018 0.19445000000000004 1.0000000180025095e-35 11.255753144344501 9.8399998110847786 176.50000000000003 0.2748000000000001 13.657585663020287 10.460596347582026 0.32900000000000007 1.76 0.90450000000000019 1.1980000000000002
decision_type=2 2 2 2 10 2 10 2 2 2 10 2 8
left_child=10 2 3 4 8 6 7 -5 9 -2 -1 -3 -13
right_child=1 11 -4 5 -6 -7 -8 -9 -10 -11 -12 12 -14
leaf_value=-0.085077619108696795 0.020561224274431061 0.062971287883755347 -0.068051418335962233 -0.12345874783849525 0.073617956550684094 0.050526429948859357 0.0062812114759370095 -0.028890696226885379 -0.047409309446376009 -0.043828257876207255 0.0014893807343682943 0.04861825495710366 -0.022782618029826663
leaf_weight=6.001645375043152 54.34233626909554 15.328962862491606 8.131827896460889 6.8560110144317177 12.321166809648274 6.0724422112107268 11.342205196619032 8.2225501444190723 10.335092710331081 9.00348913669586 6.2330354936420918 13.075443003326656 11.928687013685702
leaf_count=52 247 47 49 58 37 24 63 54 64 60 23 52 43
internal_value=0.00395326 0.0072456 -0.000943663 0.00366163 0.0132533 -0.0217253 -0.0383315 -0.0718897 0.0031589 0.0114093 -0.0409752 0.0329561 0.014555
internal_weight=179.195 166.96 126.627 118.495 86.0021 32.4932 26.4208 15.0786 73.6809 63.3458 12.2347 40.3331 25.0041
internal_count=873 798 656 607 408 199 175 112 371 307 75 142 95
is_linear=0
shrinkage=0.0895223


Tree=38
num_leaves=17
num_cat=0
split_feature=54 40 49 41 54 40 49 4 40 53 53 41 4 42 4 22
split_gain=3.33343 6.73139 10.9563 6.91427 6.24839 4.8308 5.96825 5.40644 4.59321 5.47531 6.0653 4.93732 3.22855 3.30863 3.01379 2.42325
threshold=48.920000000000009 13.120599954713285 10.851055122434779 10.330326178502206 25.545000000000005 9.9133562968881908 9.4352928658520359 -0.12349999999999998 8.7424848401289044 5.1379055000000013 7.6822300000000006 10.870446972548351 0.13300000000000003 9.841297570743647 0.23300000000000004 0.22245000000000001
decision_type=2 2 10 10 2 2 8 2 2 2 2 8 2 2 2 2
left_child=1 2 3 5 -5 -1 -7 -8 -2 12 -11 -12 -10 -14 -6 -15
right_child=8 -3 -4 4 14 6 7 -9 9 10 11 -13 13 15 -16 -17
leaf_value=0.07076007824046758 0.068199002248578985 -0.063111761125670365 0.10554848830967054 0.040504853707568865 -0.11609583879266061 -0.061013935041399181 0.077343481211351747 0.0077396456375829967 -0.010112662256112898 0.070408263363607032 -0.10120415349503321 0.0098954680629481252 -0.015401539706396888 -0.13308349963449573 -0.019337402666019948 -0.054476008410170133
leaf_weight=12.57854015752673 5.0509777329862109 8.7536339052021486 10.469314299523829 4.8334804065525558 7.1697455514222366 8.2493876963853818 10.874177850782862 50.373597178608186 12.211982879787685 8.7605982031673211 4.5469766687601778 10.867758313193917 6.1428282829001573 6.5801499504595977 4.0301143489778042 6.0171459577977657
leaf_count=38 19 60 25 22 65 43 29 204 62 33 67 60 31 51 28 36
internal_value=0.00362081 0.0124065 0.0184949 0.00920528 -0.0445653 0.0197093 0.0104694 0.0200975 -0.013509 -0.0209954 0.010928 -0.022876 -0.0459295 -0.0692693 -0.081279 -0.0955366
internal_weight=177.51 117.332 108.578 98.109 16.0333 82.0757 69.4972 61.2478 60.1784 55.1274 24.1753 15.4147 30.9521 18.7401 11.1999 12.5973
internal_count=873 514 454 429 115 314 276 233 359 340 160 127 180 118 93 87
is_linear=0
shrinkage=0.0895223


Tree=39
num_leaves=18
num_cat=0
split_feature=48 41 23 29 51 31 73 37 9 50 48 23 23 5 31 12 50
split_gain=2.8897 5.06718 5.54812 9.45129 7.1821 4.84477 4.81518 4.63359 8.14432 6.14464 3.92954 3.74962 2.62286 4.6493 2.19579 1.58297 0.888999
threshold=10.633620804612052 12.244028872289441 -2.6199999999999997 0.19445000000000004 7.620000000000001 0.096500000000000016 -0.89999999999999991 0.17215000000000003 1.1650000000000003 0.56050000000000011 12.284561634878591 -3.4649999999999994 0.35500000000000004 0.20911900000000003 0.11300000000000002 236.114 0.60750000000000004
decision_type=10 8 2 2 10 2 2 2 10 2 10 2 2 2 2 10 2
left_child=6 2 11 4 5 -4 -1 -8 9 -9 -6 -2 13 -5 -3 -7 -11
right_child=1 14 3 12 10 15 7 8 -10 16 -12 -13 -14 -15 -16 -17 -18
leaf_value=-0.088831567723810387 0.0064516484310677162 0.021343751256140304 -0.014382819319540696 0.049480492190298979 0.045065299499461267 -0.11676428846635627 0.051566697732673084 -0.0011456123119003578 0.026384032658631922 -0.076039909759348739 -0.034775285945334397 0.082216228457755905 0.062612080160451888 -0.040235855058594283 0.070785006395577416 -0.052355772603712339 -0.1278040303640704
leaf_weight=6.1532640885561696 11.438070872798564 16.155701898038391 8.0885818684473652 9.8981888145208412 9.215401694178583 11.527203974314032 9.3845144696533662 8.2229840578511375 16.7262854129076 4.9160662796348316 10.649446588009594 9.6531991325318796 11.037318821996449 8.6962943673133832 12.985773824155329 4.1626205909997216 5.7924860920757055
leaf_count=46 57 65 64 36 31 101 41 57 66 41 50 32 34 41 36 33 42
internal_value=0.00333253 0.0107452 0.000668586 -0.0109772 -0.0374695 -0.0706627 -0.0145503 -0.00440264 -0.0191329 -0.0593479 0.00226298 0.0411283 0.028042 0.00752163 0.0433755 -0.0996765 -0.104041
internal_weight=174.703 123.508 94.3663 73.2751 43.6433 23.7784 51.1956 45.0423 35.6578 18.9315 19.8648 21.0913 29.6318 18.5945 29.1415 15.6898 10.7086
internal_count=873 580 479 390 279 198 293 247 206 140 81 89 111 77 101 134 83
is_linear=0
shrinkage=0.0895223


Tree=40
num_leaves=17
num_cat=0
split_feature=70 16 4 9 13 31 43 47 53 4 20 40 54 6 32 56
split_gain=3.15276 4.5284 4.29243 4.09339 4.56943 6.79585 4.5606 5.84971 5.74008 4.7084 4.82268 4.0207 4.35891 7.65931 2.61399 0.0232458
threshold=1.3820000000000003 2.5000000000000004 -0.20599999999999996 0.6625000000000002 9.504897370467468 0.097500000000000017 0.57950000000000002 13.20043696386452 4.7446620000000008 0.18400000000000002 1.1336000000000002 9.9542752213620016 40.340000000000011 1.0415000000000003 6.0000000000000009 45.510000000000012
decision_type=2 2 2 8 2 2 2 2 2 2 2 2 2 2 8 8
left_child=2 -2 -1 6 5 -5 7 9 -8 10 -4 -6 14 -14 -13 -9
right_child=1 -3 3 4 11 -7 8 15 -10 -11 -12 12 13 -15 -16 -17
leaf_value=0.080653901229856065 0.017177230512689656 -0.1033128188908085 -0.10612327556008311 0.026419348754308077 0.054349163642846379 -0.098441229708060851 -0.035128610843551109 -0.10937490969892207 0.079290141423584121 0.030160465040211484 0.011466066486184479 0.060784344486789786 0.047708356502951653 -0.064211001938816417 0.01305305644735124 -0.099752767831478142
leaf_weight=5.9561404064297667 4.7914372868835908 5.2265732623636723 6.3595156399533206 7.0253488682210428 20.468491423875093 6.9488257728517056 7.0521512348204833 3.473412606865165 7.003462502732873 9.8483086880296451 4.9871989842504263 11.54987972229719 7.5837320163846043 13.850504320114849 45.104250021278858 4.8288846276700506
leaf_count=17 29 44 75 30 67 47 49 33 23 63 31 32 22 75 170 66
internal_value=0.00305288 -0.0456842 0.00606603 0.00321975 0.0122389 -0.0356688 -0.0200837 -0.0400809 0.0218823 -0.0151296 -0.0544391 0.0190317 0.00977427 -0.0246122 0.0227839 -0.103779
internal_weight=172.058 10.018 162.04 156.084 112.531 13.9742 43.5529 29.4973 14.0556 21.195 11.3467 98.5569 78.0884 21.4342 56.6541 8.3023
internal_count=873 73 800 783 443 77 340 268 72 169 106 366 299 97 202 99
is_linear=0
shrinkage=0.0895223


Tree=41
num_leaves=11
num_cat=0
split_feature=33 8 31 24 23 23 33 56 25 41
split_gain=2.81789 3.96078 4.08045 3.6425 4.15024 4.01748 7.51146 4.03601 2.85722 1.70929
threshold=7.3500000000000005 0.76350000000000018 0.25050000000000006 0.41760000000000003 3.9650000000000003 -0.14499999999999999 11.850000000000003 53.945000000000007 149.50000000000003 9.6997810304189063
decision_type=2 2 2 2 2 2 2 10 2 10
left_child=-1 9 3 8 5 7 -7 -5 -3 -2
right_child=1 2 -4 4 -6 6 -8 -9 -10 -11
leaf_value=0.055750416837392507 -0.014727194365236524 -0.091780186851948331 0.055636164787532957 0.022700308834774603 0.065782839779505525 -0.10740803189822429 -0.0054614357200248988 -0.028414254092313056 -0.0065217798172495156 -0.088367258873430679
leaf_weight=7.6866255328059188 4.7516065184026939 5.8739901781082136 11.30573173612356 60.927486566826701 8.2249995134770852 6.9114776644855729 35.765819946303964 15.537148129194973 6.7935620611533523 5.3937087431550026
leaf_count=22 27 35 43 275 32 44 209 103 38 45
internal_value=0.00279288 0.000272108 0.00390216 -0.000274576 0.00427876 3.27721e-05 -0.0219715 0.0123141 -0.0460567 -0.0538779
internal_weight=169.172 161.486 151.34 140.034 127.367 119.142 42.6773 76.4646 12.6676 10.1453
internal_count=873 851 779 736 663 631 253 378 73 72
is_linear=0
shrinkage=0.0895223


Tree=42
num_leaves=11
num_cat=0
split_feature=70 4 48 33 40 13 41 25 31 23
split_gain=2.77796 3.25232 3.91139 4.78204 4.33414 6.40539 7.35665 4.41014 2.87831 2.55446
threshold=1.3820000000000003 -0.15349999999999997 9.3889577645948563 14.050000000000002 12.982390383053977 12.530883253831119 10.275404685444338 152.50000000000003 0.19050000000000003 -0.18499999999999997
decision_type=2 2 8 2 2 2 10 2 2 2
left_child=1 -1 3 -3 5 6 7 -4 -2 -8
right_child=8 2 4 -5 -6 -7 9 -9 -10 -11
leaf_value=0.050581310112108341 -0.092525967300949155 0.0045924005713121434 0.025641197623152638 -0.11152030647440581 -0.058380498835521918 0.071988359179088177 -0.027956846124125044 -0.012390259067383906 0.0052328276651677046 -0.11262131580384445
leaf_weight=11.812350180931388 4.8693801406770927 6.2195334713906032 63.913060678169131 5.2353411968797445 7.8890247251838437 12.090183548629282 6.747751597315073 39.561441298574209 4.7861254028975964 4.9521259143948537
leaf_count=43 45 39 269 55 54 39 46 201 28 54
internal_value=0.00255093 0.00539228 0.00175135 -0.0484755 0.00600832 0.00999976 0.00349261 0.0111006 -0.0440677 -0.0637925
internal_weight=168.076 158.421 146.608 11.4549 135.154 127.265 115.174 103.475 9.65551 11.6999
internal_count=873 800 757 94 663 609 570 470 73 100
is_linear=0
shrinkage=0.0895223


Tree=43
num_leaves=17
num_cat=0
split_feature=4 42 47 23 4 41 54 25 54 57 29 42 9 23 23 10
split_gain=2.67471 3.17502 4.47239 3.94572 3.39983 6.24033 7.45971 4.61885 4.20189 4.74918 3.19028 3.05216 3.27204 2.5186 3.98538 2.36083
threshold=0.35900000000000004 14.077088449789487 13.840025083359238 0.085000000000000006 0.18150000000000002 9.5975655253911736 36.300000000000004 137.50000000000003 48.920000000000009 0.85650000000000015 0.098650000000000002 10.669790084785921 0.88400000000000012 -2.2349999999999999 0.065000000000000016 0.50250000000000006
decision_type=2 2 2 2 2 10 2 2 2 8 2 2 8 2 2 2
left_child=1 2 4 -3 5 8 7 -7 10 -10 -1 -2 -13 -6 -15 -8
right_child=11 3 -4 -5 13 6 15 -9 9 -11 -12 12 -14 14 -16 -17
leaf_value=0.064747078225555546 -0.089861459610933336 -0.090754268051513542 0.061284486536761273 0.023705044506466776 0.073673744814818337 0.036708022770332367 -0.04176471218080699 -0.043527878268031894 -0.055263963627885403 0.01539397173167974 0.0027240012852384698 -0.055684310086241605 0.029654535835054008 -0.02311663596387948 0.061489338065128928 -0.12441771798646452
leaf_weight=16.679224565625194 4.9123357655480531 5.7256613448262197 12.394271777942775 4.172739265486598 8.4510178640484828 11.374240547418596 4.566891838796435 11.628083372488616 11.026217577978967 24.704047184437513 11.049517344683407 6.481028122827408 8.101927112787962 10.044277342036368 8.0285326018929464 7.0378089062869549
leaf_count=52 39 55 50 21 28 44 46 68 79 123 40 56 34 56 31 51
internal_value=0.00232535 0.00646062 0.00999872 -0.0425028 0.00489675 -0.00279412 -0.0333743 -0.00385249 0.0138826 -0.00641069 0.0400319 -0.0288307 -0.00827192 0.0333322 0.0144679 -0.0918909
internal_weight=166.378 146.883 136.984 9.8984 124.59 98.066 34.607 23.0023 63.459 35.7303 27.7287 19.4953 14.583 26.5238 18.0728 11.6047
internal_count=873 744 668 76 618 503 209 112 294 202 92 129 90 115 87 97
is_linear=0
shrinkage=0.0895223


Tree=44
num_leaves=17
num_cat=0
split_feature=10 17 6 70 11 29 73 23 10 22 12 20 17 11 51 57
split_gain=2.41243 4.80875 4.23887 2.72935 2.41119 4.33203 3.89568 5.35098 3.80541 3.38314 3.0632 2.66424 1.95429 1.69246 2.0662 0.312596
threshold=0.63150000000000006 7.5000000000000009 1.0080000000000002 1.3820000000000003 187.00000000000003 0.096550000000000011 -0.70849999999999991 0.25500000000000006 0.46850000000000008 0.22000000000000003 10.403 1.1348500000000004 15.500000000000002 379.50000000000006 7.7600000000000007 0.87750000000000006
decision_type=2 2 2 2 10 2 2 2 2 2 10 2 2 10 10 8
left_child=3 -2 -3 4 5 12 7 -7 9 -8 -10 13 -1 -6 -15 -4
right_child=1 2 15 -5 11 6 8 -9 10 -11 -12 -13 -14 14 -16 -17
leaf_value=0.011781171099467701 0.021088139010962341 0.0092327762769699815 -0.11832353892114393 -0.044973519721681746 0.059180141904747824 -0.11570914515426485 -0.011814654372228396 0.01103937741836985 -0.036353345000324964 -0.10616749488921161 0.025604554074788639 -0.011103795104443618 0.07742501130868272 0.043405149433852069 -0.0086131973683334934 -0.083028280778098609
leaf_weight=7.4182646768167597 9.9385239053517598 4.2951927483081809 4.0758978947997067 7.8230539970099917 15.186017565429209 5.9859947497025114 10.362231222912667 4.817728828638792 7.9334006570279589 4.3134057680144897 32.979231297969818 12.936453150585292 7.1265461426228285 14.401334486901762 10.64131213724613 3.9718002770096072
leaf_count=49 45 18 36 60 50 53 77 25 34 53 151 66 28 47 40 41
internal_value=0.00212673 -0.0252588 -0.0625777 0.00642613 0.00942464 -0.000304362 -0.00999834 -0.0591876 -0.000438229 -0.0395467 0.0135902 0.0242358 0.043945 0.0356002 0.021301 -0.100905
internal_weight=164.206 22.2814 12.3429 141.925 134.102 80.9368 66.392 10.8037 55.5883 14.6756 40.9126 53.1651 14.5448 40.2287 25.0426 8.0477
internal_count=873 140 95 733 673 470 393 78 315 130 185 203 77 137 87 77
is_linear=0
shrinkage=0.0895223


Tree=45
num_leaves=17
num_cat=0
split_feature=69 4 54 22 29 11 40 20 49 20 29 48 48 44 73 29
split_gain=2.48451 4.75696 4.47505 3.50894 2.9845 2.85318 4.85522 3.6191 3.27612 3.99858 2.70802 3.85506 3.87501 3.77313 3.5077 2.99936
threshold=0.31670000000000004 0.30800000000000005 48.920000000000009 0.23665000000000003 0.098350000000000007 187.00000000000003 10.367771503561469 1.0481000000000003 10.865579058614568 1.1066500000000004 0.096550000000000011 10.647465368028721 9.9827182564694539 1.9500000000000002 -0.70849999999999991 0.19305000000000003
decision_type=10 2 2 2 2 10 2 2 10 2 2 10 8 2 2 2
left_child=5 2 3 4 -2 7 -7 -1 9 -8 -9 12 13 -12 -13 -16
right_child=1 -3 -4 -5 -6 6 8 10 -10 -11 11 14 -14 -15 15 -17
leaf_value=-0.079038290749474827 0.060572562280972193 -0.079406991836991084 -0.055700604701605809 -0.038300919465739505 0.00028663985374001493 0.064574009265918511 0.026809344469825507 0.042438690601096306 0.043874716809986974 -0.061726484936250187 0.039809876698339103 -0.049448207653704439 -0.11133096768224236 -0.072659464006483737 0.0034307694223335438 0.064375689915408124
leaf_weight=4.5625230949372044 12.241980265825989 7.6366315539926282 10.020527616143225 8.3812239877879602 14.232555747032164 17.093984715640545 7.544616509228951 11.663523415103553 9.9611261039972288 8.9234621636569482 5.1735015157610142 6.4712558193132272 4.7010706439614305 4.4439639784395695 19.799616684205834 9.614234993234275
leaf_count=37 44 55 69 47 61 51 28 65 35 48 24 47 47 50 129 36
internal_value=0.00192831 -0.0140909 -0.00297589 0.0121816 0.0281633 0.00957901 0.0273952 -0.00209366 0.00334834 -0.0211648 0.00358072 -0.00544685 -0.0447193 -0.0121587 0.0102232 0.0233514
internal_weight=162.466 52.5129 44.8763 34.8558 26.4745 109.953 43.5232 66.4297 26.4292 16.4681 61.8672 50.2036 14.3185 9.61747 35.8851 29.4139
internal_count=873 276 221 152 105 597 162 435 111 76 398 333 121 74 212 165
is_linear=0
shrinkage=0.0895223


Tree=46
num_leaves=20
num_cat=0
split_feature=0 53 6 41 56 51 53 9 6 25 4 9 10 4 23 58 37 53 1
split_gain=2.14732 3.33778 2.39261 4.47691 6.77408 4.61772 3.90885 3.89885 3.77024 3.65682 4.70874 3.20594 2.89776 2.67721 2.38977 2.28297 3.19152 2.28222 0.825644
threshold=12.550000000000002 3.3150795000000004 1.1895000000000002 9.9617174555311436 53.590000000000011 -29.254999999999999 1.8757270000000001 0.6625000000000002 1.1545000000000003 138.50000000000003 0.052500000000000012 1.4640000000000002 0.52850000000000008 0.060000000000000005 -0.024999999999999998 765.50000000000011 0.23345000000000002 3.3655365000000006 3.8615000000000004
decision_type=8 2 2 10 8 8 2 10 2 2 2 8 2 2 2 2 2 2 10
left_child=2 18 3 5 8 14 -6 9 -5 -7 -11 13 -4 -8 -1 16 -9 -17 -2
right_child=1 -3 12 4 6 7 11 15 -10 10 -12 -13 -14 -15 -16 17 -18 -19 -20
leaf_value=-0.080642106703479974 -0.032668028126936859 -0.10495261468742906 0.068587724470996966 -0.12516392782254993 -0.063494625244631411 0.02937695803944497 0.041544297318199815 0.046760417592461329 -0.03030511510109437 0.040266199618278105 -0.058891422586284763 0.071170045734731971 -0.0016177871735667203 -0.046195892895387079 0.00021619395273928755 0.073936704135196624 -0.026268724022160069 0.023650189286278246 0.025242405635937926
leaf_weight=6.0784836141392589 3.7632881700992566 3.7386546861380339 9.6921991594135779 6.5751730613410455 5.4563875366002348 14.001346683129666 5.0924091022461671 9.7005807384848612 6.8631061315536499 5.3443262698128846 13.617744014598427 6.8610007166862479 9.1690873242914659 6.1565247792750597 5.6540329642593843 15.483993381261827 9.4852484315633756 13.573970889672635 4.1476280242204666
leaf_count=46 46 47 35 52 36 64 25 32 35 29 108 19 53 56 27 44 44 50 25
internal_value=0.00176516 -0.0352481 0.00466284 0.000338025 -0.0259958 0.0108231 0.00292779 0.0184079 -0.0767186 -0.00532252 -0.0309444 0.0229406 0.0344583 -0.00647546 -0.0416753 0.0346222 0.0106555 0.0504463 -0.00230561
internal_weight=160.455 11.6496 148.806 129.944 37.0046 92.9397 23.5663 81.2072 13.4383 32.9634 18.9621 18.1099 18.8613 11.2489 11.7325 48.2438 19.1858 29.058 7.91092
internal_count=873 118 755 667 223 444 136 371 87 201 137 100 88 81 73 170 76 94 71
is_linear=0
shrinkage=0.0895223


Tree=47
num_leaves=14
num_cat=0
split_feature=40 13 44 40 42 13 51 69 33 33 20 23 5
split_gain=2.28809 4.80819 3.98086 3.81152 6.48476 4.86647 4.46181 4.22117 6.04485 3.40141 3.22232 2.71471 1.94988
threshold=12.982390383053977 12.530883253831119 0.8500000000000002 11.255753144344501 12.834682363998267 11.086169662281959 -29.254999999999999 0.25985000000000008 13.550000000000002 14.750000000000002 1.1304000000000003 -0.18499999999999997 0.45906400000000008
decision_type=2 2 2 2 2 2 8 10 2 2 2 2 2
left_child=1 3 -2 5 9 6 12 10 -9 -5 -8 -6 -1
right_child=2 -3 -4 4 11 -7 7 8 -10 -11 -12 -13 -14
leaf_value=-0.088018284358118232 0.01704938356024201 0.057804709891771021 -0.088719384586193356 -0.12817290531146172 0.036068030948491897 0.057428748818514674 0.0062558736102707735 -0.099489087690319611 0.0030700473101150398 -0.037801135515025765 0.053029885801331458 -0.033958690973297748 -0.01358755756284822
leaf_weight=5.8449514433741552 5.58117977529764 12.465169385075567 5.831549908965826 5.4452505726367226 11.032822128385304 13.89965834841132 33.510373391211033 6.1100076362490681 18.707211619243026 8.6244428064674121 18.222741233184934 7.4208521358668831 5.4520184323191643
leaf_count=36 21 49 60 39 60 46 192 35 94 58 80 66 37
internal_value=0.00161586 0.00461893 -0.0369949 -0.000318613 -0.0269966 0.00820897 0.000421113 0.00817166 -0.0221799 -0.0727771 0.0227319 0.0079077 -0.0520977
internal_weight=158.148 146.735 11.4127 134.27 32.5234 101.747 87.8473 76.5503 24.8172 14.0697 51.7331 18.4537 11.297
internal_count=873 792 81 743 223 520 474 401 129 97 272 126 73
is_linear=0
shrinkage=0.0895223


Tree=48
num_leaves=14
num_cat=0
split_feature=33 33 23 9 10 29 63 24 22 29 6 40 56
split_gain=2.18554 2.89751 4.29116 2.99653 3.29318 3.84644 2.74964 4.38708 2.7352 4.62475 2.47289 2.15299 1.15324
threshold=7.3500000000000005 9.9500000000000011 -1.3949999999999998 2.4785000000000004 0.62450000000000017 0.097350000000000006 0.65000000000000013 3.4457000000000004 0.14750000000000005 0.096550000000000011 1.1575000000000002 9.9542752213620016 60.685000000000009
decision_type=2 2 2 10 2 2 2 2 2 2 2 2 8
left_child=-1 2 -2 4 6 -6 8 -8 10 -10 -3 -5 -7
right_child=1 3 -4 11 5 12 7 -9 9 -11 -12 -13 -14
leaf_value=0.049733033609481413 0.019757459121613016 0.011508203439246602 -0.084640590959005668 0.066072062812290916 0.0056139161755791953 -0.045828520391716171 0.018842487193834374 -0.082857582533328811 0.046752017341884541 -0.013892126613422118 0.068600280096841243 0.0080625771257997209 -0.11082493319420016
leaf_weight=7.1749940887093535 5.3999184519052505 15.294262675568463 7.591112092137335 9.3856517411768454 8.0026915334165114 4.1383454920724008 6.5742590446025115 7.0388965560123324 12.833921123296021 46.931107971817255 10.092550070956348 11.302204597741364 4.64221240207553
leaf_count=22 24 80 51 29 50 26 35 52 64 300 44 47 49
internal_value=0.00147134 -0.000849109 -0.0412457 0.00300295 -0.00261487 -0.0392773 0.00361518 -0.0337429 0.00958762 -0.000869364 0.0342054 0.0343805 -0.080192
internal_weight=156.402 149.227 12.991 136.236 115.548 16.7832 98.765 13.6132 85.1518 59.765 25.3868 20.6879 8.78056
internal_count=873 851 75 776 700 125 575 87 488 364 124 76 75
is_linear=0
shrinkage=0.0895223


Tree=49
num_leaves=18
num_cat=0
split_feature=13 33 0 13 63 41 69 29 58 20 24 73 4 16 56 9 54
split_gain=2.10931 4.22096 3.38074 2.95786 2.73144 2.69752 3.46499 5.36023 4.81719 3.03935 3.83786 5.76149 4.49211 5.24279 2.24824 1.19375 0.152962
threshold=9.3286483125016719 22.550000000000004 12.550000000000002 12.761320291666779 0.58350000000000002 9.5975655253911736 0.2748000000000001 0.098350000000000007 529.00000000000011 1.0636000000000003 11.591600000000001 -0.30299999999999999 0.18400000000000002 2.5000000000000004 38.000000000000007 1.0500000000000003 68.955000000000013
decision_type=2 2 10 2 2 10 10 2 2 2 2 2 2 2 8 8 2
left_child=1 4 5 -4 16 6 8 -8 -2 -7 12 -12 13 -11 -13 -10 -1
right_child=2 -3 3 -5 -6 9 7 -9 15 10 11 14 -14 -15 -16 -17 -18
leaf_value=-0.03438826673420739 -0.015286192166933063 0.029856375266262055 -0.10071677554940189 0.012774094106822927 -0.10517960582974814 -0.063310633449914305 0.03079956995490566 -0.058852899717140562 0.036851277405382701 -0.0014447252135530897 -0.032827337074331504 0.098719200478048649 0.023362909401586765 -0.090116981804264168 0.03296299391301033 0.074090847177591262 -0.0086360960343040191
leaf_weight=3.641240303404631 9.7001582421362382 7.0089876418933263 4.366597579792141 3.1811662185937166 5.3734328560531139 6.180814152583479 13.209485799074175 8.9767336286604387 12.209749504923822 11.592764667235317 8.4107815893366951 6.5571553520858314 13.635505169630049 9.9136544987559301 11.433015482500194 15.861088596284388 3.7554161800071597
leaf_count=31 42 41 69 25 57 43 51 42 53 62 52 19 64 67 69 47 39
internal_value=0.00134083 -0.025965 0.00533472 -0.0528831 -0.0566034 0.00877626 0.0226056 -0.00547442 0.0390995 -0.00346708 0.00254302 0.0283353 -0.0168338 -0.0423195 0.0569304 0.0578932 -0.0213139
internal_weight=155.008 19.7791 135.229 7.54776 12.7701 127.681 59.9572 22.1862 37.771 67.7237 61.5429 26.401 35.1419 21.5064 17.9902 28.0708 7.39666
internal_count=873 168 705 94 127 611 235 93 142 376 333 140 193 129 88 100 70
is_linear=0
shrinkage=0.0895223


Tree=50
num_leaves=10
num_cat=0
split_feature=40 11 33 52 45 1 10 11 4
split_gain=2.11253 3.92409 3.38707 2.4733 2.90993 3.11174 3.55084 3.41375 3.3844
threshold=12.982390383053977 604.50000000000011 18.950000000000003 625.00000000000011 1.0000000180025095e-35 1.2145000000000004 0.63150000000000006 25.465000000000003 0.35050000000000003
decision_type=2 10 2 2 2 10 2 8 2
left_child=1 3 -2 4 -1 7 8 -6 -7
right_child=2 -3 -4 -5 5 6 -8 -9 -10
leaf_value=0.057763362383003287 0.01306572271547686 0.044132514257302136 -0.086672776098352458 -0.050573631235617568 -0.012709113838029593 0.0038313568910473359 -0.058991132161199118 0.076158637502647841 -0.058284683909956156
leaf_weight=7.0095165437087408 5.4661630317568761 17.275261390954256 5.4486795179545879 7.690179828554391 6.1266181701794249 78.413955640047789 9.6542864181101304 7.97159075550735 7.7219496099278322
leaf_count=33 28 60 53 57 62 414 69 28 69
internal_value=0.00122807 0.00414804 -0.0367233 -0.00139614 0.00183899 -0.00172826 -0.00750762 0.0375394 -0.00173721
internal_weight=152.778 141.863 10.9148 124.588 116.898 109.888 95.7902 14.0982 86.1359
internal_count=873 792 81 732 675 642 552 90 483
is_linear=0
shrinkage=0.0895223


Tree=51
num_leaves=13
num_cat=0
split_feature=4 40 11 9 4 23 23 0 40 13 52 11
split_gain=1.91291 3.263 4.41138 3.08656 3.75062 3.88733 3.92383 3.68832 2.42273 3.94161 4.60472 0.0900817
threshold=-0.21099999999999997 13.120599954713285 1059.0000000000002 0.53500000000000014 0.36500000000000005 0.68000000000000005 -0.14499999999999999 0.65000000000000002 9.4138845332993544 9.9124720678451812 6.7800000000000002 22.435000000000006
decision_type=2 2 10 10 2 2 2 8 2 2 2 8
left_child=-1 2 3 8 5 6 -5 -6 -2 11 -11 -10
right_child=1 -3 -4 4 7 -7 -8 -9 9 10 -12 -13
leaf_value=0.055143387462316638 0.018950045665900615 -0.057768255531661615 0.07642950527667948 0.018245244871359083 -0.090016718231087089 0.053308989748074236 -0.028231130563185245 0.012520961962068176 -0.097511387904380062 0.052028839553444249 -0.043144271403385018 -0.12176043738511787
leaf_weight=5.0772604532539836 8.2340155113488418 7.6249101385474196 6.1615755669772616 49.031131068244576 5.9215486738830778 16.051367094740272 20.706239525228739 5.3526778370141992 3.0923850284889367 5.3759323041886118 16.824569680728018 2.0397618934512138
leaf_count=19 51 66 20 220 36 68 106 36 67 29 138 17
internal_value=0.00112259 -0.000750665 0.00238174 -0.00105827 0.00720861 0.0135881 0.00444555 -0.0413345 -0.023619 -0.0364432 -0.0200976 -0.10715
internal_weight=151.493 146.416 138.791 132.63 97.063 85.7887 69.7374 11.2742 35.5667 27.3326 22.2005 5.13215
internal_count=873 854 788 768 466 394 326 72 302 251 167 84
is_linear=0
shrinkage=0.0895223


Tree=52
num_leaves=10
num_cat=0
split_feature=25 25 48 37 42 50 42 20 37
split_gain=2.00841 2.52215 2.67865 2.5179 3.23524 2.27972 3.64359 2.84558 1.6808
threshold=193.50000000000003 180.50000000000003 8.6810228486924199 0.34880000000000005 14.077088449789487 0.52350000000000019 9.1560422043351135 1.0969000000000002 0.25045000000000006
decision_type=2 2 10 2 2 2 2 2 2
left_child=1 2 -1 4 5 7 -7 -4 -6
right_child=-2 -3 3 -5 8 6 -8 -9 -10
leaf_value=-0.062169483704402402 -0.047943276785134901 0.051644432767266692 0.067128352686723652 0.056026894896400045 -0.091549590381149265 0.05845886037539999 -0.0085354413019644131 0.0057737367892609368 -0.011311324657550574
leaf_weight=5.2853087382391086 6.4258013349026433 8.1295313462614995 9.1675377739593404 6.7634194362908593 4.4375163437798602 7.0754088200628749 80.847867643460631 17.861707377247512 3.959036348387599
leaf_count=61 42 36 37 34 43 23 454 111 32
internal_value=0.00102138 0.00321359 0.000305682 0.00284352 -7.25788e-05 0.00384578 -0.0031442 0.0265836 -0.0537171
internal_weight=149.953 143.527 135.398 130.112 123.349 114.953 87.9233 27.0292 8.39655
internal_count=873 831 795 734 700 625 477 148 75
is_linear=0
shrinkage=0.0895223


Tree=53
num_leaves=14
num_cat=0
split_feature=8 8 58 42 43 37 13 49 23 1 9 25 44
split_gain=1.89577 3.19055 2.79501 5.82314 4.23352 4.02869 3.72816 4.8175 4.19158 3.39979 2.68546 2.51567 1.02104
threshold=0.76350000000000018 0.82800000000000007 574.00000000000011 9.7301785082843804 0.57550000000000001 0.23345000000000002 9.5912535879128011 9.1533949953713964 2.2900000000000005 4.6150000000000011 2.1540000000000004 134.50000000000003 0.15000000000000005
decision_type=2 2 2 2 2 2 2 10 2 10 10 2 2
left_child=10 -2 3 -3 6 -5 12 -8 -9 -6 -1 -11 -4
right_child=1 2 4 5 9 -7 7 8 -10 11 -12 -13 -14
leaf_value=-0.080413317856971353 0.04152947343688624 0.01514214965444719 -0.032875667310870132 -0.022324791694808926 -0.018090926736886094 -0.12814446675246502 0.071101091005964318 -0.020289554269474007 0.048614340649382221 0.0086113969320573379 0.01356311718199657 0.068771401367790364 -0.10500633005047334
leaf_weight=5.2879975652322155 15.773524539545177 11.774414164014162 2.8403247920796266 5.8649530969560129 8.2916463762521726 5.6717591155320406 6.6496276780962935 45.779503276571631 8.3688566721975786 8.4760743174701947 4.519782604649663 16.251626588404179 3.524784853681922
leaf_count=55 67 63 37 32 59 53 24 285 38 37 20 57 46
internal_value=0.000936574 0.00361566 -0.00122695 -0.029147 0.00526964 -0.0743489 -0.00763374 -0.000809176 -0.0096401 0.0315159 -0.0371052 0.0481501 -0.0728198
internal_weight=149.075 139.267 123.494 23.3111 100.182 11.5367 67.1631 60.798 54.1484 33.0193 9.80778 24.7277 6.36511
internal_count=873 798 731 148 583 85 430 347 323 153 75 94 83
is_linear=0
shrinkage=0.0895223


Tree=54
num_leaves=13
num_cat=0
split_feature=33 33 23 8 48 41 54 51 13 6 16 41
split_gain=1.84872 2.53292 2.88077 1.94109 2.77259 2.7413 3.66179 3.92235 3.34933 4.59401 2.78234 2.22712
threshold=7.3500000000000005 9.9500000000000011 -1.2849999999999999 0.76350000000000018 9.3889577645948563 9.1185570695672453 47.615000000000009 -21.895 9.7632376694651519 1.0235000000000001 5.5000000000000009 10.217713179895183
decision_type=2 2 2 2 8 10 2 10 2 2 2 8
left_child=-1 2 -2 -3 11 8 10 -8 9 -6 -7 -5
right_child=1 3 -4 4 5 6 7 -9 -10 -11 -12 -13
leaf_value=0.046432269010297088 0.0090606849465208663 -0.04051135435929025 -0.078452003724404196 0.0080392598529767569 -0.037320022286354192 0.01209947829280923 0.031598277474693633 -0.10230997507240613 0.054347955226425076 0.042164742656582814 -0.049333486234061655 -0.083195347526360902
leaf_weight=6.8014795035123816 5.3509310372173786 7.9414308844134203 6.9041405329480749 3.8008455717936132 11.215373534709217 54.34721041098237 2.5919589763507247 5.4161327416077238 19.351249217987061 12.130738493986426 6.6290702670812598 4.9198251739144334
leaf_count=22 25 68 50 35 72 288 25 77 68 62 36 45
internal_value=0.000848885 -0.00135619 -0.0402411 0.00235675 0.00518425 0.0089804 -0.00205382 -0.0589678 0.026808 0.00398044 0.0054207 -0.0434309
internal_weight=147.4 140.599 12.2551 128.344 120.402 111.682 68.9844 8.00809 42.6974 23.3461 60.9763 8.72067
internal_count=873 851 75 776 708 628 426 102 202 134 324 80
is_linear=0
shrinkage=0.0895223


Tree=55
num_leaves=14
num_cat=0
split_feature=28 5 24 50 43 54 55 51 40 53 37 21 16
split_gain=1.7692 4.92317 3.43481 2.76911 5.04602 2.99624 2.85071 3.08051 2.7539 2.54333 2.50597 4.08679 2.46081
threshold=1.6570000000000003 0.38419800000000009 18.132150000000003 0.51250000000000007 0.52050000000000007 81.305000000000021 1818.5000000000002 -23.274999999999995 10.379938943034697 1.8757270000000001 0.17215000000000003 2.6172000000000004 2.5000000000000004
decision_type=2 2 2 2 2 2 2 10 2 2 2 2 2
left_child=3 2 10 12 -5 6 7 8 -6 -9 -2 -12 -1
right_child=1 -3 -4 4 5 -7 -8 9 -10 -11 11 -13 -14
leaf_value=-0.017058442470067613 0.074547603126675327 -0.054668683263329854 -0.026126969212329796 -0.09120798232078052 -0.0084193044864429491 -0.062465847238555534 0.040744734621773283 -0.04113300910069545 -0.1072623586443085 0.0097494926304908143 0.059353508504686951 -0.01878776654601139 0.059426046945311319
leaf_weight=5.4380178255960336 11.009534753859041 6.936612735502421 7.8615954210981718 6.0213626138865939 4.6341508142650039 6.9068819200620046 11.204374130815266 9.719836721196776 4.4077138882130384 41.429540358483791 11.229161004535856 10.269333347678183 8.8702355120331031
leaf_count=45 37 44 48 49 31 68 56 66 39 238 41 64 47
internal_value=0.000768844 0.0150015 0.0269728 -0.00605743 -0.0122363 -0.00616348 -0.000716683 -0.00843463 -0.0566036 8.02993e-05 0.0398144 0.0220271 0.030357
internal_weight=145.938 47.3062 40.3696 98.6321 84.3239 78.3025 71.3956 60.1912 9.04186 51.1494 32.508 21.4985 14.3083
internal_count=873 234 190 639 547 498 430 374 70 304 142 105 92
is_linear=0
shrinkage=0.0895223


Tree=56
num_leaves=15
num_cat=0
split_feature=25 23 13 10 41 54 4 10 44 43 53 6 13 64
split_gain=1.73919 2.19983 3.85684 3.4706 2.95417 3.36887 4.44705 4.52614 2.78751 2.77858 2.66885 1.18322 1.05061 0.0643861
threshold=193.50000000000003 -2.5049999999999994 9.9124720678451812 0.43050000000000005 12.244028872289441 25.310000000000006 -0.12349999999999998 0.57150000000000001 0.15000000000000005 0.5335000000000002 2.0434750000000004 1.0385000000000002 11.297946860352203 0.47500000000000003
decision_type=2 2 2 2 8 2 2 2 2 2 2 2 2 2
left_child=1 2 -1 8 5 -5 -7 -8 -3 -10 -6 -12 -4 -11
right_child=-2 3 12 4 10 6 7 -9 9 13 11 -13 -14 -15
leaf_value=-0.030190552415723083 -0.045820036332130519 0.0030777687677771984 0.065494175398208385 0.03307135700388357 -0.0061036773209374347 0.040711046813272207 -0.008518031137241729 -0.070512878082169814 -0.0076027807719188795 -0.1184322385273118 0.026217042253954562 0.070526129479454996 0.02407733618112147 -0.099934477571491834
leaf_weight=7.2352881673723486 6.1651478614658108 6.6695244507864144 10.548322681337597 12.996724035590885 12.699917386285959 8.5493109785020334 26.995077840052545 14.511583240702747 3.385770043358205 2.9282550066709518 10.466147456318142 8.9696159632876498 9.1812432911246997 3.119156270287931
leaf_count=50 42 41 36 67 66 35 173 121 27 23 53 38 48 53
internal_value=0.000702089 0.00277664 0.0257178 -0.00278176 0.00372041 -0.00753852 -0.0180827 -0.0301928 -0.0412185 -0.0725375 0.0258114 0.0466659 0.0462208 -0.108892
internal_weight=144.421 138.256 26.9649 111.291 95.1884 63.0527 50.056 41.5067 16.1027 9.43318 32.1357 19.4358 19.7296 6.04741
internal_count=873 831 134 697 553 396 329 294 144 103 157 91 84 76
is_linear=0
shrinkage=0.0895223


Tree=57
num_leaves=13
num_cat=0
split_feature=40 54 40 50 40 24 8 52 40 64 43 13
split_gain=1.77883 4.31602 4.07256 3.55564 3.08775 3.04245 2.74905 2.65001 5.19576 3.93469 2.43877 4.48242
threshold=9.9236577082884576 48.07500000000001 10.172800541501593 0.57950000000000002 10.350685873615733 1.2535000000000001 0.76750000000000018 79.510000000000005 11.255753144344501 0.80000000000000016 0.5635 9.4593531468837639
decision_type=2 2 2 2 2 2 2 2 2 2 2 2
left_child=1 -1 -2 10 -4 -6 -7 9 -9 -8 11 -3
right_child=2 3 4 -5 5 6 7 8 -10 -11 -12 -13
leaf_value=0.069398883740088832 -0.059581740787980307 -0.081907910772759954 0.052344082937558045 -0.043813015923021635 -0.058042858669035427 -0.058945898288788469 -0.081989134874373731 0.061470909774984657 -0.0015715323812544176 0.012275760803705141 0.048898166307771128 0.039566148576514852
leaf_weight=9.4656012170016748 10.124318034388123 4.1998563846573287 8.2933703903108817 9.9464570786803943 7.8323606457561246 5.748063761740922 6.2780693359672997 14.01549496129155 41.500881662592292 8.1627145349048078 11.557459887117146 5.7916819006204605
leaf_count=33 64 57 37 67 53 52 47 46 267 63 55 32
internal_value=0.00063425 0.0163914 -0.00569624 0.000460504 0.000244575 -0.00492767 0.000567508 0.00545751 0.0143439 -0.0287053 0.0208962 -0.0114941
internal_weight=142.916 40.9611 101.955 31.4955 91.831 83.5376 75.7052 69.9572 55.5164 14.4408 21.549 9.99154
internal_count=873 244 629 211 565 528 475 423 313 110 144 89
is_linear=0
shrinkage=0.0895223


Tree=58
num_leaves=12
num_cat=0
split_feature=29 39 54 25 70 14 9 11 9 9 24
split_gain=1.76477 4.47289 2.81819 5.4769 2.67659 2.67629 2.28932 3.79957 3.22379 4.01047 3.3513
threshold=0.19445000000000004 1.0000000180025095e-35 29.355000000000004 145.50000000000003 0.87800000000000011 5.1945000000000006 1.3900000000000003 77.340000000000018 0.95850000000000002 0.88400000000000012 2.2012000000000005
decision_type=2 2 2 2 2 8 10 10 10 10 2
left_child=1 4 -2 -4 -1 -6 8 -8 9 -7 -10
right_child=2 -3 3 -5 5 6 7 -9 10 -11 -12
leaf_value=0.055336291537529725 0.049800162613693126 -0.073084886261960982 -0.053303817618819527 0.036770563522594134 -0.063222949885737637 -0.0091647846627114764 -0.018936874763454219 0.048525837716703081 -0.0042156654526858978 0.07444065803720934 -0.10230680726228469
leaf_weight=6.4892933107912532 13.629254473373292 7.251247690524905 9.4933272777125257 12.57750749774277 5.7616347493603826 42.077396025881171 11.303271289914848 16.395390674471855 5.5541420383378846 5.1623519696295253 5.6117491479963064
leaf_count=32 56 55 58 55 68 336 61 62 33 18 39
internal_value=0.000585426 -0.00523133 0.0177924 -0.00197296 -0.000228785 -0.00415387 -0.000201246 0.0209955 -0.0102538 -2.83192e-05 -0.0535146
internal_weight=141.307 105.606 35.7001 22.0708 98.3552 91.8659 86.1043 27.6987 58.4056 47.2397 11.1659
internal_count=873 704 169 113 649 617 549 123 426 354 72
is_linear=0
shrinkage=0.0895223


Tree=59
num_leaves=17
num_cat=0
split_feature=28 23 5 9 16 48 9 1 23 37 25 22 37 51 37 9
split_gain=1.68063 4.6312 3.83271 2.72872 2.63587 2.39889 2.51036 1.92722 3.41637 2.93179 5.51971 3.48219 3.69187 3.36262 2.25191 0.872937
threshold=1.6570000000000003 -1.7049999999999998 0.3693665000000001 1.8460000000000003 1.5000000000000002 9.3889577645948563 0.30950000000000005 1.2145000000000004 -3.3899999999999992 0.23295000000000002 147.50000000000003 0.24485000000000004 0.23345000000000002 -3.4199999999999995 0.14915000000000003 0.85250000000000015
decision_type=2 2 2 10 2 10 10 10 2 2 2 2 2 10 2 10
left_child=5 -2 3 4 -3 6 -1 15 -9 10 14 12 -11 -12 -10 -7
right_child=1 2 -4 -5 -6 7 -8 8 9 11 13 -13 -14 -15 -16 -17
leaf_value=-0.0010339904470835117 0.054226891995166178 0.034225683909895735 -0.068646531718722134 0.062313903948766694 -0.03629840383118841 0.0071825154211834314 -0.10457186175132488 -0.065360169322729395 -0.03667870737616083 0.036406567214882724 -0.035546345693028572 0.071954153214949787 -0.019455011251832691 0.063763348968035191 -0.11881256510702505 0.057426106920562471
leaf_weight=3.6157680889591566 15.594062037765978 7.1957562081515887 6.1963562164455643 6.0496072061359873 10.365480682812629 5.4370412733405811 3.9021812062710524 7.3051014170050612 5.9743073834106344 15.293775414116679 5.1958622774109244 6.5947099141776553 24.94928293209523 5.7634039288386685 4.844988327473402 5.6527413856238127
leaf_count=33 69 36 38 23 68 47 55 53 46 74 36 27 169 35 40 24
internal_value=0.000540336 0.014697 -0.00598348 0.0104615 -0.0074008 -0.00625892 -0.0547757 -0.00206693 -0.00715897 -0.000962647 -0.0281001 0.0116556 0.00177426 0.0166796 -0.0734594 0.0327933
internal_weight=139.93 45.4013 29.8072 23.6108 17.5612 94.5292 7.51795 87.0112 75.9214 68.6163 21.7786 46.8378 40.2431 10.9593 10.8193 11.0898
internal_count=873 234 165 127 104 639 88 551 480 427 157 270 243 71 86 71
is_linear=0
shrinkage=0.0895223


Tree=60
num_leaves=13
num_cat=0
split_feature=9 32 53 20 23 63 50 20 6 16 42 29
split_gain=1.56503 2.22546 2.14873 1.95593 4.79663 2.36003 3.80773 3.00239 4.59403 3.55935 3.14393 2.15734
threshold=2.4785000000000004 14.950000000000001 1.9718735000000003 1.1467500000000002 -0.26499999999999996 0.65000000000000013 0.5415000000000002 1.1304000000000003 1.1825000000000003 2.5000000000000004 11.05932789829289 0.099650000000000002
decision_type=10 10 2 2 2 2 2 2 2 2 2 2
left_child=1 3 -2 5 -5 7 -7 8 9 -1 -9 -6
right_child=2 -3 -4 4 11 6 -8 10 -10 -11 -12 -13
leaf_value=-0.04360789998415672 -0.0076482987881010683 -0.059713350817766631 0.046460326525115107 0.018777302774452158 -0.10781946823361664 0.017502407803472435 -0.08643772910560267 0.069390108597539094 0.046003633861322064 0.0072841476539637533 0.00041035047070954765 -0.019405432027411997
leaf_weight=19.146263018250465 10.937425995245578 5.4417915176600209 12.724641565233467 8.9950842577964085 5.615904124453662 5.7047625519335252 5.5947406385093927 11.79596961848438 13.038921995088456 25.929093982093036 9.6089785248041135 3.6489747017621994
leaf_count=143 49 60 52 53 67 29 51 48 62 173 63 23
internal_value=0.000489774 -0.00384082 0.0214493 -0.00105338 -0.0277881 0.00432185 -0.0339613 0.00976185 -0.000795191 -0.0143327 0.0384243 -0.072998
internal_weight=138.183 114.52 23.6621 109.079 18.26 90.8187 11.2995 79.5192 58.1143 45.0754 21.4049 9.26488
internal_count=873 772 101 712 143 569 80 489 378 316 111 90
is_linear=0
shrinkage=0.0895223


Tree=61
num_leaves=10
num_cat=0
split_feature=31 31 13 50 42 24 47 29 48
split_gain=1.53392 3.36075 2.12591 3.12957 2.38444 2.37113 4.00417 3.68295 3.55913
threshold=0.25050000000000006 0.21450000000000002 8.9203589633284661 0.53450000000000009 9.1560422043351135 0.99445000000000017 11.039015567398678 0.19445000000000004 9.9613896289788517
decision_type=2 2 2 2 2 2 2 2 8
left_child=1 2 3 -1 -4 8 -7 -8 -6
right_child=-2 -3 4 -5 5 6 7 -9 -10
leaf_value=-0.00081504614655485597 0.032564819455068138 -0.069710837069673154 0.057724066159399311 -0.10363357510495642 0.012748898964614581 0.077788169050779385 -0.0085623970755260032 0.037066974684760806 -0.065576889881838241
leaf_weight=6.5325540951453132 10.955771417357026 5.6701324442401519 6.3458413193002334 3.725578227546066 8.9940018290653843 6.0395608227699986 60.349672062322497 18.529082438908517 9.6248545488342625
leaf_count=66 60 47 25 46 53 26 407 83 60
internal_value=0.000437013 -0.00236068 0.000817921 -0.0381573 0.00445649 0.00119166 0.00753531 0.00215616 -0.0277407
internal_weight=136.767 125.811 120.141 10.2581 109.883 103.537 84.9183 78.8788 18.6189
internal_count=873 813 766 112 654 629 516 490 113
is_linear=0
shrinkage=0.0895223


Tree=62
num_leaves=14
num_cat=0
split_feature=33 33 40 54 0 40 22 24 33 54 9 24 11
split_gain=1.6292 2.01864 2.44081 3.41751 4.98278 2.96774 3.22829 7.57248 3.3728 2.24137 2.20667 2.12144 0.0459245
threshold=7.3500000000000005 9.9500000000000011 9.4138845332993544 48.920000000000009 0.35000000000000003 9.946437839743707 0.22000000000000003 2.7786000000000004 24.450000000000003 77.110000000000014 0.8175 3.4457000000000004 180.00000000000003
decision_type=2 2 2 2 8 2 2 2 2 2 8 2 10
left_child=-1 11 9 5 -5 -4 8 -8 -7 -3 12 -2 -6
right_child=1 2 3 4 10 6 7 -9 -10 -11 -12 -13 -14
leaf_value=0.044747580266135026 -0.079033652453734199 0.052702876676959096 0.059451800873708098 0.024215022029077056 -0.097914858399812066 0.025312523705661453 -0.11594696339397714 0.00039165058881116595 -0.039439754689812076 -0.012498721636745189 -0.033075671231288142 -0.0012039932613880523 -0.11371123142567457
leaf_weight=6.3282357007265082 5.3222723659127933 12.713586561381819 7.2481772117316714 7.4990846067667034 4.5855459864251289 36.477220426313579 5.8073661997914341 19.674451859667897 7.830718155950307 6.3285071384161702 7.7679521832615146 5.9386186972260475 2.1809122711420059
leaf_count=22 37 59 29 42 101 184 38 125 67 49 62 38 20
internal_value=0.000396132 -0.00177325 0.00167953 -0.00396241 -0.0350526 0.00492959 -0.000732894 -0.0261221 0.0138685 0.0310334 -0.0656322 -0.0379892 -0.103007
internal_weight=135.703 129.374 118.114 99.0714 22.0335 77.0379 69.7898 25.4818 44.3079 19.0421 14.5344 11.2609 6.76646
internal_count=873 851 776 668 225 443 414 163 251 108 183 75 121
is_linear=0
shrinkage=0.0895223


Tree=63
num_leaves=13
num_cat=0
split_feature=33 33 40 13 58 51 40 49 2 58 42 19
split_gain=1.37384 1.68855 2.10031 3.99967 3.60079 3.85012 3.11855 7.16021 2.2851 3.23021 5.84113 1.91014
threshold=7.3500000000000005 9.9500000000000011 9.946437839743707 9.9124720678451812 529.00000000000011 -44.739999999999988 13.120599954713285 10.851055122434779 -37.544999999999995 1067.5000000000002 9.7986382639037277 1.0000000180025095e-35
decision_type=2 2 2 2 2 10 2 10 8 2 2 2
left_child=-1 11 3 8 -4 -6 7 -7 -3 10 -10 -2
right_child=1 2 4 -5 5 6 -8 -9 9 -11 -12 -13
leaf_value=0.041377181087275762 -0.074153432696465488 0.055771508298380922 -0.070738070457806335 0.069599524330499873 0.055158165462074069 -0.01376869385640026 -0.070624573652003961 0.079328551971211775 0.018725831589576174 0.040770059644794215 -0.096486319533881079 2.6634584118321111e-05
leaf_weight=6.2355343326926223 5.2593000568449479 4.9994079861789942 6.412900546565651 9.4581166785210353 8.6972898705862445 53.106734077446163 5.8460699925199142 7.563849911093711 7.4740341771394068 6.4578665038570753 6.6773428143933415 5.9058682071045041
leaf_count=22 41 32 46 37 39 377 62 27 46 36 74 34
internal_value=0.000345198 -0.00165586 0.00152634 0.0198503 -0.00634555 -0.000855256 -0.00817926 -0.00216213 0.0014761 -0.0116947 -0.0356369 -0.0349152
internal_weight=134.094 127.859 116.694 35.0668 81.6268 75.2139 66.5167 60.6706 25.6087 20.6092 14.1514 11.1652
internal_count=873 851 776 225 551 505 466 404 188 156 120 75
is_linear=0
shrinkage=0.0895223


Tree=64
num_leaves=21
num_cat=0
split_feature=23 23 33 40 22 22 13 40 23 31 10 20 52 49 16 49 42 10 43 56
split_gain=1.27981 2.90169 3.43361 5.95037 3.33418 2.80983 2.0257 5.0399 2.91653 2.4853 2.21878 2.62713 1.91354 2.1281 2.19548 1.73805 1.20474 1.16796 0.700691 0.672482
threshold=-0.13499999999999998 0.31500000000000006 15.450000000000001 10.095763181121942 0.15155000000000005 0.19415000000000002 9.7632376694651519 9.946437839743707 -0.73499999999999988 0.11750000000000001 0.57350000000000001 1.1331000000000002 83.920000000000002 9.9676444611686978 1.5000000000000002 9.5440970203101347 11.748675457851082 0.61750000000000005 0.57150000000000001 91.220000000000013
decision_type=2 2 2 2 2 2 2 2 2 2 2 2 2 8 2 10 2 2 2 8
left_child=6 2 15 -4 19 -6 8 -8 9 18 12 17 -9 -14 -15 -2 -7 -12 -1 -3
right_child=1 4 3 -5 5 16 7 10 -10 -11 11 -13 13 14 -16 -17 -18 -19 -20 -21
leaf_value=-0.050424092314733604 -0.10789243375413202 0.057772547715219703 0.070754536114416677 -0.062403625266389803 -0.07258761260295972 0.03837842569770291 0.075931112063564954 -0.026400317519809289 0.029809464809429302 0.0046567263182227632 -0.086518155981668926 0.021424747395235852 0.069903153772291379 0.054469831044613372 -0.0042997690041197273 -0.036366347240754736 -0.020066683132494417 -0.02164619344595731 -0.10885590941910515 0.018774304518613977
leaf_weight=3.0516960211098212 5.2866484578698891 7.3760823644697675 5.0737526714801771 5.7232992695644498 5.4684279076755073 5.0034544467926008 9.2627998664975149 7.0444663893431416 6.1318664844147852 4.4391893018037081 4.6811367627233249 5.8700716812163583 6.7150796987116363 7.2229244709014919 17.286147736944258 5.6142817148938775 6.4966789782047272 4.238087585195899 3.5681389514356852 6.8210209552198657
leaf_count=43 39 34 28 61 53 26 35 50 50 28 32 35 24 32 101 36 49 38 34 45
internal_value=0.000319102 -0.0104762 -0.0356129 0.000169749 0.00702417 -0.019759 0.00749647 0.0150012 -0.0197098 -0.0471669 0.0043641 -0.0250842 0.0157448 0.0252532 0.0130197 -0.0710548 0.00536118 -0.0556938 -0.0819198 0.039036
internal_weight=132.375 52.8636 21.698 10.7971 31.1657 16.9686 79.5116 62.3207 17.1909 11.059 53.0579 14.7893 38.2686 31.2242 24.5091 10.9009 11.5001 8.91922 6.61983 14.1971
internal_count=873 371 164 89 207 128 502 347 155 105 312 105 207 157 133 75 75 70 77 79
is_linear=0
shrinkage=0.0895223


Tree=65
num_leaves=10
num_cat=0
split_feature=25 25 8 8 48 41 51 56 1
split_gain=1.42793 1.66338 2.35801 2.29137 2.7409 2.19726 3.5454 3.16335 1.40113
threshold=193.50000000000003 180.50000000000003 0.76350000000000018 0.82800000000000007 9.3889577645948563 10.330326178502206 -18.784999999999997 34.685000000000009 0.8640000000000001
decision_type=2 2 2 2 10 10 8 10 10
left_child=1 2 -1 -4 8 6 -6 -7 -5
right_child=-2 -3 3 4 5 7 -8 -9 -10
leaf_value=-0.051995253226347099 -0.044254717870670195 0.044397841511473156 0.038608641241553207 -0.0065389134164220396 -0.029958209450592774 -0.0040519949369441114 0.019548821593424786 -0.08898106118756309 -0.087242819002465818
leaf_weight=6.6646037353202692 5.5232497053220859 7.0818461664021006 12.704245608299969 2.8704059571027747 14.51681281486526 14.620007986202838 57.557907398790121 4.6272262269631019 4.3173616379499435
leaf_count=64 42 36 60 32 118 109 303 58 51
internal_value=0.000289879 0.00225878 -0.000272799 0.00282669 -0.00178788 0.00240145 0.00957739 -0.02447 -0.0550145
internal_weight=130.484 124.96 117.879 111.214 98.5097 91.322 72.0747 19.2472 7.18777
internal_count=873 831 795 731 671 588 421 167 83
is_linear=0
shrinkage=0.0895223


Tree=66
num_leaves=13
num_cat=0
split_feature=10 17 50 23 23 37 23 33 33 10 51 50
split_gain=1.30308 3.34635 2.57587 1.71211 3.12683 1.98656 1.95766 3.69137 2.55175 2.03734 2.83804 2.63083
threshold=0.63150000000000006 7.5000000000000009 0.60950000000000004 -4.589999999999999 -3.9149999999999996 0.34880000000000005 -0.13499999999999998 10.950000000000001 22.650000000000002 0.50950000000000017 -7.8899999999999997 0.56250000000000011
decision_type=2 2 2 2 2 2 2 2 2 2 8 2
left_child=3 -2 -3 -1 -5 6 9 -8 -9 10 -6 -11
right_child=1 2 -4 4 5 -7 7 8 -10 11 -12 -13
leaf_value=-0.044210233892888744 0.019897069861109097 -0.10847702220229456 -0.011472497336675234 0.071143801367530457 -0.075533624681218589 0.054177920642034062 -0.077428529924546116 0.010031035868983192 -0.047789917849471966 0.0041737186044436408 0.0059877755879508927 0.053565887349728634
leaf_weight=5.6818084083497515 7.6746427323669222 4.4851830238476378 4.2944530351087451 5.6324173696339122 4.4978078622370958 5.6564235668629399 6.4624606575816861 25.931825051084161 8.0051398705691081 23.039535558782518 14.314697413705291 13.830699069425462
leaf_count=47 45 61 34 21 58 32 40 169 72 137 96 61
internal_value=0.0002551 -0.023283 -0.0610288 0.00368098 0.0062153 0.00262071 -0.000414456 -0.0154166 -0.00360782 0.0104699 -0.0135027 0.0227017
internal_weight=129.507 16.4543 8.77964 113.053 107.371 101.739 96.0822 40.3994 33.937 55.6827 18.8125 36.8702
internal_count=873 140 95 733 686 665 633 281 241 352 154 198
is_linear=0
shrinkage=0.0895223


Tree=67
num_leaves=10
num_cat=0
split_feature=70 16 4 42 54 25 23 41 41
split_gain=1.3693 2.92738 2.02135 1.63451 2.25285 1.79316 2.54771 4.62263 3.4672
threshold=1.3820000000000003 2.5000000000000004 -0.20599999999999996 14.077088449789487 25.780000000000005 184.50000000000003 -2.5049999999999994 9.3426669050768343 10.330326178502206
decision_type=2 2 2 2 2 2 2 10 10
left_child=2 -2 -1 4 -4 6 7 -6 -8
right_child=1 -3 3 -5 5 -7 8 -9 -10
leaf_value=0.061094552993419551 0.021513045101135931 -0.09714007737684105 0.040113540956951035 -0.041921026536322556 -0.020382894641208051 -0.049799942254788676 -1.2277614814280347e-05 0.068974122386096542 -0.067921533694952088
leaf_weight=4.5254407599568358 3.2527770223096004 3.4168474725447595 11.590567607432602 6.9705652538686982 8.1165325390175003 5.8228133954107753 67.171832112129778 10.831313248723744 6.6191057506948701
leaf_count=17 29 44 62 64 54 47 436 45 75
internal_value=0.000222263 -0.0392724 0.00238767 0.000119299 0.0027797 -0.00161062 0.00141501 0.0306968 -0.00610384
internal_weight=128.318 6.66962 121.648 117.123 110.152 98.5616 92.7388 18.9478 73.7909
internal_count=873 73 800 783 719 657 610 99 511
is_linear=0
shrinkage=0.0895223


Tree=68
num_leaves=14
num_cat=0
split_feature=33 33 9 20 49 23 11 50 39 20 9 9 29
split_gain=1.33736 1.46159 1.97735 2.48829 3.36318 2.71382 1.86341 1.85747 3.01881 2.01132 1.79778 1.45586 1.70633
threshold=7.3500000000000005 9.9500000000000011 2.4785000000000004 1.1467500000000002 9.4539870646053679 -0.81499999999999984 92.730000000000018 0.52350000000000019 1.0000000180025095e-35 1.0914500000000003 1.4640000000000002 0.58850000000000013 0.096650000000000014
decision_type=2 2 10 2 10 2 10 2 2 2 8 8 2
left_child=-1 10 3 7 -5 -6 -4 11 9 -9 -2 12 -3
right_child=1 2 6 4 5 -7 -8 8 -10 -11 -12 -13 -14
leaf_value=0.041695832864239418 0.0072787631708321676 0.047534902883671196 -0.0012075166654822989 -0.091002431772524164 0.051262187107268299 -0.044193341186202773 0.058555218692609406 -0.026857024769121201 -0.053319455259929281 0.014119350981441259 -0.06720933493736532 0.041433974420701986 -0.048470467982614361
leaf_weight=5.9348000362515441 4.7134058224037263 2.4556342344731119 8.125159081071617 5.7377329706214359 4.0659048017114392 5.7803638139739624 8.6140202209353429 13.098416928667573 8.966000513173638 35.944721881300211 5.7821306772530088 14.346064949408172 3.7483070595189929
leaf_count=22 40 14 38 56 22 63 38 131 59 229 35 68 58
internal_value=0.00020177 -0.00182706 0.00119526 -0.00384568 -0.036523 -0.0047757 0.0295463 0.00263657 -0.00555655 0.00317533 -0.0337574 0.0257645 -0.0104692
internal_weight=127.313 121.378 110.882 94.1431 15.584 9.84627 16.7392 78.5591 58.0091 49.0431 10.4955 20.55 6.20394
internal_count=873 851 776 700 141 85 76 559 419 360 75 140 72
is_linear=0
shrinkage=0.0895223


Tree=69
num_leaves=16
num_cat=0
split_feature=70 29 8 73 13 41 20 11 4 51 19 10 52 50 23
split_gain=1.22192 2.67998 1.64823 2.60103 2.86496 4.47123 1.75095 2.69862 2.48231 4.16443 3.81607 4.65318 4.01623 2.34697 1.43332
threshold=1.3820000000000003 0.18750000000000003 0.9085000000000002 -1.0000000180025095e-35 10.373881892920153 9.8722333161232516 1.0742500000000004 390.00000000000006 0.025500000000000005 -39.949999999999996 1.0000000180025095e-35 0.60250000000000015 137.50000000000003 0.55850000000000011 -0.31499999999999995
decision_type=2 2 2 2 2 10 2 8 2 10 2 2 2 2 2
left_child=2 -2 3 4 -1 -6 7 14 13 -10 11 -11 -12 -8 -4
right_child=1 -3 6 -5 5 -7 8 -9 9 10 12 -13 -14 -15 -16
leaf_value=-0.041685139870005279 -0.094985215640765813 0.020587830210675107 -0.03257566319365119 0.065804672727999045 0.084744653813027843 -0.012341703441934351 -0.0030930039928578276 0.02119464388016884 -0.085256984504182579 0.037124827713287109 -0.081257372170503411 -0.048630286726892069 -0.00043754710142924959 0.056917976907879003 -0.11233941516331469
leaf_weight=7.1812006542459192 3.2514187558554104 3.1811989359557629 3.8943761121481657 7.5384876104071727 6.3348370175808659 9.5068496274761838 10.326837487053128 4.1137799117714167 5.1915768627077332 24.114023726433519 7.8309442196041372 6.4213070725090793 13.291823145933447 10.567114258185027 3.366278335452078
leaf_count=49 49 24 32 37 24 66 68 18 50 135 80 52 89 54 46
internal_value=0.000180425 -0.0378289 0.00222341 0.0201636 0.00521899 0.0264813 -0.00392881 -0.0367348 0.000870894 -0.00882686 -0.00114566 0.0190912 -0.0304004 0.0272574 -0.0695573
internal_weight=126.112 6.43262 119.679 30.5614 23.0229 15.8417 89.1181 11.3744 77.7436 56.8497 51.6581 30.5353 21.1228 20.894 7.26065
internal_count=873 73 800 176 139 90 624 96 528 406 356 187 169 122 78
is_linear=0
shrinkage=0.0895223


Tree=70
num_leaves=15
num_cat=0
split_feature=40 49 40 54 37 47 9 58 42 25 22 33 11 69
split_gain=1.19963 5.26284 2.80709 4.21024 2.43351 2.32631 3.82326 3.74904 2.91339 2.5043 3.48275 2.24656 2.21913 0.0558428
threshold=12.982390383053977 10.851055122434779 11.927873167179204 25.310000000000006 0.16080000000000003 12.903428914222383 0.69650000000000001 3174.5000000000005 11.88494079463802 152.50000000000003 0.14595000000000005 18.950000000000003 25.465000000000003 0.6140000000000001
decision_type=2 10 2 2 2 2 10 2 2 2 2 2 10 10
left_child=1 2 5 -4 -5 7 -7 9 -9 12 -11 -2 -1 -6
right_child=11 -3 3 4 13 6 -8 8 -10 10 -12 -13 -14 -15
leaf_value=-0.011575246395226311 0.011501870944756513 0.081929229091443206 0.04443601877123448 -0.01679815765964399 -0.1005601362380957 -0.02482221910201976 0.062766347527218797 0.002834554857934378 -0.091501001935137022 -0.078792791001769141 0.00094800467395467517 -0.078994563315039429 0.030731545240327156 -0.11836449475598829
leaf_weight=14.84706757031381 4.6066253553144616 6.3319875672459593 3.3925696294754735 3.8533014282584173 2.9875265629962087 6.0944840805605081 11.587709560990332 4.4862405396997911 6.319243161007762 5.9161674091592458 17.011144805699587 4.2053370401263237 30.040360482409596 2.6856975182890892
leaf_count=134 28 26 20 35 47 68 45 19 55 47 126 53 147 23
internal_value=0.000153602 0.00258163 -0.00201842 -0.0412023 -0.0717001 0.00323812 0.0325772 -0.00336038 -0.0523343 0.00444299 -0.0196282 -0.0316854 0.016738 -0.108989
internal_weight=124.365 115.554 109.222 12.9191 9.52653 96.3024 17.6822 78.6202 10.8055 67.8147 22.9273 8.81196 44.8874 5.67322
internal_count=873 792 766 125 105 641 113 528 74 454 173 81 281 70
is_linear=0
shrinkage=0.0895223


Tree=71
num_leaves=15
num_cat=0
split_feature=0 53 6 40 29 54 30 25 25 43 33 56 22 1
split_gain=1.24385 2.11682 1.31962 2.7401 3.14813 2.39374 3.18836 2.33987 2.14838 2.27351 1.96949 1.91575 1.50686 0.796681
threshold=12.550000000000002 3.3150795000000004 1.1895000000000002 11.255753144344501 0.098650000000000002 34.935000000000009 0.90625000000000011 144.50000000000003 155.50000000000003 0.56150000000000022 18.850000000000005 36.915000000000006 0.23255000000000003 4.1005000000000011
decision_type=8 2 2 2 2 2 2 2 2 2 2 8 2 10
left_child=2 13 3 5 12 -1 8 -6 10 -10 -7 -4 -5 -2
right_child=1 -3 11 4 7 6 -8 -9 9 -11 -12 -13 -14 -15
leaf_value=0.045820766213116274 -0.037662834356062505 -0.10121886229906316 0.066883912702175613 -0.09289141224831525 -0.037836358507523149 0.001375655264418695 -0.063585791549270215 0.026087589602866317 -0.060506649166110704 0.0070283178139156736 0.042549269337902651 0.00077710358078086656 -0.020450597846566221 0.031042358592002703
leaf_weight=11.378122411668299 2.6331661865115157 2.5558045278303325 5.9258744269609425 6.1333031603135186 8.4194021839648503 21.185045346617699 5.5526324124075463 10.08730625733733 6.4909211462363627 10.38834106037393 16.611190710216761 8.6295146895572543 3.6834897249937057 2.7812463343143463
leaf_count=50 51 47 23 69 58 135 33 68 64 65 94 65 31 20
internal_value=0.000126944 -0.0340683 0.00250758 -0.00116053 -0.0247311 0.00816263 0.00104831 -0.00299364 0.00761236 -0.018942 0.0194713 0.0276911 -0.0657103 -0.00237005
internal_weight=122.455 7.97022 114.485 99.9298 28.3235 71.6063 60.2281 18.5067 54.6755 16.8793 37.7962 14.5554 9.81679 5.41441
internal_count=873 118 755 667 226 441 391 126 358 129 229 88 100 71
is_linear=0
shrinkage=0.0895223


Tree=72
num_leaves=18
num_cat=0
split_feature=4 51 4 16 0 57 4 37 22 12 31 21 55 9 48 22 0
split_gain=1.12046 2.3387 2.03191 2.23323 4.15998 3.76522 3.57381 2.09903 3.09832 2.58184 1.93382 2.16787 1.8639 2.62417 1.76336 1.55574 1.25877
threshold=0.35900000000000004 6.2000000000000002 0.17100000000000001 1.5000000000000002 0.55000000000000016 0.88950000000000007 0.024500000000000004 0.23295000000000002 0.14645000000000005 55.606500000000004 0.11850000000000001 2.0774500000000002 1818.5000000000002 1.2085000000000001 11.285783814026866 0.23185000000000003 0.75000000000000011
decision_type=2 8 2 2 8 10 2 2 2 8 2 2 2 10 10 2 8
left_child=2 15 3 4 6 14 -1 9 -9 -5 11 -4 13 -10 -6 -2 -11
right_child=1 -3 10 7 5 -7 -8 8 12 16 -12 -13 -14 -15 -16 -17 -18
leaf_value=0.088159834430346973 -0.10537379794014311 0.0079457868163221416 0.042073761350628423 -0.10035736845006291 -0.0247482533258725 0.049698062260565376 0.0052845593460799688 0.045188962851071539 -0.05328086672884217 0.010968182671592273 0.050218893743381114 -0.038453744828199514 0.030544333115077739 0.0051127318121304216 -0.10959662914225572 -0.012914784014812638 -0.048095432363992406
leaf_weight=8.1778828240931087 3.4367981068789941 7.9790991973131895 4.9671719362959283 4.3249465916305754 5.2194812726229411 3.9162601083517066 8.5091853775084001 8.4603250082582218 13.484638835303491 5.6448085941374293 12.668421247042714 5.8166000908240676 5.6130152586847535 11.366492557339368 3.1464019613340497 2.5338902287185192 5.9292658721096823
leaf_count=26 59 42 32 41 49 21 44 57 131 27 64 56 36 60 44 28 56
internal_value=0.000104749 -0.0237619 0.00320921 -0.00330979 0.0167954 -0.0227466 0.0458997 -0.0139336 -0.00273837 -0.041342 0.0265012 -0.0013612 -0.0160486 -0.0265725 -0.0566601 -0.0661359 -0.0192891
internal_weight=121.195 13.9498 107.245 83.7927 28.9692 12.2821 16.6871 54.8235 38.9245 15.899 23.4522 10.7838 30.4641 24.8511 8.36588 5.97069 11.5741
internal_count=873 129 744 592 184 114 70 408 284 124 152 88 227 191 93 87 83
is_linear=0
shrinkage=0.0895223


Tree=73
num_leaves=13
num_cat=0
split_feature=40 0 23 23 33 20 50 48 23 29 69 2
split_gain=1.89926 2.27987 1.41313 1.93371 2.44441 2.08959 1.42601 1.39963 1.36645 2.15138 2.07229 0.00255565
threshold=8.7424848401289044 15.050000000000002 3.6600000000000006 -0.13499999999999998 11.750000000000002 1.1461000000000003 0.54550000000000021 10.945055966663377 -0.22499999999999998 0.095950000000000021 0.73620000000000008 80.210000000000022
decision_type=2 8 2 2 2 2 2 10 2 2 8 10
left_child=-1 2 3 8 -5 6 -6 11 9 -2 -11 -3
right_child=1 7 -4 4 5 -7 -8 -9 -10 10 -12 -13
leaf_value=0.063809837278195752 0.056086223704977407 -0.094021539389005343 0.040321991595038055 -0.062810240560210298 0.030303243398382553 -0.052732429111117744 -0.014742208517268983 -0.0082750869408687745 0.050878562187648961 -0.035761174402648109 0.00705370016041102 -0.099186446473665923
leaf_weight=3.6338748503476372 5.6865088231861582 1.5932029490359121 6.8566564079374066 7.757233064621686 10.594939571339642 6.0869372356683007 12.024355501867829 2.6280828537419438 5.3349057487212113 11.397019539028404 44.181138433981687 1.5824160045012829
leaf_count=20 28 49 44 52 65 66 87 31 29 108 271 23
internal_value=8.26612e-05 -0.00191843 0.000968832 -0.00164925 -0.0182215 -0.0061723 0.00635704 -0.0566026 0.00742408 0.00364002 -0.00172598 -0.0965964
internal_weight=119.357 115.723 109.92 103.063 36.4635 28.7062 22.6193 5.8037 66.5996 61.2647 55.5782 3.17562
internal_count=873 853 750 706 270 218 152 103 436 407 379 72
is_linear=0
shrinkage=0.0895223


Tree=74
num_leaves=13
num_cat=0
split_feature=42 11 4 17 4 45 16 20 4 50 16 6
split_gain=1.10563 1.91374 2.14252 2.97868 1.88415 2.00901 2.21927 2.98458 2.60711 1.83267 3.30007 1.27122
threshold=14.077088449789487 1059.0000000000002 0.35900000000000004 12.500000000000002 0.16350000000000003 1.0000000180025095e-35 1.5000000000000002 1.1619000000000002 0.043000000000000003 0.56850000000000012 3.5000000000000004 1.2025000000000003
decision_type=2 10 2 2 2 2 2 2 2 2 2 2
left_child=1 2 4 -4 5 -1 8 -8 -7 10 -6 -2
right_child=11 -3 3 -5 9 6 7 -9 -10 -11 -12 -13
leaf_value=0.049989513080737534 -0.067715782048845249 0.055524613949097537 0.0024861151954742419 -0.091160312686409922 -0.0053126909237350634 0.045537289074464228 -0.010687314048838098 -0.085032437511057352 -0.013910409562967749 -0.014588301289267039 0.077725838331478725 0.0021966442400543243
leaf_weight=5.3545954441651693 4.005606154445557 5.1881023701280347 6.4084930527023953 4.7320596077479422 6.5516210021451142 11.507659526541829 37.985997049603611 4.8839713903143993 12.159046279266477 6.0649129068478933 9.2516386583447439 4.3455229103565216
leaf_count=36 50 25 50 64 58 61 271 50 90 42 39 37
internal_value=6.77707e-05 0.00245007 -0.000174832 -0.0372908 0.00423527 -0.0027639 -0.00700933 -0.0191572 0.0149952 0.0272451 0.0433 -0.0313363
internal_weight=118.439 110.088 104.9 11.1406 93.7594 71.8913 66.5367 42.87 23.6667 21.8682 15.8033 8.35113
internal_count=873 786 761 114 647 508 472 321 151 139 97 87
is_linear=0
shrinkage=0.0895223


Tree=75
num_leaves=13
num_cat=0
split_feature=40 0 53 6 56 19 13 51 2 51 56 29
split_gain=1.28922 1.93095 1.44188 1.29509 2.32041 1.89889 2.94471 2.92792 3.71461 2.77462 1.81292 1.29682
threshold=8.7932799448825953 15.050000000000002 1.9483290000000002 1.1895000000000002 43.32500000000001 1.0000000180025095e-35 9.3638588143333656 -27.029999999999998 43.285000000000004 -42.229999999999997 36.915000000000006 0.19335000000000002
decision_type=2 8 2 2 8 2 2 8 8 10 8 2
left_child=-1 3 -3 4 11 7 -7 -6 -9 -8 -5 -2
right_child=1 2 -4 10 5 6 9 8 -10 -11 -12 -13
leaf_value=0.051668196584407279 -0.073597765726835337 -0.0046268578014614023 -0.09811853618967728 0.063892479953028242 -0.046724959390882961 -0.082590696060296467 0.050969450182334515 0.061008351605775786 0.0035806008145553309 -0.016282172382130873 -0.00082090909951179484 -0.0096373327206572181
leaf_weight=3.755191868171095 5.3491797065362316 2.4857062906958154 2.82424296438694 5.9328517913818333 5.5910241166129708 4.3165807374753049 6.022166069597005 13.402302986476576 27.649442559573792 26.779760321602225 8.3552099745720625 4.8386743888258934
leaf_count=24 45 36 64 24 47 68 23 78 178 192 67 27
internal_value=6.05461e-05 -0.00164617 -0.0543537 0.000939542 -0.00287927 0.00202736 -0.0130823 0.0140518 0.0223293 -0.00393521 0.0260499 -0.0432204
internal_weight=117.302 113.547 5.30995 108.237 93.9491 83.7613 37.1185 46.6428 41.0517 32.8019 14.2881 10.1879
internal_count=873 849 100 749 658 586 283 303 256 215 91 72
is_linear=0
shrinkage=0.0895223


Tree=76
num_leaves=12
num_cat=0
split_feature=33 8 31 58 37 47 13 40 40 40 20
split_gain=1.1231 1.42518 1.8724 1.55402 4.44742 2.90138 2.54766 2.72669 2.41885 1.01772 0.995184
threshold=7.3500000000000005 0.76350000000000018 0.25050000000000006 645.50000000000011 0.17215000000000003 11.023388899498631 9.1606219631390484 9.8090912651448736 9.4305231422090454 10.79652942326859 1.1013500000000003
decision_type=2 2 2 2 2 2 2 2 2 2 2
left_child=-1 9 3 4 -3 -5 -7 -8 -6 -2 -10
right_child=1 2 -4 5 8 6 7 -9 10 -11 -12
leaf_value=0.039314717069694416 -0.007635328734344385 0.045641436704709659 0.044262296185122757 0.049502290939357971 -0.0069291781405402941 -0.078835135105185014 0.057166542391707556 -0.0054598558335597876 -0.0444275623298932 -0.077952657973351838 -0.10749138763689968
leaf_weight=5.5582078844308844 3.3496576482430092 5.1734285950660732 7.328261927701532 9.4404188399203104 5.7964326879009596 3.4135559708811334 6.1603753594681612 58.300862431526184 3.3482129219919425 3.2503076386637986 5.0013808943331242
leaf_count=22 27 30 43 48 49 68 31 427 28 45 55
internal_value=4.81872e-05 -0.00192578 0.000635088 -0.00267333 -0.0253839 0.00300153 -0.00346602 0.000525113 -0.0513593 -0.0422653 -0.082203
internal_weight=116.121 110.563 103.963 96.6347 19.3195 77.3152 67.8748 64.4612 14.146 6.59997 8.34959
internal_count=873 851 779 736 162 574 526 458 132 72 83
is_linear=0
shrinkage=0.0895223


Tree=77
num_leaves=15
num_cat=0
split_feature=40 49 41 54 49 40 42 54 23 69 57 9 51 50
split_gain=1.11232 4.02814 2.92562 3.34063 2.87941 2.81897 4.28081 2.21043 2.14133 1.89583 1.21018 0.846937 0.0379617 0.00376335
threshold=13.120599954713285 10.851055122434779 10.330326178502206 25.310000000000006 10.259918526421348 11.255753144344501 12.834682363998267 37.580000000000005 -2.7649999999999992 0.72605000000000008 0.89250000000000018 0.74350000000000016 11.225000000000001 0.5395000000000002
decision_type=2 10 10 2 10 2 2 2 2 8 8 10 8 2
left_child=1 2 4 -4 5 7 -7 10 -5 -9 -1 -2 13 -10
right_child=11 -3 3 8 -6 6 -8 9 12 -11 -12 -13 -14 -15
leaf_value=0.060394607350286102 -0.00086164472428233501 0.069695405955890632 0.037365058246715495 -0.00065675539427829726 0.064031917450901837 -0.09687526011282234 0.01399868872941692 -0.036314083469511621 -0.10192624225527837 0.0050886743607557539 0.010007673455710723 -0.063493722963499019 -0.11410007739285741 -0.096201695473696155
leaf_weight=7.7586767245084021 3.208169064950197 6.6627123057842246 2.8392950920388094 2.2108452068641773 5.8167454265058032 5.7411695476621372 5.4305849722586572 10.906704526394604 1.7742386404424908 47.311568701639771 7.525685355067254 3.7564148893579841 2.0224090986885122 2.0087579106912017
leaf_count=33 39 31 20 16 30 53 38 120 28 324 40 33 22 46
internal_value=3.26885e-05 0.00226868 -0.00216404 -0.046079 0.00310408 -0.00108135 -0.0429792 0.0052867 -0.0756348 -0.00266772 0.0355854 -0.0346434 -0.104188 -0.0988875
internal_weight=114.974 108.009 101.347 10.8555 90.4911 84.6744 11.1718 73.5026 8.01625 58.2183 15.2844 6.96458 5.80541 3.783
internal_count=873 801 770 132 638 608 91 517 112 444 73 72 96 74
is_linear=0
shrinkage=0.0895223


Tree=78
num_leaves=17
num_cat=0
split_feature=9 53 32 6 43 50 16 51 1 51 21 47 47 11 6 53
split_gain=0.944981 1.79866 1.48462 1.15157 1.27602 2.84203 5.63188 3.01858 2.49877 2.15628 1.7344 1.55778 1.73619 0.987709 0.96118 0.501433
threshold=2.4785000000000004 1.9718735000000003 14.950000000000001 1.1895000000000002 0.5635 0.54250000000000009 3.5000000000000004 6.7100000000000009 4.0600000000000014 1.8950000000000002 2.3513000000000006 12.065160410622093 10.994032259084596 47.180000000000007 1.2145000000000004 2.9716110000000007
decision_type=10 2 10 2 2 2 2 10 8 10 2 2 2 10 2 2
left_child=2 -2 3 4 5 6 9 13 10 -1 -6 12 -10 -7 -5 -8
right_child=1 -3 -4 14 8 7 15 -9 11 -11 -12 -13 -14 -15 -16 -17
leaf_value=-0.014876222027047406 -0.010948382427402781 0.04361196202537887 -0.055264673038674446 0.044563159504759545 0.0091250493806897884 -0.055809920756628606 0.064554972618025244 -0.0030223587388568752 0.021216591217214469 -0.088130080739128994 -0.082594549223273347 0.054139801258892298 -0.031456411288220028 -0.12745941434682256 -0.0039347179590664642 0.027973547230348561
leaf_weight=9.8918415377847868 9.1321230083704013 10.308349337428806 4.2714715595357111 7.3981170859187824 2.8892162805423132 2.7378093991428596 5.1879464248195273 5.0225559938699007 17.48127220291645 4.7749830624088636 3.8592279702425003 6.9434194113127878 7.0327442726120344 3.5307676452212036 5.8763654483482242 7.1315999543294311
leaf_count=106 49 52 60 33 25 47 25 33 103 48 53 42 49 39 60 49
internal_value=1.49127e-05 0.0179822 -0.00369976 -0.00124581 -0.00547024 -0.0170226 -0.00124379 -0.0547344 0.00610368 -0.0387253 -0.043326 0.0167078 0.00610526 -0.096167 0.0230938 0.0433788
internal_weight=113.47 19.4405 94.0293 89.7579 76.4834 38.2775 26.9864 11.2911 38.2059 14.6668 6.74844 31.4574 24.514 6.26858 13.2745 12.3195
internal_count=873 101 772 712 619 347 228 119 272 154 78 194 152 86 93 74
is_linear=0
shrinkage=0.0895223


Tree=79
num_leaves=12
num_cat=0
split_feature=22 33 22 2 49 54 69 33 40 8 5
split_gain=0.996254 1.25132 1.49414 2.94066 1.50761 2.10096 3.32529 3.05301 3.2254 2.60769 1.76085
threshold=0.25365000000000004 7.3500000000000005 0.23870000000000002 139.00000000000003 9.1416826933054338 48.920000000000009 0.25985000000000008 10.750000000000002 9.9542752213620016 0.88950000000000007 0.58528600000000008
decision_type=2 2 2 10 8 2 10 2 2 2 2
left_child=1 -1 4 -4 10 7 9 -6 -9 -7 -3
right_child=-2 2 3 -5 5 6 -8 8 -10 -11 -12
leaf_value=0.043828347200828045 0.038303763061382189 0.075942128549563531 -0.096533359188279932 -0.003070893350365529 -0.055136965058925354 0.044918874042805437 -0.096157488359018328 0.078920845146481997 0.0049964285180535391 -0.030113936294042506 -0.0076071450138506524
leaf_weight=4.5970485359430304 5.1889603147283188 4.3247777484357339 3.9737714873626819 8.4034053138457221 5.9762694612145415 5.079205045010899 4.4231569906696668 5.2556026447564355 47.308413733262569 13.79090689169243 3.7959849359467626
leaf_count=19 31 20 55 62 49 31 51 25 333 140 57
internal_value=-3.92034e-06 -0.00186292 -0.00391555 -0.0330779 9.69712e-05 -0.00355387 -0.0262937 0.00549427 0.0123878 -0.00991741 0.0368873
internal_weight=112.118 106.929 102.331 12.3772 89.9543 81.8336 23.2933 58.5403 52.564 18.8701 8.12076
internal_count=873 842 823 117 706 629 222 407 358 171 77
is_linear=0
shrinkage=0.0895223


Tree=80
num_leaves=14
num_cat=0
split_feature=40 49 41 54 49 40 42 23 54 33 51 33 33
split_gain=1.02917 3.80991 2.46548 2.97206 2.33241 2.35865 3.77582 2.04801 1.82238 1.75374 1.7261 1.52584 0.0378984
threshold=12.982390383053977 10.851055122434779 10.330326178502206 25.310000000000006 10.259918526421348 11.255753144344501 12.834682363998267 -4.0199999999999987 37.580000000000005 18.950000000000003 -29.254999999999999 15.050000000000002 13.15
decision_type=2 10 10 2 10 2 2 2 2 2 8 2 2
left_child=1 2 4 -4 5 8 -7 -5 11 -2 -10 -1 -9
right_child=9 -3 3 7 -6 6 -8 12 10 -11 -12 -13 -14
leaf_value=0.062207909914505519 0.0087581850954930006 0.07620846907665689 0.036496139724709803 0.0031938100638383891 0.05928236730776474 -0.092484340546333782 0.01382761721475706 -0.11201191472765019 -0.045801327574763934 -0.075482529325052977 0.0034992520745341575 0.0048023977415227069 -0.096602439082217287
leaf_weight=7.3308477625250799 4.1910103829577556 5.3139431700110427 2.6870845211669785 2.0049843615852296 5.5579612255096427 5.4044943768531066 5.3058114554733038 2.2425065636634827 6.4186849603429437 3.7549428385682404 50.23488693847321 7.5147649366408587 2.9944199086166918
leaf_count=34 28 26 19 13 30 53 38 29 63 53 381 39 67
internal_value=-6.98324e-06 0.00238757 -0.00162768 -0.0439098 0.00315559 -0.000638949 -0.0398178 -0.0737447 0.00522984 -0.0310502 -0.0020863 0.0331498 -0.103202
internal_weight=110.956 103.01 97.6964 9.929 87.7675 82.2095 10.7103 7.24191 71.4992 7.94595 56.6536 14.8456 5.23693
internal_count=873 792 766 128 638 608 91 109 517 81 444 73 96
is_linear=0
shrinkage=0.0895223


Tree=81
num_leaves=16
num_cat=0
split_feature=40 40 40 48 6 22 48 21 20 69 52 64 48 29 58
split_gain=1.04881 2.49083 3.10844 2.08187 2.60761 2.11644 1.61726 3.07849 1.50926 2.78088 2.28179 3.40808 2.21888 1.73279 0.892569
threshold=9.9236577082884576 10.172800541501593 10.306932268243767 9.3889577645948563 1.0215000000000003 0.23220000000000005 10.28741197377723 1.2040500000000003 1.1348500000000004 0.67215000000000014 83.920000000000002 0.80000000000000016 12.48183304948402 0.099650000000000002 765.50000000000011
decision_type=2 2 2 10 2 2 10 2 2 8 2 2 10 2 2
left_child=3 -2 -3 -1 5 -5 7 -4 10 -10 11 -8 -12 -11 -6
right_child=1 2 6 4 14 -7 8 -9 9 13 12 -13 -14 -15 -16
leaf_value=-0.042010455157362854 -0.053086329624995647 0.069585442756035454 0.024285096714522541 -0.03572768771641243 0.071944944279753231 0.036805319678866334 -0.08958391671741335 -0.10686999292027535 0.028110694280950671 -0.091947474168326424 0.043134310840370713 0.019762430300860525 -0.0017803462123671667 -0.015528672476918987 0.025569980958390533
leaf_weight=4.5637795068323639 7.9393301331438115 4.7699629273265591 2.525195086374878 7.5752825774252432 7.4226332623511535 5.612784119322896 4.3931361436843854 3.3198170769028366 4.9937032256275389 4.8376867882907391 15.340959606226532 4.7588217963930219 20.721375439781696 4.6772232167422771 6.0272697815671563
leaf_count=62 64 25 24 63 36 30 43 52 39 62 89 50 141 40 53
internal_value=-2.20274e-05 -0.0055541 -0.000188892 0.0138564 0.023428 -0.00485768 -0.00526492 -0.050207 -0.000866429 -0.0259892 0.00719504 -0.0327258 0.0173263 -0.0543828 0.0511633
internal_weight=109.479 78.2772 70.3379 31.2017 26.638 13.1881 65.5679 5.84501 59.7229 14.5086 45.2143 9.15196 36.0623 9.51491 13.4499
internal_count=873 629 565 244 182 93 540 76 464 141 323 93 230 102 89
is_linear=0
shrinkage=0.0895223


Tree=82
num_leaves=14
num_cat=0
split_feature=10 17 33 50 23 23 21 33 24 10 22 54 56
split_gain=0.960269 2.37748 1.93607 1.29894 1.58779 2.24791 1.97744 2.45072 2.18417 2.787 1.71279 1.70373 1.20936
threshold=0.63150000000000006 7.5000000000000009 21.350000000000005 0.63600000000000012 -4.589999999999999 -4.0199999999999987 3.7016500000000003 22.050000000000004 3.2839500000000004 0.41450000000000004 0.19235000000000002 28.900000000000002 36.610000000000007
decision_type=2 2 2 2 2 2 2 2 2 2 2 2 10
left_child=3 -2 -3 4 -1 -6 8 12 9 -7 -10 -9 -8
right_child=1 2 -4 -5 5 6 7 11 10 -11 -12 -13 -14
leaf_value=-0.046109297086670394 0.016503823711918095 -0.097635816745933759 -0.0028346691616734465 -0.042393497386723468 0.069123307585894536 -0.05445071325789036 0.051224723371556521 -0.069510608717104655 -0.05286127376754244 0.023001943703925776 -0.0035514072886263857 0.019523837164815948 0.0066911878086345286
leaf_weight=4.5187706202268592 6.599716109223662 4.142538873013109 2.9602622804231942 4.759246388450264 4.6129198465496293 4.4182502184994545 15.699761537835007 3.3360881982371202 10.571070471545683 23.670503310859203 12.116256384644656 3.5609494056552649 7.0960723930038503
leaf_count=46 45 59 36 39 19 71 87 38 108 145 101 32 47
internal_value=-3.52119e-05 -0.0221807 -0.0581257 0.00318061 0.00560138 0.00834782 0.00486379 0.0232154 -0.00586778 0.0108188 -0.0265273 -0.0235415 0.0373621
internal_weight=108.062 13.7025 7.1028 94.3599 89.6006 85.0819 80.469 29.6929 50.7761 28.0888 22.6873 6.89704 22.7958
internal_count=873 140 95 733 694 648 629 204 425 216 209 70 134
is_linear=0
shrinkage=0.0895223


Tree=83
num_leaves=15
num_cat=0
split_feature=40 49 41 54 49 40 42 23 13 73 40 9 9 9
split_gain=0.908862 2.92355 2.4943 2.56091 2.00441 1.98593 3.15133 1.82611 1.69049 1.95906 1.71362 0.714679 0.0311968 0.0028818
threshold=13.120599954713285 10.851055122434779 10.330326178502206 25.310000000000006 10.259918526421348 11.255753144344501 12.834682363998267 -4.2649999999999997 9.9124720678451812 -0.53549999999999986 9.9133562968881908 0.74350000000000016 1.0535000000000003 0.74550000000000016
decision_type=2 10 10 2 10 2 2 2 2 2 2 10 10 10
left_child=1 2 4 -4 5 8 -7 -5 9 -1 -10 -2 13 -9
right_child=11 -3 3 7 -6 6 -8 12 10 -11 -12 -13 -14 -15
leaf_value=-0.071079364435269118 -0.00056161422971922465 0.063568501643276015 0.030423011425514387 0.0013103027801363092 0.056570646873245964 -0.087134032879656348 0.012103822955533692 -0.094357750659293124 0.056015102607741528 -0.0025780499023218546 0.0080299895452963128 -0.060248715829013928 -0.11203127611664135 -0.099711032747255013
leaf_weight=3.9159499232191619 2.9978634323924771 5.8322880528867236 2.6007381202653033 1.8832460558041928 5.2738425862044087 5.094862310215829 5.1634695902466774 1.6476814541965725 7.1742606628686181 22.985252249054611 35.368662945926189 3.4674146585166454 1.6857671588659284 1.6738586537539957
leaf_count=56 39 31 20 12 30 53 38 54 35 214 212 33 20 26
internal_value=-4.02796e-05 0.00205674 -0.00174087 -0.045267 0.00312067 -0.000416022 -0.0371829 -0.0738356 0.00501515 -0.0125498 0.0161221 -0.0325732 -0.102099 -0.0970566
internal_weight=106.765 100.3 94.4676 9.49129 84.9763 79.7025 10.2583 6.89055 69.4441 26.9012 42.5429 6.46528 5.00731 3.32154
internal_count=873 801 770 132 638 608 91 112 517 270 247 72 100 80
is_linear=0
shrinkage=0.0895223


Tree=84
num_leaves=12
num_cat=0
split_feature=52 11 38 41 49 41 56 42 42 20 20
split_gain=1.02574 1.6441 2.77449 1.38058 2.62333 2.17872 2.12278 1.74376 2.44985 1.14054 1.04183
threshold=-85.939999999999984 -8.8299999999999983 0.9830000000000001 11.001155459437388 10.851055122434779 10.330326178502206 36.610000000000007 12.834682363998267 12.370791043129271 1.1261500000000002 1.12565
decision_type=2 10 2 10 10 10 10 2 2 2 2
left_child=-1 2 10 4 5 7 -7 8 -3 -4 -2
right_child=1 3 9 -5 -6 6 -8 -9 -10 -11 -12
leaf_value=0.050244442289055398 -0.026901591745221852 0.0071361029374321658 -0.10419247148336712 -0.036940723609324669 0.070421749741232692 -0.009520875992435656 -0.10457540447837593 0.040573586303940382 -0.057378550833313002 -0.028941843037811589 0.038345949995960242
leaf_weight=3.1523386605549595 3.8409123760648054 52.064232343342155 3.8092606421560049 6.4272708767093709 4.7909337952733031 5.8092623518314195 2.7858713686000556 10.757885805331169 5.1871841661632052 2.8014558753930032 4.0075854477472603
leaf_count=36 42 360 56 68 24 58 59 60 41 31 38
internal_value=-5.2545e-05 -0.00160274 -0.029575 0.0030026 0.00615671 0.00213745 -0.0403306 0.00750469 0.00129078 -0.0723037 0.00641453
internal_weight=105.434 102.282 14.4592 87.8226 81.3954 76.6044 8.59513 68.0093 57.2514 6.61072 7.8485
internal_count=873 837 167 670 602 578 117 461 401 87 80
is_linear=0
shrinkage=0.0895223


Tree=85
num_leaves=18
num_cat=0
split_feature=0 33 33 58 37 44 43 48 24 51 56 73 50 51 2 49 37
split_gain=0.985946 1.59161 0.91308 1.20673 2.13959 3.35821 2.06975 1.8844 2.82437 1.95611 1.80903 1.66088 1.59196 2.81941 1.39099 0.811683 0.431425
threshold=12.550000000000002 24.150000000000002 7.3500000000000005 645.50000000000011 0.17215000000000003 0.15000000000000005 0.57550000000000001 11.745849615283634 6.8865000000000007 32.485000000000007 49.515000000000008 -0.30299999999999999 0.58450000000000013 2.9800000000000004 111.50000000000001 7.768253535326882 0.23345000000000002
decision_type=8 2 2 2 2 2 2 8 2 8 10 2 2 8 10 10 2
left_child=2 16 -1 4 -4 -6 7 10 9 -9 14 -10 -8 -14 -5 -7 -2
right_child=1 -3 3 6 5 15 12 8 11 -11 -12 -13 13 -15 -16 -17 -18
leaf_value=0.040629155423453314 -0.038905916785608362 0.019946040398787397 0.031292208032232739 0.0019074351806368172 0.0062147874728725365 -0.10552119417891084 0.05440827355218518 -0.072809643132142415 -0.034209666282872649 0.012395145498696076 -0.027075670520396194 0.019887976169388085 0.041481956288297477 -0.038897419079027738 0.062942000931147837 -0.045029109858956098 -0.10023593176228821
leaf_weight=4.700909659266471 1.7025851975195103 2.5449008741416037 4.9328544316813376 5.162393568549307 7.2417895477265102 4.1948483940213919 9.9227973213419336 9.0490493054967356 6.7446601549163452 2.8360782302916041 4.8939538174308828 13.966601943131538 8.3415221096947771 6.0221250895410767 7.1199330831877887 3.0855038645677269 1.9985250590834764
leaf_count=20 30 45 30 48 41 57 55 94 70 16 59 106 57 40 38 24 43
internal_value=-6.26364e-05 -0.0345507 0.0021306 0.000195261 -0.019646 -0.0369489 0.00540753 -0.00504654 -0.0176911 -0.0524774 0.0189495 0.00227081 0.0268322 0.00778172 0.0372888 -0.0798844 -0.0720239
internal_weight=104.461 6.24601 98.215 93.5141 19.455 14.5221 74.0591 49.7727 32.5964 11.8851 17.1763 20.7113 24.2864 14.3636 12.2823 7.28035 3.70111
internal_count=873 118 755 735 152 122 583 431 286 110 145 176 152 97 86 81 73
is_linear=0
shrinkage=0.0895223


Tree=86
num_leaves=12
num_cat=0
split_feature=40 54 50 40 40 51 4 40 13 9 6
split_gain=0.910698 2.10124 2.46427 2.02312 2.4916 1.59838 1.70003 3.25948 3.05555 1.20571 0.968738
threshold=9.9236577082884576 48.07500000000001 0.57950000000000002 10.172800541501593 10.306932268243767 -44.739999999999988 -0.12349999999999998 12.982390383053977 12.450921947696267 0.24400000000000002 1.0525000000000002
decision_type=2 2 2 2 2 8 2 2 2 10 2
left_child=1 -1 9 -2 -5 -6 -7 8 -8 -3 -11
right_child=3 2 -4 4 5 6 7 -9 -10 10 -12
leaf_value=0.057909925208688866 -0.049271668822488811 -0.029350445058434205 -0.041787643623359433 0.064067979884048373 0.049492911808419068 0.028205898704010971 -0.018691867491946311 -0.088525647566215435 0.043279782616278288 0.0098597322517564156 0.060098134920302318
leaf_weight=6.5572639405727413 7.5581438434310249 3.0694999056868282 7.4661453552544108 4.4817268187180153 4.0219672550447285 8.4508147516753507 36.966191409388557 4.4280942734330884 7.7053100308403364 6.582279247697441 5.775128950830549
leaf_count=33 64 47 67 25 26 55 344 64 51 59 38
internal_value=-7.46803e-05 0.0132298 0.000431859 -0.00539749 -0.000377194 -0.00506808 -0.0088812 -0.0152645 -0.0080024 0.020865 0.0333385
internal_weight=103.063 29.4503 22.8931 73.6122 66.0541 61.5724 57.5504 49.0996 44.6715 15.4269 12.3574
internal_count=873 244 211 629 565 540 514 459 395 144 97
is_linear=0
shrinkage=0.0895223


Tree=87
num_leaves=15
num_cat=0
split_feature=0 22 13 53 43 40 31 40 22 38 23 22 51 53
split_gain=0.853626 1.66514 1.06513 2.73142 2.36045 1.55688 1.90669 2.03679 2.47476 2.77409 2.2199 1.79105 0.88673 0.311254
threshold=12.550000000000002 0.13760000000000003 9.3286483125016719 5.1379055000000013 0.5675 9.9542752213620016 0.07400000000000001 10.172800541501593 0.23635000000000003 1.0545000000000002 -2.6199999999999997 0.21665000000000004 -27.839999999999996 1.9718735000000003
decision_type=10 2 2 2 2 2 2 2 2 2 2 2 10 2
left_child=2 -2 3 -1 12 11 -7 -8 10 -10 -9 -4 -5 -3
right_child=1 13 5 4 -6 6 7 8 9 -11 -12 -13 -14 -15
leaf_value=-0.10572269413942444 0.035233513436956125 -0.04086250382690277 -0.0016372999875838958 -0.0069862956584001226 0.033460282990199451 0.047104361795501162 -0.06257827550416209 0.044508437343012984 -0.088233913074182477 0.012701789783400788 -0.0031027994724594499 0.053691773728981568 -0.097312759604136406 -0.098833806236969135
leaf_weight=2.5359771586954585 1.6620532372035075 1.2313313353806736 8.7605019314214605 1.5198950348421925 5.9297712654806674 5.9646469703875473 4.6947872452437869 9.9755714498460204 5.03468184545636 3.8515171706676483 36.803523755865179 10.087957916315643 2.0404721961822352 1.8697556031402198
leaf_count=34 25 28 57 27 41 42 34 54 49 33 286 56 57 50
internal_value=-6.35323e-05 -0.037066 0.00174969 -0.0231899 -0.00113492 0.00527111 -0.00118105 -0.00595256 -0.00117671 -0.0444853 0.00705015 0.0279754 -0.0587541 -0.0758166
internal_weight=101.962 4.76314 97.1993 12.0261 9.49014 85.1732 66.3247 60.3601 55.6653 8.8862 46.7791 18.8485 3.56037 3.10109
internal_count=873 103 770 159 125 611 498 456 422 82 340 113 84 78
is_linear=0
shrinkage=0.0895223


Tree=88
num_leaves=16
num_cat=0
split_feature=25 48 48 6 25 56 56 53 40 56 40 37 9 54 33
split_gain=0.915484 1.11233 2.13823 1.93544 2.06546 2.24459 2.07338 1.93866 1.76899 1.67066 1.60156 1.78601 3.03598 1.14932 0.3459
threshold=193.50000000000003 10.633620804612052 10.418676696215146 1.0805000000000002 174.50000000000003 43.520000000000003 38.000000000000007 6.7813060000000016 10.859863449559612 38.000000000000007 9.4305231422090454 0.17215000000000003 1.1650000000000003 48.07500000000001 14.750000000000002
decision_type=2 10 10 2 2 10 8 2 2 10 2 2 10 2 2
left_child=1 2 10 13 5 6 -5 8 -7 -8 -1 -12 14 -3 -13
right_child=-2 3 -4 4 -6 7 9 -9 -10 -11 11 12 -14 -15 -16
leaf_value=0.029352619031217622 -0.04011415165276655 0.067244146105248814 -0.075320337935121939 0.012910401812517619 0.046946813838702688 0.084703858066397533 -0.025671256046745115 -0.022917722539101182 0.010983054088420411 -0.092811739335217636 0.035978500066688651 -0.055183780130489586 0.0040667076060623862 0.017113718981269892 -0.10300140548150388
leaf_weight=7.9208024861291113 4.3785792663693419 5.7328357454389325 3.8580163458827874 9.6617687558755296 6.4810083094052962 4.5233459845185298 17.154568906407807 5.57883999031037 6.1628023111261427 3.5921979930717489 3.5143831036984912 1.8482648814097027 6.601524880155921 10.16332874400541 3.5261675380170345
leaf_count=66 42 28 38 66 47 18 170 59 54 42 28 27 53 65 70
internal_value=-7.94179e-05 0.00174047 -0.0135682 0.00778614 -0.000409999 -0.00698597 -0.021344 0.0198572 0.0421887 -0.0372965 -0.00339164 -0.0201353 -0.0366023 0.0351931 -0.0865576
internal_weight=100.698 96.3199 27.2692 69.0507 53.1545 46.6735 30.4085 16.265 10.6861 20.7468 23.4111 15.4903 11.976 15.8962 5.37443
internal_count=873 831 282 549 456 409 278 131 72 212 244 178 150 93 97
is_linear=0
shrinkage=0.0895223


Tree=89
num_leaves=19
num_cat=0
split_feature=9 63 58 43 22 10 0 9 41 9 10 37 11 54 37 50 37 63
split_gain=0.81841 1.62267 1.60898 2.1365 2.08676 1.78204 1.81094 1.33617 2.81351 2.02 1.54894 1.49005 2.34349 1.50288 1.64298 1.26703 1.73505 1.04063
threshold=0.6625000000000002 0.65000000000000013 660.50000000000011 0.59750000000000003 0.22715000000000005 0.5545000000000001 1.0500000000000003 0.96150000000000013 10.275404685444338 1.1325000000000001 0.58250000000000013 0.23295000000000002 -6.8099999999999996 32.885000000000012 0.10065 0.5375000000000002 0.27440000000000003 0.55000000000000016
decision_type=8 2 2 2 2 2 10 8 8 8 2 2 10 2 2 2 2 2
left_child=1 2 -1 4 5 6 -4 8 -2 -9 -10 13 -13 -11 -15 -14 -17 -6
right_child=7 -3 3 -5 17 -7 -8 9 10 11 -12 12 15 14 -16 16 -18 -19
leaf_value=-0.068035205415771266 0.0640905912739341 -0.066807504093858841 -0.020806998337118847 0.062189316041127304 -0.1035601241449373 -0.037043467757741623 0.066825015374508343 -0.050409085994778495 -0.04676469006243459 -0.053193326858502622 0.03066664331662973 -0.034602623934835548 0.060707960089666779 0.038467399816479578 -0.030338467219084377 0.036389654874098128 -0.019514807047480192 -0.018249823095282065
leaf_weight=2.8102378055919024 8.3011247739195841 3.8817230898421249 3.0190895250998491 4.0873770974576464 2.3248723046854129 4.3479578574188045 5.0527889034710824 6.078446310479193 4.3169042486697418 5.9797857161611345 3.9786039344035089 6.008519263938072 6.7788419807329801 5.3108514007180911 5.8392888121306896 11.990473400801422 7.0740402089431873 2.2600064086727798
leaf_count=50 40 60 51 27 53 66 36 55 43 45 40 43 42 26 47 63 51 35
internal_value=-7.92712e-05 -0.0131219 -0.00440329 0.00407464 -0.00989402 0.00915985 0.0340479 0.00497781 0.0272438 -0.0017337 -0.00962746 0.00430665 0.0157572 -0.0169846 0.00243369 0.0274659 0.0156457 -0.0615092
internal_weight=99.4409 27.7841 23.9023 21.0921 17.0047 12.4198 8.07188 71.6569 16.5966 55.0602 8.29551 48.9818 31.8519 17.1299 11.1501 25.8434 19.0645 4.58488
internal_count=873 378 318 268 241 153 87 495 123 372 83 317 199 118 73 156 114 88
is_linear=0
shrinkage=0.0895223


Tree=90
num_leaves=12
num_cat=0
split_feature=40 0 49 33 23 23 33 9 23 29 53
split_gain=0.840691 1.41049 1.1366 1.09797 1.29019 1.59604 4.1424 1.30496 1.10205 1.52369 0.0826236
threshold=9.1720244948536802 12.550000000000002 10.865579058614568 7.3500000000000005 3.6600000000000006 -0.13499999999999998 11.750000000000002 2.4120000000000004 -0.23499999999999996 0.095950000000000021 2.2290740000000002
decision_type=2 8 10 2 2 2 2 8 2 2 2
left_child=-1 3 10 -2 5 8 -7 -8 9 -5 -3
right_child=1 2 -4 4 -6 6 7 -9 -10 -11 -12
leaf_value=0.027293032996542652 0.043868385380050792 -0.066479346157229627 0.0090104509604234297 0.048214467104204399 0.040520970705687977 -0.10596345738761728 -0.019369689210847266 0.033538831519869791 0.046712031192097644 -0.0057020329539645628 -0.097619694592848694
leaf_weight=8.2394619248807413 4.3357572630047789 1.1261552609503263 1.589593125041574 4.6876267362385908 5.254617925733327 4.0937788449227837 17.20808850647882 4.7720482740551224 4.4255999908782604 40.433932207757607 1.7387325824238358
leaf_count=68 19 33 24 28 40 40 178 24 28 341 50
internal_value=-7.28748e-05 -0.00258759 -0.0516957 -2.03855e-05 -0.00237331 -0.00535392 -0.0232822 -0.0078827 0.00408065 -0.00010063 -0.08538
internal_weight=97.9054 89.6659 4.45448 85.2114 80.8757 75.6211 26.0739 21.9801 49.5472 45.1216 2.86489
internal_count=873 805 107 698 679 639 242 202 397 369 83
is_linear=0
shrinkage=0.0895223


Tree=91
num_leaves=15
num_cat=0
split_feature=70 29 8 20 23 13 47 48 25 24 40 25 29 33
split_gain=0.83714 1.85146 0.981027 2.37984 2.08763 1.98498 2.53136 1.46497 1.43698 3.60741 3.01226 1.6861 1.60925 0.286405
threshold=1.3820000000000003 0.18950000000000003 0.9085000000000002 1.0558000000000003 -1.7799999999999998 10.373881892920153 12.212415084482636 9.3889577645948563 152.50000000000003 11.060000000000002 10.579214357363542 144.50000000000003 0.096550000000000011 14.050000000000002
decision_type=2 2 2 2 2 2 2 10 2 2 2 2 2 2
left_child=2 -2 4 -4 -1 -6 -7 13 11 10 -10 12 -9 -5
right_child=1 -3 3 7 5 6 -8 8 9 -11 -12 -13 -14 -15
leaf_value=0.052851053753028537 -0.091929967816991198 0.021989752921901175 -0.071119846373250611 -0.024417972822694985 -0.053594517245252563 0.07462968259052738 -0.015490690679689927 0.043332888233477057 -0.0012793772428603338 0.047177546538908328 -0.076623532681826256 0.051407566830417327 -0.0063729142319335803 -0.070474753774565038
leaf_weight=8.5499722529202717 2.3899461050750679 2.1919334572739899 3.9461368676275006 1.9794484276790161 4.3424990912899366 3.9890349544584733 6.6819989928044379 6.775872457772496 9.7893568824511075 5.8747615390457204 7.5190576675813636 7.9863110296428195 22.733535919804126 2.3876609401777387
leaf_count=52 51 22 45 31 40 18 66 37 91 49 74 58 197 42
internal_value=-7.86822e-05 -0.0374309 0.00177037 -0.00361589 0.0175411 -0.00256718 0.0181977 0.000479309 0.0040836 -0.0134366 -0.0340103 0.0149163 0.00504028 -0.0495998
internal_weight=97.1375 4.58188 92.5556 68.9921 23.5635 15.0135 10.671 65.046 60.6789 23.1832 17.3084 37.4957 29.5094 4.36711
internal_count=873 73 800 624 176 124 84 579 506 214 165 292 234 73
is_linear=0
shrinkage=0.0895223


Tree=92
num_leaves=19
num_cat=0
split_feature=10 31 17 40 6 29 51 48 2 51 40 13 51 58 6 17 38 51
split_gain=0.858714 1.8795 2.29705 0.995396 2.20916 3.04166 1.85488 2.37856 2.36957 1.80834 1.72706 2.47215 1.45684 1.8682 1.36406 2.00921 1.096 0.445884
threshold=0.63150000000000006 0.11750000000000001 5.5000000000000009 10.918455114317018 1.1545000000000003 0.19415000000000002 -29.254999999999999 11.47693742217864 99.235000000000014 16.965000000000003 10.350685873615733 9.5912535879128011 34.520000000000003 3798.5000000000005 1.1765000000000001 14.500000000000002 1.0075000000000001 5.0500000000000016
decision_type=2 2 2 2 2 2 8 10 10 10 2 2 8 2 2 2 2 10
left_child=3 2 -2 6 5 16 -1 9 -9 10 11 -8 13 -6 -15 -16 -5 -4
right_child=1 -3 17 4 12 -7 7 8 -10 -11 -12 -13 -14 14 15 -17 -18 -19
leaf_value=-0.033157741533530988 0.010258992503798156 0.028492665167293447 -0.056660251868047455 -0.10882607718075248 -0.06257328063307481 0.00875763582049165 -0.011035070138821901 0.011675813517881189 0.087884191314690316 -0.046873687379858094 -0.027428548261801508 0.055912936989211896 0.068980170803458113 0.059041160230819199 -0.037968232581209696 0.038693591441627463 -0.041501295453257876 -0.11178324745619478
leaf_weight=6.4690359779633582 3.2890732008963806 3.8963119641412041 2.1337868231348693 3.6693275345023704 3.0863618492148843 6.7830907690804452 7.6385902378242561 6.4998377941083145 6.5802885815501213 4.6900467704981557 6.0799467745237044 10.491922437213359 2.9218863062560585 3.9519092857372007 5.883780447766183 5.1275873435661197 4.1072784988209605 2.6211014133878052
leaf_count=68 22 44 39 55 41 51 86 55 30 31 53 64 17 29 64 44 45 35
internal_value=-7.62502e-05 -0.02254 -0.0472595 0.00311757 -0.00826334 -0.0350538 0.011464 0.0183401 0.0500146 0.00400433 0.0138606 0.0277068 0.010336 0.000842451 0.013923 -0.00226932 -0.0732684 -0.0870472
internal_weight=95.9212 11.9403 8.04396 83.9809 35.5312 14.5597 48.4497 41.9806 13.0801 28.9005 24.2105 18.1305 20.9715 18.0496 14.9633 11.0114 7.77661 4.75489
internal_count=873 140 96 733 346 151 387 319 85 234 203 150 195 178 137 108 100 74
is_linear=0
shrinkage=0.0895223


Tree=93
num_leaves=10
num_cat=0
split_feature=25 8 8 20 22 10 69 10 56
split_gain=0.796231 0.913961 1.24164 1.72805 1.61426 1.57319 1.5174 1.56204 0.798115
threshold=193.50000000000003 0.76350000000000018 0.9085000000000002 1.0558000000000003 0.21360000000000004 0.18050000000000002 0.88890000000000013 0.65050000000000019 48.445000000000007
decision_type=2 2 2 2 2 2 10 2 10
left_child=1 -1 4 -4 8 -5 7 -7 -3
right_child=-2 2 3 5 -6 6 -8 -9 -10
leaf_value=-0.034620824793656524 -0.038520622026347019 0.023369479446693747 -0.058595054807255423 -0.05196751908410957 -0.008109089962800322 0.0057952914796794743 0.051428798595580111 -0.048821221712466098 0.070755786121051226
leaf_weight=5.2335511595010749 4.1276083453558376 6.1697866558097321 4.0419999239966264 4.0713536548428229 7.5285443584434679 47.976348501397297 5.2645065486431113 4.5989688363624728 5.2921525705605745
leaf_count=68 42 47 51 57 65 422 32 60 29
internal_value=-7.17725e-05 0.00168808 0.00392518 -0.00188259 0.0240955 0.00181995 0.00560612 0.0010177 0.0452488
internal_weight=94.3048 90.1772 84.9437 65.9532 18.9905 61.9112 57.8398 52.5753 11.4619
internal_count=873 831 763 622 141 571 514 482 76
is_linear=0
shrinkage=0.0895223


Tree=94
num_leaves=13
num_cat=0
split_feature=40 49 41 54 49 25 40 22 4 42 2 11
split_gain=0.758813 2.17315 1.72977 2.13157 1.50779 1.68743 1.66399 1.49661 1.35637 1.16028 0.606061 0.0238631
threshold=13.120599954713285 10.851055122434779 10.330326178502206 25.310000000000006 10.256261298399419 117.50000000000001 11.255753144344501 0.10745 0.29600000000000004 12.834682363998267 3261.5000000000005 454.00000000000006
decision_type=2 10 10 2 10 2 2 2 2 2 10 8
left_child=1 2 4 -4 5 -1 7 -7 11 -8 -2 -5
right_child=10 -3 3 8 -6 6 9 -9 -10 -11 -12 -13
leaf_value=0.037826469886205194 -0.062048954544173356 0.059262021266667075 0.031537243523433137 -0.096035198643173114 0.050904074891099486 0.034459014554747293 -0.078396793831609538 -0.0065070892085558078 -0.0095693291869306616 -0.00822369433179348 -0.0032233549652381155 -0.11075586157667319
leaf_weight=8.102813162840901 2.7445273306220761 5.0047538243234149 2.3145135790109617 2.3553900808328767 4.8723024893552056 8.459910652600227 3.9608492311090222 46.051253223326057 1.9463088999036697 3.6091495449654758 2.8731183488853276 1.4200264895334838
leaf_count=52 51 31 20 66 33 57 47 415 27 34 21 19
internal_value=-6.29207e-05 0.00197122 -0.00147942 -0.0409534 0.002747 -0.000596105 -0.00561107 -0.000149251 -0.0702775 -0.0449408 -0.0319635 -0.101573
internal_weight=93.7149 88.0973 83.0925 8.03624 75.0563 70.184 62.0812 54.5112 5.72173 7.57 5.61765 3.77542
internal_count=873 801 770 132 638 605 553 472 112 81 72 85
is_linear=0
shrinkage=0.0895223


Tree=95
num_leaves=18
num_cat=0
split_feature=69 4 54 22 10 57 44 16 51 8 12 20 22 6 31 69 10
split_gain=0.804489 2.05659 1.68734 1.43305 2.15492 1.26784 1.74759 2.02143 1.86418 1.2801 1.38049 1.53557 2.22865 1.28243 1.18763 1.01103 0.890002
threshold=0.31670000000000004 0.30800000000000005 48.920000000000009 0.22790000000000002 0.52850000000000008 0.7945000000000001 0.95000000000000007 4.5000000000000009 -0.41999999999999993 0.83950000000000002 228.03350000000003 1.0920500000000002 0.18220000000000003 1.1115000000000002 0.096500000000000016 0.7591500000000001 0.5355000000000002
decision_type=10 2 2 2 2 8 2 2 10 2 8 2 2 2 2 10 2
left_child=5 2 3 15 -5 -1 9 8 16 -7 11 13 -13 -11 -10 -2 -8
right_child=1 -3 -4 4 -6 6 7 -9 14 10 -12 12 -14 -15 -16 -17 -18
leaf_value=0.056938077156641564 0.00041246380440826196 -0.070579254786164475 -0.045582480994987212 0.032422274995541206 -0.058420376395299629 0.048807575066564836 -0.097854731397376757 -0.085319553780185714 0.061415204970726563 -0.0051210312063495128 0.043947770953827237 -0.05495227219546877 0.0068630911101899032 0.056977844708652511 -0.0095862702806398872 0.052614602882981684 -0.018797269851047533
leaf_weight=3.6513661267235866 5.3992376665119171 4.1485547332558772 5.7580608851276329 3.7079212116077525 4.804115045350045 6.4162048976868382 1.9092015954665829 3.2922075930982819 3.2923587365075937 5.5107008712366241 6.1974526988342395 7.6690359595231739 11.969562509097157 5.1612907822709531 4.426226956769824 6.6182417534291744 2.8374046762473881
leaf_count=37 42 55 69 32 42 38 38 54 28 49 39 75 109 35 51 36 44
internal_value=-7.04878e-05 -0.0120009 -0.00275626 0.00925535 -0.0188481 0.00575487 0.00257002 -0.0229281 -0.00644945 0.0119304 0.00544922 -0.00242227 -0.0172761 0.0249115 0.0206989 0.0291614 -0.0505969
internal_weight=92.7691 30.4361 26.2876 20.5295 8.51204 62.333 58.6816 15.7574 12.4652 42.9242 36.508 30.3106 19.6386 10.672 7.71859 12.0175 4.74661
internal_count=873 276 221 152 74 597 560 215 161 345 307 268 184 84 79 78 82
is_linear=0
shrinkage=0.0895223


Tree=96
num_leaves=12
num_cat=0
split_feature=42 11 53 52 45 40 48 47 9 37 43
split_gain=0.800491 1.13816 2.32196 1.35969 1.506 1.19434 2.25991 1.27497 2.81808 2.40465 0.532453
threshold=14.541450539858245 604.50000000000011 1.6554430000000002 625.00000000000011 1.0000000180025095e-35 11.927873167179204 12.449219959802024 12.903428914222383 0.84050000000000014 0.16080000000000003 0.5465000000000001
decision_type=2 10 2 2 2 2 10 2 10 2 2
left_child=1 3 -3 4 -1 7 -7 9 -9 -6 -5
right_child=-2 2 -4 10 5 6 -8 8 -10 -11 -12
leaf_value=0.051104411103479568 -0.040621930604611167 -0.017090861430634791 0.062631478586695183 -0.01797379568457776 -0.061839622596164198 0.016833198813523877 -0.099267117710889294 -0.030836326290489175 0.061620102957009766 0.0015248950913242549 -0.078704401183040826
leaf_weight=4.4501509224064639 3.7418647670419878 5.2428611721843463 6.6309143323451281 2.2384329698979846 5.3794812364503732 2.6017272548051542 2.7785962622147053 4.1603190968744439 7.2395031400956213 44.540979673853144 2.3952005996834487
leaf_count=37 51 34 43 25 63 38 57 59 36 385 45
internal_value=-7.21301e-05 0.00165878 0.0274298 -0.00237894 0.000681085 -0.00268302 -0.0431246 0.000865319 0.0278782 -0.00530326 -0.0493672
internal_weight=91.4 87.6582 11.8738 75.7844 71.1508 66.7006 5.38032 61.3203 11.3998 49.9205 4.63363
internal_count=873 822 77 745 675 638 95 543 95 448 70
is_linear=0
shrinkage=0.0895223


Tree=97
num_leaves=12
num_cat=0
split_feature=40 13 13 51 40 49 40 6 54 11 23
split_gain=0.72735 1.29012 3.27324 1.29599 1.74632 1.76984 1.79887 2.15174 1.30959 0.224985 0.00784131
threshold=9.1720244948536802 9.3638588143333656 8.2242655740532378 -44.739999999999988 13.120599954713285 10.851055122434779 11.255753144344501 1.1545000000000003 34.935000000000009 445.50000000000006 -1.0049999999999997
decision_type=2 2 2 8 2 10 2 2 2 10 2
left_child=-1 2 -2 -3 5 6 8 -8 -5 -6 -4
right_child=1 3 10 4 9 -7 7 -9 -10 -11 -12
leaf_value=0.026113413761598588 0.026670375831879419 0.051341914937001722 -0.10507582263775438 0.039747823863479657 -0.035559421792721008 0.055205153210367709 -0.061238869825990097 0.0004582213835640987 0.0001762345453111614 -0.07552172458748263 -0.096479514053838672
leaf_weight=7.7709631305187932 3.0522697749547651 3.8502700906246901 1.6720685460604729 8.2182830665260536 2.224370047915726 4.6060199961066237 7.8652765240985927 10.68386066961102 36.338212793227285 2.2939270315691829 1.7717351512983439
leaf_count=68 44 22 27 47 48 31 110 127 282 22 45
internal_value=-7.05309e-05 -0.00253465 -0.0408285 0.000735002 -0.00196259 0.00163312 -0.002277 -0.0257026 0.00747515 -0.055849 -0.100654
internal_weight=90.3473 82.5763 6.49607 76.0802 72.23 67.7117 63.1056 18.5491 44.5565 4.5183 3.4438
internal_count=873 805 116 689 667 597 566 237 329 70 72
is_linear=0
shrinkage=0.0895223


Tree=98
num_leaves=17
num_cat=0
split_feature=22 4 51 4 43 3 55 63 49 54 41 50 58 58 22 53
split_gain=0.83737 1.28699 2.35195 0.981602 1.2743 1.90721 2.49119 2.60911 1.78349 1.78538 1.42566 1.25609 0.797776 0.655714 0.379864 0.106035
threshold=0.25365000000000004 0.35900000000000004 11.830000000000002 0.17100000000000001 0.56850000000000012 1.0000000180025095e-35 226.50000000000003 0.61650000000000016 9.3746598177284657 60.515000000000008 9.6100689518310958 0.56850000000000012 3680.5000000000005 492.50000000000006 0.22105000000000002 5.9172460000000013
decision_type=2 2 8 2 2 2 2 2 10 2 10 2 2 2 2 2
left_child=1 3 14 4 5 -1 7 -7 9 -6 -10 12 -5 -11 -3 -8
right_child=-2 2 -4 11 8 6 15 -9 10 13 -12 -13 -14 -15 -16 -17
leaf_value=0.048038970038333829 0.039093901341812537 -0.10233173212677639 0.010881358917130443 0.058702856174836261 -0.034743116161810882 0.0066945857965995401 -0.10994594861761675 -0.054152579690532519 0.08511254442252518 -0.0045866798130761209 0.01351338754774299 -0.01943792939883664 0.012360131430686039 0.042695179533289197 -0.049185783981354939 -0.078449262481229645
leaf_weight=3.3852788794320068 4.1694086235947898 2.6078063123859447 4.6135714054107666 6.1751128607429582 8.7432264513336175 17.139358043205 1.758609690703451 8.4233581393491459 3.7665860801935178 4.2882783310487849 5.4592220936901867 4.4360509924590579 5.7486669523641467 5.2020263173617423 1.8377276480896396 1.6727259890176354
leaf_count=33 31 54 31 53 67 162 27 84 21 37 55 43 53 35 39 48
internal_value=-7.88918e-05 -0.00199463 -0.033894 0.00179779 -0.00351497 -0.0155456 -0.0229697 -0.0133555 0.0106711 -0.00555759 0.0427453 0.0212303 0.0363605 0.0213301 -0.0803627 -0.0945928
internal_weight=89.427 85.2576 9.05911 76.1985 59.8387 32.3793 28.9941 25.5627 27.4593 18.2335 9.22581 16.3598 11.9238 9.4903 4.44553 3.43134
internal_count=873 842 124 718 569 354 321 246 215 139 76 149 106 72 93 75
is_linear=0
shrinkage=0.0895223


Tree=99
num_leaves=14
num_cat=0
split_feature=70 29 48 21 40 6 13 50 6 43 48 43 48
split_gain=0.721592 1.23078 0.797324 1.95878 0.913397 2.2273 1.72073 1.26365 2.20243 1.83835 1.25891 0.594424 0.365504
threshold=1.3820000000000003 0.18750000000000003 9.3889577645948563 1.1278500000000002 9.9236577082884576 1.0215000000000003 9.9124720678451812 0.60750000000000004 1.0710000000000004 0.57550000000000001 10.833053927785064 0.57550000000000001 8.7592149118998162
decision_type=2 2 10 2 2 2 2 2 2 2 10 2 8
left_child=2 -2 3 -1 5 10 -6 8 -8 -10 -4 -7 -5
right_child=1 -3 4 12 6 11 7 -9 9 -11 -12 -13 -14
leaf_value=0.016665030803097856 -0.086557995585261505 0.012101385463056112 -0.035299951009859207 -0.043178232681248131 -0.061544162907865033 0.026069350244197161 0.059547781054601991 -0.043087878426807058 -0.0090636790111580916 0.039602344692904613 0.02723710046096817 0.068357666379368034 -0.10215242210461925
leaf_weight=3.9207881153561166 2.016402482520788 2.0370702319778502 6.1319389464333671 1.5102860990446063 3.5962331073824307 4.9355470575392228 5.5888641010969868 4.458891440415754 34.429217224242166 7.5924899126403025 4.4533316846936941 5.7887178678065538 1.9048485020175574
leaf_count=33 49 24 61 44 69 54 30 43 318 55 30 31 32
internal_value=-8.09203e-05 -0.0369759 0.00169286 -0.0265074 0.00438046 0.0201418 -0.00165312 0.00248325 0.00675122 -0.000270607 -0.00898963 0.048896 -0.0760731
internal_weight=88.3646 4.05347 84.3112 7.33592 76.9752 21.3095 55.6657 52.0695 47.6106 42.0217 10.5853 10.7243 3.41513
internal_count=873 73 800 109 691 176 515 446 403 373 91 85 76
is_linear=0
shrinkage=0.0895223


Tree=100
num_leaves=22
num_cat=0
split_feature=9 4 63 48 43 47 13 11 40 54 54 40 13 10 28 23 40 33 43 9 0
split_gain=0.702315 1.48589 1.67602 1.68568 2.97638 1.81557 2.35229 1.23327 1.07203 1.92734 2.48936 2.52837 1.40232 1.36532 2.0977 1.70092 1.23539 1.07642 0.54189 0.333017 0.00309996
threshold=0.6625000000000002 -0.20599999999999996 0.65000000000000013 10.647465368028721 0.59750000000000003 13.20043696386452 9.8874917964597469 66.740000000000023 9.9542752213620016 40.340000000000011 45.090000000000011 10.48445937999854 9.504897370467468 0.54950000000000021 1.6570000000000003 -0.034999999999999996 11.275178478310631 15.15 0.5415000000000002 1.2870000000000001 1.8500000000000003
decision_type=8 2 2 10 2 2 2 8 2 2 2 2 2 2 2 2 2 2 2 8 8
left_child=1 -1 3 7 5 6 -5 20 12 13 -11 -12 -2 16 15 -15 -10 -14 -7 -18 -3
right_child=8 2 -4 4 -6 18 -8 -9 9 10 11 -13 17 14 -16 -17 19 -19 -20 -21 -22
leaf_value=0.066170474743315638 -0.0096295954396345539 -0.1004869683190093 -0.081697844086781005 -0.048589985903816364 0.074915446107965869 -0.10194848203571823 0.047637056102714001 0.0075832906026878011 0.054916029354578788 -0.087195662429178047 0.042100189017714153 -0.052913569701250433 0.01520575736866737 -0.082375698527671196 0.025170081633968083 -0.00047356684742270446 0.022413249206950689 0.06972185259206691 -0.033173150434951719 -0.012438078518715185 -0.09425598035430674
leaf_weight=1.7620120113715554 6.6380513524636653 1.2560845999978547 2.9830214545363551 3.6243506236933154 3.6089465832337728 1.9789654990890988 4.645353754516691 1.3654958759434519 7.3157385182567003 4.2970533771440378 4.5914510795846564 4.3912278437055647 5.9168270621448738 4.0056954789906731 7.3486680500209323 4.1248076194897285 4.4278547978028628 5.6983108362182975 1.7131518614478407 4.3617332051508138 1.3816887417342512
leaf_count=11 68 20 58 74 19 46 41 15 42 36 35 55 36 39 43 34 32 37 41 38 53
internal_value=-7.84398e-05 -0.0130041 -0.0191889 -0.00966253 0.00365809 -0.0178403 0.00546334 -0.0614742 0.00490175 -0.00254001 -0.0311557 -0.00434736 0.0231929 0.00949136 -0.00949397 -0.0408251 0.0277388 0.0419513 -0.0700375 0.00511826 -0.0972245
internal_weight=87.4365 24.3191 22.5571 19.574 15.5708 11.9618 8.2697 4.00327 63.1174 44.8642 13.2797 8.98268 18.2532 31.5845 15.4792 8.1305 16.1053 11.6151 3.69212 8.78959 2.63777
internal_count=873 378 367 309 221 202 115 88 495 354 126 90 141 228 116 73 112 73 87 70 73
is_linear=0
shrinkage=0.0895223


Tree=101
num_leaves=16
num_cat=0
split_feature=22 4 51 42 51 48 2 43 41 51 2 47 57 9 6
split_gain=0.673619 1.14744 2.01479 0.933411 1.08688 2.08795 1.49055 1.26312 1.25617 1.8343 2.39228 1.71342 2.56976 1.67236 0.442064
threshold=0.25365000000000004 0.35900000000000004 11.830000000000002 9.0433186003112631 15.560000000000002 11.682134510013709 573.50000000000011 0.53650000000000009 9.5975655253911736 -44.739999999999988 237.00000000000003 10.540243524967119 0.84550000000000003 1.1900000000000002 1.1625000000000003
decision_type=2 2 8 2 8 10 8 2 10 10 8 2 8 8 2
left_child=1 3 14 -1 8 6 -6 -7 11 -10 -11 12 -5 -13 -3
right_child=-2 2 -4 4 5 7 -8 -9 9 10 -12 13 -14 -15 -16
leaf_value=0.045338066035501126 0.035975517574118293 -0.10082776244497295 0.0090549116152713899 0.031912587004033197 -0.083833021489468654 -0.024338544210853102 -0.012131400232715842 0.0415138704217759 0.06414964963034249 -0.048977440954790202 0.0096568343128793661 0.012705259192850347 -0.076079078126854383 0.067799658261605736 -0.040213086809483906
leaf_weight=3.7416791636496773 3.9583783666603258 2.5640950009692443 4.4176015020348132 3.8937418651767102 4.7932220473885554 4.3768998589366657 4.5098650082945824 5.0020261993631721 2.5422644545324138 9.9293263742001763 12.72118654102087 11.096173140686007 3.2315048221498728 7.3340100422501555 1.5458256357815114
leaf_count=29 31 63 31 37 45 36 26 38 17 156 134 121 37 42 30
internal_value=-9.10737e-05 -0.00183856 -0.0329162 0.0017832 -0.00056397 -0.0190247 -0.0490746 0.0107819 0.00623192 -0.00795363 -0.0160466 0.0202163 -0.0170642 0.0346294 -0.0780302
internal_weight=85.6578 81.6994 8.52752 73.1719 69.4302 18.682 9.30309 9.37893 50.7482 25.1928 22.6505 25.5554 7.12525 18.4302 4.10992
internal_count=873 842 124 718 689 145 71 74 544 307 290 237 74 163 93
is_linear=0
shrinkage=0.0895223


Tree=102
num_leaves=13
num_cat=0
split_feature=69 69 17 54 42 58 20 33 51 20 47 31
split_gain=0.691997 1.39991 2.67306 2.45075 1.46601 2.24391 2.21295 1.88473 1.38208 1.38525 1.0897 0.559232
threshold=0.31670000000000004 0.71735000000000004 16.500000000000004 29.440000000000005 9.7986382639037277 529.00000000000011 1.1467500000000002 16.150000000000002 -44.739999999999988 1.0809500000000003 10.152216618708104 0.097500000000000017
decision_type=8 8 2 2 2 2 2 2 10 2 2 2
left_child=11 2 3 -2 10 -6 8 -8 -7 -10 -3 -1
right_child=1 4 -4 -5 5 6 7 -9 9 -11 -12 -13
leaf_value=0.059888816638235143 0.0080842107845081161 0.0052175271265886515 0.024792658270833788 -0.10427399017657435 -0.055028308869057116 0.056585392166751888 -0.0010028372771836622 -0.091786542515438455 -0.027801973051527294 0.013697442744419013 0.063664078326954185 0.0035946708865210175
leaf_weight=2.6720547738950691 2.3628885387442988 5.2310963233467174 4.1782581709558144 4.5545075451955199 5.9543534130789331 4.6845637708902279 4.0273685296997419 3.363332733977586 8.1178331112023496 31.304678872227669 5.0005198698490858 3.004734305315651
leaf_count=31 26 54 48 64 65 34 46 55 107 270 26 47
internal_value=-9.4265e-05 -0.00226957 -0.0317437 -0.0658934 0.00256218 -0.00299778 0.0030181 -0.0423168 0.0106146 0.00515184 0.0337826 0.0300929
internal_weight=84.4562 78.7794 11.0957 6.9174 67.6837 57.4521 51.4978 7.3907 44.1071 39.4225 10.2316 5.67679
internal_count=873 795 138 90 657 577 512 101 411 377 80 78
is_linear=0
shrinkage=0.0895223


Tree=103
num_leaves=16
num_cat=0
split_feature=25 23 40 13 40 23 23 69 58 9 50 48 43 54 0
split_gain=0.636259 0.816133 1.83426 1.29178 1.207 1.73212 1.79684 1.65243 1.55376 1.49614 1.7441 1.45878 1.34748 1.19873 0.902647
threshold=193.50000000000003 -2.5049999999999994 10.237737648734887 11.297946860352203 9.9236577082884576 0.31500000000000006 -1.0000000180025095e-35 0.73620000000000008 3851.0000000000005 1.9450000000000003 0.51250000000000007 10.633620804612052 0.59550000000000003 29.355000000000004 0.45000000000000007
decision_type=2 2 2 2 2 2 2 10 2 8 2 10 2 2 10
left_child=1 2 -1 -4 11 6 7 8 -6 10 -7 12 14 -12 -3
right_child=-2 4 3 -5 5 9 -8 -9 -10 -11 13 -13 -14 -15 -16
leaf_value=-0.021101969281847197 -0.036253076505744844 0.05551913446913901 0.077158462900662875 0.012511850497972907 -0.050960736003990877 0.053814907006147335 -0.076328426498236096 0.026711582713456278 -0.0010724086414476699 0.059829881510246596 0.01820571411783899 0.044819949304175308 -0.046666148818357386 -0.053468324860531914 -0.011121542862835711
leaf_weight=5.5714381276629856 3.7279286205302915 2.9964225678704697 4.6973663184326124 5.2414924502372742 10.230001060990622 3.0814104140736127 4.3440142459003281 6.0840914507862172 9.7926270681200531 4.1511098975315699 3.0575341852381825 8.1227407706901413 3.9912852360866964 4.8149206407833844 3.5691138303373009
leaf_count=58 42 21 28 48 124 22 60 49 122 23 35 64 49 72 56
internal_value=-0.000104281 0.00158555 0.020016 0.0430659 -0.00286462 -0.0107226 -0.0230172 -0.0141463 -0.0265616 0.0140622 -0.00328178 0.0162993 -0.00564499 -0.0256308 0.0192918
internal_weight=83.4735 79.7456 15.5103 9.93886 64.2353 45.5557 30.4507 26.1067 20.0226 15.105 10.9539 18.6796 10.5568 7.87245 6.56554
internal_count=873 831 134 76 697 507 355 295 246 152 129 190 126 107 77
is_linear=0
shrinkage=0.0895223


Tree=104
num_leaves=18
num_cat=0
split_feature=11 11 37 37 56 54 13 23 41 54 25 37 22 25 10 54 11
split_gain=0.651268 2.5947 1.59036 1.68701 2.46443 1.92984 1.62951 0.938983 0.908826 1.77543 1.57635 2.07223 2.63198 1.65934 1.94036 0.484829 0.262954
threshold=72.850000000000009 48.610000000000007 0.14915000000000003 0.23345000000000002 56.505000000000003 52.610000000000007 9.6135813886055068 -0.31499999999999995 10.399785176718188 26.370000000000005 152.50000000000003 0.17950000000000002 0.23105000000000003 144.50000000000003 0.56650000000000011 43.120000000000012 0.63000000000000012
decision_type=10 10 2 2 8 2 2 2 10 2 2 2 2 2 2 2 8
left_child=1 2 -1 6 -5 16 -4 -7 10 -10 13 -12 -13 14 -2 -8 -6
right_child=8 -3 3 4 5 7 15 -9 9 -11 11 12 -14 -15 -16 -17 -18
leaf_value=-0.059159259560150237 0.040533411300384216 -0.090000882338053728 -0.020781850819199248 0.027068680861520644 -0.10614623635060164 -0.050815461272954644 0.028565448168450819 0.030670923965956311 0.014134407610792243 -0.062196597566495045 0.035351035026005402 -0.07768056851748692 0.019193688453838679 0.071010263265432458 -0.018398883231440021 0.070389792391615913 -0.06182694173051196
leaf_weight=3.4709305644501027 10.078944120323291 2.9332129354588679 3.6609664629213539 6.5771721587516341 2.5410868730396032 1.9969859039410955 4.2992179603315872 2.620423962827771 5.9506635540164989 4.1418320793891326 5.0917520860675713 5.209217166528104 3.9533948348835111 5.3693262552842489 8.0565547691658121 4.5964440116658807 1.8578827003948388
leaf_count=69 69 48 56 62 37 48 39 41 50 69 34 48 38 31 59 34 41
internal_value=-8.99979e-05 -0.0094555 -0.0019839 0.00506572 -0.0146 -0.0449964 0.029488 -0.00457038 0.00667288 -0.0171905 0.0130513 -0.0104367 -0.0358818 0.0272957 0.014353 0.0501768 -0.087429
internal_weight=82.406 34.5543 31.6211 28.1502 15.5936 9.01638 12.5566 4.61741 47.8517 10.0925 37.7592 14.2544 9.16261 23.5048 18.1355 8.89566 4.39897
internal_count=873 475 427 358 229 167 129 89 398 119 279 120 86 159 128 73 78
is_linear=0
shrinkage=0.0895223


Tree=105
num_leaves=10
num_cat=0
split_feature=42 11 53 43 24 51 51 0 0
split_gain=0.638143 0.999523 1.52078 1.06637 1.13974 1.18073 2.10317 1.17971 1.76459
threshold=14.541450539858245 604.50000000000011 1.8363300000000002 0.6645000000000002 28.327350000000003 -29.254999999999999 -38.404999999999994 0.15000000000000005 0.25000000000000006
decision_type=2 10 2 2 2 10 8 8 10
left_child=1 3 -3 4 5 6 -1 -7 -9
right_child=-2 2 -4 -5 -6 7 -8 8 -10
leaf_value=0.0018178422920697983 -0.038276203375622965 -0.0088754120689592472 0.059699169125309398 0.034610006530972799 -0.05736720794131555 0.053601669256230847 -0.090777519388924865 -0.060960800224467378 0.0036107989961536848
leaf_weight=5.0332902979571372 3.3631500023184335 4.9021013583987934 5.4992651529610157 5.697290383395738 3.2621649552602312 3.338289074599742 3.2257263348437828 3.6825198251754037 42.954438584507443
leaf_count=58 51 37 40 50 49 15 42 32 499
internal_value=-9.90018e-05 0.00155564 0.02738 -0.00244184 -0.00587454 -0.00298996 -0.0343467 0.00219205 -0.00148779
internal_weight=80.9582 77.5951 10.4014 67.1937 61.4964 58.2343 8.25902 49.9752 46.637
internal_count=873 822 77 745 695 646 100 546 531
is_linear=0
shrinkage=0.0895223


Tree=106
num_leaves=13
num_cat=0
split_feature=33 8 8 53 9 33 53 9 43 49 43 51
split_gain=0.598769 0.855642 1.03675 1.54397 1.29207 1.32806 1.33629 1.32198 1.19969 1.87026 1.01069 0.719515
threshold=7.3500000000000005 0.76350000000000018 0.82800000000000007 1.2484980000000003 0.6625000000000002 19.050000000000004 2.3434295000000005 2.3120000000000007 0.59750000000000003 9.8698030051631829 0.60750000000000004 -3.8149999999999995
decision_type=2 2 2 2 8 2 2 10 2 8 2 8
left_child=-1 11 -3 10 8 7 -7 -6 9 -5 -4 -2
right_child=1 2 3 4 5 6 -8 -9 -10 -11 -12 -13
leaf_value=0.034038489192262864 -0.0023317213061752489 0.030951178089039896 -0.012397844245857954 0.0046361559651894807 -0.014022463010490469 0.066907092128362461 0.0097867748048806272 0.031604940438542353 0.026085432445971845 -0.061139818497629297 -0.077436916191980981 -0.075321628015540321
leaf_weight=3.9180396050214759 2.072363487444818 7.9603851679712525 4.4086788424756369 6.5125827187439436 17.986729870550338 5.6504724631085974 7.8321723062545061 7.0970430755987755 3.8545307884924105 7.4016776401549587 3.3852936584735289 2.2659844309091559
leaf_count=22 27 66 51 107 161 35 72 50 39 156 42 45
internal_value=-9.41552e-05 -0.001844 0.00047964 -0.00330275 0.00186388 0.0110665 0.0337257 -0.00111279 -0.0181098 -0.0303531 -0.0406479 -0.0404563
internal_weight=80.346 76.4279 72.0896 64.1292 56.3352 38.5664 13.4826 25.0838 17.7688 13.9143 7.79397 4.33835
internal_count=873 851 779 713 620 318 107 211 302 263 93 72
is_linear=0
shrinkage=0.0895223


Tree=107
num_leaves=19
num_cat=0
split_feature=69 5 41 57 22 73 57 44 25 51 23 48 41 23 53 41 20 9
split_gain=0.653938 1.35911 1.3323 1.10959 1.08146 0.971934 0.855602 1.02798 2.30713 1.85955 1.51901 0.874141 1.2954 1.09803 1.55013 1.07535 0.834883 0.0064586
threshold=0.31670000000000004 0.12729600000000005 10.049523127739493 0.81600000000000006 0.22595000000000001 -0.22499999999999998 0.7945000000000001 0.95000000000000007 170.50000000000003 -0.41999999999999993 -0.97999999999999987 10.617993309624659 11.51149610773445 -0.40499999999999997 6.4513595000000006 9.9617174555311436 1.1110500000000003 0.8045000000000001
decision_type=10 2 8 8 2 2 8 2 2 10 2 8 8 2 2 8 2 10
left_child=6 3 4 -2 -3 -4 -1 11 9 17 -11 -8 13 15 -15 -13 -14 -9
right_child=1 2 5 -5 -6 -7 7 8 -10 10 -12 12 16 14 -16 -17 -18 -19
leaf_value=0.051128695222160563 -0.090776594911453332 0.0065949874651515823 -0.0067606808073936405 -0.019213659258891843 -0.056103858310120616 0.05122595591571396 -0.021475327077635345 -0.094581795286431083 0.039911698094319506 0.033656972483786012 -0.053778634614484691 0.050664906786470044 0.068159246029324966 0.00701507760028151 -0.069683212811315676 -0.0067766151747168969 0.019326103451241375 -0.10277684204167278
leaf_weight=3.1119475599844 2.5935673066414919 4.635418916121127 4.1989182604011184 5.2544262751471251 4.2043363265693188 5.1672017880482546 5.7894009477458885 1.5543595403432839 3.8652889928780487 2.8888784302398554 3.5481105883955024 5.3064699303358767 4.9297379944473487 6.0091221258044296 3.2561032231897116 5.1435840809717783 6.5130846928805113 1.5710119577124713
leaf_count=37 37 36 46 63 46 48 62 53 45 28 64 56 31 48 56 47 45 25
internal_value=-9.13747e-05 -0.0117218 0.00170246 -0.0428639 -0.0232252 0.0252296 0.00557378 0.00275954 -0.0184537 -0.0420464 -0.0145375 0.010469 0.0164047 0.0024981 -0.0199388 0.0223915 0.0403645 -0.0987023
internal_weight=79.541 26.0539 18.2059 7.84799 8.83976 9.36612 53.4871 50.3752 13.4276 9.56236 6.43699 36.9475 31.1581 19.7153 9.26523 10.4501 11.4428 3.12537
internal_count=873 276 176 100 82 94 597 560 215 170 92 345 283 207 104 103 76 78
is_linear=0
shrinkage=0.0895223


Tree=108
num_leaves=10
num_cat=0
split_feature=40 13 13 33 8 47 40 29 51
split_gain=0.577683 1.18423 2.54011 0.669506 1.03734 1.07263 1.0718 1.05429 0.00450785
threshold=9.1720244948536802 9.3638588143333656 8.2242655740532378 7.3500000000000005 0.76350000000000018 10.362931684697203 9.8337618044393498 0.19445000000000004 -27.839999999999996
decision_type=2 2 2 2 2 2 2 2 10
left_child=-1 2 -2 -3 -5 -6 -7 -8 -4
right_child=1 3 8 4 5 6 7 -9 -10
leaf_value=0.024772576653705056 0.021867454505004196 0.037878159026685849 -0.10309920798864265 -0.048185253750104587 -0.037848522708857801 0.040265120470017048 -0.0081681145063397589 0.020823223520841417 -0.096000905422259017
leaf_weight=6.8320260755717745 2.6245458964258424 3.6982049420475951 1.369388572406024 3.5692249273415646 5.0670394855551413 6.1940073585137716 32.979076549177989 14.46080722985789 1.5690592593746258
leaf_count=68 44 20 25 63 61 50 382 113 47
internal_value=-9.83614e-05 -0.00247386 -0.0421395 0.000871021 -0.00132676 0.00152234 0.00524195 0.00066906 -0.0993101
internal_weight=78.3634 71.5314 5.56299 65.9684 62.2702 58.7009 53.6339 47.4399 2.93845
internal_count=873 805 116 689 669 606 545 495 72
is_linear=0
shrinkage=0.0895223


Tree=109
num_leaves=13
num_cat=0
split_feature=40 49 24 41 54 49 23 40 42 54 73 33
split_gain=0.576231 1.95661 1.55109 1.10618 1.47732 1.29499 1.16198 1.09231 1.72797 1.20294 1.30241 0.00714801
threshold=12.982390383053977 10.851055122434779 81.69380000000001 10.330326178502206 25.310000000000006 10.259918526421348 -4.2649999999999997 11.255753144344501 12.834682363998267 34.935000000000009 -0.89999999999999991 13.15
decision_type=2 10 2 10 2 10 2 2 2 2 2 2
left_child=1 3 -2 5 -5 7 -6 9 -9 -1 -11 -8
right_child=2 -3 -4 4 6 -7 11 8 -10 10 -12 -13
leaf_value=0.036964370272553407 -0.066857664022088412 0.068548092054264612 0.030000935603995173 0.030200634087658645 0.0012914760682152897 0.052162362824447216 -0.10225460873951404 -0.077924358152063194 0.0088626830104900304 -0.037696180600080668 0.0046489465924500267 -0.093374843023867241
leaf_weight=7.4225185029208651 3.3022293499670914 3.3780661113560191 2.2129318367224187 1.8300103768706311 1.4088445033412424 3.9184547057375303 1.370966885937378 3.571312690852209 3.7894480996765196 6.9046779337804756 37.090754628414288 1.5864618237246757
leaf_count=49 57 26 24 19 12 30 29 53 38 96 372 68
internal_value=-0.000100805 0.00202764 -0.027993 -0.00123402 -0.037318 0.00233206 -0.0656175 -0.000989792 -0.0332444 0.00362756 -0.00199665 -0.0974924
internal_weight=77.7867 72.2715 5.51516 68.8935 6.19628 62.6972 4.36627 58.7787 7.36076 51.418 43.9954 2.95743
internal_count=873 792 81 766 128 638 109 608 91 517 468 97
is_linear=0
shrinkage=0.0895223


Tree=110
num_leaves=16
num_cat=0
split_feature=40 13 53 40 10 40 29 44 20 6 54 13 56 57 53
split_gain=0.877567 0.78015 2.11427 1.58662 1.44427 1.39238 0.880949 1.43243 1.96066 2.45779 1.12566 1.47314 1.40279 0.999078 0.7682
threshold=8.7424848401289044 9.7632376694651519 4.8518965000000014 9.4138845332993544 0.50550000000000017 9.7305572594454031 0.095950000000000021 0.8500000000000002 1.1294500000000001 1.1895000000000002 34.935000000000009 10.703726928405858 46.265000000000008 0.87850000000000017 2.3434295000000005
decision_type=2 2 2 2 2 2 2 2 2 2 2 2 8 10 2
left_child=-1 2 14 -4 -5 -3 -7 10 9 -9 12 -12 -8 -10 -2
right_child=1 5 3 4 -6 6 7 8 13 -11 11 -13 -14 -15 -16
leaf_value=0.053300443608798813 -0.035799489350205209 0.05403717281044472 0.037419976345785137 -0.097019931540645504 0.0039418253085826893 0.033518663386081005 -0.0047662327794044971 -0.036154984163704225 -0.092765802264237945 0.049501546054860311 0.0073329095901721779 -0.052970265619225403 0.046044536811523526 -0.01565500828119204 -0.10672528021449372
leaf_weight=2.3890487519092849 2.6912001946475348 3.9660991616547099 5.2706531160511059 1.8037564718397332 3.0649641638156027 5.3894458378199479 8.2729826448485273 7.0360254360130075 3.9788617645390323 4.3409474142827094 10.479772507213054 4.7037536404095581 9.1935449135489744 2.0356226568110287 2.2449369146488607
leaf_count=20 43 24 49 63 39 58 64 123 78 46 76 51 71 33 35
internal_value=-0.000107017 -0.00182035 -0.0200077 0.00338373 -0.0334616 0.0027957 -0.000870579 -0.00457436 -0.0253272 -0.00347194 0.00647981 -0.0113484 0.0219779 -0.066668 -0.068057
internal_weight=76.8616 74.4726 15.0755 10.1394 4.86872 59.3971 55.431 50.0415 17.3915 11.377 32.6501 15.1835 17.4665 6.01448 4.93614
internal_count=873 853 229 151 102 624 600 542 280 169 262 127 135 111 78
is_linear=0
shrinkage=0.0895223


Tree=111
num_leaves=15
num_cat=0
split_feature=40 0 49 1 10 6 4 16 50 50 12 49 9 0
split_gain=0.745019 1.07296 0.941669 0.655327 1.19746 1.30788 0.91957 0.672067 2.72482 1.68078 1.70099 1.50571 1.32785 0.0681342
threshold=8.7424848401289044 12.550000000000002 10.865579058614568 1.2145000000000004 0.63150000000000006 1.0080000000000002 0.14150000000000001 1.5000000000000002 0.5635 0.54250000000000009 153.45400000000004 10.206962139573362 0.72900000000000009 47.650000000000006
decision_type=2 8 10 8 2 2 2 2 2 2 10 8 8 8
left_child=-1 3 13 6 7 -6 -2 8 12 11 -11 -9 -5 -3
right_child=1 2 -4 4 5 -7 -8 9 -10 10 -12 -13 -14 -15
leaf_value=0.049612934269142726 -0.014766832386237909 -0.096107009761984372 0.014013932769349006 -0.060194726523964223 0.0087091961444013075 -0.079301134584781649 0.049565684359607697 0.03454986853450908 0.0562259797644949 -0.042328277781985696 0.014539878982966924 -0.018081101465326238 0.0070429791143760178 -0.064557598945896633
leaf_weight=2.3392674447968593 2.8433696506544939 1.3913425843347793 1.2061963351443408 3.3292405189713472 2.3471627011895171 3.1952569351997226 4.7641420925501734 11.17111310712062 7.7354907365515819 12.987283142283561 6.2407574732787898 7.1410325788892797 8.0343603158835322 0.90733914147131134
leaf_count=20 42 60 24 68 19 58 50 98 54 142 66 77 66 29
internal_value=-0.000120952 -0.00170832 -0.0500416 0.000718976 -0.00231525 -0.0420289 0.0255204 0.00157085 0.0152425 -0.00538471 -0.0238707 0.0140256 -0.0126556 -0.0836553
internal_weight=75.6334 73.2941 3.50488 69.7892 62.1817 5.54242 7.60751 56.6393 19.0991 37.5402 19.228 18.3121 11.3636 2.29868
internal_count=873 853 113 740 648 77 92 571 188 383 208 175 134 89
is_linear=0
shrinkage=0.0895223


Tree=112
num_leaves=11
num_cat=0
split_feature=2 13 33 40 13 40 49 40 4 51
split_gain=0.601855 1.09336 2.25009 1.03308 1.09017 0.933503 1.3168 1.20958 0.67636 0.000488055
threshold=-86.22499999999998 8.9203589633284661 23.750000000000004 9.2124341543338897 9.5912535879128011 13.120599954713285 10.851055122434779 11.927873167179204 -0.014999999999999998 -8.4299999999999979
decision_type=10 2 2 2 2 2 10 2 2 8
left_child=-1 2 9 -3 -5 6 7 -6 -7 -2
right_child=1 3 -4 4 5 8 -8 -9 -10 -11
leaf_value=0.044557524333700908 -0.097293148392453344 0.04402175179361096 0.032274176537121141 -0.049366129797129517 0.005866601928852075 -0.0020309288278333956 0.054936882974288496 -0.034873213425874947 -0.074499425937617506 -0.094684544348327446
leaf_weight=2.3406536265974855 1.3054558373987672 4.2491479720920315 1.8430017121136186 3.6076290372293434 45.25082991598174 1.9840452331118283 3.8396287783980361 6.7061947759939349 2.1515458396170279 1.4040252766571932
leaf_count=40 32 29 14 67 423 22 31 127 48 40
internal_value=-0.000120446 -0.00156608 -0.0440353 0.00128596 -0.00157189 0.00130504 0.00434684 0.000608165 -0.0397336 -0.0959427
internal_weight=74.6822 72.3415 4.55248 67.789 63.5399 59.9322 55.7967 51.957 4.13559 2.70948
internal_count=873 833 86 747 718 651 581 550 70 72
is_linear=0
shrinkage=0.0895223


Tree=113
num_leaves=14
num_cat=0
split_feature=70 29 4 4 8 8 16 4 50 40 2 41 33
split_gain=0.58777 1.03942 0.599542 1.34679 0.909195 1.19569 1.10769 2.67965 2.36929 2.07001 1.86114 0.66014 0.524243
threshold=1.3820000000000003 0.19205000000000003 -0.13649999999999998 -0.050499999999999996 0.9085000000000002 0.76350000000000018 3.5000000000000004 0.025500000000000005 0.54550000000000021 9.9236577082884576 285.50000000000006 9.4524747174670445 19.050000000000004
decision_type=2 2 2 2 2 2 2 2 2 2 10 10 2
left_child=2 -2 -1 -4 5 -5 7 -6 11 -9 -10 -8 -7
right_child=1 -3 3 4 6 12 8 9 10 -11 -12 -13 -14
leaf_value=0.02640754992337704 -0.086121035338377727 0.015270847462087159 -0.05113432462774227 -0.019304127558455959 0.035609278298864719 0.061360400171339299 0.014494872353955244 0.0041921946127501048 -0.058256427909543648 -0.053929503882776092 0.019220260864418817 0.062492830375857053 0.018958552065529384
leaf_weight=7.0235920406412324 1.6854023801279248 1.5605009291321037 4.0460799909196785 3.8022224634187287 6.3074026596732464 4.6912653692997974 3.7348662288859504 8.0910551447886991 4.802243380690923 12.493858180241658 5.1491452530026436 5.9635429969057441 4.6567972428165376
leaf_count=57 52 21 52 50 57 33 40 103 69 205 45 45 44
internal_value=-0.000124546 -0.0373747 0.00158409 -0.00115124 0.00223666 0.023022 -0.00363607 -0.0154415 0.0125205 -0.0310842 -0.0181673 0.0440091 0.040238
internal_weight=74.008 3.2459 70.7621 63.7385 59.6924 13.1503 46.5421 26.8923 19.6498 20.5849 9.95139 9.69841 9.34806
internal_count=873 73 800 743 691 127 564 365 199 308 114 85 77
is_linear=0
shrinkage=0.0895223


Tree=114
num_leaves=13
num_cat=0
split_feature=22 4 6 22 11 49 11 37 8 6 8 2
split_gain=0.537895 0.91075 1.60974 0.731884 1.92771 0.825559 1.37734 1.33519 0.929732 1.41377 1.21664 0.722671
threshold=0.25365000000000004 0.35900000000000004 1.1395000000000002 0.24075000000000005 140.50000000000003 9.1416826933054338 -8.8299999999999983 0.23345000000000002 0.9085000000000002 1.1825000000000003 0.76750000000000018 496.50000000000006
decision_type=2 2 2 2 10 8 8 2 2 2 2 8
left_child=1 3 11 5 -5 -1 7 -7 10 -10 -8 -3
right_child=-2 2 -4 4 -6 6 8 -9 9 -11 -12 -13
leaf_value=0.038590998174720545 0.035643985718623913 -0.10204716730791114 0.01494071278234296 -0.083412141822175739 0.014126756189280708 0.0094678108207811584 -0.019237592555852879 -0.083157544261938637 -0.011092340107851865 0.039580774486256166 0.040231347253537879 -0.025395188264147019
leaf_weight=5.3305830194149157 3.2217653635889283 2.3226276710629454 3.2777895782492124 2.7704292191774575 3.9235858814790845 2.2140804689843208 3.6948440866544834 2.8559461166150868 25.479353654198352 5.3367003416642538 10.861648175632579 1.7127803522162137
leaf_count=66 31 53 51 57 33 34 54 47 283 52 92 20
internal_value=-0.000118793 -0.00177001 -0.0316608 0.00172932 -0.0262408 0.00508642 0.0015457 -0.0427073 0.00649072 -0.00231669 0.0251362 -0.0695141
internal_weight=73.0021 69.7804 7.3132 62.4672 6.69402 55.7732 50.4426 5.07003 45.3725 30.8161 14.5565 4.03541
internal_count=873 842 124 718 90 628 562 81 481 335 146 73
is_linear=0
shrinkage=0.0895223


Tree=115
num_leaves=19
num_cat=0
split_feature=9 45 47 47 22 44 25 41 32 47 24 25 17 24 17 56 13 33
split_gain=0.625974 0.978115 1.20636 1.78908 1.18515 1.1912 1.4092 0.790468 1.58533 1.46534 2.37455 1.02423 1.71968 1.05965 0.912949 0.768064 0.732519 0.604445
threshold=0.6625000000000002 1.0000000180025095e-35 10.641507629350906 10.984841161248555 0.22715000000000005 2.2500000000000004 122.50000000000001 10.432128935191237 9.7500000000000018 12.903428914222383 5.1148000000000016 152.50000000000003 15.500000000000002 0.44405000000000006 8.5000000000000018 53.20000000000001 9.6845285376680117 20.550000000000004
decision_type=8 2 2 2 2 2 2 10 8 2 2 2 2 2 2 8 2 2
left_child=1 -1 -3 -4 5 6 -5 9 -9 10 11 13 14 -2 -13 -15 -6 -10
right_child=7 2 3 4 16 -7 -8 8 17 -11 -12 12 -14 15 -16 -17 -18 -19
leaf_value=0.038115107674354796 -0.017388878359716912 -0.09612453139935774 0.057504174183791466 0.039241826560096019 -0.011602536467447529 0.036259077498847901 -0.055457326712774223 0.028809564886388049 -0.085815088630459946 0.043221038939759732 -0.059251769435151327 -0.018051447718376391 -0.05495439823032864 0.06760299900579135 0.042330500460924562 0.021996351484572078 -0.099832032462442127 -0.020197089413483471
leaf_weight=2.5371578655904186 4.1357610742561546 1.574182328069585 2.3823126829229286 1.6811809404753129 1.1075524811167263 2.9901062736753374 5.0185582429403439 2.9748087013140321 2.4218866336159399 8.3797480518696812 4.4910184382461003 3.7060412310529482 4.3909311015158883 3.9657798586413238 4.376480009406805 11.663696961011738 2.3640631345915608 2.1014040382578969
leaf_count=41 39 45 20 16 32 45 112 23 40 63 46 42 42 22 37 105 67 36
internal_value=-0.000125911 -0.0137573 -0.0214458 -0.0138826 -0.0268043 -0.0107244 -0.0316937 0.00496695 -0.0219487 0.00944096 0.00173406 0.0102298 -0.00985628 0.0229059 0.0146434 0.0335687 -0.0716851 -0.0553315
internal_weight=72.2627 19.6551 17.118 15.5438 13.1615 9.68985 6.69974 52.6076 7.4981 45.1095 36.7297 32.2387 12.4735 19.7652 8.08252 15.6295 3.47162 4.52329
internal_count=873 378 337 292 272 173 128 495 99 396 333 287 121 166 79 127 99 76
is_linear=0
shrinkage=0.0895223


Tree=116
num_leaves=18
num_cat=0
split_feature=9 24 40 24 50 51 18 40 5 32 40 9 9 57 10 49 33
split_gain=0.536892 0.930488 1.07491 1.69183 1.15418 1.38131 0.886641 0.833351 2.15234 1.03113 1.34378 1.15487 2.30513 1.03008 1.15573 0.806148 0.709236
threshold=0.6625000000000002 0.99975000000000014 9.4138845332993544 2.0703000000000005 0.58150000000000002 -1.3299999999999998 1.0000000180025095e-35 9.9542752213620016 0.38114650000000005 6.5500000000000016 12.207883311881426 0.92450000000000021 1.4775000000000003 0.79950000000000021 0.55150000000000021 9.8871372970836209 19.350000000000005
decision_type=8 2 2 2 2 10 2 2 2 8 2 8 8 10 2 10 2
left_child=1 -1 -3 -4 5 6 -5 13 9 -9 11 -11 -13 14 -2 -7 -12
right_child=7 2 3 4 -6 15 -8 8 -10 10 16 12 -14 -15 -16 -17 -18
leaf_value=-0.063751738654003909 -0.035719569209301638 0.048466577597058129 -0.082330209928522302 -0.082435239728055151 0.056896452816796318 0.050100762973234479 0.011831341265882473 0.038916211232924998 -0.065173879059938114 0.045089730499497382 -0.082284671062111681 -0.059163101463214296 0.014835057843541064 0.054676201042302197 0.028403901208566739 -0.018797352130770151 -0.011901061270718615
leaf_weight=2.511361671320631 3.520714706508441 2.527716183569285 2.4627764739561817 2.7695866500725987 2.252167885657399 2.6413503778167033 1.1241412712261083 5.8526788889430463 3.9395446095149955 4.8671280536800685 2.2671988923102608 4.5384069916326579 13.147135715698822 5.1831409381702533 6.2538961255922914 2.8076968399691395 2.3233077805489302
leaf_count=67 47 24 53 99 25 26 23 42 47 38 34 53 103 39 55 61 37
internal_value=-0.000135257 -0.012969 -0.00527925 -0.0149435 -0.000630228 -0.014498 -0.055219 0.00458751 -0.00263181 0.0048353 -0.00251318 0.00647328 -0.00415391 0.0224145 0.00530692 0.0145994 -0.0466635
internal_weight=70.99 19.0968 16.5854 14.0577 11.5949 9.34278 3.89373 51.8932 36.9354 32.9959 27.1432 22.5527 17.6855 14.9578 9.77461 5.44905 4.59051
internal_count=873 378 311 287 234 209 122 495 354 307 265 194 156 141 102 87 71
is_linear=0
shrinkage=0.0895223


Tree=117
num_leaves=10
num_cat=0
split_feature=23 41 11 24 29 9 31 54 17
split_gain=0.533573 0.747532 1.52547 1.53598 0.865746 1.19131 1.06779 0.712308 0.661683
threshold=3.9650000000000003 11.221135325723955 604.50000000000011 28.327350000000003 0.096550000000000011 2.4785000000000004 0.11550000000000002 42.230000000000011 15.500000000000002
decision_type=2 10 10 2 2 10 2 2 2
left_child=1 2 3 4 8 6 -6 -7 -1
right_child=-2 -3 -4 -5 5 7 -8 -9 -10
leaf_value=0.0025150301210231335 0.033366663235485053 -0.046638129838453703 0.03631133312733871 -0.068605670399011026 -0.032083201122458015 0.046509230363604312 -0.0001631987976310304 -0.0019395117421066638 0.052558131910070804
leaf_weight=4.8960183656308782 3.611037958180531 2.8724936933722338 8.1082377880811674 2.9074449349427587 15.543165834504178 4.5568450316786748 18.273281318601221 5.2153066759929061 3.7314669906627387
leaf_count=64 41 50 64 60 246 31 240 43 34
internal_value=-0.00014238 -0.00197291 5.60824e-05 -0.00527671 -0.00175042 -0.00687887 -0.0148348 0.0206522 0.0241596
internal_weight=69.7153 66.1043 63.2318 55.1235 52.2161 43.5886 33.8164 9.77215 8.62749
internal_count=873 832 782 718 658 560 486 74 98
is_linear=0
shrinkage=0.0895223


Tree=118
num_leaves=18
num_cat=0
split_feature=69 5 33 33 10 17 69 11 40 29 40 12 10 9 50 9 69
split_gain=0.557189 1.13927 0.900428 1.22047 0.840372 0.82466 0.682594 1.05058 1.2858 0.823231 0.829631 1.48033 1.88882 0.942242 0.742591 0.68327 0.651559
threshold=0.31670000000000004 0.12729600000000005 21.150000000000002 16.950000000000003 0.5355000000000002 17.500000000000004 0.11030000000000002 187.00000000000003 10.367771503561469 0.19645000000000004 9.7152900861917022 57.75350000000001 0.49900000000000005 0.6625000000000002 0.5375000000000002 1.1980000000000002 0.87600000000000011
decision_type=10 2 2 2 2 2 10 10 2 2 2 8 2 10 2 10 10
left_child=6 5 3 4 -3 16 7 9 -9 10 13 12 -12 -1 -10 -13 -2
right_child=1 2 -4 -5 -6 -7 -8 8 14 -11 11 15 -14 -15 -16 -17 -18
leaf_value=-0.024789884957493749 -0.10220733101079971 0.024679596714723098 -0.033395376092041996 0.052373833454872988 -0.035988270584254821 -0.0022788610200698491 0.04062208071829726 0.047899362140597188 0.019259581677509418 0.028773465724510582 -0.077310534428771935 -0.09823608463163952 0.01138878044188075 0.050536996669036875 -0.026239556091196149 -0.019381142504936326 -0.03253744382577365
leaf_weight=2.6882596832001644 2.0662667339202043 3.4346592298243177 4.3011213075369588 4.3065084303962067 3.9162538797827438 2.6242787225637585 4.0516790752299121 7.117370565421882 6.6747090448625368 3.6119342774618408 2.5607800389407167 2.8707884320756429 7.7375656604999676 2.6355460851918906 5.0496778269298375 1.2704960398841647 2.2446522430982441
leaf_count=51 43 32 65 37 42 29 54 51 58 37 69 88 87 28 52 22 28
internal_value=-0.000129073 -0.0115522 0.00161255 0.0145294 -0.00764117 -0.041846 0.00552299 0.00215436 0.0178841 -0.0105245 -0.0177067 -0.028844 -0.0106668 0.0125 -0.000336529 -0.0740452 -0.0659318
internal_weight=69.1625 22.8937 15.9585 11.6574 7.35091 6.9352 46.2688 42.2171 18.8418 23.3754 19.7634 14.4396 10.2983 5.32381 11.7244 4.14128 4.31092
internal_count=873 276 176 111 74 100 597 543 161 382 345 266 156 79 110 110 71
is_linear=0
shrinkage=0.0895223


Tree=119
num_leaves=17
num_cat=0
split_feature=70 16 4 9 20 22 22 4 43 9 9 52 9 39 42 51
split_gain=0.518988 0.762681 0.563625 0.724861 1.33728 1.2779 1.1567 0.803863 1.87444 0.677088 1.17085 1.22851 0.938814 1.2451 0.734842 0.00710765
threshold=1.3820000000000003 2.5000000000000004 -0.20599999999999996 0.6625000000000002 1.1336000000000002 0.22255000000000003 0.20625000000000002 0.18400000000000002 0.58250000000000013 0.96150000000000013 0.88400000000000012 191.50000000000003 1.1325000000000001 1.0000000180025095e-35 10.265662342994583 -0.044999999999999991
decision_type=2 2 2 8 2 2 2 2 2 8 10 2 8 2 2 8
left_child=2 -2 -1 4 5 7 -6 8 -4 10 11 -5 -11 14 -14 -7
right_child=1 -3 3 9 6 15 -8 -9 -10 12 -12 -13 13 -15 -16 -17
leaf_value=0.043667364606232384 0.007707092747466073 -0.082712651983469762 -0.096431579459239261 0.036811366704853292 -0.038587548264460841 -0.093428546383613018 0.041905484805521469 0.020431768581690424 0.01639605188959985 -0.041786850488508546 0.067442451595576727 -0.036986913510031319 -0.0094361506449223229 -0.031405473713583473 0.023313512866940909 -0.10374778861650005
leaf_weight=2.4489060640335074 1.5256102973362424 1.4659159727743825 2.4422874528681842 4.1568078738637251 2.1532381133874869 1.1659071205649523 4.2640447138110176 2.5523944585584104 2.2831952725537121 3.9194535014685234 3.529167490079999 3.1990281590260565 7.9175276886671808 6.1974006621167055 17.91446066647768 1.0113681327784436
leaf_count=17 29 44 82 34 48 51 61 47 25 50 25 50 81 50 153 26
internal_value=-0.000139478 -0.0365994 0.00153448 -0.000110899 -0.0166443 -0.0380517 0.0148965 -0.02005 -0.0419163 0.00549236 0.0250539 0.00471625 -0.000430598 0.00463008 0.0132756 -0.0982236
internal_weight=68.1467 2.99153 65.1552 62.7063 15.8724 9.45515 6.41728 7.27788 4.72548 46.8338 10.885 7.35584 35.9488 32.0294 25.832 2.17728
internal_count=873 73 800 783 340 231 109 154 107 443 109 84 334 284 234 77
is_linear=0
shrinkage=0.0895223


Tree=120
num_leaves=18
num_cat=0
split_feature=69 22 33 33 53 8 20 58 48 13 41 32 24 1 33 22 50
split_gain=0.48262 1.05203 1.02596 2.1959 1.59093 0.660094 1.18822 1.21968 1.36326 1.35339 1.12927 0.989374 1.24985 0.933515 0.671315 0.484134 0.354392
threshold=0.31670000000000004 0.18950000000000003 13.550000000000002 21.150000000000002 2.3004135000000003 0.90450000000000019 1.0542500000000004 615.00000000000011 10.980417496907949 9.7632376694651519 9.5975655253911736 6.5500000000000016 3.3927000000000005 4.0795000000000003 15.250000000000002 0.22305000000000003 0.5655
decision_type=10 2 2 2 2 2 2 2 8 2 10 8 2 10 2 2 2
left_child=5 -2 -3 15 -5 11 -7 14 13 16 -11 -1 -13 -9 -8 -4 -10
right_child=1 2 3 4 -6 6 7 8 9 10 -12 12 -14 -15 -16 -17 -18
leaf_value=0.064920558477690418 -0.060672540277450192 -0.039995311613749064 0.061940603466756144 0.024309634921826282 -0.071583610421145666 -0.060646327822070897 -0.0042563655365529208 0.015559860450452314 -0.094464849118486335 0.041908153731108594 -0.007702845900492427 0.04560159968430616 -0.031126046064670013 0.079863927493943679 -0.064462146231520107 0.019242841627281397 -0.028117780217415789
leaf_weight=3.3692238312214613 2.9543195790029158 4.6444483178202089 3.5512879407033306 2.2662406500894567 3.5718718142015859 2.4606902049854389 3.1424882109276941 3.9387380081170731 1.2676845362875639 5.5467235101386931 10.908778159762731 3.2652900731191021 3.5525510697625577 3.3468062006868422 2.8130634120898321 5.3119328218745068 1.3144081681966779
leaf_count=31 45 53 26 27 65 44 42 64 57 42 139 29 63 25 47 60 14
internal_value=-0.000148937 -0.0109152 -0.00331645 0.0082709 -0.0343591 0.005195 -0.0006811 0.0038901 0.0121675 -0.000435411 0.00901952 0.0252337 0.00562084 0.0451001 -0.0326948 0.0363513 -0.0606924
internal_weight=67.2265 22.3001 19.3458 14.7013 5.83811 44.9264 34.7394 32.2787 26.3231 19.0376 16.4555 10.1871 6.81784 7.28554 5.95555 8.86322 2.58209
internal_count=873 276 231 178 92 597 474 430 341 252 181 123 92 89 89 86 71
is_linear=0
shrinkage=0.0895223


Tree=121
num_leaves=13
num_cat=0
split_feature=33 33 23 40 54 0 24 41 20 10 54 11
split_gain=0.481673 0.674573 1.08491 0.78812 1.05931 1.62455 1.06878 1.18246 0.99437 0.95199 0.713726 0.594903
threshold=7.3500000000000005 9.9500000000000011 -1.615 9.4138845332993544 48.920000000000009 0.35000000000000003 0.67895000000000005 9.1318479225199827 1.0995000000000001 0.5525000000000001 77.110000000000014 -10.779999999999999
decision_type=2 2 2 2 2 8 2 10 2 2 2 10
left_child=-1 2 -2 10 6 -6 -5 -8 -7 -9 -3 -10
right_child=1 3 -4 4 5 8 7 9 11 -11 -12 -13
leaf_value=0.032766119097755897 0.013786003493293918 0.043315598854634041 -0.064698028112562714 -0.048620284274606559 0.018968655234091452 -0.0059284489881760811 0.048808554068066508 0.015216502427009041 -0.023539802435899648 -0.017032946662555542 -0.0084946609970002543 -0.099352237744898875
leaf_weight=3.3832565341144791 2.4683854640461504 5.9900399758480471 3.296653756289742 2.926170859951525 3.6087581836618456 2.1491138573619546 4.8306706734001628 16.712085633887913 1.109529568813741 13.07528519030893 3.3073464897461236 3.2885461467085406
leaf_count=22 23 59 52 29 42 64 38 196 44 180 49 75
internal_value=-0.000137102 -0.00191083 -0.0310933 0.00104078 -0.00360666 -0.0292571 0.00333186 0.00772334 -0.0558393 0.00106036 0.0248848 -0.0802274
internal_weight=66.1458 62.7626 5.76504 56.9975 47.7002 10.1559 37.5442 34.618 6.54719 29.7874 9.29739 4.39808
internal_count=873 851 75 776 668 225 443 414 183 376 108 119
is_linear=0
shrinkage=0.0895223


Tree=122
num_leaves=10
num_cat=0
split_feature=34 29 37 29 39 0 56 6 11
split_gain=0.486444 0.581818 2.18614 0.966829 0.938948 0.869548 0.825338 1.24847 0.865389
threshold=2.5000000000000004 0.19715000000000002 0.28610000000000008 0.19485000000000002 1.0000000180025095e-35 0.15000000000000005 55.260000000000012 1.1315000000000002 18.905000000000005
decision_type=2 2 2 2 2 8 10 2 8
left_child=1 3 -3 4 5 -1 8 -8 -7
right_child=-2 2 -4 -5 -6 6 7 -9 -10
leaf_value=0.051153952617687806 0.0366904398181798 -0.07184418095678928 0.028429338708820646 0.03550622062486658 -0.0430926691260606 -0.021571290912088651 -0.0087955326513656767 -0.08744564702093223 0.012924239309159726
leaf_weight=2.6101533062756053 2.7530869864858678 3.8145766891539088 3.2077264109393582 5.9199694492854169 4.233052880386821 7.5954961831448662 8.2601525892969203 2.0113882969599208 25.051299825892777
leaf_count=14 26 48 30 48 63 157 135 59 293
internal_value=-0.000139931 -0.00175707 -0.0260396 0.00130527 -0.00276343 0.000986134 -0.00206483 -0.0241973 0.00489851
internal_weight=65.4569 62.7038 7.0223 55.6815 49.7615 45.5285 42.9183 10.2715 32.6468
internal_count=873 847 78 769 721 658 644 194 450
is_linear=0
shrinkage=0.0895223


Tree=123
num_leaves=16
num_cat=0
split_feature=23 23 33 9 10 51 10 12 23 13 40 40 29 33 51
split_gain=0.461407 0.78988 1.32659 0.908047 1.03501 1.42656 1.13805 1.08331 0.632751 1.0175 2.26528 1.71175 1.15209 0.915105 0.686032
threshold=3.6600000000000006 -0.13499999999999998 11.750000000000002 2.3445000000000005 0.5635 3.7000000000000006 0.50550000000000017 35.044000000000004 -0.22499999999999998 9.7632376694651519 9.946437839743707 9.2694824845001822 0.095950000000000021 15.15 -1.3299999999999998
decision_type=2 2 2 10 2 10 2 8 2 2 2 2 2 2 10
left_child=1 8 -3 4 6 -6 7 -4 9 11 -11 -1 -12 -14 -13
right_child=-2 2 3 -5 5 -7 -8 -9 -10 10 12 14 13 -15 -16
leaf_value=0.020107775286840598 0.030217559004774942 -0.056223371944001233 0.0091746936295576762 0.041944924516399189 -0.0078568235242864239 -0.10593880763938618 0.034791104943560004 -0.078436244471844802 0.044540221341834947 0.070320584346607193 0.052925001183627321 -0.097879317741488059 0.011690335081559887 -0.025505191616072884 -0.022154412034312499
leaf_weight=3.3040118622593573 3.7792337171267709 4.9648269636090872 2.7275193461682665 2.9024114683270446 3.0687274130759752 1.9396570929675361 4.8509137160144746 1.9324138727970419 3.0965804372681296 4.2446935940533903 2.8419896608684239 2.3583917167852637 10.1340879307827 11.114720801415386 1.6158819438423959
leaf_count=41 51 58 39 22 61 36 56 48 35 33 30 69 110 151 33
internal_value=-0.00013796 -0.0020157 -0.0154009 -0.00376709 -0.0129052 -0.0458429 0.0044393 -0.0271557 0.00572496 0.00234991 0.010019 -0.0275065 -0.000605737 -0.00776555 -0.0670916
internal_weight=64.8761 61.0968 22.3865 17.4216 14.5192 5.00838 9.51085 4.65993 38.7104 35.6138 28.3355 7.27829 24.0908 21.2488 3.97427
internal_count=873 822 320 262 240 97 143 87 502 467 324 143 291 261 102
is_linear=0
shrinkage=0.0895223


Tree=124
num_leaves=11
num_cat=0
split_feature=25 25 40 49 41 2 49 40 42 54
split_gain=0.441132 0.683411 0.750959 1.41676 1.03201 1.18735 0.822351 0.849735 0.593193 0.222408
threshold=193.50000000000003 182.50000000000003 13.120599954713285 10.851055122434779 10.330326178502206 840.50000000000011 10.259918526421348 11.255753144344501 14.435678552514407 25.955000000000002
decision_type=2 2 2 10 10 10 10 2 2 2
left_child=1 2 3 4 6 9 7 -1 -4 -6
right_child=-2 -3 8 -5 5 -7 -8 -9 -10 -11
leaf_value=0.0035020847163000188 -0.034155338158707881 0.043136993428065734 -0.0033045860665258768 0.059063434717596959 -0.040959430252776624 0.025162806593064135 0.046047542391005732 -0.034197525956200493 -0.077526881312662013 -0.095528158580788267
leaf_weight=38.526202308596112 2.9164553175214669 3.0014773271977893 1.6923283507348963 3.265689603984355 0.87665176531299893 1.3124530357308684 3.1665826323442152 5.47206180775538 1.761090491665527 1.8890202806505838
leaf_count=472 42 31 34 29 19 19 29 81 36 81
internal_value=-0.000142637 0.00148445 -0.000672402 0.00189237 -0.00175105 -0.0449561 0.00198462 -0.00118653 -0.0411557 -0.0782325
internal_weight=63.88 60.9636 57.9621 54.5087 51.243 4.07813 47.1648 43.9983 3.45342 2.76567
internal_count=873 831 800 730 701 119 582 553 70 100
is_linear=0
shrinkage=0.0895223


Tree=125
num_leaves=16
num_cat=0
split_feature=69 5 49 69 19 11 73 9 52 40 51 29 10 43 25
split_gain=0.45361 0.971065 0.835322 0.995832 0.759261 0.615027 1.01824 1.12241 0.991258 0.959929 0.942114 1.17515 0.681851 1.14145 0.439433
threshold=0.31670000000000004 0.12729600000000005 10.336314712281789 0.6323000000000002 1.0000000180025095e-35 109.50000000000001 -0.89999999999999991 1.8595000000000004 246.00000000000003 10.359742946395148 18.440000000000001 0.099350000000000008 0.5505000000000001 0.57550000000000001 133.50000000000003
decision_type=10 2 10 8 2 10 2 10 2 2 10 2 2 2 2
left_child=5 4 3 -3 -2 6 -1 8 12 -7 11 -11 13 -8 -5
right_child=1 2 -4 14 -6 9 7 -9 -10 10 -12 -13 -14 -15 -16
leaf_value=-0.062824544406391444 -0.068943298744139181 -0.051763166094800112 0.042987650873701697 0.027837593193244095 -0.0066927944671109994 0.041424407860372735 -0.024377510556482049 -0.05471636266875015 -0.045927024330195194 -0.055489952729917129 0.032395469879303904 0.0093484357894412125 0.045662289038119433 0.044998602620492344 -0.013040000906375644
leaf_weight=2.2623979161726337 3.4047160765621838 3.2056208630092415 3.1025426434352985 4.1051791030913591 2.9145831333007663 7.5223899912089136 4.7595275003695878 2.4871261711232355 2.1592324626108157 3.5423614582978171 5.338471144437789 6.0941888699308038 4.955727957712952 3.1641863477416337 4.3310884372331202
leaf_count=65 61 59 45 28 39 66 120 34 66 59 44 53 60 30 44
internal_value=-0.00013867 -0.010872 0.00171151 -0.0092882 -0.0402327 0.00520781 -0.00630391 0.000992114 0.0102055 0.0153334 0.0022269 -0.0144856 0.0196164 0.00332608 0.00685105
internal_weight=63.3493 21.0637 14.7444 11.6419 6.3193 42.2856 19.7882 17.5258 15.0387 22.4974 14.975 9.63655 12.8794 7.92371 8.43627
internal_count=873 276 176 131 100 597 375 310 276 222 156 112 210 150 72
is_linear=0
shrinkage=0.0895223


Tree=126
num_leaves=14
num_cat=0
split_feature=34 31 73 69 31 48 69 42 9 16 43 51 42
split_gain=0.443345 0.491226 1.19543 1.86367 1.15832 0.801751 0.9095 1.7419 0.886673 0.783644 1.39674 1.11194 0.686815
threshold=2.5000000000000004 0.15550000000000003 -1.0000000180025095e-35 0.8953000000000001 0.13050000000000003 9.3889577645948563 0.88515000000000021 10.833440455650589 0.30950000000000005 3.5000000000000004 0.57950000000000002 -10.594999999999997 11.730292011048872
decision_type=2 2 2 8 2 10 8 2 10 2 2 10 2
left_child=1 4 3 -3 5 8 7 -7 -1 10 -8 -11 -9
right_child=-2 2 -4 -5 -6 6 9 12 -10 11 -12 -13 -14
leaf_value=0.0037925816429488098 0.035738438606370271 -0.10101167417382748 0.019570599427022762 -0.0061412920438986308 0.04056930790709784 -0.081806986164302792 -0.024149346302881534 0.04444485219068367 -0.096428585097049394 -0.019575008914878334 0.025912445171361775 0.042857569748086077 -0.016874693771756166
leaf_weight=1.3486302167875686 2.6444158232770851 2.6091322910506278 4.1787137575156503 4.5595481491181999 5.5812660455703726 2.8701566443778557 10.724033866019459 2.0549761191941798 1.4879458156647158 3.1105203200131646 7.6544663223903617 8.6266644519637321 5.0891967962379567
leaf_count=30 26 46 54 59 63 52 177 22 49 42 75 85 93
internal_value=-0.000133493 -0.00171732 -0.0184866 -0.0406711 0.00220218 -0.00278154 0.000469607 -0.0229016 -0.0487779 0.00824133 -0.0032989 0.0263117 0.000762981
internal_weight=62.5397 59.8953 11.3474 7.16868 48.5479 42.9666 40.13 10.0143 2.83658 30.1157 18.3785 11.7372 7.14417
internal_count=873 847 159 105 688 625 546 167 79 379 252 127 115
is_linear=0
shrinkage=0.0895223


Tree=127
num_leaves=21
num_cat=0
split_feature=22 0 53 23 23 29 9 30 73 6 31 17 63 43 10 6 22 31 56 11
split_gain=0.418739 0.80331 0.826933 0.511942 1.19134 1.88849 1.49849 1.26697 1.10921 0.671074 1.12784 1.11994 1.32065 1.10706 1.04575 0.980057 0.693298 0.500547 0.292626 0.00114092
threshold=0.076200000000000004 12.550000000000002 1.9483290000000002 -0.13499999999999998 0.065000000000000016 0.098650000000000002 1.76 0.41875000000000001 -0.16049999999999998 1.1545000000000003 0.11650000000000002 13.500000000000002 0.55000000000000016 0.54250000000000009 0.50250000000000006 1.1765000000000001 0.22575000000000003 0.10650000000000001 45.210000000000008 66.740000000000023
decision_type=2 8 2 2 2 2 8 2 2 2 2 2 2 2 2 2 2 2 10 8
left_child=-1 3 -3 9 5 -5 7 8 -6 10 11 16 -13 15 -12 -11 -2 -15 -16 -4
right_child=1 2 19 4 6 -7 -8 -9 -10 13 14 12 -14 17 18 -17 -18 -19 -20 -21
leaf_value=0.035516942431823767 -0.084414491948049272 0.0030136188170714917 -0.092269301425347006 0.019395395085150688 -0.097958344091429103 -0.076996202904631286 0.039319299171420886 0.036672678730004536 -0.016362512816580788 0.033828049334159324 -0.020065101259254595 0.04494799535431479 -0.039638265797390965 0.070976597772881789 0.059429947423384692 -0.040333740632971009 -0.019831506923113997 0.023158797809744412 0.02217917885242425 -0.097445192174082776
leaf_weight=2.5308689756784579 2.6146889378433134 1.3111394307343283 0.74919569125631802 2.6124156733858426 1.8300103454384959 4.326596625847742 5.9021529650781313 2.4529231465421617 4.9384725316194773 2.6979140290059132 3.5604524333029968 3.1339867466595024 2.8016973736230284 3.5881606508046389 3.2161221336573362 3.0341058364138007 2.7161077880300581 3.4334431104362011 3.562721204245463 0.71875234937760979
leaf_count=36 46 42 51 44 47 47 45 26 86 36 50 36 39 26 34 38 40 47 38 19
internal_value=-0.000142708 -0.00166723 -0.0486546 0.000647086 -0.00999457 -0.0407059 0.00409623 -0.0184479 -0.0384243 0.00748032 -0.00213178 -0.0217258 0.0050219 0.0237644 0.019219 -0.00542707 -0.0515093 0.047595 0.0398528 -0.094806
internal_weight=61.7319 59.2011 2.77909 56.422 22.0626 6.93901 15.1236 9.22141 6.76848 34.3594 21.6058 11.2665 5.93568 12.7536 10.3393 5.73202 5.3308 7.0216 6.77884 1.46795
internal_count=873 837 112 725 295 91 204 159 133 430 283 161 75 147 122 74 86 73 72 70
is_linear=0
shrinkage=0.0895223


Tree=128
num_leaves=19
num_cat=0
split_feature=33 33 19 40 22 47 40 13 33 22 47 42 13 6 44 10 13 20
split_gain=0.455523 0.592354 0.976738 0.674899 1.14384 2.32722 1.25642 1.1888 1.11421 0.976638 1.22303 1.52273 0.859563 1.12908 1.10664 0.738188 0.429516 0.105134
threshold=7.3500000000000005 9.9500000000000011 1.0000000180025095e-35 9.9542752213620016 0.20900000000000005 12.017926515796972 11.927873167179204 11.177431748829756 19.550000000000004 0.19345000000000004 13.070847627889 11.129351021175797 9.9124720678451812 1.0215000000000003 0.15000000000000005 0.54050000000000009 9.3840651274719757 1.1220500000000002
decision_type=2 2 2 2 2 2 2 2 2 2 2 2 2 2 2 2 2 2
left_child=-1 2 -2 12 9 17 7 -7 -8 10 11 -5 13 14 -3 -12 -15 -6
right_child=1 3 -4 4 5 6 8 -9 -10 -11 15 -13 -14 16 -16 -17 -18 -19
leaf_value=0.033267820190398943 -0.070306291124561604 0.014524365253124293 0.0070492560506515761 0.0086410205534103897 -0.10448691928927087 -0.031528674267699397 -0.09849483974392069 0.040402931200575386 -0.0047551413781132465 0.047369281093909879 0.057086112927521172 -0.063379679771827471 0.051721202096452354 0.0085896661280391567 -0.066431930749268869 -0.00069074812867375062 0.054984212721652929 -0.073082313636368412
leaf_weight=3.101849101483821 2.5523659740574649 2.6982123646885139 2.683366930228658 5.4431650883052551 1.7723526451154605 2.8571555640082789 1.8128871949156735 5.1788504832657054 2.3126113891776185 4.0527788344770661 3.348278409917838 4.143748695787508 4.0795938654337069 3.5766684196423739 2.7145764806773514 3.7648275640676729 2.8928739880211651 1.6517858400475232
leaf_count=22 41 35 34 62 38 50 40 52 48 40 42 69 38 64 53 72 39 34
internal_value=-0.000149603 -0.00195124 -0.0306601 0.000922698 -0.00581719 -0.0241449 -0.00578892 0.0148276 -0.0459485 0.00794697 -0.00161986 -0.0224881 0.0162668 0.00409378 -0.0260755 0.0265054 0.0293357 -0.0893386
internal_weight=60.6379 57.5361 5.23573 52.3004 36.3384 15.5856 12.1615 8.03601 4.1255 20.7528 16.7 9.58691 15.9619 11.8823 5.41279 7.11311 6.46954 3.42414
internal_count=873 851 75 776 547 262 190 102 88 285 245 131 229 191 88 114 103 72
is_linear=0
shrinkage=0.0895223


Tree=129
num_leaves=13
num_cat=0
split_feature=50 16 69 11 29 16 53 25 28 9 42 29
split_gain=0.426743 1.12036 0.808052 1.34272 1.15485 0.946039 1.10516 1.31153 1.12051 1.01397 0.913938 0.713891
threshold=0.51250000000000007 3.5000000000000004 0.31670000000000004 -8.8299999999999983 0.098750000000000018 1.0000000180025095e-35 1.5067685000000002 124.50000000000001 1.6570000000000003 1.6920000000000004 10.981288811129321 0.098150000000000015
decision_type=2 2 8 8 2 2 2 2 2 8 2 2
left_child=1 11 -2 4 -4 10 8 -8 -7 -9 -5 -1
right_child=2 -3 3 5 -6 6 7 9 -10 -11 -12 -13
leaf_value=0.029141673993172239 0.037968400011655287 0.049740402713907103 -0.017440172960294612 0.05583434530910792 -0.10531559386512994 -0.076536409279974474 -0.058192165123893615 -0.0054096068712677654 0.0037163409096141386 0.034912926475859155 -0.00353045322701375 -0.038905266357334996
leaf_weight=2.0702923133503628 3.5040882790344758 4.493813663139008 3.2688816210720688 4.1016795150935632 1.8925049589597618 3.401820278260856 2.8286523404531208 17.348662653646901 2.3625756064429879 7.0204241755418471 4.213052365812473 3.0645461147651076
leaf_count=32 58 47 69 40 44 69 41 273 25 66 58 51
internal_value=-0.000158471 0.0170978 -0.00348548 -0.00661354 -0.0496618 -0.00123056 -0.00803753 -0.000490897 -0.0436437 0.00620665 0.0257539 -0.011469
internal_weight=59.571 9.62865 49.9423 46.4383 5.16139 41.2769 32.9621 27.1977 5.7644 24.3691 8.31473 5.13484
internal_count=873 130 743 685 113 572 474 380 94 339 98 83
is_linear=0
shrinkage=0.0895223


Tree=130
num_leaves=13
num_cat=0
split_feature=70 29 4 48 53 9 29 13 63 8 48 48
split_gain=0.392994 0.741026 0.492277 0.619101 1.21506 0.597129 0.970683 1.30516 0.821718 0.821611 0.67239 1.01786
threshold=1.3820000000000003 0.19205000000000003 -0.20599999999999996 8.9108571489967883 0.20805500000000002 0.6625000000000002 0.096950000000000022 9.504897370467468 0.65000000000000013 0.9085000000000002 10.633620804612052 10.960711810874871
decision_type=2 2 2 10 2 8 2 2 2 2 8 8
left_child=2 -2 -1 4 -4 8 -7 -8 10 -9 -5 -12
right_child=1 -3 3 5 -6 6 7 9 -10 -11 11 -13
leaf_value=0.042779929710368231 -0.082884768783855436 0.013283303932828939 0.02604923063030681 -0.052154885413158901 -0.10080229615049807 0.042628203576449919 -0.051101132222249088 0.028535971353425196 -0.075058566240511479 -0.0029767433128193338 0.057125606586783777 -0.012237713990029342
leaf_weight=2.2140109669417134 1.2736889579391566 1.2949668667279182 1.0916953505948179 2.1068197435233698 1.357749388203956 5.403777085710316 3.3690980775281778 10.030560884624721 1.5849745807354345 19.561661824584007 2.2014704546891144 7.3763943795929672
leaf_count=17 52 21 10 60 63 53 55 80 49 206 22 185
internal_value=-0.000157059 -0.034401 0.00140529 -0.000288373 -0.0442642 0.00179768 0.00745956 0.0016938 -0.0145716 0.00770466 -0.00636652 0.00370506
internal_weight=58.8669 2.56866 56.2982 54.0842 2.44944 51.6348 38.3651 32.9613 13.2697 29.5922 11.6847 9.57786
internal_count=873 73 800 783 73 710 394 341 316 286 267 207
is_linear=0
shrinkage=0.0895223


Tree=131
num_leaves=10
num_cat=0
split_feature=50 48 71 8 31 20 31 41 48
split_gain=0.373906 0.680211 1.20856 0.654563 0.676559 0.664147 0.823964 1.14425 0.000659684
threshold=0.67250000000000021 9.3889577645948563 3.5000000000000004 0.76350000000000018 0.25050000000000006 1.0558000000000003 0.18050000000000002 9.3681813086595547 8.9751594494591096
decision_type=2 10 2 2 2 2 2 8 8
left_child=1 2 8 -3 5 -5 7 -7 -1
right_child=-2 3 -4 4 -6 6 -8 -9 -10
leaf_value=-0.091894873834071661 -0.035889116033118305 -0.036777908521100681 0.0098702246415174871 -0.03446628868632054 0.043166186958251473 -0.047449503526507252 -0.030516039900444075 0.014857404104179524 -0.095746398013657821
leaf_weight=0.75924424862023365 2.2562215813086359 2.9907821725355452 2.0285602279473096 3.4382421995978794 3.7008874607272437 2.5315419681137419 4.3351375493220976 35.300331162899965 0.85464020911604177
leaf_count=57 36 59 20 53 39 53 60 470 26
internal_value=-0.000158895 0.00128216 -0.0361233 0.00388749 0.00635422 0.00336684 0.00645178 0.010688 -0.0939367
internal_weight=58.1956 55.9394 3.64244 52.2969 49.3061 45.6053 42.167 37.8319 1.61388
internal_count=873 837 103 734 675 636 583 523 83
is_linear=0
shrinkage=0.0895223


Tree=132
num_leaves=12
num_cat=0
split_feature=40 53 13 41 38 13 51 40 51 23 9
split_gain=0.403573 1.22743 0.936723 0.679925 1.16251 0.604745 0.732127 0.668989 0.822503 0.631844 0.557172
threshold=12.982390383053977 4.3298865000000015 12.530883253831119 10.284308258819376 1.0000000180025095e-35 11.730147168536748 44.500000000000007 11.255753144344501 -29.254999999999999 -1.9149999999999998 0.56400000000000006
decision_type=2 2 2 10 2 2 10 2 8 2 10
left_child=2 -2 3 5 -5 6 7 8 -1 -9 -6
right_child=1 -3 -4 4 10 -7 -8 9 -10 -11 -12
leaf_value=-0.029832250097329507 -0.067906705332046693 0.030649468054689898 0.044899300519400415 0.031767827748983082 -0.01382372476901793 0.040068572725448483 -0.042739705643171817 0.0066809213064984527 0.011567152586868119 -0.063372489233061477 -0.096653322737539529
leaf_weight=4.3943960004253313 2.4387593385763457 1.731861514621414 3.7794097461737683 1.3881414156639937 0.99548170756315846 3.0959961065091184 3.1084820479154578 1.8904852601699529 30.818239999818616 2.27159853093326 1.8805995385628191
leaf_count=76 62 19 49 28 46 31 28 29 413 43 49
internal_value=-0.000155828 -0.0269801 0.00193042 -0.00132765 -0.0355116 0.00187039 -0.000913248 0.0023887 0.00640057 -0.0315522 -0.0679852
internal_weight=57.7935 4.17062 53.6228 49.8434 4.26422 45.5792 42.4832 39.3747 35.2126 4.16208 2.87608
internal_count=873 81 792 743 123 620 589 561 489 72 95
is_linear=0
shrinkage=0.0895223


Tree=133
num_leaves=14
num_cat=0
split_feature=31 11 40 40 40 35 73 9 20 13 42 6 56
split_gain=0.365339 0.608733 0.48028 1.15504 1.14461 0.920047 0.916864 1.03003 0.988254 0.939127 0.835175 0.912773 0.569267
threshold=0.07400000000000001 109.50000000000001 9.9542752213620016 10.172800541501593 10.306932268243767 2.5000000000000004 -0.63349999999999984 0.6625000000000002 1.1336000000000002 9.504897370467468 11.035460814469136 1.0785000000000002 37.085000000000008
decision_type=2 10 2 2 2 8 2 10 2 2 2 2 10
left_child=1 -1 6 -4 -5 12 -2 8 -8 -9 -7 -12 -6
right_child=2 -3 3 4 5 10 7 9 -10 -11 11 -13 -14
leaf_value=-0.010702890847238317 -0.037764716274452215 0.060106238863472779 -0.06096703071187827 0.057961035180630165 -0.01111702268689351 -0.036922351635020681 -0.046798630517405904 0.0022997232026539644 0.036900039697625592 0.060168586482757268 0.056591974789861096 -0.0019952996377966769 -0.098104399175538842
leaf_weight=1.8621741508250118 2.6583912732312465 2.0375436833128333 3.0098334464710197 2.2939271434443063 1.0688092163763943 4.8586869522696423 2.9147289308020854 3.7669309768825752 1.846914474153891 5.5723356772214174 2.3642136561684337 21.620039455243386 1.3835240766056811
leaf_count=52 54 20 49 24 29 69 69 48 26 47 20 319 47
internal_value=-0.000158253 0.0262929 -0.00209151 -0.00783896 -0.00307819 -0.00755245 0.0104596 0.0195514 -0.0143334 0.036828 -0.00307656 0.00377971 -0.0601938
internal_weight=57.2581 3.89972 53.3583 36.599 33.5892 31.2953 16.7593 14.1009 4.76164 9.33927 28.8429 23.9843 2.45233
internal_count=873 72 801 557 508 484 244 190 95 95 408 339 76
is_linear=0
shrinkage=0.0895223


Tree=134
num_leaves=9
num_cat=0
split_feature=33 41 49 41 6 11 9 10
split_gain=0.356488 0.478568 0.664504 0.699854 0.697785 1.06999 1.00491 0.616114
threshold=7.3500000000000005 9.3266291909116212 9.1416826933054338 9.5039536722105051 1.1895000000000002 -6.8099999999999996 1.76 0.52850000000000008
decision_type=2 8 8 8 2 8 10 2
left_child=-1 -2 -3 -4 5 -5 -7 -6
right_child=1 2 3 4 7 6 -8 -9
leaf_value=0.030373072020915277 -0.03641553570299156 0.03849316952691248 0.040947926817458465 -0.061749313825026936 0.047939907429773249 -0.015501983210883712 0.017977333864466486 -0.0054500204935316139
leaf_weight=2.9102128222584716 3.0202470717485985 3.3998261991073369 2.7971437922678879 2.9547287956811488 3.4173661650856948 24.342519783996977 10.19403287116438 3.5126388949283864
leaf_count=22 69 56 34 68 46 405 104 69
internal_value=-0.000142201 -0.00179791 0.000267558 -0.00248469 -0.00521966 -0.0100436 -0.00561991 0.0208774
internal_weight=56.5487 53.6385 50.6183 47.2184 44.4213 37.4913 34.5366 6.93001
internal_count=873 851 782 726 692 577 509 115
is_linear=0
shrinkage=0.0895223


Tree=135
num_leaves=11
num_cat=0
split_feature=37 0 0 43 23 23 51 41 41 11
split_gain=0.358466 0.593793 0.665728 0.571066 0.816504 0.852557 1.06854 1.02488 0.589975 1.09961
threshold=0.34880000000000005 12.550000000000002 32.95000000000001 0.65450000000000019 3.6600000000000006 -0.13499999999999998 15.560000000000002 9.8551905382755347 10.659032954714979 604.50000000000011
decision_type=2 8 8 2 2 2 10 10 10 10
left_child=1 3 -3 4 5 8 7 -7 9 -1
right_child=-2 2 -4 -5 -6 6 -8 -9 -10 -11
leaf_value=0.0015844740615369134 0.03419820307398589 -0.094459705355982776 -0.00062123415848000518 0.028726037330680722 0.045911252536729633 0.011115880067275725 -0.056962696022594364 -0.051348176137195375 -0.034028062216998882 0.062036454015535175
leaf_weight=22.621628405759115 2.3366119144484392 1.1460016226046712 1.2857571527129037 5.1428683027625075 2.6109146252274504 7.5142484073294344 4.9275337525177738 2.9243676639744081 2.9886347872670731 2.6992258541285983
leaf_count=318 44 67 40 56 36 101 56 77 54 24
internal_value=-0.000129057 -0.00161831 -0.0448455 0.000425544 -0.00271883 -0.005626 -0.0226029 -0.00638302 0.00358877 0.00802885
internal_weight=56.1978 53.8612 2.43176 51.4294 46.2866 43.6756 15.3661 10.4386 28.3095 25.3209
internal_count=873 829 107 722 666 630 234 178 396 342
is_linear=0
shrinkage=0.0895223


Tree=136
num_leaves=16
num_cat=0
split_feature=50 16 31 16 0 51 31 0 25 50 23 0 48 57 31
split_gain=0.376956 0.90808 0.653036 0.639304 1.81419 0.990767 0.717337 1.07975 1.48038 1.10716 0.994647 0.799108 0.872487 0.624084 0.460886
threshold=0.51250000000000007 3.5000000000000004 0.11650000000000002 1.0000000180025095e-35 0.65000000000000002 -28.599999999999998 0.13050000000000003 0.65000000000000002 140.50000000000003 0.56250000000000011 -0.11499999999999998 0.75000000000000011 12.620437258865012 0.89050000000000018 0.17650000000000002
decision_type=2 2 2 2 8 10 2 8 2 2 2 8 10 8 2
left_child=1 2 -1 4 -2 13 7 8 -7 -10 14 -9 -13 -5 -8
right_child=3 -3 -4 5 -6 6 10 11 9 -11 -12 12 -14 -15 -16
leaf_value=0.024629764392933455 0.045011980773434976 0.047206120103073394 -0.041555671285512977 -0.010060235351189445 -0.040875178929515719 -0.088928059833640258 0.068636130986538785 0.064247619283867741 -0.042928284248933309 0.034584609147658006 -0.019892731053026313 0.0078436461952260828 -0.056989318936228064 -0.069163687182647454 0.018709752584408369
leaf_weight=2.2889785507577454 6.2460557078011307 4.1754513091873378 2.4991593244485557 2.6023425412131429 2.8797120867529893 2.8174722138792365 2.6025829410064034 1.602365161990744 3.5184543792856857 2.5450171222910285 3.4758662221138348 9.843739061499944 2.0018134839483546 3.1835614624433219 3.4416468249983154
leaf_count=48 62 47 35 37 69 33 33 14 53 29 62 188 58 52 53
internal_value=-0.00012408 0.016693 -0.00991484 -0.00334785 0.0179092 -0.00850238 -0.00231128 -0.0110841 -0.0353088 -0.0103933 0.0182644 0.00491355 -0.00311236 -0.0425812 0.0402081
internal_weight=55.7242 8.96359 4.78814 46.7606 9.12577 37.6349 31.849 22.3289 8.88094 6.06347 9.5201 13.4479 11.8456 5.7859 6.04423
internal_count=873 130 83 743 131 612 523 375 115 82 148 260 246 89 86
is_linear=0
shrinkage=0.0895223


Tree=137
num_leaves=19
num_cat=0
split_feature=4 51 22 4 16 0 57 42 37 24 22 58 20 44 23 23 41 47
split_gain=0.327935 0.774511 1.19838 0.638072 0.788838 1.06468 1.3236 0.936828 1.009 2.177 1.14647 1.18404 0.739389 0.679533 0.679476 0.899292 0.535459 0.000889748
threshold=0.35900000000000004 11.830000000000002 0.23255000000000003 0.17100000000000001 1.5000000000000002 0.55000000000000016 0.88950000000000007 9.5130655562801749 0.23295000000000002 11.494250000000003 0.14645000000000005 3899.0000000000005 1.1294500000000001 0.8500000000000002 -2.0949999999999993 0.065000000000000016 9.5975655253911736 11.40936227605966
decision_type=2 8 2 2 2 8 10 2 2 2 2 2 2 2 2 2 10 2
left_child=3 2 17 4 5 12 13 -6 9 -9 -10 -12 -1 -7 -5 16 -16 -2
right_child=1 -3 -4 14 7 6 -8 8 10 -11 11 -13 -14 -15 15 -17 -18 -19
leaf_value=0.0084902368283404431 -0.098577860941390025 0.011803822112269076 0.020399183756957442 0.056142208995662683 -0.07765162443533663 -0.099153593970397025 0.048925891060054516 -0.083574791795801698 0.048147109968805515 0.017806901207451584 0.0072488762917655783 -0.053626831582229563 0.063283644669701128 -0.017564259337193917 0.01176335270417625 0.041809249694499402 -0.056956893763425269 -0.094423973631538483
leaf_weight=3.9682305362075541 0.77431841101497356 3.0851532191736624 1.1374301809410097 3.2484667431563139 1.629278752021494 1.2974689964321453 1.6790570761077104 3.6682551887352046 3.7022993601858643 3.1594452260178514 10.198630599072201 3.4189916591858482 3.9270878541283309 2.2146597229875624 1.7525735744275137 3.0892578091006726 1.8870393199613316 1.0942088519805109
leaf_count=38 26 33 25 42 30 34 21 69 53 49 141 66 32 59 27 40 43 45
internal_value=-0.000118823 -0.0197053 -0.0520458 0.00232381 -0.00286067 0.0150394 -0.0164506 -0.0119484 -0.00751513 -0.036661 0.00397426 -0.00803499 0.0357446 -0.0477064 0.0225186 0.00628572 -0.0238652 -0.0961473
internal_weight=54.9319 6.09111 3.00596 48.8407 38.8634 13.0865 5.19119 25.7769 24.1476 6.8277 17.3199 13.6176 7.89532 3.51213 9.97734 6.72887 3.63961 1.86853
internal_count=873 129 96 744 592 184 114 408 378 118 260 207 70 93 152 110 70 71
is_linear=0
shrinkage=0.0895223


Tree=138
num_leaves=16
num_cat=0
split_feature=25 23 10 20 31 38 54 23 24 42 42 20 33 11 9
split_gain=0.363901 0.532092 0.714785 0.813544 0.782332 0.727612 0.712979 1.06178 0.705945 1.77387 1.49054 1.16986 0.722711 0.656081 0.000273234
threshold=193.50000000000003 -2.5049999999999994 0.43050000000000005 1.0731500000000003 0.14750000000000002 0.42350000000000004 39.745000000000012 -2.7649999999999992 11.494250000000003 12.41432491287997 12.985721380250007 1.1302000000000003 10.950000000000001 41.195 0.94700000000000006
decision_type=2 2 2 2 2 2 2 2 2 2 2 2 2 10 8
left_child=1 6 5 4 -4 -3 -1 -8 9 12 -11 -10 -5 14 -7
right_child=-2 2 3 8 -6 13 7 -9 11 10 -12 -13 -14 -15 -16
leaf_value=0.04336454244556235 -0.033507957710272783 0.027293889631274163 -0.060112886607383384 -0.024104955920832137 0.0083397360823149573 -0.092076175241957145 -0.041397842533534027 0.04093112262294428 0.056587545688313819 -0.096397148818454584 0.0029697199550015388 -0.023303220398439208 0.021270919829146109 -0.022480994015576003 -0.094692935245204363
leaf_weight=5.1205074985045922 2.4972671031719065 1.264800487551837 3.0617565122083752 3.4718954208074235 2.3765928337816149 0.75947023829212379 2.7643678516615182 2.2999317059293389 4.8557270324672563 2.4976768689230076 2.3462213955936022 2.1059868530719541 14.822579372616017 2.7160308985039592 0.93108467326965194
leaf_count=56 42 15 65 48 29 62 50 28 56 41 48 58 208 38 29
internal_value=-0.000135499 0.001486 -0.00304229 0.00166754 -0.030198 -0.032556 0.0198088 -0.00400776 0.00742498 -9.49805e-05 -0.0482664 0.0324193 0.0126594 -0.0497352 -0.0935195
internal_weight=53.8919 51.3946 41.2098 35.5384 5.43835 5.67139 10.1848 5.0643 30.1001 23.1384 4.8439 6.96171 18.2945 4.40659 1.69055
internal_count=873 831 697 553 94 144 134 78 459 345 89 114 256 129 91
is_linear=0
shrinkage=0.0895223


Tree=139
num_leaves=12
num_cat=0
split_feature=40 49 33 33 41 54 31 51 9 29 9
split_gain=0.329203 1.21695 0.70617 0.570224 0.757062 1.30171 0.621533 0.592734 0.693627 0.317766 0.00287754
threshold=12.982390383053977 10.851055122434779 18.950000000000003 7.3500000000000005 10.284308258819376 25.310000000000006 0.076500000000000012 44.500000000000007 0.6625000000000002 0.096850000000000006 1.0610000000000002
decision_type=2 10 2 2 10 2 2 10 10 2 8
left_child=1 3 -2 -1 6 -6 -5 8 -8 -7 -11
right_child=2 -3 -4 4 5 9 7 -9 -10 10 -12
leaf_value=0.040771685520054349 0.010533936775673425 0.065720255129543964 -0.066896832103501835 0.043311534704140522 0.025745956895685502 -0.027672566679835767 -0.01631881746230586 -0.039896703559312595 0.010147361887428472 -0.092402458481043753 -0.099397572239067589
leaf_weight=2.4495380111038676 2.0250657709257207 2.2776818722486487 1.7679957716027273 2.515784735674969 1.571747957728802 0.77101400331594083 12.317472326161804 3.1384112611412993 22.310704897041433 1.1143198852951168 0.85991667996859189
leaf_count=20 28 26 53 40 23 23 273 31 263 76 17
internal_value=-0.000142076 0.00181215 -0.0255566 -0.00128163 -0.00359141 -0.0392201 0.00022677 -0.00264318 0.000733062 -0.0764166 -0.0954511
internal_weight=53.1197 49.3266 3.79306 47.0489 44.5994 4.317 40.2824 37.7666 34.6282 2.74525 1.97424
internal_count=873 792 81 766 746 139 607 567 536 116 93
is_linear=0
shrinkage=0.0895223


Tree=140
num_leaves=19
num_cat=0
split_feature=11 11 20 25 17 20 12 41 25 5 20 22 29 24 48 29 41 22
split_gain=0.328654 1.51184 0.703356 0.924347 0.944281 0.73359 0.965851 0.695472 0.68132 0.55771 0.792884 1.09136 0.97433 0.588502 0.709087 1.48075 0.504614 0.498562
threshold=72.850000000000009 48.610000000000007 1.12565 136.50000000000003 18.500000000000004 1.1467500000000002 21.743500000000001 10.61231186745526 153.50000000000003 0.26723750000000007 1.12565 0.23435000000000003 0.19165000000000001 1.2535000000000001 12.48183304948402 0.19145000000000004 9.2954918213232851 0.19145000000000004
decision_type=10 10 2 2 2 2 8 8 2 2 2 2 2 2 8 2 10 2
left_child=1 2 3 17 7 6 -4 -5 -7 10 13 12 -12 -2 -15 -16 -13 -1
right_child=9 -3 5 4 -6 8 -8 -9 -10 -11 11 16 -14 14 15 -17 -18 -19
leaf_value=-0.020979205470748948 -0.022559987729695082 -0.085844101735681189 0.072211267304213747 -0.018072917512585465 -0.056838723281310344 -0.050236170948171142 -0.0019050293162885608 0.045978729054009709 0.0322714315789977 0.032667634579178803 -0.08176453103889561 0.035766649327656212 -0.0017698159112254064 0.049460447483809511 -0.037901598100478898 0.042395692048814257 -0.016805788273076872 -0.089150729720302455
leaf_weight=1.7195641112048234 2.8901110021397534 1.857322649215347 2.9478742616483924 2.3410633526509628 1.7162657951703293 1.9491590807447212 2.6993173571536317 3.2369705872843042 1.3629166393075136 5.147678736364468 2.9423794948379491 2.7957498170435429 2.0850195158272982 4.7310010662768009 3.4380697114975201 3.9609471163712442 3.0697936253272928 1.7198056357447056
leaf_count=28 40 48 28 65 48 61 63 64 24 66 60 28 25 50 49 38 42 46
internal_value=-0.000140234 -0.00863488 -0.00135278 -0.01681 0.00122896 0.0171653 0.0367836 0.019096 -0.0162833 0.00575332 0.000406607 -0.0179815 -0.0485889 0.0137423 0.0223921 0.0050838 0.0082517 -0.0550684
internal_weight=52.611 21.5503 19.6929 10.7337 7.2943 8.95927 5.64719 5.57803 3.31208 31.0608 25.9131 10.8929 5.0274 15.0201 12.13 7.39902 5.86554 3.43937
internal_count=873 475 427 251 177 176 91 129 85 398 332 155 85 177 137 87 70 74
is_linear=0
shrinkage=0.0895223


Tree=141
num_leaves=10
num_cat=0
split_feature=25 25 8 48 50 40 49 25 9
split_gain=0.325801 0.748909 0.535065 0.67509 0.751276 0.605332 0.810392 0.919841 0.170179
threshold=194.50000000000003 183.50000000000003 0.76350000000000018 9.3889577645948563 0.64600000000000013 13.120599954713285 10.851055122434779 152.50000000000003 1.0405000000000002
decision_type=2 2 2 8 2 2 10 2 10
left_child=1 2 -1 4 8 6 7 -5 -4
right_child=-2 -3 3 5 -6 -7 -8 -9 -10
leaf_value=-0.040860193062531087 -0.033975693764821881 0.053543518803326653 -0.04789958213927966 0.013570306489384509 0.011138839438626216 -0.036772494807568404 0.056501188863165297 -0.016780485484509128 -0.10396680131548208
leaf_weight=2.5500052257557391 2.1844347848091266 2.1094924472272387 0.81250957126030632 24.731938815151807 1.3475236075464634 2.6920520347775883 2.4930697549134484 11.830799381481482 0.9318122761324048
leaf_count=65 37 25 45 357 18 65 27 208 26
internal_value=-0.000141061 0.00135201 -0.00097115 0.00129723 -0.0390662 0.00428663 0.00711686 0.00374944 -0.0778526
internal_weight=51.6836 49.4992 47.3897 44.8397 3.09185 41.7479 39.0558 36.5627 1.74432
internal_count=873 836 811 746 89 657 592 565 71
is_linear=0
shrinkage=0.0895223


Tree=142
num_leaves=14
num_cat=0
split_feature=10 17 50 50 43 11 11 51 2 4 51 30 57
split_gain=0.343003 0.936247 0.626503 0.576829 0.657424 0.651688 1.153 0.828097 0.84949 0.814471 0.70531 0.87516 1.04911
threshold=0.63150000000000006 7.5000000000000009 0.60950000000000004 0.63950000000000007 0.64850000000000019 72.850000000000009 48.610000000000007 -28.599999999999998 -45.124999999999993 -0.023499999999999997 -44.739999999999988 0.68750000000000011 0.78250000000000008
decision_type=2 2 2 2 2 10 8 10 10 2 10 2 10
left_child=3 -2 -3 4 5 6 7 8 -1 -9 -7 12 -12
right_child=1 2 -4 -5 -6 10 -8 9 -10 -11 11 -13 -14
leaf_value=0.002776434193351321 0.013625199463443444 -0.096753474790959013 -0.014238401319385401 -0.041795677193445367 0.0496055578046855 0.057022633602519857 -0.083346957948718978 -0.058391790812128717 -0.095289711830482987 0.015080805576584366 0.018247099135845997 0.043678387600217257 -0.025511048316442138
leaf_weight=1.387006498873234 3.1918020551092914 1.5052274474292064 1.4459129707538521 2.2328679978381833 2.4809899646788827 2.4474743604660061 1.6210744064301241 1.3668115094187641 1.4457378785591561 10.48326066945447 9.3414871559944057 4.0822299786377689 8.2858595218858664
leaf_count=34 45 61 34 37 27 20 40 41 36 209 129 38 122
internal_value=-0.000132171 -0.0199798 -0.0563264 0.00256666 0.00487347 0.00213049 -0.011699 -0.00378837 -0.047272 0.00660602 0.0114643 0.00632805 -0.00232152
internal_weight=51.3177 6.14294 2.95114 45.1748 42.9419 40.4609 16.3039 14.6828 2.83274 11.8501 24.1571 21.7096 17.6273
internal_count=873 140 95 733 696 669 360 320 70 250 309 289 251
is_linear=0
shrinkage=0.0895223


Tree=143
num_leaves=12
num_cat=0
split_feature=42 50 10 20 20 48 52 10 2 53 52
split_gain=0.32166 0.532741 0.620625 1.76583 0.594598 0.581597 0.554315 0.822675 0.845641 0.573077 0.773666
threshold=9.0433186003112631 0.63950000000000007 0.63150000000000006 1.1034000000000002 1.0636000000000003 11.737069757787681 502.50000000000006 0.59900000000000009 423.00000000000006 2.0434750000000004 803.50000000000011
decision_type=2 2 2 2 2 10 2 2 8 2 2
left_child=-1 2 4 -4 5 -2 7 8 -6 -8 -11
right_child=1 -3 3 -5 6 -7 9 -9 -10 10 -12
leaf_value=0.03186741221791077 0.0083317100150147021 -0.041376008224658513 0.032711991477647077 -0.08184338225758557 0.0010379159941968643 -0.055765283722455802 -0.0060008118495096041 0.052255831065702314 -0.064414914334058757 0.074959306115005633 0.011968491023923196
leaf_weight=2.3970368768787003 2.0850950503954655 2.5716895372606805 1.9224181360332284 2.4561829617159674 23.520266563049525 2.4883177732117474 2.9229604508727771 2.3279698314145199 1.6960111066000525 2.9868232770822942 3.277571234269999
leaf_count=36 35 48 43 68 406 36 42 33 32 37 57
internal_value=-0.000141007 -0.00173107 0.000500603 -0.0315472 0.00389797 -0.0265416 0.00768806 0.00133653 -0.00336421 0.02673 0.0420027
internal_weight=50.6523 48.2553 45.6836 4.3786 41.305 4.57341 36.7316 27.5442 25.2163 9.18735 6.26439
internal_count=873 837 789 111 678 71 607 471 438 136 94
is_linear=0
shrinkage=0.0895223


Tree=144
num_leaves=10
num_cat=0
split_feature=34 9 53 33 33 29 50 69 31
split_gain=0.304803 0.416184 0.83821 0.542818 1.20168 0.659409 0.611341 1.17543 0.55258
threshold=2.5000000000000004 2.4785000000000004 2.2290740000000002 9.2500000000000018 10.750000000000002 0.19715000000000002 0.52350000000000019 0.30760000000000004 0.095500000000000015
decision_type=2 10 2 2 2 2 2 8 2
left_child=1 3 -3 -1 -5 6 8 -8 -6
right_child=-2 2 -4 4 5 -7 7 -9 -10
leaf_value=0.0288290859442293 0.032895174283225755 -0.0086492569844195989 0.046308382563749889 -0.081158773910078627 0.064674893619252591 -0.046980720279489574 0.052723415998945443 -0.014800499070834377 0.0072892727978532586
leaf_weight=3.3519950646441421 2.1437685994897029 5.0128271691501123 3.997849338222295 1.7515071068773966 1.7792333561228613 2.7688204778823993 2.2850972663873135 21.553615356853697 5.508113676100038
leaf_count=45 26 59 40 42 30 48 41 430 112
internal_value=-0.000131468 -0.0016063 0.0157339 -0.00561289 -0.00885172 -0.00511517 -0.00139091 -0.00832774 0.0213007
internal_weight=50.1528 48.0091 9.01068 38.9984 35.6464 33.8949 31.1261 23.8387 7.28735
internal_count=873 847 99 748 703 661 613 471 142
is_linear=0
shrinkage=0.0895223


Tree=145
num_leaves=18
num_cat=0
split_feature=23 50 23 57 41 2 24 23 4 10 4 16 5 9 9 21 23
split_gain=0.299241 0.801862 0.548255 0.862671 1.49887 1.05786 0.922546 0.490378 0.464429 0.644436 0.542674 0.854877 0.959276 0.961183 0.635355 0.429535 0.352728
threshold=1.655 0.5415000000000002 -0.13499999999999998 0.85650000000000015 9.8551905382755347 170.50000000000003 1.1275500000000001 0.065000000000000016 0.32300000000000006 0.5505000000000001 0.17100000000000001 1.5000000000000002 0.33131500000000008 1.3900000000000003 0.75700000000000012 0.61240000000000017 -2.3049999999999993
decision_type=2 2 2 10 10 10 2 2 2 2 2 2 2 10 8 2 2
left_child=2 -2 8 5 -5 6 -4 -7 10 -10 11 14 13 -13 -1 -14 -12
right_child=1 -3 3 4 -6 7 -8 -9 9 -11 16 12 15 -15 -16 -17 -18
leaf_value=-0.0050275047227117892 0.053538359280058949 -0.015286293826611373 -0.017620932271390638 0.049591097953884708 -0.042647072473914756 -0.036913654104104861 -0.10230458670104714 0.021767750398431634 0.006793061079610801 -0.065573153353334662 0.061385826108636528 -0.046757239448683229 -0.0046799747045950593 0.013740689996046333 0.049240617535943693 0.051219488075041154 0.011861012882149663
leaf_weight=2.8634644240373843 2.7610446406761175 2.6671357328596059 1.7807557724881897 3.3044047311414024 2.465238431817852 2.0763815167010762 2.4490243658656254 2.5341561518143862 2.3348183051566584 1.707316377724055 2.3117113178595901 6.2491570721613225 2.1320944377221158 3.1733914385549724 4.3635411616414785 2.2792129549197853 2.2989246489596544
leaf_count=57 40 61 35 33 64 33 60 45 43 49 27 122 42 42 45 31 44
internal_value=-0.000118576 0.0197207 -0.00254832 -0.0167474 0.0101792 -0.0343215 -0.0666533 -0.00465897 0.00443313 -0.0237721 0.00887436 0.00278417 -0.0102519 -0.0263819 0.0277382 0.0242011 0.0366929
internal_weight=49.7518 5.42818 44.3236 14.61 5.76964 8.84032 4.22978 4.61054 29.7136 4.04213 25.6715 21.0609 13.8339 9.42255 7.22701 4.41131 4.61064
internal_count=873 101 772 270 97 173 95 78 502 92 410 339 237 164 102 73 71
is_linear=0
shrinkage=0.0895223


Tree=146
num_leaves=14
num_cat=0
split_feature=13 33 63 40 42 23 23 49 49 50 40 24 31
split_gain=0.323966 0.855604 0.709113 0.848502 0.60063 0.493897 0.599496 1.20596 0.987307 0.861269 0.826912 0.695774 0.596532
threshold=9.3286483125016719 22.550000000000004 0.58350000000000002 9.1267522150453946 9.0433186003112631 3.9650000000000003 -0.13499999999999998 9.5440970203101347 9.78768704147158 0.53150000000000019 9.946437839743707 1.2535000000000001 0.095500000000000015
decision_type=2 2 2 2 2 2 2 8 8 2 2 2 2
left_child=1 2 3 -1 -2 6 10 -8 -9 -10 -6 -12 -13
right_child=4 -3 -4 -5 5 -7 7 8 9 -11 11 12 -14
leaf_value=0.043016966870119404 0.050852991205887085 0.024506136778967329 -0.093838270848222244 -0.064971784474750188 0.038402763189248283 0.040689917491889771 -0.08623742434775912 0.036795871859508771 0.014177177691187244 -0.041771160305227206 -0.049411991587747651 0.036590971368077679 -0.0045969075784853004
leaf_weight=1.0924113690853117 1.9736136099090789 2.2335067503736354 1.4764341015834359 1.2507322999881578 5.1275918883038676 2.2895811814814797 1.7501573970075703 3.1153370279353103 3.4793839814665262 6.0205208953993861 2.2022858193959136 3.5696722090942812 13.384652574954087
leaf_count=14 24 41 57 56 67 35 34 38 55 144 38 53 217
internal_value=-0.000118722 -0.0195071 -0.0452448 -0.0146241 0.00261602 0.000290508 -0.00210264 -0.0165989 -0.00693744 -0.0212794 0.00647254 -0.00207394 0.00407484
internal_weight=48.9659 6.05308 3.81958 2.34314 42.9128 40.9392 38.6496 14.3654 12.6152 9.4999 24.2842 19.1566 16.9543
internal_count=873 168 127 70 705 681 646 271 237 199 375 308 270
is_linear=0
shrinkage=0.0895223


Tree=147
num_leaves=14
num_cat=0
split_feature=37 56 22 40 22 31 40 40 32 56 48 51 25
split_gain=0.294531 0.453967 0.836767 0.620006 1.13261 0.557047 0.534826 0.976975 0.695388 0.726134 0.682568 0.296017 0.253468
threshold=0.34880000000000005 62.895000000000003 0.20745000000000002 9.9133562968881908 0.21665000000000004 0.11550000000000002 10.172800541501593 10.306932268243767 6.0000000000000009 43.32500000000001 12.74440666338714 -10.144999999999998 136.50000000000003
decision_type=2 10 2 2 2 2 2 2 10 10 8 8 2
left_child=1 3 12 4 5 -1 -5 -8 9 -9 -10 -4 -3
right_child=-2 2 11 6 -6 -7 7 8 10 -11 -12 -13 -14
leaf_value=-0.055219057497673196 0.03252444576147432 -0.025172771486596388 -0.027034930531113131 -0.040660819204517556 0.047047500044972608 0.016336380855017998 0.062266005339864351 -0.009710822860699405 -0.097837922107394601 0.025632126974704249 -0.0038790709221044762 -0.095055965212876861 0.019891582556881483
leaf_weight=1.6650991239584967 2.1172164619201785 1.7975361207500089 0.83159944682847708 2.918750696815553 5.666329555446282 1.8302200036123393 1.8616528405109445 17.164597950992182 1.2160185542597894 6.39434003343922 1.2635788198094813 1.337942725629546 2.2552489098161459
leaf_count=47 44 34 37 48 65 25 20 296 41 90 29 56 41
internal_value=-0.000125601 -0.00162184 -0.0241154 0.00187882 0.0223257 -0.0177501 -0.00419939 -0.000384886 -0.00486432 -0.000117927 -0.0499589 -0.0689847 -9.49696e-05
internal_weight=48.3201 46.2029 6.22233 39.9806 9.16165 3.49532 30.8189 27.9002 26.0385 23.5589 2.4796 2.16954 4.05279
internal_count=873 829 168 661 137 72 524 476 456 386 70 93 75
is_linear=0
shrinkage=0.0895223


Tree=148
num_leaves=13
num_cat=0
split_feature=13 33 63 51 40 4 11 52 24 1 40 49
split_gain=0.294217 0.731678 0.641577 0.483308 0.765257 0.921456 0.810396 0.749296 0.708376 0.572989 0.526496 0.132091
threshold=9.3286483125016719 22.550000000000004 0.58350000000000002 -44.739999999999988 13.120599954713285 -0.072499999999999981 689.50000000000011 625.00000000000011 15.832400000000002 3.6120000000000005 10.918455114317018 7.6017421655410322
decision_type=2 2 2 8 2 2 10 2 2 10 2 10
left_child=1 2 11 -2 6 -6 7 8 10 -10 -5 -1
right_child=3 -3 -4 4 5 -7 -8 -9 9 -11 -12 -13
leaf_value=0.0061729508664484017 0.044916190211515487 0.021746241669725382 -0.093409333738428232 0.016773569643554812 0.01188430361507053 -0.099018303515592737 0.041333433819175119 -0.045244944582389084 0.0086615475702337477 -0.066679716407070405 -0.009307191398119443 -0.03724349834549763
leaf_weight=1.156611194135621 2.045462034875527 2.1816317546181381 1.3267522297101093 17.831861260812737 1.1029016121756288 1.317718039790633 4.0379182363394639 2.8242143112001932 1.3669824789685654 1.9816093575209379 9.5120794053946138 1.0914421550114637
leaf_count=23 22 41 57 241 19 51 50 65 42 42 173 47
internal_value=-0.000127419 -0.0191081 -0.0440417 0.00247267 0.000300818 -0.0484865 0.00344554 -0.00111888 0.00294132 -0.0359224 0.00770078 -0.0149044
internal_weight=47.7772 5.75644 3.57481 42.0207 39.9753 2.42062 37.5547 33.5167 30.6925 3.34859 27.3439 2.24805
internal_count=873 168 127 705 683 70 613 563 498 84 414 70
is_linear=0
shrinkage=0.0895223


Tree=149
num_leaves=12
num_cat=0
split_feature=25 25 8 8 11 11 41 24 31 11 31
split_gain=0.296846 0.390129 0.471634 0.642111 0.517191 1.40218 0.761548 0.751092 0.82033 0.76019 0.302215
threshold=193.50000000000003 180.50000000000003 0.76350000000000018 0.82800000000000007 3.0700000000000007 -27.389999999999997 9.5672945545732819 14.5205 0.13350000000000004 582.50000000000011 0.097500000000000017
decision_type=2 2 2 2 10 8 8 2 2 10 2
left_child=1 2 -1 -4 5 6 -5 8 -6 -9 -7
right_child=-2 -3 3 4 7 10 -8 9 -10 -11 -12
leaf_value=-0.040406135150979516 -0.031728898392228498 0.035585931211514231 0.034733837734942971 -0.045222064252141154 0.0019752490643277737 -0.040313081655456683 0.031664711533887176 -0.063285224203856988 0.045248256017710771 0.0087315911044565705 -0.099462087907118676
leaf_weight=2.2564420917187809 2.2693045977503052 2.5329472939483813 4.2104250984266391 1.5278515943791715 19.483478711044889 1.2449826163938262 3.1837749033293221 2.4924224752321598 4.2826626880560061 2.2216581627726555 1.5601634822669437
leaf_count=64 42 36 60 52 307 41 60 76 59 26 50
internal_value=-0.000137608 0.00145554 -0.000580233 0.00165471 -0.00221433 -0.0231016 0.00673167 0.0032983 0.0097732 -0.0293443 -0.0732118
internal_weight=47.2661 44.9968 42.4639 40.2074 35.997 7.51677 4.71163 28.4802 23.7661 4.71408 2.80515
internal_count=873 831 795 731 671 203 112 468 366 102 91
is_linear=0
shrinkage=0.0895223


Tree=150
num_leaves=17
num_cat=0
split_feature=13 17 53 43 17 40 23 29 23 50 50 10 13 6 29 12
split_gain=0.25809 0.592458 0.632772 0.485555 0.412921 0.410066 0.607763 0.824516 0.889788 0.949246 0.912375 0.704106 0.501792 0.52931 0.495284 0.437801
threshold=9.3286483125016719 5.5000000000000009 5.1379055000000013 0.59450000000000014 12.500000000000002 9.9542752213620016 -2.6199999999999997 0.19485000000000002 -1.615 0.58950000000000002 0.56650000000000011 0.52750000000000019 9.9951269776323208 1.0215000000000003 0.19715000000000002 128.84900000000002
decision_type=2 2 2 2 2 2 2 2 2 2 2 2 2 2 2 10
left_child=1 -1 -3 4 -4 12 11 8 -8 10 -10 -7 13 -2 -9 -16
right_child=5 2 3 -5 -6 6 7 14 9 -11 -12 -13 -14 -15 15 -17
leaf_value=-0.074031361538330495 -0.017297535943385532 -0.060263090281947984 0.031731441117137132 0.057060947747624234 -0.053994782826112378 0.059634235746092744 -0.070014922294740822 0.041753120527010766 -0.014511913874165838 -0.060742881379518616 0.044722477206007194 -8.821213485057541e-05 0.051562218956088195 0.034542636828979581 -0.032196565845331357 0.020489428603723006
leaf_weight=1.1975054445210833 3.5945276551647094 1.1375717783230355 0.8588739895494657 1.3983179801143704 0.94652989890892059 2.4492194576305293 2.4601746870612251 3.207530831161419 9.1516285748221069 2.6013557087862855 2.6984179901482994 4.4681317170616239 2.6859085382893682 2.8143241505604237 2.2908370984368958 2.81992720044218
leaf_count=52 48 28 21 16 51 31 47 35 210 62 47 62 31 53 40 39
internal_value=-0.000139453 -0.018284 -0.00290582 0.0174594 -0.0132108 0.00229728 -0.00245064 -0.00889598 -0.0202461 -0.0117734 -0.00102313 0.0210571 0.0190801 0.00546652 0.0141791 -0.00312571
internal_weight=46.7808 5.5388 4.34129 3.20372 1.8054 41.242 32.1472 25.2299 16.9116 14.4514 11.85 6.91735 9.09476 6.40885 8.3183 5.11076
internal_count=873 168 116 88 72 705 573 480 366 319 257 93 132 101 114 79
is_linear=0
shrinkage=0.0895223


Tree=151
num_leaves=12
num_cat=0
split_feature=22 0 0 1 23 23 33 23 16 43 24
split_gain=0.302726 0.407192 0.505864 0.37317 0.856617 0.852244 0.489019 0.621171 0.410787 0.897094 0.708283
threshold=0.076200000000000004 12.550000000000002 32.95000000000001 1.2145000000000004 -4.3949999999999987 -4.0199999999999987 14.15 -1.4449999999999996 1.0000000180025095e-35 0.55350000000000021 1.0428000000000004
decision_type=2 8 8 8 2 2 2 2 2 2 2
left_child=-1 3 -3 6 -5 -6 -2 -8 9 -7 -10
right_child=1 2 -4 4 5 8 7 -9 10 -11 -12
leaf_value=0.034299170048532356 0.066492850100043577 -0.093231297046653408 -0.0017218699028776589 -0.06314678859417798 0.061857428930346722 -0.024428779246358077 0.044986713500867359 -0.035709538034799461 -0.032743277486327417 0.04075308674409818 0.00059267843877230367
leaf_weight=1.9596809092909087 1.4891896860790428 0.85525616724043962 1.1158764552674256 1.7910842447308812 1.7157356501556922 2.7157380011631167 1.5028947414830325 1.5559322451008486 6.8481996976770487 4.4895666418597102 20.099343939335085
leaf_count=36 18 68 44 41 15 47 22 52 124 61 345
internal_value=-0.00013088 -0.00165821 -0.0414288 0.000199025 -0.00272613 0.000290853 0.0244214 0.00393781 -0.00280196 0.016185 -0.00787888
internal_weight=46.1385 44.1788 1.97113 42.2077 37.6597 35.8686 4.54802 3.05883 34.1528 7.2053 26.9475
internal_count=873 837 112 725 633 592 92 74 577 108 469
is_linear=0
shrinkage=0.0895223


Tree=152
num_leaves=19
num_cat=0
split_feature=11 11 38 38 56 53 13 41 50 40 50 43 56 25 19 31 17 9
split_gain=0.288765 1.09691 0.651632 0.810731 1.02999 0.885131 0.80443 0.565858 0.504372 0.489435 0.483164 0.743693 0.937003 1.23184 0.715121 0.395914 0.368569 0.0372876
threshold=72.850000000000009 48.610000000000007 0.62800000000000011 0.9830000000000001 56.505000000000003 5.2241395000000006 9.6135813886055068 11.29625652176173 0.49450000000000005 12.782066512092108 0.57950000000000002 0.57750000000000001 36.610000000000007 153.50000000000003 1.0000000180025095e-35 0.10650000000000001 16.500000000000004 1.0015000000000003
decision_type=10 10 2 2 8 2 2 8 2 2 2 2 10 2 2 2 2 10
left_child=1 2 -1 6 -5 17 -4 -7 -2 10 11 12 15 -14 -12 -10 -8 -6
right_child=8 -3 3 4 5 7 16 -9 9 -11 14 -13 13 -15 -16 -17 -18 -19
leaf_value=-0.051812141341266507 0.044471018307659156 -0.080075141735632849 -0.021720258287369679 0.021253606123804891 -0.072292638409209548 -0.053921191749704639 0.020270440591447593 0.028841132342658338 -0.00045504002042877568 -0.036473555347725867 -0.035176269320692566 0.062219240644464199 0.012412034095028101 -0.076576185878036773 0.021336004853430981 0.042873055857681142 0.069914199305008695 -0.097487400993756163
leaf_weight=1.8772650055325417 2.4517478467896607 1.5807103306287889 1.9263403466902662 3.6062886115978445 0.77067558874841857 1.214547199488152 2.2491126883542165 1.4554340963950378 2.6272451289696672 2.4045635152142486 4.4815935762599102 2.2947443453595033 3.2167442851641681 2.0355025255121291 2.9929738561622798 4.7376369929406792 2.5665100391488522 1.2163321757689116
leaf_count=69 22 48 56 62 52 54 41 27 45 54 60 31 52 39 35 60 32 34
internal_value=-0.000120734 -0.00876429 -0.00208724 0.00413347 -0.0146622 -0.0424756 0.0271709 -0.00880525 0.00573713 0.00190633 0.00602894 0.0153404 0.00681401 -0.0220746 -0.0125471 0.0274163 0.0467291 -0.0877172
internal_weight=45.706 18.4632 16.8825 15.0052 8.26328 4.65699 6.74196 2.66998 27.2428 24.791 22.3864 14.9119 12.6171 5.25225 7.47457 7.36488 4.81562 1.98701
internal_count=873 475 427 358 229 167 129 81 398 376 322 227 196 91 95 105 73 86
is_linear=0
shrinkage=0.0895223


Tree=153
num_leaves=15
num_cat=0
split_feature=22 4 42 4 22 43 49 4 9 73 40 23 43 41
split_gain=0.273033 0.436699 1.11747 0.447853 0.61219 0.677546 1.1807 0.931355 1.14578 0.633509 0.405232 0.811851 0.665235 0.277825
threshold=0.25365000000000004 0.36500000000000005 11.078719067706956 0.17100000000000001 0.076200000000000004 0.57550000000000001 9.3746598177284657 -0.18349999999999997 0.77250000000000008 -1.0000000180025095e-35 10.350685873615733 -1.7049999999999998 0.52950000000000019 10.084580080082199
decision_type=2 2 2 2 2 2 10 2 8 2 2 2 2 8
left_child=1 3 -3 4 -1 7 9 -6 -9 -7 -5 -12 -13 -4
right_child=-2 2 13 10 5 6 -8 8 -10 -11 11 12 -14 -15
leaf_value=0.049334911832904324 0.031669473139774619 -0.097138650276942615 0.02908297207313491 0.047705745091133234 0.044869937765906684 -0.045756925971806639 0.049936248443923061 -0.066501683674347931 -0.010583313930350616 0.0079887828463304656 0.051490654650267545 0.02552646521715083 -0.054272070996062141 -0.025610751096858193
leaf_weight=1.6524170439224715 2.0652017779648295 1.323937210778239 1.4875994579051623 2.7822744300356117 1.6904963809065545 2.6603509299457073 3.9177321494789794 3.9728818915464226 11.260093950084411 5.1795911355875415 1.9681746652349827 1.4475092191714796 1.9857086539850568 1.4896627279231323
leaf_count=26 31 45 29 49 18 45 65 183 157 75 30 25 51 44
internal_value=-0.000123264 -0.00165676 -0.0287113 0.00136431 -0.00364959 -0.00670233 0.00980517 -0.0181712 -0.0251675 -0.0102484 0.0199492 0.00565111 -0.0206265 0.00171595
internal_weight=44.8836 42.8184 4.3012 38.5172 30.3336 28.6811 11.7577 16.9235 15.233 7.83994 8.18367 5.40139 3.43322 2.97726
internal_count=873 842 118 724 569 543 185 358 340 120 155 106 76 73
is_linear=0
shrinkage=0.0895223


Tree=154
num_leaves=15
num_cat=0
split_feature=38 56 22 33 40 23 33 52 47 40 56 33 17 12
split_gain=0.268226 0.385918 0.719764 0.843791 0.620404 0.522627 0.816485 0.871419 0.85528 0.825522 0.785384 0.533368 0.214822 0.0558263
threshold=1.4685000000000001 62.895000000000003 0.20745000000000002 16.150000000000002 9.37374879850959 -2.6199999999999997 21.050000000000004 -7.4599999999999991 13.129918212482659 10.918455114317018 53.945000000000007 17.550000000000004 17.500000000000004 102.96900000000001
decision_type=2 10 2 2 2 2 2 2 2 2 8 2 2 10
left_child=1 4 3 -3 -1 11 7 -7 10 -9 -8 -6 -4 -10
right_child=-2 2 12 -5 5 6 8 9 13 -11 -12 -13 -14 -15
leaf_value=0.033416551563236391 0.032151202728436162 -0.0469052867914393 -0.093660017952871516 0.039239000722415762 -0.0021373277212006071 -0.048435831103192939 0.036433137167585755 0.028294870206006652 -0.064000551837349651 -0.011296724901128097 -0.0445010305465533 0.048444423575537791 -0.031409627264629703 -0.094874511674501116
leaf_weight=4.35297040012665 1.9713163158157829 1.6980674871010699 1.1245155535289084 1.9666763342975171 3.9213808206841305 2.5350701228599091 1.5693319111596782 8.1733642357285223 0.72595526400255073 8.7274746632319857 2.4783924932125956 2.9107443780521862 0.73480567167280231 1.3330972642870618
leaf_count=62 44 38 63 37 51 55 20 113 30 160 65 49 30 56
internal_value=-0.000126346 -0.00163238 -0.0236934 -0.00067517 0.00168561 -0.00258067 -0.00846336 0.000508181 -0.0370175 0.00784983 -0.0131214 0.0194119 -0.0690605 -0.0839911
internal_weight=44.2232 42.2518 5.52407 3.66474 36.7278 32.3748 25.5427 19.4359 6.10678 16.9008 4.04772 6.83213 1.85932 2.05905
internal_count=873 829 168 75 661 599 499 328 171 273 85 100 93 86
is_linear=0
shrinkage=0.0895223


Tree=155
num_leaves=12
num_cat=0
split_feature=56 56 25 20 13 0 11 20 2 58 48
split_gain=0.280579 0.747955 0.512656 0.554959 0.9931 0.896516 0.697346 0.868839 1.09488 0.562859 0.450611
threshold=36.610000000000007 43.32500000000001 117.50000000000001 1.1461000000000003 10.138263065954488 0.95000000000000007 121.00000000000001 1.1316000000000002 -86.22499999999998 529.00000000000011 12.613110539726209
decision_type=8 8 2 2 2 10 8 2 10 2 8
left_child=-1 -2 -3 6 -5 -6 7 8 -4 -8 -11
right_child=1 2 3 4 5 -7 9 -9 -10 10 -12
leaf_value=0.023100312737924285 -0.045722854387236889 0.033701206927966743 0.06314406768666414 -0.094369583630815421 0.030723805323910947 -0.058821106511041069 -0.022765716052368247 0.034066609244366892 -0.03054723723710814 0.037011551168330339 -0.0016199663705448542
leaf_weight=3.8021960847545406 2.9507435215346041 3.5022309253690755 1.1033169100410258 1.3791500778170291 2.2190104750916366 1.502972836140543 2.3617663177428758 2.7621042151004067 10.632358453352941 7.942899614805353 3.4797303858213136
leaf_count=57 66 51 24 50 36 57 41 53 281 95 62
internal_value=-0.000134799 -0.00235258 0.00111683 -0.00230148 -0.0294797 -0.00543433 0.00260041 -0.0111064 -0.0217386 0.0170169 0.0252427
internal_weight=43.6385 39.8363 36.8855 33.3833 5.10113 3.72198 28.2822 14.4978 11.7357 13.7844 11.4226
internal_count=873 816 750 699 143 93 556 358 305 198 157
is_linear=0
shrinkage=0.0895223


Tree=156
num_leaves=11
num_cat=0
split_feature=31 32 8 1 48 41 56 31 40 1
split_gain=0.273788 0.380049 0.436626 0.693054 0.669629 0.612356 0.509876 0.899498 0.440309 0.380831
threshold=0.25050000000000006 6.0000000000000009 0.83950000000000002 1.2145000000000004 9.4031535375894837 10.474423030308115 62.895000000000003 0.096500000000000016 9.9133562968881908 0.6735000000000001
decision_type=2 10 2 8 10 8 10 2 2 10
left_child=1 2 5 9 -5 -1 8 -8 -6 -4
right_child=-2 -3 3 4 6 -7 7 -9 -10 -11
leaf_value=-0.0069153929512156083 0.023567986797836997 -0.03860704183350646 -0.0003318391435401721 -0.062857290387482098 0.022174647712708554 0.058125275871336778 0.014115706369074586 -0.078871791484047701 -0.0068303640531109482 0.060031257440052221
leaf_weight=2.3247895865060846 3.581580128229688 2.1807625170476959 1.4598885109589894 1.6962877011974367 5.3989209187566365 2.3154633161611855 1.5018897274276235 1.8737860041437668 18.800931753707118 1.9647987283533437
leaf_count=48 60 68 39 59 92 38 34 68 327 40
internal_value=-0.000132668 -0.00228081 -0.000158978 -0.00380609 -0.00826429 0.0255388 -0.00490591 -0.0374992 -0.000359276 0.0342984
internal_weight=43.0991 39.5175 37.3368 32.6965 29.2718 4.64025 27.5755 3.37568 24.1999 3.42469
internal_count=873 813 745 659 580 86 521 102 419 79
is_linear=0
shrinkage=0.0895223


Tree=157
num_leaves=10
num_cat=0
split_feature=25 25 8 8 48 11 9 44 29
split_gain=0.27849 0.36504 0.436765 0.507209 0.548523 0.539508 0.495018 0.92268 0.598146
threshold=193.50000000000003 180.50000000000003 0.76350000000000018 0.82800000000000007 9.3889577645948563 25.465000000000003 0.6625000000000002 5.4500000000000011 0.097050000000000011
decision_type=2 2 2 2 10 10 8 2 2
left_child=1 2 -1 -4 5 -5 7 -6 -8
right_child=-2 -3 3 4 6 -7 8 -9 -10
leaf_value=-0.04089331032307409 -0.032525151611626731 0.035782666451504241 0.032651652423605446 -0.097175470440279355 -0.030072208635293595 -0.0056386710239478685 0.043008292486764597 0.054912632590392751 0.0018659063795446239
leaf_weight=2.042144977458519 2.0253966909367582 2.343957543373107 3.7895489499205715 0.92881839245092068 7.021005797490945 1.1612874059937892 3.3314964750316021 1.1986023266508707 18.889410376432352
leaf_count=64 42 36 60 55 231 28 48 34 275
internal_value=-0.000125717 0.00148627 -0.00060916 0.00165576 -0.00195489 -0.0463183 0.00109107 -0.0176791 0.00803439
internal_weight=42.7317 40.7063 38.3623 36.3202 32.5306 2.09011 30.4405 8.21961 22.2209
internal_count=873 831 795 731 671 83 588 265 323
is_linear=0
shrinkage=0.0895223


Tree=158
num_leaves=15
num_cat=0
split_feature=54 40 40 56 25 40 13 40 9 53 9 20 50 51
split_gain=0.2574 1.05252 0.641109 0.618156 0.651199 0.569583 0.648703 0.980515 0.677936 0.423582 0.387062 0.771537 0.479207 0.282329
threshold=48.07500000000001 9.9133562968881908 10.172800541501593 69.310000000000016 165.50000000000003 13.120599954713285 12.450921947696267 10.306932268243767 0.47250000000000003 6.5490210000000006 2.2160000000000006 1.1387500000000002 0.58450000000000013 -9.4049999999999994
decision_type=2 2 2 8 2 2 2 2 10 2 8 2 2 10
left_child=1 -1 -3 -2 10 6 7 -4 -9 -6 11 12 13 -5
right_child=3 2 5 4 9 -7 -8 8 -10 -11 -12 -13 -14 -15
leaf_value=0.058865016924023197 -0.054778451238562648 -0.049893999820491114 0.069407851355015038 -0.0081059753639361846 -0.084704934378186242 -0.041054948978315998 0.043716336855737128 -0.043608610866961293 0.0031818575533007296 -0.0060967686754473359 0.038693973570783809 -0.066620112755560387 -0.029702438390050261 0.04167401698168112
leaf_weight=2.6175730712711838 2.1044939258135829 1.9626152487471724 1.5388449981110266 1.3107232481706863 1.119534241675866 2.1109423183952449 3.3761394578032187 3.02748214118765 13.763271249306852 1.0789090708713045 2.4383365989197054 1.2467909243423489 1.6863784037996081 3.0088674011931285
leaf_count=32 58 33 16 44 34 60 51 101 209 39 33 52 39 72
internal_value=-0.00011951 0.00477746 -0.000714329 -0.0100568 -0.00214056 0.00333817 0.00765569 0.00101346 -0.00525455 -0.0461288 0.00783789 -0.00253526 0.0107676 0.0265681
internal_weight=42.3909 28.3969 25.7793 13.994 11.8895 23.8167 21.7057 18.3296 16.7908 2.19844 9.6911 7.25276 6.00597 4.31959
internal_count=873 502 470 371 313 437 377 326 310 73 240 207 155 116
is_linear=0
shrinkage=0.0895223


Tree=159
num_leaves=19
num_cat=0
split_feature=13 40 48 41 24 20 73 22 49 40 6 38 51 47 69 25 57 2
split_gain=0.258589 0.482918 0.379677 0.377728 0.747414 0.848229 0.77983 0.879804 0.574365 0.704602 0.663513 0.541844 0.746649 0.707053 0.60043 0.314248 0.388527 0.176872
threshold=9.3286483125016719 9.4138845332993544 10.749002630427688 9.5975655253911736 11.591600000000001 1.0997500000000002 -0.16049999999999998 0.17715000000000003 9.7625591075385216 11.251636183078597 1.1545000000000003 0.72450000000000003 15.560000000000002 10.563778604373438 0.26635000000000003 158.50000000000003 0.88550000000000006 -86.22499999999998
decision_type=2 2 10 10 2 2 2 2 10 2 2 2 8 2 10 2 10 10
left_child=1 2 -1 11 5 -5 7 -6 -7 -10 -11 -2 13 -13 -15 16 -8 -3
right_child=3 17 -4 4 6 8 15 -9 9 10 -12 12 -14 14 -16 -17 -18 -19
leaf_value=-0.02959049134309398 0.043225298685165121 -0.026497393131413544 0.030435343034487583 -0.062392835150292716 0.028320794777658007 -0.055588709248078169 -0.0085901611383594756 -0.061499054092517227 0.049072962049044752 -0.061009876945913477 0.010176067050921125 -0.024222747480861492 -0.02362764524547345 0.05512068795315575 -0.0015800594128585505 0.06954513747702154 0.050203902037832739 -0.092728047713111342
leaf_weight=1.8304454436292865 3.5581122196745154 0.54965544678270817 1.567836736096069 2.9603381699125775 1.663999292184599 1.5506109630223344 1.7676660239521864 1.8407882172614334 2.0182927099522203 1.5978211850742807 3.0568828235846013 2.1819986708578618 4.9797362714307392 4.1519414287758991 2.3402718096040189 1.5526364622637627 1.8365807500667868 0.78480577463051282
leaf_count=60 46 32 26 66 37 33 51 46 23 50 64 53 69 64 35 28 40 50
internal_value=-0.000111518 -0.0198168 -0.00189582 0.002405 -0.00601204 -0.0213013 0.013729 -0.0188535 -0.00650871 0.00489552 -0.0142592 0.0121101 0.00400147 0.0198633 0.034681 0.0358739 0.021368 -0.0654508
internal_weight=41.7904 4.73274 3.39828 37.0577 19.8456 11.1839 8.66167 3.50479 8.22361 6.673 4.6547 17.2121 13.6539 8.67421 6.49221 5.15688 3.60425 1.33446
internal_count=873 168 86 705 438 236 202 83 170 137 114 267 221 152 99 119 91 82
is_linear=0
shrinkage=0.0895223


Tree=160
num_leaves=19
num_cat=0
split_feature=28 5 24 50 43 22 12 5 12 10 16 56 16 21 53 49 51 58
split_gain=0.279708 0.801112 0.724901 0.624463 0.699711 0.800628 0.650083 1.07987 0.816137 0.699276 0.694253 0.751904 0.507327 0.466556 0.41605 0.415805 0.759485 0.337034
threshold=1.6570000000000003 0.38419800000000009 23.845450000000003 0.51250000000000007 0.53650000000000009 0.16025000000000003 153.45400000000004 0.26723750000000007 209.22400000000002 0.6070000000000001 1.0000000180025095e-35 43.520000000000003 3.5000000000000004 3.0552000000000006 2.4953580000000004 9.6553089816716469 -12.099999999999998 1989.5000000000002
decision_type=2 2 2 2 2 2 10 2 10 2 2 10 2 2 2 10 8 2
left_child=3 2 13 12 5 -5 7 10 -8 -10 -6 -12 -1 -2 -7 16 -9 -15
right_child=1 -3 -4 4 6 14 8 15 9 -11 11 -13 -14 17 -16 -17 -18 -19
leaf_value=-0.0047396992660449899 0.051660582010633289 -0.040498966375206641 -0.025922077672733176 0.011144062559203929 0.01229825322783528 -0.02815969304127874 0.067925738433513641 0.034867335804177287 0.025703519600132427 -0.049228721295011671 -0.078931721223890083 -0.0052494032314461501 0.056495562772658978 -0.01363152708798758 -0.095989933590499232 0.044662361942252905 -0.046132555398759614 0.034576187171493973
leaf_weight=2.1643315913097494 4.4763366901315731 2.0864746748702592 2.2284910645976188 1.4846476831007773 1.5744001391576619 1.2008138016972227 1.9628589901403746 1.8811805772129444 2.7252275708597153 1.5748908346868118 3.5130340165633243 1.6227483478724023 2.1726638100808486 2.2584509352454916 1.8285016585723495 2.1141498684883118 1.8303402242599989 2.3944144708802924
leaf_count=59 61 44 40 34 37 19 37 30 57 50 84 47 33 44 69 35 48 45
internal_value=-0.000105513 0.0104863 0.0198529 -0.0052557 -0.0110586 -0.0427091 -0.00345849 -0.0152256 0.0200938 -0.0017391 -0.0397077 -0.0556511 0.0259359 0.0310272 -0.0691034 0.012973 -0.00507687 0.0111759
internal_weight=41.094 13.4442 11.3577 27.6498 23.3128 4.51396 18.7988 12.5359 6.26298 4.30012 6.71018 5.13578 4.337 9.1292 3.02932 5.82567 3.71152 4.65287
internal_count=873 234 190 639 547 122 425 281 144 107 168 131 92 150 88 113 78 89
is_linear=0
shrinkage=0.0895223


Tree=161
num_leaves=12
num_cat=0
split_feature=11 43 23 24 51 9 51 63 25 53 13
split_gain=0.264623 0.447897 0.445458 0.699545 0.542599 0.477569 0.444589 0.732551 0.450586 0.386877 0.263933
threshold=604.50000000000011 0.67450000000000021 3.9650000000000003 29.871950000000002 -26.249999999999996 1.1845000000000001 1.8950000000000002 0.65000000000000013 160.50000000000003 1.9718735000000003 12.42291304987781
decision_type=10 2 2 2 10 10 10 2 2 2 2
left_child=1 2 3 4 5 -1 7 -6 -8 -2 -5
right_child=9 -3 -4 10 6 -7 8 -9 -10 -11 -12
leaf_value=-0.066783777328188604 -0.005280509584735354 0.036905539765594374 0.038248573080091615 -0.09670178720489539 0.02128284882128265 -0.0087128670386254926 -0.0024094486991162369 -0.0415217552731579 -0.043977437760874587 0.040323837154362864 -0.026319722186169164
leaf_weight=1.943698094459253 3.0111619627568862 2.1022429658332831 1.7450652036932286 0.91334971763717365 10.533362967602448 2.7281406545080245 9.1561466584680584 1.7332841954193998 2.7080573897983404 2.9524238547310233 0.80223535851109773
leaf_count=67 42 43 36 37 250 47 166 49 56 44 36
internal_value=-0.000111231 -0.00313216 -0.00574108 -0.00825657 -0.00494856 -0.0328738 0.000457732 0.0124082 -0.0118978 0.0172965 -0.0637921
internal_weight=40.3292 34.3656 32.2633 30.5183 28.8027 4.67184 24.1309 12.2666 11.8642 5.96359 1.71559
internal_count=873 787 744 708 635 114 521 299 222 86 73
is_linear=0
shrinkage=0.0895223


Tree=162
num_leaves=11
num_cat=0
split_feature=34 42 37 47 50 51 40 42 37 31
split_gain=0.278471 0.301303 0.875262 0.645757 0.435728 0.475823 0.413033 0.926511 0.471149 0.397375
threshold=2.5000000000000004 14.077088449789487 0.29040000000000005 13.877478534049201 0.45750000000000007 -29.254999999999999 11.255753144344501 12.834682363998267 0.17215000000000003 0.11550000000000002
decision_type=2 2 2 2 2 8 2 2 2 2
left_child=1 3 -3 4 -1 9 8 -8 -7 -6
right_child=-2 2 -4 -5 5 6 7 -9 -10 -11
leaf_value=0.043483400008210271 0.034811684599938775 -0.082739519775025874 0.021729148235700758 0.046756198906777825 -0.0083013498500794126 0.030871092336613289 -0.060385218153607326 0.0070548417346794311 -0.0019996833147154654 -0.073557800961122549
leaf_weight=1.5600438166875381 1.7495669965865079 1.3054990374075708 1.2659460863214915 2.2580023795890147 1.595985652995296 4.3510137408739054 2.785595095192547 3.944049099140102 17.754299271648051 1.4075157074257729
leaf_count=24 26 51 34 43 45 74 89 104 347 36
internal_value=-0.000113398 -0.0017119 -0.0313072 0.000422331 -0.0027101 -0.00497363 -0.00144141 -0.02086 0.00447015 -0.0388834
internal_weight=39.9775 38.2279 2.57145 35.6565 33.3985 31.8385 28.835 6.72964 22.1053 3.0035
internal_count=873 847 85 762 719 695 614 193 421 81
is_linear=0
shrinkage=0.0895223


Tree=163
num_leaves=13
num_cat=0
split_feature=33 22 33 23 9 53 10 22 17 4 51 11
split_gain=0.263596 0.368099 0.373245 0.667648 0.623725 0.644595 0.596876 0.839744 0.769523 0.712928 0.971447 0.447717
threshold=7.3500000000000005 0.25365000000000004 9.9500000000000011 -1.615 2.4785000000000004 1.9718735000000003 0.62450000000000017 0.22630000000000003 8.5000000000000018 -0.050499999999999996 -2.7499999999999996 514.50000000000011
decision_type=2 2 2 2 10 2 2 2 2 2 10 10
left_child=-1 2 3 -2 6 -6 9 8 -8 10 -4 -11
right_child=1 -3 4 -5 5 -7 7 -9 -10 11 -12 -13
leaf_value=0.030979223050984123 0.011578019347132587 0.040653027146311298 -0.093101370455278748 -0.070259567504491471 -0.0052501910898785946 0.058481665834076983 0.042900131456317575 -0.10031873782765661 -0.066251975699029866 -0.0015510933529922924 0.0028940132364817348 0.031378705720706009
leaf_weight=2.0706569850444785 1.4741153896320613 1.5663056083139952 1.501220766163897 1.7440782314515662 2.4407719564624122 2.655476838350296 1.1296680625528095 1.2327450172670067 0.95540021610213433 16.795038214273525 1.9321559290401662 4.1207521989708757
leaf_count=22 22 28 36 50 35 36 23 39 57 428 41 56
internal_value=-0.000115642 -0.00183054 -0.00367999 -0.0327722 -0.000822273 0.0279575 -0.00612364 -0.0417449 -0.00711278 -0.00126974 -0.0390783 0.00493644
internal_weight=39.6184 37.5477 35.9814 3.21819 32.7632 5.09625 27.667 3.31781 2.08507 24.3492 3.43338 20.9158
internal_count=873 851 823 72 751 71 680 119 80 561 77 484
is_linear=0
shrinkage=0.0895223


Tree=164
num_leaves=11
num_cat=0
split_feature=31 25 42 47 37 23 40 40 54 13
split_gain=0.22701 0.324529 0.295056 0.662608 0.593057 0.467503 1.04588 0.796452 0.817657 0.636698
threshold=0.25050000000000006 193.50000000000003 14.077088449789487 13.877478534049201 0.29040000000000005 -2.5049999999999994 10.237737648734887 10.306932268243767 47.190000000000005 10.284205794002888
decision_type=2 2 2 2 2 2 2 2 2 2
left_child=1 2 3 5 -4 6 -1 9 -9 -7
right_child=-2 -3 4 -5 -6 7 -8 8 -10 -11
leaf_value=-0.026364112238812337 0.022284806632248293 -0.040982129291845887 -0.078332775461898527 0.048739255142595098 0.015232229923487358 -0.0019757753798558403 0.051076248342508915 -0.013594229352466165 -0.080335058923897779 0.047840079278722088
leaf_weight=2.2891424329718602 3.315739316167309 1.6495535768917751 1.1024553085371729 2.2449131088214918 1.0695964957121757 8.2525477568269761 3.5888839176623151 11.189105339144588 1.6938780592317915 2.7384354411624363
leaf_count=55 60 38 47 42 29 208 50 228 81 35
internal_value=-0.000124955 -0.00219954 -0.000327151 0.00184019 -0.0322563 -0.00169842 0.0209172 -0.00726678 -0.0223697 0.0104357
internal_weight=39.1343 35.8185 34.169 31.9969 2.17205 29.752 5.87803 23.874 12.883 10.991
internal_count=873 813 775 699 76 657 105 552 309 243
is_linear=0
shrinkage=0.0895223


Tree=165
num_leaves=8
num_cat=0
split_feature=33 41 25 41 33 9 20
split_gain=0.234932 0.315657 0.455471 0.412064 0.409985 0.627035 0.608255
threshold=7.3500000000000005 9.3266291909116212 188.50000000000003 9.42837936725787 9.9500000000000011 2.4120000000000004 1.1461000000000003
decision_type=2 8 2 8 2 10 2
left_child=-1 -2 3 -3 -5 6 -6
right_child=1 2 -4 4 5 -7 -8
leaf_value=0.029489100817292568 -0.03517070438152587 0.049651396054393455 -0.044464247008845298 -0.031405505631216628 0.0041005262490986768 0.033382506197561931 -0.03500670263964982
leaf_weight=2.0349183660000554 2.1345100263133636 1.4305417812429357 1.7301408454077307 2.9230927521130097 19.884806573099929 4.7784957513213149 3.7958072271430856
leaf_count=22 69 25 43 64 455 66 129
internal_value=-0.000118445 -0.00176122 0.000303154 0.00266375 0.000521723 0.00380116 -0.00216789
internal_weight=38.7123 36.6774 34.5429 32.8127 31.3822 28.4591 23.6806
internal_count=873 851 782 739 714 650 584
is_linear=0
shrinkage=0.0895223


Tree=166
num_leaves=11
num_cat=0
split_feature=70 23 23 29 31 0 41 69 23 47
split_gain=0.249906 0.385514 0.501067 0.386304 0.717065 0.690504 0.584903 0.547078 0.566905 0.351954
threshold=0.87800000000000011 -4.589999999999999 -3.9149999999999996 0.19485000000000002 0.15350000000000003 0.15000000000000005 9.3755330079712724 0.87730000000000008 -0.14499999999999999 10.994032259084596
decision_type=2 2 2 2 2 8 8 8 2 2
left_child=-1 -2 -3 4 5 -4 -7 -5 -9 -6
right_child=1 2 3 7 9 6 -8 8 -10 -11
leaf_value=0.031741910500611481 -0.041144594275712681 0.047688974027015857 0.057774716183682462 -0.023618537970631549 -0.02101669712672017 -0.066008423609449779 -0.003382413604199224 0.05463031579037074 0.0013223931722133717 -0.094596864899283054
leaf_weight=1.8779876584885631 1.8874039819929738 1.7074071704410005 1.3985730828717411 2.2648057886399302 1.0358488837373436 1.2728147791058315 19.600805945301545 3.1507198708131909 3.2461086461553359 1.0484832495640146
leaf_count=44 51 23 12 45 23 53 482 44 47 49
internal_value=-0.000108096 -0.00174188 0.000399637 -0.00204564 -0.0078202 -0.00312104 -0.00720134 0.014192 0.0275795 -0.0580315
internal_weight=38.491 36.613 34.7256 33.0182 24.3565 22.2722 20.8736 8.66163 6.39683 2.08433
internal_count=873 829 778 755 619 547 535 136 91 72
is_linear=0
shrinkage=0.0895223


Tree=167
num_leaves=18
num_cat=0
split_feature=11 11 37 37 33 13 17 25 25 50 40 37 25 33 50 40 17
split_gain=0.232649 0.883331 0.548791 0.612947 0.702248 0.612986 0.59336 0.539035 0.52232 0.370636 0.422046 0.351461 0.55507 0.668482 0.457159 0.471384 0.302052
threshold=72.850000000000009 48.610000000000007 0.14915000000000003 0.23345000000000002 13.65 9.6135813886055068 14.500000000000002 155.50000000000003 135.50000000000003 0.49450000000000005 12.782066512092108 0.084000000000000005 152.50000000000003 14.850000000000003 0.57850000000000013 11.251636183078597 16.500000000000004
decision_type=10 10 2 2 2 2 2 2 2 2 2 2 2 2 2 2 2
left_child=1 2 -1 5 -5 -4 7 -6 -8 -2 11 -11 14 -14 15 -13 -7
right_child=9 -3 3 4 6 16 8 -9 -10 10 -12 12 13 -15 -16 -17 -18
leaf_value=-0.052238176048794417 0.041740774127176035 -0.079335504988955113 -0.020564855728446903 -0.064697857479869794 -0.0056402912257700706 0.018808618724199935 0.010608020249455702 0.064706860287939705 -0.093882401197684179 0.034579070575715479 -0.036981856340478687 0.048615213666055312 0.011695809837485025 -0.050975629304923463 -0.010125348806219393 -0.0015371633783101992 0.068198409449105948
leaf_weight=1.5550380064887566 2.0700880568474558 1.2966937501914788 1.6034536635852399 1.648399145749863 2.2249286583974031 1.872804530663416 0.72936431819107361 1.4364942179236093 0.80813162720005494 2.9467329566832694 2.0087534311460322 3.722031732555477 2.5294243223033837 2.9601966644404456 4.0919036767445505 2.5178206577547826 2.1114684458007105
leaf_count=69 22 48 56 60 60 41 21 36 52 43 54 53 51 66 58 51 32
internal_value=-0.0001021 -0.00865057 -0.00209876 0.00417103 -0.0137833 0.0261732 0.00235933 0.0219582 -0.0443114 0.00561748 0.00201818 0.00619256 0.000905337 -0.0220982 0.0131283 0.0283778 0.0449837
internal_weight=38.1337 15.2868 13.9901 12.435 6.84732 5.58773 5.19892 3.66142 1.5375 22.847 20.7769 18.7681 15.8214 5.48962 10.3318 6.23985 3.98427
internal_count=873 475 427 358 229 129 169 96 73 398 376 322 279 117 162 104 73
is_linear=0
shrinkage=0.0895223


Tree=168
num_leaves=14
num_cat=0
split_feature=69 29 69 43 16 0 50 51 22 43 16 17 9
split_gain=0.211027 0.397508 0.395799 0.957471 0.444504 1.14811 0.549712 0.577236 0.670216 0.83192 0.504285 0.45116 0.36635
threshold=0.30760000000000004 0.096650000000000014 0.6323000000000002 0.53850000000000009 1.0000000180025095e-35 0.45000000000000007 0.51250000000000007 -28.599999999999998 0.17115000000000005 0.54550000000000021 3.5000000000000004 7.5000000000000009 1.76
decision_type=8 2 8 2 2 8 2 10 2 2 2 2 10
left_child=1 -1 3 -2 5 -4 10 -8 12 -10 -6 -7 -9
right_child=2 -3 4 -5 6 11 7 8 9 -11 -12 -13 -14
leaf_value=0.071295711346198512 0.018140104076527892 -0.0049087903533807679 0.060796482373025193 -0.080472641977318654 -0.00882579757921363 0.016199284529506867 -0.048267268697148237 0.0074388593905503758 -0.05721001142361163 -0.0031863596941323381 0.049116871449478725 -0.05543706029096656 0.058529609204488825
leaf_weight=0.93065308476798181 1.5504025288973928 1.3360911138952358 3.1117355094756922 1.606838193896692 2.1724794841720749 1.4739550983067604 2.7580577654298422 4.3896326044632614 2.9960623840743201 9.6182750366715464 2.6993555795634165 1.3497052575112318 1.5124146004673091
leaf_count=12 44 63 37 58 44 31 63 116 88 203 38 50 26
internal_value=-9.97341e-05 0.0263768 -0.00180294 -0.0320465 0.00117329 0.0232901 -0.00384724 -0.0100591 -0.00436767 -0.0160179 0.023278 -0.0180415 0.0205316
internal_weight=37.5057 2.26674 35.2389 3.15724 32.0817 5.9354 26.1463 21.2744 18.5164 12.6143 4.87184 2.82366 5.90205
internal_count=873 75 798 102 696 118 578 496 433 291 82 81 142
is_linear=0
shrinkage=0.0895223


Tree=169
num_leaves=21
num_cat=0
split_feature=28 40 13 41 73 53 56 40 29 22 13 23 31 33 29 24 48 16 2 41
split_gain=0.247839 0.654365 1.20429 0.625048 0.507813 0.512189 0.376743 0.590798 0.754302 0.642338 0.535555 0.712039 0.902627 0.396487 0.807859 0.367944 0.224739 0.172997 0.135817 0.00400554
threshold=1.6570000000000003 9.37374879850959 10.373881892920153 9.5039536722105051 -1.0000000180025095e-35 4.1960140000000008 36.335000000000001 11.255753144344501 0.095850000000000005 0.17455000000000001 9.7632376694651519 -0.73499999999999988 0.097500000000000017 14.050000000000002 0.097650000000000015 2.3427000000000002 10.221317691538639 4.5000000000000009 588.50000000000011 10.161696845873129
decision_type=2 2 2 10 2 2 8 2 2 2 2 2 2 2 2 2 10 2 8 10
left_child=6 -2 -3 -4 5 -5 -1 10 -9 18 11 16 -13 15 -15 -12 -8 19 -10 -11
right_child=1 2 3 4 -6 -7 7 8 9 17 13 12 -14 14 -16 -17 -18 -19 -20 -21
leaf_value=0.035002842792767629 0.062138897160842116 -0.053203088368041031 0.068181903354151682 0.013109229045116702 0.04216270248940468 -0.050416343881981802 -0.032590682068892318 0.046873248268651871 -0.032095655490916537 -0.098456761152888303 0.0058203769856780543 0.027236700715239832 -0.066422220372615193 0.023117268508207306 -0.043578385646601117 0.051249015322774059 -0.09444175815226559 -0.042598293414192787 0.012510942161290371 -0.089651216415879698
leaf_weight=1.7361354083986977 1.686423870269208 2.4274610574357203 1.6335284868255238 2.6184107004664812 2.1016601308947456 1.6632741778448688 0.84324485913384695 0.79844821154256251 1.1971014369919428 0.692257076269016 2.9621790315723029 2.778492717305205 1.1727159312868023 3.4203738737851381 2.5335555588244461 2.7606772389262915 1.0666276819538323 0.78433596016839136 1.0072449383442292 1.0853337304361046
leaf_count=32 23 61 22 52 35 41 28 24 47 25 51 64 53 66 47 36 53 19 23 71
internal_value=-9.29092e-05 0.0103955 0.00204029 0.0187681 0.00612231 -0.0115672 -0.00521541 -0.00823792 -0.0336527 -0.0471433 -0.000173653 -0.0222548 -0.000560289 0.0109095 -0.0052629 0.0277356 -0.0671352 -0.0776281 -0.0117117 -0.0930824
internal_weight=36.9695 12.1308 10.4443 8.01687 6.38335 4.28168 24.8387 23.1026 5.56472 4.76627 17.5379 5.86108 3.95121 11.6768 5.95393 5.72286 1.90987 2.56193 2.20435 1.77759
internal_count=873 234 211 150 128 93 639 607 209 185 398 198 117 200 113 87 81 115 70 96
is_linear=0
shrinkage=0.0895223


Tree=170
num_leaves=12
num_cat=0
split_feature=22 22 11 42 53 20 22 57 6 43 43
split_gain=0.221414 0.250009 0.55482 0.263226 0.471267 0.829295 0.68195 0.670312 0.555265 0.474646 0.461961
threshold=0.25365000000000004 0.24205000000000002 171.00000000000003 9.1560422043351135 1.8363300000000002 1.0632000000000001 0.20685000000000001 0.80750000000000022 1.0415000000000003 0.57550000000000001 0.57050000000000012
decision_type=2 2 10 2 2 2 2 10 2 2 2
left_child=1 3 -3 -1 6 -6 7 -5 10 -10 -7
right_child=-2 2 -4 4 5 8 -8 -9 9 -11 -12
leaf_value=0.034294391308508324 0.031290644251773518 -0.063404015546145179 0.013072679952359556 -0.03822361454358765 -0.045284273554648091 0.014050496998768739 -0.058974818155450831 0.034130111939552635 0.0099683978984568093 0.046764383863208595 -0.044489819804033916
leaf_weight=1.7648506920086244 1.7150379646918725 1.561400957318255 1.4815624929033218 1.9354576443438443 2.3798433953488738 1.9809581345762151 2.5212796594278188 2.18423008301761 12.716328520102254 3.6064388609956941 2.3760529663413763
leaf_count=38 31 59 27 44 59 47 65 44 335 69 55
internal_value=-0.000104552 -0.00166497 -0.0261677 0.000704532 -0.0012913 0.00476019 -0.0223046 0.000136958 0.0105195 0.0180985 -0.0178731
internal_weight=36.2234 34.5084 3.04296 31.4654 29.7006 23.0596 6.64097 4.11969 20.6798 16.3228 4.35701
internal_count=873 842 86 756 718 565 153 88 506 404 102
is_linear=0
shrinkage=0.0895223


Tree=171
num_leaves=19
num_cat=0
split_feature=11 11 20 25 51 56 44 53 53 53 12 20 6 20 28 43 12 22
split_gain=0.225038 0.798202 0.4796 0.537995 0.631409 0.496569 0.478192 0.305745 0.790015 0.706815 0.416872 0.554499 0.726735 0.561885 0.788743 0.297756 0.768845 0.288769
threshold=72.850000000000009 48.610000000000007 1.12565 136.50000000000003 1.8950000000000002 58.645000000000003 0.8500000000000002 5.4289620000000012 7.233616500000001 4.0541605000000009 49.080000000000005 1.1348500000000004 1.0815000000000003 1.0674500000000002 1.6570000000000003 0.60950000000000004 21.743500000000001 0.19145000000000004
decision_type=10 10 2 2 8 8 2 2 2 2 8 2 2 2 2 2 10 2
left_child=1 2 3 17 15 -4 -7 9 -9 10 -2 13 -13 -12 -15 16 -5 -1
right_child=7 -3 5 4 -6 6 -8 8 -10 -11 11 12 -14 14 -16 -17 -18 -19
leaf_value=-0.021992918298293956 0.039352724141598343 -0.078070338275125939 0.049091261118966008 -0.06232314491800324 -0.04659414805427612 0.019474881041136718 -0.049514477774632255 0.061760673551515925 -0.0085307697100575012 -0.044891312600238029 -0.030082457214392174 0.0080664829423197169 -0.074188849685916353 0.0016880385847269541 0.068465639295170327 0.063812706138196493 0.046519743569412235 -0.084533268377836368
leaf_weight=1.200259185279718 2.6547399736009583 1.2207399583421636 2.2952312463894486 0.85026109393220739 1.5908661907014874 2.3369923233985905 1.2284294646815395 2.4307164538768111 2.7100079810188618 2.4293468993855631 1.8628311888314781 1.8630730900913479 1.6000419742194933 3.8817575053544715 2.2330904931295663 0.97119695592846245 1.3395056349691001 1.1673356837418394
leaf_count=28 29 48 45 41 54 68 63 36 66 49 31 30 49 71 37 22 60 46
internal_value=-0.000103101 -0.00886199 -0.00235286 -0.017966 -0.000594346 0.0166131 -0.00429368 0.00563779 0.0247048 -0.000293554 0.00739256 -2.32179e-05 -0.0299364 0.0129617 0.0260752 0.0225555 0.00425566 -0.0528298
internal_weight=35.8664 14.2008 12.9801 7.11942 4.75183 5.86065 3.56542 21.6656 5.14072 16.5249 14.0955 11.4408 3.46312 7.97768 6.11485 3.16096 2.18977 2.36759
internal_count=873 475 427 251 177 176 131 398 102 296 247 218 79 139 108 123 101 74
is_linear=0
shrinkage=0.0895223


Tree=172
num_leaves=18
num_cat=0
split_feature=11 11 37 37 56 33 0 17 41 41 4 4 37 37 57 11 0
split_gain=0.192016 0.701917 0.595376 0.483019 0.585391 0.845213 0.543617 0.498867 0.297213 0.433015 0.33768 0.380422 0.409353 0.429001 0.341007 0.263749 0.000449209
threshold=72.850000000000009 48.610000000000007 0.14915000000000003 0.23345000000000002 58.645000000000003 17.750000000000004 0.65000000000000002 15.500000000000002 9.9379857591450698 10.049523127739493 0.31550000000000006 0.18400000000000002 0.23295000000000002 0.14915000000000003 0.89150000000000007 486.50000000000006 0.25000000000000006
decision_type=8 8 2 2 8 2 8 2 8 8 2 2 2 2 8 10 10
left_child=1 2 -1 7 -5 16 -7 -4 -2 -10 11 12 13 -11 -14 -12 -6
right_child=8 -3 3 4 5 6 -8 -9 9 10 15 -13 14 -15 -16 -17 -18
leaf_value=-0.060537492870657655 0.02644216389617059 -0.075061802294392799 -0.0064416333016725788 0.017441313355442616 -0.095668275464685801 0.046794417081855742 -0.046745863734176531 0.049992842988412681 -0.045608355658168259 0.0082513579861540846 -0.053961844733087801 0.046017177662903801 -0.0098489036420011181 -0.050208563254960883 0.031340913857526631 0.0021452202446134647 -0.092060513877205014
leaf_weight=1.2611187159200188 4.2266638358123627 1.1589182934840199 2.2706171715399233 2.8117720281588845 0.64043334592133783 0.96716984405065853 1.0262489392771386 2.807179810886737 1.5238874224014605 2.1638644067861588 1.2795416988374193 2.0203171144239596 2.4894677815027535 1.8799687020946292 4.5633231457322836 1.4126453960780052 0.67473776293627452
leaf_count=67 56 48 68 65 15 20 65 59 27 38 46 38 54 46 77 26 58
internal_value=-9.97316e-05 -0.00842181 -0.0022229 0.00434407 -0.0125907 -0.0381142 -0.00136004 0.0247566 0.00515675 -3.34978e-05 0.00435937 0.010287 0.00378141 -0.0189256 0.0168014 -0.02452 -0.0938201
internal_weight=35.1779 13.6182 12.4593 11.1982 6.12036 3.30859 1.99342 5.0778 21.5597 17.333 15.8091 13.1169 11.0966 4.04383 7.05279 2.69219 1.31517
internal_count=873 465 417 350 223 158 85 127 408 352 325 253 215 84 131 72 73
is_linear=0
shrinkage=0.0895223


Tree=173
num_leaves=17
num_cat=0
split_feature=40 54 23 73 40 23 23 25 13 41 49 9 30 22 23 9
split_gain=0.218629 0.600294 0.502481 0.591587 0.462045 0.409361 0.51573 0.711824 0.785998 0.741248 0.48992 0.41058 0.87099 0.595619 0.369635 0.313016
threshold=9.9542752213620016 48.07500000000001 -2.6649999999999996 -0.30299999999999999 10.172800541501593 -2.6199999999999997 0.31500000000000006 115.50000000000001 11.784873703018475 10.659032954714979 10.115554342502044 1.6130000000000002 0.52500000000000002 0.15105000000000005 -0.14499999999999999 0.6625000000000002
decision_type=2 2 2 2 2 2 2 2 2 10 10 8 2 2 2 10
left_child=1 -1 -3 -4 -2 10 7 -7 14 -10 -6 12 13 -8 -9 -5
right_child=4 2 3 15 5 6 11 8 9 -11 -12 -13 -14 -15 -16 -17
leaf_value=0.049363396818305545 -0.04854180188495355 -0.050106477834669781 -0.043838588515796841 -0.005988662384127352 0.046835587733699113 0.040199998762686186 0.013739724065045533 -0.032867376915137116 0.033623874548141051 -0.043360366922131667 -0.010339494141077779 0.044307085493875881 0.06007356279497833 -0.075856155216466242 -0.081107303982450557 0.039643768586758346
leaf_weight=2.4627373102121037 1.7894491862098245 1.3904757613781837 1.3406289465201551 1.9042059730709295 2.7300913447979864 1.4595833746134328 1.0878290008986367 4.3785058830690131 2.5455705960121122 1.6534032123454379 2.1444229141925462 2.2383382334373891 1.130625454126857 1.3114511866879182 1.7950742439425038 3.2789199739927426
leaf_count=38 52 43 48 67 48 27 28 114 61 70 49 29 21 63 55 60
internal_value=-0.000110495 0.0107646 -0.00124606 0.00916751 -0.00476152 -0.00127558 -0.00763402 -0.0183338 -0.0265708 0.00330942 0.0216821 0.0143134 -0.00470473 -0.0352321 -0.0468945 0.0228784
internal_weight=34.6413 10.377 7.91423 6.52375 24.2643 22.4749 17.6004 11.8321 10.3726 4.19897 4.87451 5.76824 3.52991 2.39928 6.17358 5.18313
internal_count=873 256 218 175 617 565 468 327 300 131 97 141 112 91 169 127
is_linear=0
shrinkage=0.0895223


Tree=174
num_leaves=16
num_cat=0
split_feature=9 9 6 58 31 33 58 9 39 4 20 0 1 11 25
split_gain=0.206889 0.670109 0.457975 0.64014 0.583787 0.535692 0.720387 0.43907 0.687818 0.415502 0.316979 0.30513 0.602747 0.390622 0.490214
threshold=0.8045000000000001 0.96150000000000013 1.1535000000000002 3984.5000000000005 0.11750000000000001 23.250000000000004 947.00000000000011 1.1325000000000001 1.0000000180025095e-35 0.060000000000000005 1.1110500000000003 1.2500000000000002 2.0585000000000004 461.50000000000006 153.50000000000003
decision_type=8 8 2 2 2 2 2 8 2 2 2 10 8 8 2
left_child=2 -2 3 5 9 6 -1 -3 11 -4 -11 13 -13 14 -9
right_child=1 7 4 -5 -6 -7 -8 8 -10 10 -12 12 -14 -15 -16
leaf_value=-0.092806464724110693 0.040313985664380068 -0.040432540012337495 0.055529588844322388 -0.093056051675852222 -0.045477689581531151 0.02123783603265517 -0.0036424212755812296 0.022100217095161218 -0.032835802868138989 -0.044926483647786737 0.029020771984456763 0.026723771047412255 -0.060778606138411156 0.043549071620012487 -0.026520110592249544
leaf_weight=1.1736539953562881 3.5836085013579604 2.1048587714321938 1.9667083292151804 0.97500500206660934 1.1695260096093987 2.0723434914543759 1.9049401985248549 5.416055232752111 3.4520588016603133 0.82449073130555905 1.064178491826169 1.2844621025142253 1.2398505666060371 3.3955557830631786 2.3976067705079913
leaf_count=71 61 55 46 66 61 54 64 87 57 36 42 44 39 44 46
internal_value=-0.000110228 0.00476364 -0.0101085 -0.0265401 0.00992285 -0.0139488 -0.0376356 -0.0018404 0.00288608 0.0267295 -0.00325869 0.0118654 -0.0162528 0.0181979 0.0071807
internal_weight=34.0249 22.8741 11.1508 6.12594 5.0249 5.15094 3.07859 19.2904 17.1856 3.85538 1.88867 13.7335 2.52431 11.2092 7.81366
internal_count=873 433 440 255 185 189 135 372 317 124 78 260 83 177 133
is_linear=0
shrinkage=0.0895223


Tree=175
num_leaves=14
num_cat=0
split_feature=34 20 73 29 32 48 69 20 57 10 43 69 52
split_gain=0.209932 0.249348 0.32489 0.73123 0.71067 0.4523 0.394921 0.527125 0.380093 0.553889 0.375393 0.349424 0.332511
threshold=2.5000000000000004 1.0423500000000001 -0.18349999999999997 0.19725000000000001 1.0000000180025095e-35 9.3889577645948563 0.88515000000000021 1.1467500000000002 0.87400000000000011 0.57350000000000001 0.5545000000000001 0.99265000000000014 85.705000000000027
decision_type=2 2 2 2 10 10 10 2 10 2 2 8 2
left_child=1 -1 3 8 5 -4 7 -7 9 12 -10 -11 -3
right_child=-2 2 4 -5 -6 6 -8 -9 10 11 -12 -13 -14
leaf_value=-0.039672360711535001 0.032619233433075018 -0.0057866108167175462 -0.053981275221552084 -0.063245387954419335 0.052862956566150927 0.0063373060318852445 0.04677871937718521 -0.044864989325914921 -0.058598559227650032 -0.063861377283890949 0.0037823603018131979 0.007913859528087026 0.049453217509052634
leaf_weight=1.3253325222176524 1.4993405925342802 1.3076023146277349 1.1367112089647005 1.8730318850721221 2.3720044728397616 12.612020021115313 1.5916181101929385 1.8474097739672295 1.5494729339843618 1.0059341673622841 1.5428019548999143 1.1825002169643992 2.6286841104156338
leaf_count=38 26 49 63 46 57 283 23 76 51 35 33 42 51
internal_value=-0.000119972 -0.00165525 -1.1232e-05 -0.0122519 0.00692882 0.000589451 0.00445429 -0.000204309 -0.00188887 0.0110282 -0.0274742 -0.0250766 0.0311021
internal_weight=33.4745 31.9751 30.6498 11.09 19.5598 17.1878 16.051 14.4594 9.217 6.12472 3.09227 2.18843 3.93629
internal_count=873 847 809 307 502 445 382 359 261 177 84 77 100
is_linear=0
shrinkage=0.0895223


Tree=176
num_leaves=17
num_cat=0
split_feature=70 16 33 53 10 10 33 58 73 48 43 58 31 53 31 0
split_gain=0.18538 0.346457 0.255214 0.443076 0.270884 0.656438 0.704367 0.607577 0.353689 0.477671 0.421725 0.315282 0.374669 0.530527 0.357749 0.20624
threshold=1.3820000000000003 2.5000000000000004 25.450000000000003 2.4282955000000004 0.43050000000000005 0.32450000000000007 12.900000000000002 474.50000000000006 -0.63349999999999984 10.960711810874871 0.55750000000000022 401.50000000000006 0.13050000000000003 5.7799090000000009 0.17450000000000002 2.0500000000000003
decision_type=2 2 2 2 2 2 2 2 2 10 2 2 2 2 2 10
left_child=2 -2 4 -4 5 6 -1 -8 9 -6 -11 -10 13 -13 -14 -5
right_child=1 -3 3 15 8 -7 7 -9 11 10 -12 12 14 -15 -16 -17
leaf_value=0.058131171678224187 0.013130162444547419 -0.075972506999713779 0.059348273174611735 -0.020239562391732933 -0.071307355738139039 -0.093090329983541886 -0.095636452461479893 0.0089843161749251221 0.038929360340836452 -0.037284443006025195 0.027853754881123596 -0.021026886881902393 0.049941828765186984 0.018771771411360928 0.0030670520738153868 0.027094049414841059
leaf_weight=0.96649405409699074 0.69028874213108682 0.70874852070846828 1.5725805618567381 1.6711781261838043 1.1406769233872278 0.85984272591304023 0.78732225790736254 1.0226315157779025 2.1635101218707815 1.5497764832398391 1.6389432168216442 7.3311974484531692 2.1955944121000348 4.2348502362874569 3.2168019974778872 1.3207675829762591
leaf_count=22 29 44 27 46 42 46 31 47 38 47 34 165 36 108 65 46
internal_value=-0.000115812 -0.0320064 0.00129276 0.0208764 -0.0020047 -0.0247409 -0.00357234 -0.0365233 0.00151754 -0.0215897 -0.00380348 0.00674397 0.00264247 -0.0064545 0.022083 0.000654231
internal_weight=33.0712 1.39904 31.6722 4.56453 27.1076 3.63629 2.77645 1.80995 23.4714 4.3294 3.18872 19.142 16.9784 11.566 5.4124 2.99195
internal_count=873 73 800 119 681 146 100 78 535 123 81 412 374 273 101 92
is_linear=0
shrinkage=0.0895223


Tree=177
num_leaves=19
num_cat=0
split_feature=40 54 50 54 22 30 9 25 11 11 40 40 25 40 43 54 33 2
split_gain=0.201674 0.578015 0.677893 0.361464 0.68091 0.641596 0.509632 0.589033 0.628714 0.533619 0.404439 0.412095 0.4504 0.380389 0.340753 0.25838 0.503806 0.1759
threshold=9.9236577082884576 48.07500000000001 0.57950000000000002 36.595000000000006 0.22460000000000005 0.68750000000000011 1.7255000000000003 175.50000000000003 44.330000000000005 604.50000000000011 10.172800541501593 10.390771436669622 152.50000000000003 10.838547761997971 0.57550000000000001 68.290000000000006 22.550000000000004 319.00000000000006
decision_type=2 2 2 2 2 2 10 2 8 10 2 2 2 2 2 2 2 10
left_child=1 -1 15 5 10 6 7 8 17 -10 -5 -12 13 -13 -6 -3 -17 -2
right_child=3 2 -4 4 14 -7 -8 -9 9 -11 11 12 -14 -15 -16 16 -18 -19
leaf_value=0.052318300406366695 -0.011992995033511476 0.038904423361840246 -0.039623876529711242 -0.047184753853360267 -0.092205384844850594 0.047274581827118703 0.027368791944100423 0.035503405731661573 -0.065859821369730634 0.00037844277965258424 0.04854085584395363 0.046195706206216332 -0.041391197633660809 -0.017437656806224739 -0.023464075858614337 -0.046880724548319173 0.03776055049567692 0.042070173959095125
leaf_weight=2.1036042594350857 0.95028106282552938 2.4416805916116573 2.4168489486910403 1.4503983876202236 1.2299154743959664 2.3767872247844926 3.0076587244984694 1.4600372803979551 3.1687805833353169 1.4075672131730241 1.3766170506714841 1.5125461827265101 1.8724977093224877 1.4988994394225299 1.0904994163138324 1.0899321390315893 1.167040122876642 0.97923384635942057
leaf_count=33 45 61 67 36 69 43 51 28 101 30 28 26 52 59 36 59 24 25
internal_value=-0.000121536 0.0110917 -0.0010959 -0.00454292 -0.0173838 0.00510536 -0.00402784 -0.0158826 -0.0274152 -0.0454858 -0.00458874 0.005279 -0.00691431 0.014522 -0.0599014 0.018721 -0.00311263 0.0154423
internal_weight=32.6008 9.21911 7.1155 23.3817 10.0314 13.3503 10.9736 7.9659 6.50586 4.57635 7.71096 6.26056 4.88394 3.01145 2.32041 4.69865 2.25697 1.92951
internal_count=873 244 211 629 306 323 280 229 201 131 201 165 137 85 105 144 83 70
is_linear=0
shrinkage=0.0895223


Tree=178
num_leaves=14
num_cat=0
split_feature=31 32 13 49 40 40 33 54 40 40 47 44 10
split_gain=0.190279 0.286249 0.258809 0.60997 0.250606 0.442516 0.349118 0.384899 0.424964 0.321293 0.352605 0.150209 0.148496
threshold=0.25050000000000006 4.6000000000000005 8.9203589633284661 8.1285327728384846 9.9236577082884576 10.172800541501593 10.850000000000003 48.920000000000009 9.4138845332993544 10.318065998445826 12.275741228255209 0.45000000000000007 0.25450000000000006
decision_type=2 10 2 8 2 2 2 2 2 2 2 2 2
left_child=1 2 3 -1 6 -6 -4 -8 -9 -7 -11 -3 -5
right_child=-2 11 4 12 5 9 7 8 -10 10 -12 -13 -14
leaf_value=0.036454415533379671 0.022379733787035692 -0.0091020393644786462 -0.020045016954679886 -0.0300038131896103 -0.045445401641828503 0.043734380856779359 0.069717454838860021 0.040778993521178919 -0.024607954154473997 -0.022450171356646766 0.0066962857007765624 -0.060111712380970787 -0.092191392526933869
leaf_weight=0.69567356031621819 2.7520650561491484 0.86985904094762989 1.4520329842343951 0.50950077202287503 1.7493573729298102 1.3497801385819936 1.3886794419959185 1.907594604068436 1.3676671930006703 4.6784765830379937 11.510368900999309 0.98874637382687069 0.77787281526252627
leaf_count=27 60 18 26 31 46 21 23 36 57 117 303 53 55
internal_value=-0.000124587 -0.00224241 6.47078e-05 -0.0310834 0.00249629 -0.00251041 0.0182865 0.0302211 0.0134739 0.00177186 -0.00172664 -0.0362403 -0.0675824
internal_weight=31.9977 29.2456 27.387 1.98305 25.404 19.288 6.11597 4.66394 3.27526 17.5386 16.1888 1.85861 1.28737
internal_count=873 813 742 113 629 487 142 116 93 441 420 71 86
is_linear=0
shrinkage=0.0895223


Tree=179
num_leaves=11
num_cat=0
split_feature=42 33 25 23 40 33 23 40 42 44
split_gain=0.209822 0.26801 0.253562 0.353678 0.523358 0.379022 0.596279 0.50229 0.552852 0.416093
threshold=14.723580402904885 7.3500000000000005 193.50000000000003 -2.5049999999999994 10.237737648734887 10.950000000000001 -0.17499999999999996 9.9542752213620016 10.501450315902366 0.25000000000000006
decision_type=2 2 2 2 2 2 2 2 2 2
left_child=1 -1 3 4 -3 6 -5 9 -9 -7
right_child=-2 2 -4 5 -6 7 -8 8 -10 -11
leaf_value=0.038113556678697681 -0.036470774009603399 -0.015444291445422609 -0.039945429400070127 0.0072895344254320796 0.041829711847531821 0.044612778189320711 -0.072547406606531001 -0.05878926213118707 -0.0022198671920228082 -0.0028745692297373403
leaf_weight=1.5097739715129197 1.2233101559177146 1.9889876100351198 1.2542558051063668 1.4690369285526688 3.5798019350622781 3.1598238451406386 1.5310045271762636 1.5719829472363915 11.61346712739032 2.7792980132362572
leaf_count=21 42 58 40 44 68 66 40 54 342 98
internal_value=-0.000117935 0.00134204 -0.000575662 0.0012073 0.0213727 -0.00386819 -0.0334523 0.000772428 -0.0089644 0.0223898
internal_weight=31.6807 30.4574 28.9477 27.6934 5.56879 22.1246 3.00004 19.1246 13.1855 5.93912
internal_count=873 831 810 770 126 644 84 560 396 164
is_linear=0
shrinkage=0.0895223


Tree=180
num_leaves=20
num_cat=0
split_feature=9 47 43 51 48 22 56 9 9 42 9 39 10 19 10 16 56 19 56
split_gain=0.208155 0.567347 0.590596 0.335154 0.574922 0.390405 0.390778 0.292907 0.507915 0.402666 0.351706 0.482988 0.522889 0.603258 0.43626 0.407644 0.354362 0.184257 0.0223669
threshold=0.6625000000000002 10.641507629350906 0.59750000000000003 28.030000000000005 12.620437258865012 0.22755000000000003 55.765000000000008 0.96150000000000013 0.88400000000000012 12.183745488003145 1.1325000000000001 1.0000000180025095e-35 0.57450000000000012 1.0000000180025095e-35 0.5335000000000002 2.5000000000000004 69.310000000000016 1.0000000180025095e-35 26.090000000000003
decision_type=8 2 2 10 10 2 8 8 10 2 8 2 2 2 2 2 8 2 10
left_child=1 -1 3 4 5 6 -3 8 9 -2 -9 12 13 14 -12 -15 -14 -7 -6
right_child=7 2 -4 -5 18 17 -8 10 -10 -11 11 -13 16 15 -16 -17 -18 -19 -20
leaf_value=-0.092349844758963115 0.02884992798324746 0.049370040335105704 0.045828859371810887 0.039071430040479631 -0.066721937186283969 -0.095334921810192805 -0.016704468277964298 -0.036836107800214526 0.061469482336491778 -0.032772327411068655 0.021205571537215275 -0.027867752771656141 -0.041526219163448209 0.02874900428525012 0.077546402367961703 -0.032121959627756116 0.0083043421551157702 -0.02008367452996979 -0.092968765215879545
leaf_weight=0.65347839196329172 2.0137821113457934 1.0602050666930156 1.4568773061037061 0.73752957209944714 0.4235900296771431 0.52861844702420036 2.218080917140469 1.9770997084560828 1.7944062917958943 1.4702937820693476 2.406969416595528 3.200009149266406 1.9732037987560032 1.7121511717559772 2.0310591645538807 1.8178078919881953 2.7204910283908248 0.51494221581378952 0.68046054018486757
leaf_count=48 43 26 35 15 49 35 93 55 27 53 54 57 37 32 31 45 61 35 42
internal_value=-0.000111708 -0.0122972 -0.00543178 -0.0175491 -0.025246 -0.0105165 0.00466308 0.00424937 0.0227743 0.00284406 -0.00123194 0.00320576 0.0110593 0.0250223 0.0469907 -0.00259643 -0.0126434 -0.0582059 -0.0829019
internal_weight=31.3911 8.27378 7.6203 6.16343 5.4259 4.32185 3.27829 23.1173 5.27848 3.48408 17.8388 15.8617 12.6617 7.96799 4.43803 3.52996 4.69369 1.04356 1.10405
internal_count=873 378 330 295 280 189 119 495 123 96 372 317 260 162 85 77 98 70 91
is_linear=0
shrinkage=0.0895223


Tree=181
num_leaves=16
num_cat=0
split_feature=11 33 43 58 21 48 48 49 12 6 24 12 31 11 24
split_gain=0.206051 0.317277 0.278903 0.285 0.530575 0.433157 0.528665 0.521377 0.526864 0.579945 0.420146 0.634428 0.420605 0.413383 0.405776
threshold=604.50000000000011 14.450000000000001 0.67450000000000021 645.50000000000011 0.89105000000000012 10.796253277971307 10.633620804612052 9.7625591075385216 30.015500000000003 1.1345000000000003 16.475250000000006 228.03350000000003 0.13550000000000004 25.465000000000003 0.54280000000000006
decision_type=10 2 2 2 2 8 10 8 10 2 2 10 2 10 2
left_child=2 -2 3 4 -1 6 13 8 9 -7 12 -12 -9 -5 -6
right_child=1 -3 -4 5 14 7 -8 10 -10 -11 11 -13 -14 -15 -16
leaf_value=0.012152903230959992 -0.011493047602429449 0.036077405348320005 0.033158338964454803 -0.048066832050330896 -0.023275337404642646 0.022969847143576749 0.07470523012352831 -0.00045303752204810699 -0.087804654982127556 -0.057288776330610421 -0.06947814025738025 0.019140308851123826 0.042596027232857832 0.028044430818549463 -0.094547850701144548
leaf_weight=1.7614172716857961 1.8647857410833228 2.8268094519153237 1.5875734933069896 0.84712315796787496 1.6437259706726766 1.5130668113124586 1.2204861188074572 7.214957553369457 1.112187356688082 1.3792532189399933 1.4540460814314422 1.1670168188866226 2.4319492899812758 1.7602037428296169 1.0487671805603893
leaf_count=41 31 55 43 68 63 43 18 158 43 59 54 53 50 46 48
internal_value=-0.000106133 0.0171686 -0.00320653 -0.00555788 -0.0260469 -0.00101765 0.0260781 -0.00739166 -0.0354391 -0.0153016 0.00176327 -0.0300198 0.0103991 0.00331442 -0.0510384
internal_weight=30.8334 4.6916 26.1418 24.5542 4.45391 20.1003 3.82781 16.2725 4.00451 2.89232 12.268 2.62106 9.64691 2.60733 2.69249
internal_count=873 86 787 744 152 592 132 460 145 102 315 107 208 114 111
is_linear=0
shrinkage=0.0895223


Tree=182
num_leaves=10
num_cat=0
split_feature=8 8 24 4 4 20 54 50 9
split_gain=0.190395 0.3881 0.326411 0.330912 0.491258 0.377864 0.466627 0.371577 0.306205
threshold=0.76350000000000018 0.82800000000000007 0.35270000000000007 -0.12349999999999998 -1.0000000180025095e-35 1.1395500000000001 49.460000000000008 0.60950000000000004 1.76
decision_type=2 2 2 2 2 2 2 2 10
left_child=8 -2 -3 -4 -5 7 -7 -6 -1
right_child=1 2 3 4 5 6 -8 -9 -10
leaf_value=-0.067232378066908113 0.032334409127305702 -0.039209449295390462 0.027972333899887385 -0.050573105986203917 0.010846478992187785 -0.0041146504479743747 -0.080709053278759268 -0.03324066432678293 0.005607925975265219
leaf_weight=0.85544278216548519 2.9680905179120627 1.7475597552256683 3.1359297915478335 1.6193687145314601 14.398072612559178 1.9719958611094619 0.94198170525487501 1.7145147492556123 1.0067897933768106
leaf_count=52 67 56 60 48 397 69 54 47 23
internal_value=-0.000117308 0.00169484 -0.00186722 0.000876643 -0.00323877 0.000789709 -0.028876 0.00615501 -0.0278504
internal_weight=30.3597 28.4975 25.5294 23.7819 20.6459 19.0266 2.91398 16.1126 1.86223
internal_count=873 798 731 675 615 567 123 444 75
is_linear=0
shrinkage=0.0895223


Tree=183
num_leaves=13
num_cat=0
split_feature=11 40 23 43 24 50 2 40 40 6 58 58
split_gain=0.188881 0.295648 0.250184 0.362929 0.447857 0.320493 0.346042 0.498745 0.398708 0.342075 0.522424 0.205199
threshold=604.50000000000011 12.382766006549089 3.9650000000000003 0.64850000000000019 29.871950000000002 0.5375000000000002 39.560000000000009 11.641506468280427 9.9236577082884576 1.1795000000000002 4166.5000000000009 17601.500000000004
decision_type=10 2 2 2 2 2 10 2 2 2 2 2
left_child=2 -2 3 4 5 6 8 -8 -1 10 -7 -6
right_child=1 -3 -4 -5 11 9 7 -9 -10 -11 -12 -13
leaf_value=0.016124196401767519 0.036075497047780514 -0.0096485768427808857 0.033561677150741182 0.024997182169688176 -0.094931793474199541 -0.013892039645150879 0.04339493447197449 -0.01769415761266447 -0.048675371349880134 0.018484355273025988 -0.073843027891809104 -0.02244565194606106
leaf_weight=1.5566097475821323 2.6490537417121223 1.9804996296297757 1.4061903694528144 2.8024928682134478 0.67052961324225069 8.7921697246347303 3.2085261712200008 1.6076527106051797 1.4887141849467296 2.0227947452221988 1.342885679390746 0.58726747854962014
leaf_count=58 45 41 37 68 43 243 58 54 74 60 62 30
internal_value=-0.000120254 0.0165142 -0.00314208 -0.00528563 -0.00927446 -0.00601871 0.00806709 0.0230025 -0.015552 -0.0151272 -0.0218358 -0.0610908
internal_weight=30.1154 4.62955 25.4858 24.0796 21.2772 20.0194 7.8615 4.81618 3.04532 12.1579 10.1351 1.2578
internal_count=873 86 787 750 682 609 244 112 132 365 305 73
is_linear=0
shrinkage=0.0895223


Tree=184
num_leaves=16
num_cat=0
split_feature=50 43 48 56 41 52 73 30 54 6 6 54 10 43 0
split_gain=0.204059 0.423253 0.453639 0.348653 0.336861 0.66916 0.499777 0.459154 0.446162 0.612819 0.414502 0.402622 0.27982 0.239298 8.45629e-05
threshold=0.67250000000000021 0.6645000000000002 9.2267234357482817 54.525000000000013 9.1185570695672453 79.510000000000005 -0.30299999999999999 0.41875000000000001 47.615000000000009 1.0335000000000003 1.1395000000000002 42.605000000000011 0.53050000000000008 0.58950000000000002 3.6500000000000008
decision_type=2 2 10 8 10 2 2 2 2 2 2 2 2 2 8
left_child=1 2 3 -1 8 6 -6 10 -4 12 -7 -8 -10 -11 -5
right_child=-2 -3 4 14 5 7 11 -9 9 13 -12 -13 -14 -15 -16
leaf_value=0.0034006810786124629 -0.037042889688678048 0.049311822850797979 0.051533380864711466 -0.093684671622889376 -0.083476133566532343 -0.034613773324365861 -0.05759014093944298 0.032193450979731107 -0.05458539779654123 0.01026383851573941 0.0063957393259283131 0.010465244809226504 -0.0027963702890294873 0.059910536238816064 -0.091007431603612771
leaf_weight=0.5126098798355182 1.1532133729488112 1.403263357002287 2.1021170802414435 0.38302190805552538 1.2860752948326988 2.8408500405785144 1.1530705236364185 3.4335820139967828 1.2392147274222227 1.6369842240237633 6.482258332780475 1.7600189609802326 2.5708851731906179 1.4832763192243872 0.36727844343113247
leaf_count=12 36 26 35 17 66 79 35 67 50 54 197 69 52 23 55
internal_value=-0.000120696 0.00136513 -0.00110369 -0.0534995 0.00144237 -0.00599641 -0.0369938 0.00420682 0.0154069 0.00444852 -0.00609991 -0.0164715 -0.0196414 0.0338655 -0.0923789
internal_weight=29.8077 28.6545 27.2512 1.26291 25.9883 16.9559 4.19916 12.7567 9.03248 6.93036 9.32311 2.91309 3.8101 3.12026 0.7503
internal_count=873 837 811 84 727 513 170 343 214 179 276 104 102 77 72
is_linear=0
shrinkage=0.0895223


Tree=185
num_leaves=16
num_cat=0
split_feature=29 29 41 40 6 44 69 29 49 56 49 6 56 51 51
split_gain=0.183604 0.362462 0.360824 0.301717 0.557748 0.360971 0.416699 0.322906 0.358498 0.270516 0.261469 0.258673 0.305952 0.491829 0.308803
threshold=0.19485000000000002 0.19715000000000002 10.033974792425818 11.255753144344501 1.1545000000000003 0.8500000000000002 0.91910000000000014 0.14430000000000001 9.8754688545718192 92.90000000000002 10.803523755977597 0.96450000000000002 69.580000000000013 -11.499999999999998 1.8950000000000002
decision_type=2 2 10 2 2 2 8 2 10 8 8 2 8 10 8
left_child=3 -2 -3 7 9 -6 -7 8 11 -5 -8 -1 14 -14 -13
right_child=1 2 -4 4 5 6 10 -9 -10 -11 -12 12 13 -15 -16
leaf_value=0.033756693089705136 0.038117581363793923 0.022820022490984446 -0.027544043162057691 -0.093642823487216559 0.035946395419417347 0.016005594294220358 -0.094631483874203323 -0.031531288227774165 0.042931557909872763 -0.030514236892483126 -0.012430361519982523 0.038059030883223967 -0.052104667137400869 0.00068907316010337609 -0.014744997620469814
leaf_weight=1.6963449739851117 2.7134704841300836 2.2069012449355796 2.35820286469243 0.92751623535877969 1.3930121159064586 1.2300189399102239 0.68410133366705816 1.9819500747253176 1.9271574445301656 1.3162750249612143 0.56748252639954455 2.1989364335313413 2.0330628850788344 4.6454779821506245 1.4882198918785436
leaf_count=32 48 43 61 53 31 46 48 60 33 52 30 49 98 154 35
internal_value=-0.000125622 0.0122054 -0.00319583 -0.0041889 -0.0210928 -0.000523145 -0.0209963 0.00228662 0.00707811 -0.0566113 -0.0573634 0.00134949 -0.0039536 -0.0153817 0.0167452
internal_weight=29.3681 7.27857 4.5651 22.0896 6.11841 3.87461 2.4816 15.9711 13.9892 2.24379 1.25158 12.062 10.3657 6.67854 3.68716
internal_count=873 152 104 721 260 155 124 461 401 105 78 368 336 252 84
is_linear=0
shrinkage=0.0895223


Tree=186
num_leaves=23
num_cat=0
split_feature=9 4 20 22 43 23 13 41 42 41 4 0 54 24 24 58 1 1 43 51 9 51
split_gain=0.17991 0.380178 0.426151 0.468183 0.350547 0.401642 0.256709 0.337031 1.03217 0.452443 0.397745 0.374439 0.610826 0.711707 0.566676 0.331542 0.262701 0.245983 0.26037 0.207296 0.138571 0.000575376
threshold=0.6625000000000002 -0.20599999999999996 1.1336000000000002 0.22255000000000003 0.57950000000000002 -0.55499999999999994 9.504897370467468 9.9617174555311436 12.834682363998267 10.284308258819376 0.0080000000000000019 1.2500000000000002 34.935000000000009 2.2012000000000005 0.99975000000000014 350.50000000000006 1.1215000000000002 1.2550000000000001 0.5415000000000002 -10.219999999999997 0.29250000000000004 3.5450000000000004
decision_type=8 2 2 2 2 2 2 10 2 10 2 10 2 2 2 2 10 10 2 10 10 8
left_child=1 -1 3 17 5 -4 15 11 19 -10 -11 12 -8 14 -14 -2 -13 -3 -19 -9 -20 -5
right_child=6 2 4 21 -6 -7 7 8 9 10 -12 16 13 -15 -16 -17 -18 18 20 -21 -22 -23
leaf_value=0.056051637436638949 0.012588447805939353 0.027200189887595795 0.019798205799841272 -0.090956135967997689 0.056511228331620623 -0.068702925565476081 0.064635353414036881 -0.026591398064292393 0.057056602739576065 -0.041975671958176725 0.022097830594188274 0.016723118396104471 0.0046515241327204741 -0.032056799640322362 0.063901038711220118 -0.054423548803027563 -0.049090628472836739 -0.078892484281511119 0.010181177114113088 -0.078044107816504324 -0.037402536496551772 -0.095876061940888879
leaf_weight=0.6044931401265784 1.0938592305174126 0.69642828029464299 1.1194966582697816 0.5167750609689391 0.87785093678394321 0.64930250079487462 2.2843123381026107 1.1806176468962806 1.5246865162625907 1.240236106910743 2.0762815483030863 0.90079227389651251 3.1237295162864029 2.1269456935115159 2.2083787675946951 1.2886897682910783 1.0555709510226732 0.71254744705220252 0.89899500383762632 1.3402029526769172 1.0791139709763227 0.3777167173793714
leaf_count=11 29 30 34 63 22 64 34 25 23 40 54 33 55 37 31 50 37 55 39 47 42 18
internal_value=-0.000132056 -0.012034 -0.017975 -0.0354313 0.0102633 -0.0126873 0.00404854 0.00751155 -0.00749443 0.0166932 -0.00186184 0.0169543 0.0241308 0.011726 0.0291913 -0.023656 -0.0187854 -0.020217 -0.0324915 -0.0539478 -0.0157753 -0.0930377
internal_weight=28.977 7.53272 6.92823 4.28158 2.64665 1.7688 21.4443 19.0618 7.36202 4.8412 3.31652 11.6997 9.74337 7.45905 5.33211 2.38255 1.95636 3.38708 2.69066 2.52082 1.97811 0.894492
internal_count=873 378 367 247 120 98 495 416 189 117 94 227 157 123 86 79 70 166 136 72 81 81
is_linear=0
shrinkage=0.0895223


Tree=187
num_leaves=11
num_cat=0
split_feature=34 42 38 48 51 31 48 29 33 9
split_gain=0.178578 0.196672 0.558719 0.3698 0.299879 0.30478 0.333445 0.593284 0.31034 0.206978
threshold=2.5000000000000004 14.077088449789487 1.2225000000000004 14.038551221184827 -29.254999999999999 0.07400000000000001 12.620437258865012 0.19415000000000002 8.2500000000000018 2.4120000000000004
decision_type=2 2 2 8 8 2 8 2 2 10
left_child=1 3 -3 4 9 -6 8 -8 -7 -1
right_child=-2 2 -4 -5 5 6 7 -9 -10 -11
leaf_value=-0.055215902698668988 0.032616273617901786 -0.080477753215356093 0.017990184561464718 0.049763705631860833 0.036997447827841624 0.046134187751585343 -0.062097552126846152 0.017330051444514147 -0.00038130745108363811 0.00041650830618986334
leaf_weight=1.3529092945391314 1.2745503885671485 0.89833227629423962 0.95029287226498127 1.1599551075487387 1.7543158223270605 1.2400681637227595 1.8042309171432855 1.2942594214109702 15.735322036183787 0.88735980540513981
leaf_count=67 26 51 34 31 58 20 73 32 461 20
internal_value=-0.000131109 -0.0016727 -0.029858 0.000392445 -0.0019868 0.0012143 -0.00191271 -0.028919 0.00301648 -0.0331786
internal_weight=28.3516 27.077 1.84863 25.2284 24.0685 21.8282 20.0739 3.09849 16.9754 2.24027
internal_count=873 847 85 762 731 644 586 105 481 87
is_linear=0
shrinkage=0.0895223


Tree=188
num_leaves=18
num_cat=0
split_feature=9 55 11 58 12 44 11 53 41 25 53 57 25 6 10 9 41
split_gain=0.163314 0.462872 0.463887 0.471961 0.530305 0.415292 0.653684 0.331268 0.634045 0.454745 0.610976 0.607531 0.355772 0.345536 0.293318 0.259851 0.552688
threshold=0.6625000000000002 2784.0000000000005 -34.284999999999989 447.50000000000006 21.958500000000004 3.7000000000000006 146.50000000000003 1.8363300000000002 9.8874576443228577 136.50000000000003 3.2675920000000001 0.88550000000000006 137.50000000000003 1.1125000000000003 0.55950000000000022 1.0015000000000003 9.5039536722105051
decision_type=10 2 10 2 10 2 10 2 10 2 2 10 2 2 2 10 10
left_child=1 2 -1 -4 -5 6 -6 8 12 11 14 13 -2 -9 -11 -12 -17
right_child=7 -3 3 4 5 -7 -8 9 -10 10 15 -13 -14 -15 -16 16 -18
leaf_value=-0.091448843504932931 0.035445483495107892 0.037425084450757935 -0.073096566230322194 0.042481146575512711 -0.085621574225463695 0.032675732406801161 -0.0046706283868000516 -0.0098615328174621753 -0.064524216166394366 0.026543021018122111 0.028355770901338045 0.029278566587149179 -0.022672057749321215 -0.069429482595901801 0.077073586215663029 0.028036731933013811 -0.046675078265909838
leaf_weight=0.64492160615918681 1.6517719452967896 1.3870245951839022 0.885412176721731 1.5273767256294375 1.2293595588562314 0.98938044545138826 2.2863129767210921 1.9877902200678357 1.4799505950650198 1.8526869560009784 2.1434667048742995 2.0099455206654966 1.7264287602156398 1.2850579635414758 1.8306110221892593 1.4826509514823558 1.7072183971176853
leaf_count=78 28 49 37 44 78 59 70 45 55 43 48 35 49 41 37 38 39
internal_value=-0.000129499 -0.0101134 -0.0188326 -0.0120623 -0.00310342 -0.018559 -0.0329786 0.00453448 -0.0156616 0.0113962 0.0236162 -0.00946 0.00574346 -0.0332515 0.0516579 0.00424946 -0.0119479
internal_weight=28.1074 8.94979 7.56276 6.91784 6.03243 4.50505 3.51567 19.1576 4.85815 14.2994 9.01663 5.28279 3.3782 3.27285 3.6833 5.33334 3.18987
internal_count=873 415 366 288 251 207 148 458 132 326 205 121 77 86 80 125 77
is_linear=0
shrinkage=0.0895223


Tree=189
num_leaves=11
num_cat=0
split_feature=50 43 48 23 10 11 22 43 48 40
split_gain=0.162813 0.337703 0.360689 0.364224 0.449622 0.348497 0.454763 0.28172 0.278671 0.21721
threshold=0.66900000000000015 0.65450000000000019 9.2267234357482817 1.655 0.61900000000000011 604.50000000000011 0.18615000000000001 0.57050000000000012 11.759037367387082 9.8876722658516183
decision_type=2 2 10 2 2 10 2 2 10 2
left_child=1 2 7 4 5 6 -4 -1 -5 -6
right_child=-2 -3 3 8 9 -7 -8 -9 -10 -11
leaf_value=-0.0046082092649019869 -0.031403400278442795 0.042788203677373085 -0.025445337126311408 0.060956883174122428 -0.011650584016052052 0.029293034729028163 0.0070284159078728946 -0.095494131662305776 0.0035748651932222186 -0.067418152747244262
leaf_weight=0.53150168279536092 1.2732438693928987 1.4886727426201094 5.1523068559909104 1.3475093553715844 1.076218829606659 3.0772532229311755 10.49755362003634 0.56289707950782031 1.3659731517400358 1.1667375574288597
leaf_count=41 39 35 170 37 25 58 318 41 43 66
internal_value=-0.000139538 0.0013758 -0.00111213 0.00120955 -0.00278382 0.0017526 -0.00366249 -0.0513581 0.032072 -0.0406613
internal_weight=27.5399 26.2666 24.778 23.6836 20.9701 18.7271 15.6499 1.0944 2.71348 2.24296
internal_count=873 834 799 717 637 546 488 82 80 91
is_linear=0
shrinkage=0.0895223


Tree=190
num_leaves=18
num_cat=0
split_feature=28 5 21 20 69 69 33 33 24 41 24 25 24 9 13 21 1
split_gain=0.161203 0.425274 0.454731 0.341165 0.235879 0.376495 0.672616 0.375072 0.2964 0.425259 0.619474 0.797516 0.602256 0.40333 0.476811 0.30575 0.0798049
threshold=1.6570000000000003 0.36658800000000008 2.6578500000000003 1.11955 0.88515000000000021 0.18390000000000004 16.950000000000003 21.150000000000002 0.41760000000000003 9.5975655253911736 11.793750000000001 145.50000000000003 3.5808500000000003 0.69950000000000012 9.8874917964597469 2.2075500000000008 4.6370000000000013
decision_type=2 2 2 2 10 10 2 2 2 10 2 2 2 10 2 2 10
left_child=4 2 -2 -4 5 8 -7 -8 -1 13 12 -12 -11 14 -10 -15 -9
right_child=1 -3 3 -5 -6 6 7 16 9 10 11 -13 -14 15 -16 -17 -18
leaf_value=-0.045563793331609453 0.050407202937732716 -0.031105282299932951 0.022407898409532365 -0.026289710335488381 0.027287384773228205 -0.090352554882405595 0.035606511926030947 -0.014517043720307 -0.043313921259510328 0.00095697753984392306 -0.043726516103395563 0.059959354414915615 -0.074389852427772948 0.013956336652571098 0.030597584892134665 0.068531750405222455 -0.056234806998024515
leaf_weight=1.1000255287508576 2.4569090618169849 1.6636588884284718 2.9047791832126677 1.9117387244768904 1.6565315980406001 1.1472471023880637 0.98000845880596932 0.71808648147270993 1.3631649764138258 1.6061948654241862 0.9716297658196712 1.5316689864266662 1.8060561567544935 1.6707404006738218 1.4367201293352989 1.6211532119195906 0.75332626549061388
leaf_count=41 49 54 67 64 37 57 29 46 79 51 40 49 75 41 33 36 25
internal_value=-0.000134286 0.00972629 0.0190662 0.00307843 -0.00493364 -0.00812882 -0.0337773 -0.00729902 -0.00108667 0.00298771 -0.0141085 0.0197133 -0.038922 0.0195899 -0.00538602 0.0408341 -0.0358779
internal_weight=27.2996 8.93709 7.27343 4.81652 18.3626 16.706 3.59867 2.45142 13.1074 12.0073 5.91555 2.5033 3.41225 6.09178 2.79989 3.29189 1.47141
internal_count=873 234 180 131 639 602 157 100 445 404 215 89 126 189 112 77 71
is_linear=0
shrinkage=0.0895223


Tree=191
num_leaves=10
num_cat=0
split_feature=42 11 45 25 24 17 42 4 51
split_gain=0.174925 0.272087 0.18846 0.245356 0.263017 0.304139 0.760804 0.411762 0.166245
threshold=14.723580402904885 604.50000000000011 1.0000000180025095e-35 117.50000000000001 24.585250000000002 4.5000000000000009 12.882211328567967 0.11550000000000002 20.370000000000005
decision_type=2 10 2 2 2 2 2 2 8
left_child=1 2 -1 -4 5 6 -5 -7 -3
right_child=-2 8 3 4 -6 7 -8 -9 -10
leaf_value=0.027833654298211906 -0.036104281671965194 0.042841278885818991 0.023677123391261122 -0.053392166551468362 -0.047818771233191934 -0.02266310539775887 0.043171867958924338 0.011027325332286167 0.0037872886619671796
leaf_weight=1.5441183829534662 1.0413659991099837 1.8595597570529196 2.1994590328831718 2.5740312328853245 1.2374557550356247 4.1647684350900809 0.87652622658060853 9.6293807596230163 1.6478327955119314
leaf_count=53 42 43 56 110 62 133 26 314 34
internal_value=-0.000134106 0.00132139 -0.00233527 -0.0045879 -0.00795176 -0.00509075 -0.0288615 0.000855154 0.0244941
internal_weight=26.7745 25.7331 22.2257 20.6816 18.4822 17.2447 3.45056 13.7941 3.50739
internal_count=873 831 754 701 645 583 136 447 77
is_linear=0
shrinkage=0.0895223


Tree=192
num_leaves=17
num_cat=0
split_feature=40 49 22 9 40 24 23 42 9 41 28 23 69 48 51 51
split_gain=0.161243 0.436942 0.371933 0.257112 0.382053 0.557921 0.379307 0.368554 0.365776 0.405935 0.562638 0.370712 0.337116 0.542394 0.217669 0.0509082
threshold=12.782066512092108 10.816755775227231 0.14645000000000005 0.6625000000000002 9.4138845332993544 2.0703000000000005 -3.2349999999999999 11.382202798391138 0.96150000000000013 9.7108633863029592 1.6570000000000003 -1.2649999999999999 0.76950000000000018 11.47693742217864 9.8500000000000014 -4.8899999999999988
decision_type=2 10 2 8 2 2 2 2 8 10 2 2 8 10 10 10
left_child=1 3 -2 4 -1 15 -7 -8 11 12 14 -5 -10 -14 -11 -6
right_child=2 -3 -4 8 5 6 7 -9 9 10 -12 -13 13 -15 -16 -17
leaf_value=0.022330250148075513 0.012521598132988697 0.059182104706453582 -0.058645947733560563 -0.012770094849473747 -0.056878776143631037 0.051421137766515121 0.04198957391351333 -0.046499716838326384 -0.029060546588552307 -0.078712978011522342 0.015179988741538784 0.045400053935243476 0.0014751806609318234 0.05526393115881964 -0.026963701551604019 -0.094395892074164989
leaf_weight=1.4396169919928166 1.1960828580777154 1.0272057792171825 1.1584813934023257 1.2546932572149669 0.45394887329894118 0.63945897243684147 0.48417697782861147 1.7068726090765265 1.6002218704670639 1.218182040320243 1.6932410560548303 2.9238870537956272 5.50209464627551 2.0668785157613456 1.4007097345311192 0.80508578028820899
leaf_count=53 39 22 63 32 35 23 17 139 44 46 34 69 133 41 29 54
internal_value=-0.000127332 0.00204709 -0.0224924 -0.000483665 -0.0173305 -0.0312929 -0.00923855 -0.0269438 0.00479073 -0.00238189 -0.0250344 0.0279326 0.00827086 0.0161639 -0.0510363 -0.0808718
internal_weight=26.5708 24.2163 2.35456 23.1891 5.52916 4.08954 2.83051 2.19105 17.6599 13.4813 4.31213 4.17858 9.1692 7.56897 2.61889 1.25903
internal_count=873 771 102 749 321 268 179 156 428 327 109 101 218 174 75 89
is_linear=0
shrinkage=0.0895223


Tree=193
num_leaves=12
num_cat=0
split_feature=8 31 9 20 4 9 20 33 12 5 43
split_gain=0.150713 0.351107 0.242215 0.227819 0.225277 0.237055 0.420518 0.640616 0.32879 0.458869 0.283049
threshold=0.76350000000000018 0.25050000000000006 1.76 1.0537000000000003 -0.19149999999999998 0.6625000000000002 1.1277000000000001 15.250000000000002 9.9420000000000019 0.24953300000000003 0.59750000000000003
decision_type=2 2 10 2 2 10 2 2 8 2 2
left_child=2 3 -1 -2 -5 6 7 -6 -7 -10 -8
right_child=1 -3 -4 4 5 8 10 -9 9 -11 -12
leaf_value=-0.06542646467973226 -0.037228757802074477 0.039970377474016189 0.0042680284149085998 0.039789274263543589 0.0067892018312354224 -0.035661462723250534 -0.014554676804091627 -0.073905941483464105 -0.0036265683164568674 0.031703603753020899 0.039740968262430558
leaf_weight=0.71692402147164347 1.3368348231888436 1.7744913758942846 0.90279579267371446 1.1287270862376413 1.4049449036101536 1.4127898309670825 1.9011896095762497 1.7965148622715785 7.6911535178660415 4.7753413416794501 1.2926053254632277
leaf_count=52 54 43 23 24 62 40 112 124 213 101 25
internal_value=-0.000129907 0.00161742 -0.0265781 -0.00137524 0.000863982 -0.0013029 -0.0155636 -0.0384921 0.00526783 0.00990651 0.00741894
internal_weight=26.1343 24.5146 1.61972 22.7401 21.4033 20.2745 6.39525 3.20146 13.8793 12.4665 3.19379
internal_count=873 798 75 755 701 677 323 186 354 314 137
is_linear=0
shrinkage=0.0895223


Tree=194
num_leaves=12
num_cat=0
split_feature=40 13 40 13 40 47 69 13 40 58 17
split_gain=0.146259 0.362963 0.343135 0.324127 0.308071 0.333233 0.269955 0.264675 0.325654 0.253322 0.104704
threshold=12.982390383053977 12.530883253831119 12.072662467435991 11.965948124315871 11.255753144344501 12.739385426375213 0.2748000000000001 11.086169662281959 10.306932268243767 22046.000000000004 11.500000000000002
decision_type=2 2 2 2 2 2 10 2 2 2 2
left_child=1 2 3 4 7 -6 -7 8 -1 -2 -4
right_child=9 -3 10 -5 5 6 -8 -9 -10 -11 -12
leaf_value=0.0073699256227799095 -0.056424465126136497 0.041058106947887293 -0.018771660492172142 0.043722267993564295 -0.074388378729046467 -0.039753188580591466 0.027846976236937829 0.030140565862100739 -0.021485287055183055 0.0097098706833052308 -0.073483526331435609
leaf_weight=9.9650935571553614 0.95637066962080897 1.7451300484826777 0.50339660694589727 1.3474590686382715 0.8910282956931036 1.0091166826750848 0.89180102734826494 2.4428424922516561 4.5728968725306904 0.90176950229215436 0.63320531978752115
leaf_count=327 56 49 32 29 47 49 24 43 147 25 45
internal_value=-0.000129939 0.00174316 -0.00133932 0.00123913 -0.00165579 -0.029214 -0.00803719 0.00287504 -0.00170618 -0.024327 -0.049255
internal_weight=25.8601 24.002 22.2568 21.1202 19.7728 2.79195 1.90092 16.9808 14.538 1.85814 1.1366
internal_count=873 792 743 666 637 120 73 517 474 81 77
is_linear=0
shrinkage=0.0895223


Tree=195
num_leaves=16
num_cat=0
split_feature=70 29 23 23 29 6 6 5 11 23 40 29 29 11 49
split_gain=0.153083 0.339623 0.18117 0.425406 0.671632 0.271278 0.470173 0.428673 0.273452 0.214913 0.276648 0.309071 0.34326 0.714987 0.526772
threshold=1.3820000000000003 0.19670000000000001 -0.13499999999999998 0.065000000000000016 0.098450000000000024 1.0145000000000002 1.1295000000000002 0.26723750000000007 124.50000000000001 -0.22499999999999998 9.2694824845001822 0.095950000000000021 0.098650000000000002 109.50000000000001 9.557930686696535
decision_type=2 2 2 2 2 2 2 2 10 2 2 2 2 10 8
left_child=2 -2 9 4 -4 -5 8 -8 -7 10 -1 -12 14 -14 -13
right_child=1 -3 3 5 -6 6 7 -9 -10 -11 11 12 13 -15 -16
leaf_value=0.039827246704919057 -0.079943234813197234 0.020520804677871932 0.023126660436187559 -0.037121153388383746 -0.062171656452395772 0.0088509141854243856 -0.052022401256706922 0.016911601223168874 0.065710739038142091 0.046008042321541098 0.042852412435395761 0.025693999457722921 -0.034275313895035277 0.032205238530446906 -0.040873679014761591
leaf_weight=1.5787474756070903 0.57786164480785263 0.50556354410946369 1.1047547873749866 1.0337127772800156 2.2391194624069612 1.2556614105415067 1.2426064587853036 1.7287476419005541 1.4734659022069534 1.0880791082890944 1.2065305143478315 1.3109477755060632 1.9598586194188099 3.830265503260307 3.4858169676081161
leaf_count=46 55 18 46 34 62 48 56 64 35 29 29 51 97 77 126
internal_value=-0.000128108 -0.0330599 0.00132576 -0.00788813 -0.0339896 0.00507205 0.0127239 -0.0119151 0.0395511 0.00774763 0.00463415 -7.6727e-05 -0.00496947 0.00970208 -0.0226801
internal_weight=25.6217 1.08343 24.5383 10.0781 3.34387 6.73419 5.70048 2.97135 2.72913 14.4602 13.3722 11.7934 10.5869 5.79012 4.79676
internal_count=873 73 800 345 108 237 203 120 83 455 426 380 351 174 177
is_linear=0
shrinkage=0.0895223


Tree=196
num_leaves=9
num_cat=0
split_feature=25 25 8 8 48 9 29 47
split_gain=0.137865 0.265484 0.244543 0.342355 0.349717 0.243782 0.331935 0.29086
threshold=193.50000000000003 180.50000000000003 0.76350000000000018 0.82800000000000007 8.9108571489967883 0.6625000000000002 0.096850000000000006 10.641507629350906
decision_type=2 2 2 2 10 10 2 2
left_child=1 2 -1 -4 -5 7 -7 -6
right_child=-2 -3 3 4 5 6 -8 -9
leaf_value=-0.040367670192082365 -0.031339086020416955 0.040207177143173678 0.034199546186775044 -0.065884203615016165 -0.067112207950928482 0.042208370176224475 0.00072636785384221146 -0.0077853876078329502
leaf_weight=1.1972736297539182 1.0851278025365889 1.3268664646893729 2.2560216348210842 0.67645435618760785 0.76175067038275557 1.7979093047324557 11.03296372524346 5.0739253861083853
leaf_count=64 42 36 60 57 36 44 280 254
internal_value=-0.000123994 0.00128 -0.000985613 0.00119724 -0.00265171 -0.000360047 0.00653926 -0.0155301
internal_weight=25.2083 24.1232 22.7963 21.599 19.343 18.6665 12.8309 5.83568
internal_count=873 831 795 731 671 614 324 290
is_linear=0
shrinkage=0.0895223


Tree=197
num_leaves=13
num_cat=0
split_feature=42 11 53 33 29 6 8 29 28 11 53 53
split_gain=0.161188 0.24345 0.537529 0.198477 0.21248 0.344858 0.331486 0.372823 0.307292 0.483804 0.236058 0.399477
threshold=14.723580402904885 604.50000000000011 1.6043155000000002 7.3500000000000005 0.096550000000000011 1.0325000000000002 0.79200000000000015 0.19305000000000003 1.6570000000000003 285.50000000000006 11.672011500000002 2.4282955000000004
decision_type=2 10 2 2 2 2 2 2 2 10 2 2
left_child=1 3 -3 -1 10 8 -7 -8 9 -6 11 -5
right_child=-2 2 -4 4 5 6 7 -9 -10 -11 -12 -13
leaf_value=0.035189564186380605 -0.035836676608773578 -0.018755914398479987 0.054729798428849105 0.043881358411212712 -0.093636693963609463 -0.051342669025722786 -0.0093476783117496069 0.023348704198836483 0.0026335701650226093 -0.0045468572125095669 0.053142859618624402 -0.033062260569434974
leaf_weight=1.0761025524698293 0.97311744265971256 1.3710193452425294 1.9076100531965492 0.9594137862513924 1.1606239464017596 1.0146202193791367 8.1389690979631251 4.256563668437594 1.1065608057251664 0.84373245062306512 0.99075343552976836 1.2392664395010795
leaf_count=18 42 33 44 29 71 67 332 105 30 16 26 60
internal_value=-0.000116863 0.00132738 0.0239993 -0.00224845 -0.00429257 -0.00837665 -0.00214677 0.0018798 -0.0352305 -0.0561362 0.0168616 0.000511136
internal_weight=25.0384 24.0652 3.27863 20.7866 19.7105 16.5211 13.4102 12.3955 3.11092 2.00436 3.18943 2.19868
internal_count=873 831 77 754 736 621 504 437 117 87 115 89
is_linear=0
shrinkage=0.0895223


Tree=198
num_leaves=15
num_cat=0
split_feature=0 47 42 54 40 42 1 47 40 17 50 41 54 57
split_gain=0.139162 0.758754 0.435096 0.373712 0.47829 0.461934 0.443869 0.437595 0.477047 0.458863 0.361169 0.367289 0.186831 0.137591
threshold=0.35000000000000003 10.152216618708104 9.9216504572857094 48.07500000000001 9.2694824845001822 11.748675457851082 1.6675000000000002 12.943158679965462 13.120599954713285 11.500000000000002 0.57150000000000001 10.161696845873129 60.830000000000005 0.80350000000000021
decision_type=8 2 2 2 2 2 10 2 2 2 2 8 2 10
left_child=10 -2 -3 5 -5 13 -6 9 -9 -7 11 -1 -8 -4
right_child=1 2 3 4 6 7 12 8 -10 -11 -12 -13 -14 -15
leaf_value=-0.040663050291964944 -0.081158905752856794 0.045837639777739636 0.012202983270429886 0.023775194230150832 0.019851552324805788 -0.077304692845663228 -0.041821851809022294 0.016721125862732479 -0.050361422045550906 -0.00019015810722594633 0.043032952399889975 0.015970355375801278 -0.092196767449016698 0.048910105114016139
leaf_weight=1.4022060349816481 0.96686729996872856 1.5346045061305655 1.4835413387045293 1.094819790101609 0.66280673877918195 1.2350363588775493 1.4175271430722207 5.2216930178474286 1.0146558870474107 1.23877555236686 1.9810549707617608 2.6562694163294509 1.0112996223033404 1.826103074592538
leaf_count=47 60 32 37 33 45 47 55 188 56 45 37 59 96 36
internal_value=-0.000116326 -0.00393081 0.000277873 -0.00403605 -0.0270709 0.00398661 -0.0450779 -0.00683113 0.0058062 -0.0386906 0.0116986 -0.00359564 -0.0627981 0.0324573
internal_weight=24.7473 18.7077 17.7409 16.2063 4.18645 12.0198 3.09163 8.71016 6.23635 2.47381 6.03953 4.05848 2.42883 3.30964
internal_count=873 730 670 638 229 409 196 336 244 92 143 106 151 73
is_linear=0
shrinkage=0.0895223


Tree=199
num_leaves=15
num_cat=0
split_feature=34 42 23 23 29 11 33 33 69 69 22 23 4 10
split_gain=0.13527 0.196172 0.217605 0.396109 0.742082 0.282257 0.258013 0.548133 0.282594 0.252812 0.240045 0.239609 0.236991 0.331052
threshold=2.5000000000000004 14.541450539858245 -0.14499999999999999 0.065000000000000016 0.098350000000000007 604.50000000000011 14.950000000000001 17.750000000000004 0.88790000000000002 0.80385000000000006 0.18975000000000003 -2.5049999999999994 0.18150000000000002 0.50150000000000017
decision_type=2 2 2 2 2 10 2 2 8 10 2 2 2 2
left_child=1 2 5 4 -4 6 8 -8 -1 12 -10 -9 13 -5
right_child=-2 -3 3 9 -6 -7 7 11 10 -11 -12 -13 -14 -15
leaf_value=-0.020073532384548322 0.031116103026895745 -0.041600208635884116 0.025933285774895225 -0.050183455069995449 -0.066928358571126639 0.041636074803378872 -0.062405458671281139 0.026802365583354609 0.00075619852962695332 -0.040275555121395454 0.046577943458265679 -0.013194368952267659 0.038643692317244592 0.012915288350139114
leaf_weight=1.22817596115056 1.0615369320148591 0.94105046936783665 1.0286528460565043 0.87956733873579684 2.0925453622185159 1.6985186988022167 1.2635362727523896 2.0778579834732263 1.4772364823147657 0.92884768286603492 2.4133989654073957 2.8423544973193167 1.6380981648835584 2.749147507318412
leaf_count=50 26 50 48 52 62 44 55 67 48 29 57 132 60 93
internal_value=-0.000135463 -0.00156193 0.000126144 -0.0103159 -0.0363228 0.00760944 0.00249569 -0.00981009 0.0173623 0.00278501 0.0291808 0.00369594 0.0103798 -0.00237828
internal_weight=24.3205 23.259 22.3179 9.31686 3.1212 13.0011 11.3026 6.18375 5.11881 6.19566 3.89064 4.92021 5.26681 3.62871
internal_count=873 847 797 344 110 453 409 254 155 234 105 199 205 145
is_linear=0
shrinkage=0.0895223


Tree=200
num_leaves=19
num_cat=0
split_feature=4 22 12 0 11 22 33 4 10 8 22 10 10 29 25 25 0 50
split_gain=0.139101 0.289811 0.424433 0.169916 0.311887 0.332152 0.302432 0.293318 0.291788 0.472961 0.429519 0.415693 0.403928 0.217513 0.213836 0.502355 0.131079 0.0823696
threshold=0.35900000000000004 0.23275000000000004 53.574500000000008 0.75000000000000011 18.905000000000005 0.18055000000000002 25.850000000000005 0.14950000000000002 0.5335000000000002 0.89950000000000008 0.21165000000000003 0.56650000000000011 0.58650000000000013 0.099050000000000013 137.50000000000003 157.50000000000003 1.4500000000000002 0.5375000000000002
decision_type=2 2 8 8 8 2 2 2 2 2 2 2 2 2 2 2 8 2
left_child=3 2 -2 8 6 7 17 -6 9 -1 13 -10 -13 -11 16 -16 -7 -5
right_child=1 -3 -4 4 5 14 -8 -9 11 10 -12 12 -14 -15 15 -17 -18 -19
leaf_value=0.036622381574792827 0.0027299231526411428 0.024407988545365095 -0.082056114917871487 -0.037236436882810059 -0.0062745536820016786 0.02787916988777896 0.0025798719094054195 0.056082342421392997 0.045620962457298762 -0.021450951867344997 0.010528722929797986 -0.026364016313499619 0.025234232619595887 -0.078386010447450916 -0.092131233785367292 0.0019230058646164637 -0.016876655311078376 -0.091918354975083272
leaf_weight=1.3890064725419558 0.97093021176988181 0.84709230202133756 0.92284168855985638 0.3310539216618007 1.1239557147491752 1.0219234062824405 0.71503153197409119 1.3079645747784523 3.0042236053559463 1.0489688074449084 1.6057337501551954 2.1033214478520676 2.881781357107684 1.1039241811813552 0.77151529895490956 1.1095542846887836 1.0772178675397297 0.66432880852516973
leaf_count=36 45 34 50 32 45 28 54 38 65 43 65 42 57 34 54 43 43 65
internal_value=-0.000133676 -0.0191149 -0.0385847 0.00231329 -0.00786473 0.00119482 -0.04183 0.0272615 0.0086066 -0.00801435 -0.0245109 0.0193162 0.00346311 -0.0506468 -0.0147311 -0.0366512 0.00491007 -0.0737353
internal_weight=24.0004 2.74086 1.89377 21.2595 8.12255 6.41213 1.71041 2.43192 13.137 5.14763 3.75863 7.98933 4.9851 2.15289 3.98021 1.88107 2.09914 0.995383
internal_count=873 129 95 744 402 251 151 83 342 178 142 164 99 77 168 97 71 97
is_linear=0
shrinkage=0.0895223


Tree=201
num_leaves=12
num_cat=0
split_feature=70 29 74 8 23 48 23 8 54 24 23
split_gain=0.143113 0.275932 0.148042 0.162665 0.339705 0.280882 0.274225 0.268121 0.204603 0.46531 0.193565
threshold=1.3820000000000003 0.19670000000000001 -1.4494999999999998 0.89750000000000008 -1.7799999999999998 9.2267234357482817 0.045000000000000005 0.99150000000000016 78.885000000000005 0.5051000000000001 2.2900000000000005
decision_type=2 2 10 2 2 10 2 2 2 2 2
left_child=2 -2 3 4 -1 -5 -6 -7 10 -10 -9
right_child=1 -3 -4 5 6 7 -8 8 9 -11 -12
leaf_value=0.046708345615508504 -0.078400735321971546 0.015528226607059794 0.032759325845937978 -0.063101201109059646 -0.023106888085540216 -0.042328579697431992 0.0326465204180479 -0.000263436041796041 0.033832885624502901 -0.091749695608423734 0.03078019753846296
leaf_weight=1.6744565594708545 0.52112164461323007 0.48282531194854528 1.139676976672489 0.6311483488316324 1.9960527432849731 1.2328481395379647 1.0947745106968794 11.98088129312964 0.40963456663303155 0.55919934491976164 1.8594991769641627
leaf_count=41 55 18 48 63 58 41 34 392 16 56 51
internal_value=-0.000151376 -0.0332242 0.00131906 -0.000352148 0.014234 -0.00452116 -0.0033578 -0.0022162 0.00112286 -0.0386482 0.00390711
internal_weight=23.5821 1.00395 22.5782 21.4385 4.76528 16.6732 3.09083 16.0421 14.8092 0.968834 13.8404
internal_count=873 73 800 752 133 619 92 556 515 72 443
is_linear=0
shrinkage=0.0895223


Tree=202
num_leaves=8
num_cat=0
split_feature=25 25 56 56 56 56 4
split_gain=0.139237 0.209126 0.241219 0.44287 0.455939 0.263385 0.246495
threshold=193.50000000000003 180.50000000000003 32.370000000000012 36.610000000000007 43.32500000000001 48.890000000000008 -0.12349999999999998
decision_type=2 2 8 8 8 8 2
left_child=1 2 -1 -4 -5 -6 -7
right_child=-2 -3 3 4 5 6 -8
leaf_value=-0.049977733609865176 -0.032750111460276697 0.037273409086697622 0.055184165583586173 -0.04886610145612031 0.032870344135245554 0.028930045017383454 -0.0059953299929224628
leaf_weight=0.76932639221196097 1.0048896456428327 1.2251045573502768 1.1447038279147843 1.5391273448076415 1.9610315736936197 1.8332336965832059 13.891985688489497
leaf_count=29 42 36 26 63 51 49 577
internal_value=-0.000150854 0.00131375 -0.000770075 0.0010882 -0.00213256 0.00193417 -0.00192353
internal_weight=23.3694 22.3645 21.1394 20.3701 19.2254 17.6863 15.7252
internal_count=873 831 795 766 740 677 626
is_linear=0
shrinkage=0.0895223


Tree=203
num_leaves=21
num_cat=0
split_feature=40 54 50 19 54 30 51 51 6 56 33 57 40 29 4 58 54 56 54 54
split_gain=0.14141 0.387919 0.463561 0.250036 0.225559 0.402639 0.355132 0.456788 0.301579 0.380038 0.421287 0.289552 0.522969 0.258414 0.241969 0.239915 0.222914 0.231789 0.202859 0.0833348
threshold=9.9236577082884576 48.07500000000001 0.57950000000000002 1.0000000180025095e-35 36.300000000000004 0.68750000000000011 1.8950000000000002 -18.524999999999995 1.1895000000000002 44.585000000000008 19.550000000000004 0.86750000000000005 10.460596347582026 0.099450000000000024 0.14150000000000001 3899.0000000000005 40.340000000000011 99.905000000000015 47.190000000000005 62.405000000000008
decision_type=2 2 2 2 2 2 10 8 2 8 2 10 2 2 2 2 2 8 2 2
left_child=1 -1 3 19 5 8 7 18 9 13 15 12 -9 -2 -10 -11 -8 -18 -6 -3
right_child=4 2 -4 -5 6 -7 16 11 14 10 -12 -13 -14 -15 -16 -17 17 -19 -20 -21
leaf_value=0.051368892564316537 -0.077008469200714413 0.056442861990778949 -0.037907526872420376 -0.013881919353229999 -0.080952678835873884 0.046085957054237472 -0.0061906466754033341 0.045212752746600908 -0.0050238844303862303 0.049122189578211413 -0.043293699387914678 0.053235027927965098 -0.045405494180014307 -0.011177617940280994 0.057654109758702457 -0.0042050895258926354 -0.092939838699232169 -0.03007539911882217 -0.0085727135823572068 0.020970391053501552
leaf_weight=1.4775220381561691 1.0311606350151139 0.9794539683061888 1.7596299806900786 1.1968842898204459 0.65134441410191335 1.56810748251155 0.98361911077518049 0.96371559338876966 0.97982771619354003 1.3046359411673627 1.1446394320810211 1.1574069718917597 1.0850414898231973 0.89090524907805946 0.99456429900601506 1.4031963204033671 0.86362194019602578 1.0319635354680941 0.59296080941567197 1.159658461132494
leaf_count=33 46 30 67 65 33 40 23 31 41 32 52 39 65 26 30 48 43 36 44 49
internal_value=-0.000136289 0.0109814 -0.000728662 0.0188809 -0.00452644 0.004716 -0.0162754 -0.000424984 -0.00365534 -0.0139826 0.00223834 0.0174414 -0.00277778 -0.0464968 0.0265472 0.0214867 -0.0407745 -0.0587181 -0.0464637 0.0372142
internal_weight=23.2199 6.57315 5.09563 3.336 16.6467 9.31704 7.32967 4.45047 7.74893 5.77454 3.85247 3.20616 2.04876 1.92207 1.97439 2.70783 2.8792 1.89559 1.24431 2.13911
internal_count=873 244 211 144 629 315 314 212 275 204 132 135 96 72 71 80 102 79 77 79
is_linear=0
shrinkage=0.0895223


Tree=204
num_leaves=20
num_cat=0
split_feature=9 13 40 22 40 6 50 25 9 22 9 25 43 49 13 42 51 17 51
split_gain=0.129575 0.365067 0.365214 0.394379 0.360206 0.596451 0.400378 0.544254 0.348955 0.295066 0.411369 0.289433 0.251213 0.223233 0.221725 0.301478 0.134229 0.0984494 8.08774e-05
threshold=0.8175 9.3286483125016719 9.9542752213620016 0.21665000000000004 9.4138845332993544 1.1535000000000002 0.57650000000000012 170.50000000000003 0.96150000000000013 0.20900000000000005 1.4775000000000003 125.50000000000001 0.52150000000000019 9.9742744240661292 11.965948124315871 11.245802906567514 11.225000000000001 16.500000000000004 5.1850000000000014
decision_type=8 2 2 2 2 2 2 2 8 2 8 2 2 10 2 2 10 2 10
left_child=4 -2 3 -3 -1 11 7 12 -4 14 -11 -6 -7 18 15 -10 -12 -14 -13
right_child=1 2 8 -5 5 6 -8 -9 9 10 16 13 17 -15 -16 -17 -18 -19 -20
leaf_value=0.026890869871465568 -0.04606289737342404 0.0037719815037194539 0.037524207773237693 0.06537920069980431 -0.002513880648960016 0.0077659773315098095 0.053658164621911253 0.048617548702319657 0.017143363488566415 -0.064448159792292847 0.017754618834347872 -0.09119371694971401 -0.092276766051379605 -0.02578861218627777 0.036142557267883679 -0.034740179585156773 -0.022890011345058421 -0.036071063448873585 -0.093252460341285634
leaf_weight=1.6605556204740448 1.0624172962270666 1.6816564279142761 1.7138470542849944 1.649891266133636 0.67539772597956504 0.48349473829148415 0.95934289622528002 0.7231612745381425 2.1671273526735608 1.3746941130957568 1.2184413008217236 0.74600877463672055 0.63706286579144922 0.59907606649358047 1.5334139753249472 1.5320520141103768 1.3986260693054644 0.41124414291698486 0.52907388815947343
leaf_count=63 53 41 39 36 28 33 29 28 52 46 33 95 58 52 41 49 37 35 25
internal_value=-0.000137675 0.00456293 0.0083324 0.034283 -0.00984538 -0.0204296 0.00521718 -0.0153898 0.000428062 -0.00646386 -0.0247956 -0.0527648 -0.0456099 -0.070872 0.00752009 -0.00434375 -0.00396551 -0.0702311 -0.0920508
internal_weight=22.7566 15.3322 14.2697 3.33155 7.42442 5.76386 3.21431 2.25496 10.9382 9.22435 3.99176 2.54956 1.5318 1.87416 5.23259 3.69918 2.61707 1.04831 1.27508
internal_count=873 427 374 77 446 383 183 154 297 258 116 200 126 172 142 101 70 93 120
is_linear=0
shrinkage=0.0895223


Tree=205
num_leaves=12
num_cat=0
split_feature=40 73 13 41 12 13 40 69 54 39 2
split_gain=0.135302 0.378078 0.2982 0.286059 0.296158 0.233534 0.252122 0.322946 0.236779 0.377511 0.0528013
threshold=12.782066512092108 -1.0000000180025095e-35 12.530883253831119 10.330326178502206 273.77300000000008 11.730147168536748 11.255753144344501 0.67215000000000014 34.935000000000009 1.0000000180025095e-35 203.50000000000003
decision_type=2 2 2 10 8 2 2 8 2 2 10
left_child=2 -2 3 5 10 6 8 -8 -1 -10 -5
right_child=1 -3 -4 4 -6 -7 7 -9 9 -11 -12
leaf_value=0.03015151100672132 -0.078227695763999225 0.0051029173073067237 0.045073051563468601 -0.045673905232906972 0.017213649439961235 0.035944214953556805 0.010282657222874069 -0.068281958910438201 0.0037106577091906697 -0.045442832791220217 -0.091655705117141786
leaf_weight=2.1754920904059132 0.65328312764177088 1.3138274288066885 1.2123661005025486 0.33559729281841888 0.44660726143047225 1.5067370536853548 0.7518789352616283 0.94780289949267182 11.058435052647834 1.4121265190187848 0.49738667182100471
leaf_count=47 35 67 36 32 22 40 27 52 429 39 47
internal_value=-0.000149873 -0.0225696 0.00201772 -0.000710433 -0.0415981 0.00222003 -0.000888422 -0.0335256 0.0028989 -0.00185504 -0.0731346
internal_weight=22.3115 1.96711 20.3444 19.1321 1.27959 17.8525 16.3457 1.69968 14.6461 12.4706 0.832984
internal_count=873 102 771 735 101 634 594 79 515 468 79
is_linear=0
shrinkage=0.0895223


Tree=206
num_leaves=15
num_cat=0
split_feature=10 31 9 50 38 43 48 6 54 10 42 38 38 31
split_gain=0.137022 0.317698 0.217133 0.176001 0.227627 0.252005 0.419844 0.407282 0.39172 0.337761 0.42099 0.295774 0.200234 0.132781
threshold=0.63150000000000006 0.11750000000000001 0.96150000000000013 0.63600000000000012 1.3110000000000002 0.57550000000000001 12.039037013923652 1.0805000000000002 49.195000000000007 0.5525000000000001 13.06457324387012 0.54250000000000009 1.1020000000000001 0.097500000000000017
decision_type=2 2 10 2 2 2 10 2 2 2 2 2 2 2
left_child=3 2 -2 4 5 7 12 8 -1 11 -11 -9 13 -7
right_child=1 -3 -4 -5 -6 6 -8 9 -10 10 -12 -13 -14 -15
leaf_value=0.061348034485493835 -0.014059484251281854 0.027461253152874014 -0.076024476183101278 -0.03417152452258284 0.044657383066384504 0.037985852116218764 0.063721167464054235 -0.046830502580257942 -0.0068793145107617151 -0.063835648644813697 0.0010014987528281511 0.0076675849080528871 -0.022721994869677724 -0.00049933161117041494
leaf_weight=1.2674343171529607 1.1093907436661532 0.81853316339220317 0.76643288318882685 0.99641884077573095 1.0636177881970059 1.3961264181707513 1.23590488541231 0.95735221740323861 1.4411759266658917 1.9580852193466856 1.3598326750288832 4.7978474705523695 1.4389825080870648 1.4798620025394482
leaf_count=26 62 44 34 39 45 38 35 47 61 71 59 214 49 49
internal_value=-0.000155111 -0.0190721 -0.0393794 0.00247298 0.004458 0.00199095 0.0177174 -0.00541816 0.0250448 -0.0145127 -0.0372614 -0.00139731 0.00454009 0.0181818
internal_weight=22.087 2.69436 1.87582 19.3926 18.3962 17.3326 5.55088 11.7817 2.70861 9.07312 3.31792 5.7552 4.31497 2.87599
internal_count=873 140 96 733 694 649 171 478 87 391 130 261 136 87
is_linear=0
shrinkage=0.0895223


Tree=207
num_leaves=13
num_cat=0
split_feature=40 49 53 41 37 51 47 58 42 42 41 9
split_gain=0.134621 0.403658 0.278579 0.270003 0.373073 0.273314 0.219422 0.318599 0.363414 0.314873 0.439659 0.28237
threshold=12.982390383053977 10.851055122434779 4.230941500000001 10.284308258819376 0.16080000000000003 -10.929999999999998 12.903428914222383 3174.5000000000005 12.004808973798443 11.910475373500786 9.6621183130072534 0.83550000000000002
decision_type=2 10 2 10 2 10 2 2 2 2 10 10
left_child=1 3 -2 6 -5 -6 7 9 -9 10 -1 -8
right_child=2 -3 -4 4 5 -7 11 8 -10 -11 -12 -13
leaf_value=0.0049678720274514846 -0.057656492985568616 0.058284270076094269 0.019248343028691831 0.015028046191695057 -0.0035297036350955282 -0.092461749456769743 -0.011214731617870826 0.00011401426550328447 -0.07460399915574302 0.050537499684984735 -0.055687071993884667 0.046124206885652122
leaf_weight=10.049739996968141 0.90429035067791008 0.96568653453141351 0.64789017991279252 0.82611781081504831 0.41706720054207846 0.82489871870347964 1.093635736498981 1.137752553331665 0.96331807209935494 1.0472339375410218 1.0586196383082995 1.8567414097487924
leaf_count=362 61 26 20 48 29 66 62 24 49 40 48 38
internal_value=-0.000145341 0.00180293 -0.0255536 -0.00102661 -0.031589 -0.0626002 0.00264643 -0.00195217 -0.0341417 0.00361142 -0.000812181 0.0248688
internal_weight=21.793 20.2408 1.55218 19.2751 2.06808 1.24197 17.207 14.2567 2.10107 12.1556 11.1084 2.95038
internal_count=873 792 81 766 143 95 623 523 73 450 410 100
is_linear=0
shrinkage=0.0895223


Tree=208
num_leaves=18
num_cat=0
split_feature=22 33 23 33 23 9 23 53 9 21 2 48 21 29 41 53 33
split_gain=0.123536 0.157042 0.192637 0.514584 0.344449 0.243315 0.347844 0.264198 0.236051 0.362657 0.320605 0.238883 0.463261 0.201802 0.318878 0.184068 0.168379
threshold=0.25365000000000004 7.3500000000000005 -0.13499999999999998 10.850000000000003 -0.014999999999999998 0.46450000000000008 3.0700000000000003 1.2791800000000002 0.87850000000000017 2.8255500000000002 546.50000000000011 9.9936080975463817 2.0245500000000005 0.098250000000000018 9.9241782440193713 5.7799090000000009 16.950000000000003
decision_type=2 2 2 2 2 8 2 2 10 2 10 10 2 2 8 2 2
left_child=1 -1 8 -4 -5 6 -6 -7 9 13 -11 -10 -13 15 -15 -3 -14
right_child=-2 2 3 4 5 7 -8 -9 11 10 -12 12 16 14 -16 -17 -18
leaf_value=0.033918458571609605 0.029782581560866769 0.055937656083554374 -0.076052598832949 -0.060875807936821368 -0.091207389448600115 -0.031985487485801475 0.014409636937834078 0.01953051737259338 0.054194459304922685 -0.093207684699905799 -0.016481365611692899 -0.035655278459002918 0.0085234425388687005 -0.076046102623625267 0.024461928196367368 0.0018736979571437164 0.046084224141653231
leaf_weight=0.94667834322900191 1.0509241488325631 0.89168858895573677 0.94973511570423852 0.80256755196023721 0.50407884890591947 0.99134132906328876 0.49552320619113743 4.0864216476493311 1.0554827392916193 0.61847530333034262 1.4836020423972511 1.4516486690845338 2.4182750524487346 0.48360349045833539 0.53040971811424253 1.1632011028268605 1.5826836510095743
leaf_count=19 31 34 35 48 62 33 23 150 34 54 63 52 62 44 31 61 37
internal_value=-0.000151165 -0.00168923 -0.00341731 -0.0142821 -0.00575456 0.00152408 -0.0388473 0.00947224 0.00386619 -0.0104115 -0.0390576 0.015211 0.00766419 0.00920875 -0.0234688 0.0253357 0.0233825
internal_weight=21.5063 20.4554 19.5087 7.82967 6.87993 6.07737 0.999602 5.07776 11.6791 5.17098 2.10208 6.50809 5.45261 3.0689 1.01401 2.05489 4.00096
internal_count=873 842 823 351 316 268 85 183 472 287 117 185 151 170 75 95 99
is_linear=0
shrinkage=0.0895223


Tree=209
num_leaves=19
num_cat=0
split_feature=70 44 10 20 50 10 23 41 57 29 54 13 29 23 48 50 4 2
split_gain=0.128658 0.200863 0.132099 0.3373 0.240147 0.176749 0.34964 0.251382 0.376728 0.375037 0.374262 0.354108 0.33219 0.263551 0.219993 0.324148 0.316053 0.176209
threshold=1.3820000000000003 0.25000000000000006 0.63150000000000006 1.0969000000000002 0.61550000000000005 0.49150000000000005 -2.0549999999999993 9.5975655253911736 0.88950000000000007 0.098750000000000018 29.355000000000004 10.444298459816146 0.098250000000000018 -1.5549999999999999 11.099480336661072 0.53150000000000019 0.032000000000000008 353.00000000000006
decision_type=2 2 2 2 2 2 2 10 8 2 2 2 2 2 8 2 2 10
left_child=2 -2 5 -4 -5 6 -1 11 -9 13 -11 12 -7 -10 15 -8 -17 -16
right_child=1 -3 3 4 -6 7 14 8 9 10 -12 -13 -14 -15 17 16 -18 -19
leaf_value=0.027582989336386591 0.017230828464587952 -0.069926589555989904 0.032852366325671491 -0.067815624792202017 -0.00028915359746640448 0.032951576552528825 0.037360978543554947 -0.039605401751615275 -0.062279623800010356 0.051696765152717296 -0.0093695901582706367 0.059420130076796328 -0.017065111573323626 0.0052995477927885891 -0.082335427286832089 0.0092948559738147331 -0.074569747258041094 -0.017549976268735629
leaf_weight=1.4086992042357449 0.3617706885561337 0.51138271001400426 0.7316231469449116 1.0108520860958377 0.72483795206062485 2.3028536844649334 0.81319399055793073 1.6307392588787477 0.7748102641198783 2.0398773929337044 1.3277974613592958 1.5806590991560368 1.9783787065389331 1.1471313948859458 0.75350549483846385 0.70842433738289379 0.73237370782590006 0.60820935455558356
leaf_count=67 13 60 41 62 24 67 31 68 31 51 49 38 62 55 59 21 52 22
internal_value=-0.00016357 -0.0338108 0.00128536 -0.0181273 -0.0396181 0.0039754 -0.0102502 0.00956743 -0.00198654 0.00961032 0.0276186 0.0232083 0.00983778 -0.0219424 -0.0249912 -0.0078258 -0.033332 -0.0534017
internal_weight=21.1471 0.873153 20.274 2.46731 1.73569 17.8067 5.02441 12.7822 6.92036 5.28962 3.36767 5.86189 4.28123 1.92194 3.61571 2.25399 1.4408 1.36171
internal_count=873 73 800 127 86 673 252 421 254 186 100 167 129 86 185 104 73 81
is_linear=0
shrinkage=0.0895223


Tree=210
num_leaves=10
num_cat=0
split_feature=40 33 56 56 56 6 24 23 41
split_gain=0.130358 0.327387 0.241455 0.471424 0.245152 0.235825 0.238971 0.33354 0.17794
threshold=12.782066512092108 18.950000000000003 38.000000000000007 43.520000000000003 49.515000000000008 1.1835000000000002 6.822350000000001 -0.14499999999999999 10.247486142634981
decision_type=2 2 8 8 8 2 2 2 8
left_child=2 -2 -1 -4 -5 6 7 -6 -8
right_child=1 -3 3 4 5 -7 8 -9 -10
leaf_value=0.036341374645471852 0.010831118195133646 -0.065382482873229411 -0.064769847011187862 0.03260560923215422 0.0088214871875068202 -0.046210390646997869 0.043626980068911414 -0.022544223464037925 -0.0055962190214463373
leaf_weight=1.5131843463168539 1.01800778548204 0.81192343457223604 0.88044500459182273 1.911804141622272 6.520872783752572 0.88738001718593373 1.6487452685250912 4.6577662118943293 0.91512630166107545
leaf_count=44 36 66 43 53 271 61 57 187 55
internal_value=-0.000165417 -0.0229822 0.00203943 -0.000939628 0.00245757 -0.00148187 0.00140607 -0.00424724 0.0260563
internal_weight=20.7653 1.82993 18.9353 17.4221 16.5417 14.6299 13.7425 11.1786 2.56387
internal_count=873 102 771 727 684 631 570 458 112
is_linear=0
shrinkage=0.0895223


Tree=211
num_leaves=18
num_cat=0
split_feature=69 51 9 69 33 53 53 53 8 10 51 49 11 31 33 0 40
split_gain=0.11934 0.449571 0.287002 0.320693 0.245684 0.186458 0.278351 0.30646 0.288436 0.395215 0.412326 0.265543 0.265212 0.168374 0.166915 0.166192 0.159502
threshold=0.88220000000000021 16.965000000000003 0.45250000000000007 0.16090000000000002 16.950000000000003 10.532566000000001 5.1379055000000013 3.3433220000000001 0.90300000000000014 0.49150000000000005 19.700000000000003 10.090447141667012 76.145000000000024 0.11550000000000002 15.15 0.55000000000000016 10.737298399682844
decision_type=8 8 10 10 2 2 2 2 2 2 8 10 8 2 2 8 2
left_child=1 2 3 -1 -4 6 7 8 14 -10 -11 -9 15 -6 -2 -7 -8
right_child=5 -3 4 -5 13 12 16 11 9 10 -12 -13 -14 -15 -16 -17 -18
leaf_value=0.025665291062940448 0.066059482909088474 -0.06258520694735438 -0.018678298767054055 -0.091413212769216365 0.00028265406345167547 0.038122272171226913 0.049024606984895656 -0.05737538071595822 -0.042283702723524504 -0.0072964694095171596 0.051150574022713551 0.0037832126569503754 -0.073530634401388698 0.046692269341724914 0.014765268424496311 -0.029558273369563175 0.0052078195620849175
leaf_weight=0.29795657808427023 0.93568107974715387 1.0978006469667887 1.4649081738898528 0.50558385605108924 1.0785667546297193 0.52992215334961534 1.7792981169332045 1.1831307275861038 1.4005276153475277 2.86573894875619 1.4601882318966075 1.0958422242547383 0.56791160255670536 1.4952580862245666 1.1139131536037892 0.64427427161717798 1.0642306419904342
leaf_count=27 22 41 60 60 46 35 55 43 62 121 38 36 26 54 50 48 49
internal_value=-0.000158062 -0.0108606 0.000865288 -0.0479955 0.0105874 0.00418396 0.00789703 0.000903157 0.0093644 -0.000949943 0.0124311 -0.0279657 -0.0233055 0.0272456 0.0381839 0.000983308 0.0326268
internal_weight=20.5807 5.94007 4.84227 0.80354 4.03873 14.6407 12.8986 10.055 7.77605 5.72645 4.32593 2.27897 1.74211 2.57382 2.04959 1.1742 2.84353
internal_count=873 288 247 87 160 585 476 372 293 221 159 79 109 100 72 83 104
is_linear=0
shrinkage=0.0895223


Tree=212
num_leaves=14
num_cat=0
split_feature=13 33 42 40 42 40 41 51 42 51 30 11 23
split_gain=0.123763 0.290373 0.234433 0.204303 0.172353 0.24732 0.242088 0.309075 0.294179 0.256474 0.260765 0.218639 0.217931
threshold=9.3286483125016719 22.550000000000004 9.0433186003112631 9.2437647963096676 10.237020640069732 9.4724265897018594 9.5975655253911736 1.8950000000000002 11.500014424676818 -44.739999999999988 0.68750000000000011 19.705000000000002 -0.37499999999999994
decision_type=2 2 2 2 2 2 10 8 2 10 2 10 2
left_child=1 3 -2 -1 5 -4 7 11 -8 -10 -11 -6 -9
right_child=2 -3 4 -5 6 -7 8 12 9 10 -12 -13 -14
leaf_value=-0.020009929162099514 0.048847414108035926 0.018044671172623081 0.0077006758303465326 -0.091233647129413606 0.014906635978655144 -0.052851123294738143 -0.058117295896518775 0.022212340397455441 0.057941893331802864 -0.012945465603410606 0.028365254645294755 0.065906821421550202 -0.02551716715538075
leaf_weight=0.9081802318105503 0.83071447638212959 0.98394652371644031 1.0503403136099252 0.50087656022515148 1.3667018770356656 1.1136854358628623 0.77913748531136562 1.543099598027766 0.55960075539770038 6.2219780691884745 1.5246181701004387 1.3289461429230867 1.5236800773272987
leaf_count=54 24 41 28 73 53 52 40 37 13 325 50 33 50
internal_value=-0.000153118 -0.0192705 0.00241067 -0.0453303 0.000142874 -0.0234598 0.00358315 0.0179367 -0.00552029 -0.000586151 -0.00481458 0.0400509 -0.00150012
internal_weight=20.2355 2.393 17.8425 1.40906 17.0118 2.16403 14.8478 5.76243 9.08533 8.3062 7.7466 2.69565 3.06678
internal_count=873 168 705 127 681 80 601 173 428 388 375 86 87
is_linear=0
shrinkage=0.0895223


Tree=213
num_leaves=12
num_cat=0
split_feature=40 11 58 52 45 9 30 33 13 41 21
split_gain=0.123108 0.240742 0.19674 0.194607 0.179673 0.178338 0.235076 0.390703 0.213133 0.274244 0.230137
threshold=12.982390383053977 604.50000000000011 22046.000000000004 625.00000000000011 1.0000000180025095e-35 1.3900000000000003 0.68750000000000011 13.750000000000002 10.373881892920153 9.5975655253911736 3.1139000000000006
decision_type=2 10 2 2 2 8 2 2 2 10 2
left_child=1 3 -2 4 -1 6 7 -6 10 -10 -7
right_child=2 -3 -4 -5 5 8 -8 -9 9 -11 -12
leaf_value=0.041215574398160738 -0.057502182637407799 0.029855147904921921 0.0091207646468468382 -0.042685541917164865 -0.060140925667351214 -0.032012297568090771 0.028442137653850119 -0.0064354269419000807 0.051439244088079032 0.0018492054387210652 0.019176107258600552
leaf_weight=0.81989134901960525 0.73994260035396908 2.1657229902921236 0.68307676128461026 0.88693644010345529 1.3347573356732008 1.5704445147421222 1.0748350819048935 5.8169667987785942 1.5953353644581514 2.0326006163813872 1.2755711711943147
leaf_count=33 56 60 25 57 99 59 44 313 38 61 28
internal_value=-0.000142304 0.00180183 -0.0255193 -0.00190092 0.00042955 -0.00184496 -0.0105922 -0.0164592 0.00926978 0.0236567 -0.00906862
internal_weight=19.9961 18.5731 1.42302 16.4073 15.5204 14.7005 8.22656 7.15172 6.47395 3.62794 2.84602
internal_count=873 792 81 732 675 642 456 412 186 99 87
is_linear=0
shrinkage=0.0895223


Tree=214
num_leaves=9
num_cat=0
split_feature=25 25 8 8 48 40 69 43
split_gain=0.120996 0.18222 0.166683 0.239451 0.248649 0.209928 0.254479 0.0980439
threshold=193.50000000000003 180.50000000000003 0.76350000000000018 0.82800000000000007 9.3889577645948563 13.120599954713285 0.88220000000000021 0.65750000000000008
decision_type=2 2 2 2 10 2 10 2
left_child=1 2 -1 -4 7 6 -6 -5
right_child=-2 -3 3 4 5 -7 -8 -9
leaf_value=-0.038090790005766303 -0.032733809618465406 0.037853494823229313 0.032835752262787586 -0.069208074036579179 -0.00074418116187357575 -0.04021951821979574 0.038921882378024159 -0.012476919466409792
leaf_weight=0.9091890973213691 0.87225372254033473 1.0369375741574902 1.728101945322124 0.58214101811609065 11.856643339067881 0.93828992529597677 1.4552904416341341 0.4207866758806631
leaf_count=64 42 36 60 68 499 57 32 15
internal_value=-0.000134007 0.00136814 -0.000746366 0.00125287 -0.00232507 0.000706963 0.00359193 -0.0454096
internal_weight=19.7996 18.9274 17.8904 16.9813 15.2532 14.2502 13.3119 1.00293
internal_count=873 831 795 731 671 588 531 83
is_linear=0
shrinkage=0.0895223


Tree=215
num_leaves=14
num_cat=0
split_feature=22 10 22 63 37 73 58 29 22 49 42 50 48
split_gain=0.110633 0.160047 0.353361 0.300573 0.190518 0.153189 0.429877 0.271027 0.351397 0.234209 0.227183 0.221284 0.218408
threshold=0.25365000000000004 0.63150000000000006 0.22630000000000003 0.61650000000000016 0.31140000000000007 -0.30299999999999999 3823.5000000000005 0.19485000000000002 0.11990000000000002 9.5172243901565405 9.7664406340469228 0.53250000000000008 13.388602881929305
decision_type=2 2 2 2 2 2 2 2 2 10 2 2 8
left_child=1 4 3 -3 5 6 9 8 -7 10 -1 -8 -10
right_child=-2 2 -4 -5 -6 7 11 -9 12 -11 -12 -13 -14
leaf_value=0.020169697471525961 0.029113841455498151 -0.034953816983218935 -0.075751963911734332 0.047117947644705158 0.038004599871158534 -0.046138638098677451 -0.093448386786170456 0.032614641624924771 -0.00067258347430854278 0.027475052901451736 -0.038990298616017285 -0.026515621311054085 0.047906501693339411
leaf_weight=0.84683236814453611 0.98517084655759291 0.8183011270448326 0.72070631845781452 0.63524167117429897 1.062668814905918 1.2396887572249449 0.60843121776997566 2.2861703459057026 5.3463287212471187 1.7879248448298311 1.3485561488778328 1.1336584465170743 0.86115386054734688
leaf_count=26 31 66 41 26 49 64 30 61 257 54 59 69 40
internal_value=-0.000125187 -0.00166613 -0.0244987 0.000911519 0.00133846 -0.00118182 -0.0128015 0.00565278 -0.00262362 0.00342004 -0.0161687 -0.0498942 0.00606613
internal_weight=19.6808 18.6957 2.17425 1.45354 16.5214 15.4587 5.7254 9.73334 7.44717 3.98331 2.19539 1.74209 6.20748
internal_count=873 842 133 92 709 660 238 422 361 139 85 99 297
is_linear=0
shrinkage=0.0895223


Tree=216
num_leaves=13
num_cat=0
split_feature=40 13 73 23 41 58 51 41 20 4 44 44
split_gain=0.110938 0.299984 0.310128 0.370532 0.235545 0.253853 0.30612 0.284624 0.349101 0.314889 0.179187 0.167837
threshold=9.9236577082884576 9.9951269776323208 -0.53549999999999986 -2.6199999999999997 9.3681813086595547 529.00000000000011 99.250000000000014 9.5039536722105051 1.0636000000000003 -0.12349999999999998 0.25000000000000006 0.75000000000000011
decision_type=2 2 2 2 8 2 8 8 2 2 2 2
left_child=1 2 -1 -4 -2 -6 7 -7 -9 -10 -5 -12
right_child=4 -3 3 10 5 6 -8 8 9 -11 11 -13
leaf_value=-0.051034073290910455 -0.059112804201463635 0.054791182354726679 -0.045821098834661338 0.046227620582654193 -0.04333321709420155 0.047851021007215389 0.05594111204012827 -0.054532523702094549 0.034694001521742977 -0.0081492653650357232 -0.032805243140499513 0.026730390200157449
leaf_weight=0.77053162747324666 0.60439778064028082 1.0044655951205639 0.74076829868135963 1.5502708021376781 1.0900319274078363 0.84971752506680509 0.78206550603499536 1.0676002087384411 1.6734011627559038 7.7060134484654581 0.62256677867844679 0.97187062798911938
leaf_count=48 33 27 36 51 52 30 20 54 55 385 27 55
internal_value=-0.000129828 0.0104208 0.000847714 0.0111374 -0.00446613 -0.00195779 0.00177577 -0.00197374 -0.00602663 -0.000505123 0.0245557 0.00348174
internal_weight=19.4337 5.66047 4.65601 3.88548 13.7732 13.1688 12.0788 11.2967 10.447 9.37941 3.14471 1.59444
internal_count=873 244 217 169 629 596 544 524 494 440 133 82
is_linear=0
shrinkage=0.0895223


Tree=217
num_leaves=15
num_cat=0
split_feature=33 40 20 48 69 33 33 69 17 40 17 54 50 23
split_gain=0.119991 0.229983 0.240437 0.303399 0.370088 0.350834 0.260456 0.218583 0.48898 0.262503 0.219979 0.370827 0.258644 0.169452
threshold=7.3500000000000005 8.7932799448825953 1.1461000000000003 10.647465368028721 0.67215000000000014 16.150000000000002 10.850000000000003 0.71735000000000004 15.500000000000002 10.306932268243767 18.500000000000004 37.415000000000013 0.49450000000000005 -1.115
decision_type=2 2 2 10 8 2 2 8 2 2 2 2 2 2
left_child=-1 -2 6 -4 -5 -6 13 8 9 -8 12 -12 -9 -3
right_child=1 2 3 4 5 -7 7 10 -10 -11 11 -13 -14 -15
leaf_value=0.02968233763909589 0.05495020838379721 0.001107241007240572 -0.080783163497789759 0.044804133442353511 0.0075303655216756417 -0.077823523742011042 -0.0068479924872431614 0.06688482741280756 0.021961730363032235 -0.087027970004259242 0.02390582677417721 -0.045999730512654866 0.013385912492532105 -0.052717175103360998
leaf_weight=1.0250608930364276 0.55482889816630887 0.8169978362857363 0.65620719570142627 0.65771819317888036 0.76743009994970612 0.77623037798912264 0.54789453651755804 0.80885389010654751 1.3041409671459403 0.81292308421689086 1.1879954676842319 1.2459108320181256 6.9264626720978413 1.0993381146981871
leaf_count=22 23 28 49 32 42 50 28 21 68 54 41 59 309 47
internal_value=-0.000117003 -0.00179899 -0.00358735 -0.0273547 -0.0114266 -0.0353875 0.0010168 0.00561374 -0.0172077 -0.0547484 0.0115947 -0.0118772 0.0189806 -0.0297682
internal_weight=19.188 18.1629 17.6081 2.85759 2.20138 1.54366 14.7505 12.8342 2.66496 1.36082 10.1692 2.43391 7.73532 1.91634
internal_count=873 851 828 173 124 92 655 580 150 82 430 100 330 75
is_linear=0
shrinkage=0.0895223


Tree=218
num_leaves=15
num_cat=0
split_feature=0 47 42 16 54 40 42 10 21 20 33 23 5 20
split_gain=0.103136 0.543701 0.307046 0.284867 0.26932 0.357833 0.340472 0.311313 0.336967 0.318021 0.302025 0.244038 0.205266 0.169894
threshold=0.35000000000000003 10.152216618708104 9.7986382639037277 1.0000000180025095e-35 48.07500000000001 9.2694824845001822 11.748675457851082 0.5395000000000002 3.7328000000000006 1.1263500000000002 11.250000000000002 -0.38999999999999996 0.33651300000000001 1.0997500000000002
decision_type=8 2 2 2 2 2 2 2 2 2 2 2 2 2
left_child=3 -2 -3 -1 6 -6 11 9 -9 -8 -7 -4 -5 -12
right_child=1 2 4 12 5 10 7 8 -10 -11 13 -13 -14 -15
leaf_value=0.045763454316476444 -0.079501663381001231 0.046506775781357541 0.062543262205901534 -0.02964928128200113 0.021848540096614591 0.01482581026826077 0.03629886438474382 -0.050795776897545115 0.0024926887232272475 -0.028385804835103171 -0.024760879824567771 0.0070950588200617707 0.015938365678574328 -0.081796263512305761
leaf_weight=1.3681819817284147 0.72370511177723429 1.0553573854267586 1.1424595529679211 1.3489272582228298 0.91081337630748693 0.53706169174984131 1.9290379056037639 1.8480090006269165 1.9590146567279589 0.89019733524764877 0.6494666652943123 1.4357123498339186 1.9156705667264757 1.1783000102004733
leaf_count=30 60 25 31 50 35 25 75 95 102 64 62 44 63 112
internal_value=-0.000131501 -0.00390196 0.000139898 0.0114727 -0.00378075 -0.0258258 0.00406416 -0.00667516 -0.0233737 0.0158729 -0.0441891 0.0316671 -0.00289728 -0.0615317
internal_weight=18.8919 14.2591 13.5354 4.63278 12.4801 3.27564 9.20443 6.62626 3.80702 2.81924 2.36483 2.57817 3.2646 1.82777
internal_count=873 730 670 143 645 234 411 336 197 139 199 75 113 174
is_linear=0
shrinkage=0.0895223


Tree=219
num_leaves=16
num_cat=0
split_feature=17 4 10 4 1 22 1 9 50 16 32 12 41 13 33
split_gain=0.114595 0.182042 0.313629 0.186547 0.272554 0.280644 0.275469 0.290599 0.202279 0.345446 0.186792 0.176785 0.210157 0.284845 0.189897
threshold=1.0000000180025095e-35 0.35900000000000004 0.5505000000000001 0.16350000000000003 4.6150000000000011 0.10505000000000002 2.1090000000000004 0.84750000000000003 0.56850000000000012 3.5000000000000004 0.8500000000000002 170.11250000000004 9.9562397591346699 9.9124720678451812 15.050000000000002
decision_type=2 2 2 2 10 2 8 10 2 2 10 10 10 2 2
left_child=-1 3 -3 4 5 -2 7 -7 9 10 -5 12 13 -6 -13
right_child=1 2 -4 8 11 6 -8 -9 -10 -11 -12 14 -14 -15 -16
leaf_value=0.032545521361254076 0.035760300848067306 0.009453163111758766 -0.06165973301135743 -0.040691671200356418 -0.023063152677377272 -0.061437960619741987 -0.091546746521133579 0.022323608267051979 -0.018376479670011065 0.06445688201854162 0.032862664076994307 0.000306545768101579 -0.038952616265416018 0.01742384531567048 0.045654399874602118
leaf_weight=0.8217193213422459 0.42389253838337149 0.96508678299141948 1.0246570470990262 0.54441650140506659 2.2229302915147855 0.68632192204859122 0.66384337432100449 0.64280131534906104 0.79687623828067433 1.3237563912116455 0.56265420792624354 1.5899789469913232 1.1870341091234875 3.7284516140352935 1.3847263222560284
leaf_count=42 25 58 67 48 119 74 72 37 38 39 23 48 54 89 40
internal_value=-0.000137364 -0.00165081 -0.027166 0.0015708 -0.00337265 -0.0303812 -0.044451 -0.0209258 0.0207624 0.0335945 -0.00330539 0.00308158 -0.0045587 0.00230074 0.0214172
internal_weight=18.5691 17.7474 1.98974 15.7577 12.53 2.41686 1.99297 1.32912 3.2277 2.43083 1.10707 10.1131 7.13842 5.95138 2.97471
internal_count=873 831 125 706 558 208 183 111 148 110 71 350 262 208 88
is_linear=0
shrinkage=0.0895223


Tree=220
num_leaves=13
num_cat=0
split_feature=42 33 70 61 48 5 57 5 42 33 33 24
split_gain=0.112983 0.176749 0.13325 0.222292 0.177308 0.336204 0.417116 0.314786 0.306995 0.245134 0.185798 0.0483289
threshold=14.723580402904885 7.3500000000000005 0.87800000000000011 1.5000000000000002 10.633620804612052 0.29048850000000009 0.84850000000000014 0.17914600000000003 9.2895415992836359 14.450000000000001 15.15 6.5313500000000007
decision_type=2 2 2 8 8 2 8 2 2 2 2 2
left_child=1 -1 -3 11 5 8 -7 9 -5 -6 -9 -4
right_child=-2 2 3 4 7 6 -8 10 -10 -11 -12 -13
leaf_value=0.039634931876345578 -0.035573397776434888 0.032819098471863803 -0.073546461367311119 0.01644825526059597 -0.0056105291380738383 0.059165163256213432 -0.02612409876496383 0.0091524491430783911 -0.058028330551207839 0.039077720408119923 -0.021290562045442267 -0.028281247903927536
leaf_weight=0.91198378102854505 0.69376495007963868 0.89223419435439133 0.36432977621734608 0.59788667014799424 1.4799095861962994 0.83710292972682476 1.0188349257805385 3.0394286296650534 1.7177005991470649 2.9333674031950068 3.4081415032487712 0.39364508012658916
leaf_count=21 42 40 30 25 56 36 46 132 120 108 172 45
internal_value=-0.000138093 0.00125894 -0.000838739 -0.0027408 -0.00035544 -0.0160436 0.0123429 0.00566987 -0.0387969 0.0240915 -0.00693896 -0.0500433
internal_weight=18.2883 17.5946 16.6826 15.7903 15.0324 4.17153 1.85594 10.8608 2.31559 4.41328 6.44757 0.757975
internal_count=873 831 810 770 695 227 82 468 145 164 304 75
is_linear=0
shrinkage=0.0895223


Tree=221
num_leaves=17
num_cat=0
split_feature=40 13 11 50 58 11 11 23 31 23 25 5 49 6 25 5
split_gain=0.105493 0.243226 0.19502 0.185467 0.216018 0.168269 0.407835 0.164148 0.228268 0.285261 0.264793 0.338118 0.160037 0.144603 0.190158 0.129663
threshold=9.9236577082884576 9.9124720678451812 -53.149999999999999 0.56850000000000012 645.50000000000011 41.195 -49.444999999999993 -2.6199999999999997 0.066500000000000017 0.31500000000000006 115.50000000000001 0.20911900000000003 10.090447141667012 1.1075000000000002 140.50000000000003 0.55131400000000019
decision_type=2 2 10 2 2 10 8 2 2 2 2 2 8 2 2 2
left_child=1 3 15 5 -5 6 -1 12 -9 10 -10 -12 -4 -11 -15 -2
right_child=2 -3 7 4 -6 -7 -8 8 9 13 11 -13 -14 14 -16 -17
leaf_value=0.046201438047347151 -0.0094254000939295469 0.046595348715629537 0.037620285076061487 -0.050775331829392395 0.010067223989814664 0.042758663315555868 -0.06502875348030257 0.038909755867682562 0.031646835928862714 0.039596658204670947 -0.0050578793258863938 -0.050891430292703134 -0.0059337221455819152 -0.035472251407837982 0.020591299354825794 -0.091931588596762925
leaf_weight=0.54900132765760645 0.2846076203131841 1.1687103021540677 1.4566547761787654 0.93726169686124172 0.9332547292142408 1.0931712406454606 0.5092033836263028 0.77915108993692683 0.63028987718280216 0.95806992541474789 2.3901431270933244 2.802744984459423 1.2615790791460311 0.82979179277026549 1.1663756492052924 0.32951363192842109
leaf_count=28 22 36 43 59 32 40 49 44 22 32 129 136 54 36 62 49
internal_value=-0.000129448 0.0106461 -0.00446925 0.000198872 -0.0204173 0.0181253 -0.00731863 -0.00200585 -0.00752732 -0.0116498 -0.0231451 -0.0297962 0.0174048 0.0110076 -0.00271209 -0.0537009
internal_weight=18.0795 5.1906 12.8889 4.02189 1.87052 2.15138 1.0582 12.2748 9.55657 8.77742 5.82318 5.19289 2.71823 2.95424 1.99617 0.614121
internal_count=873 244 629 208 91 117 77 558 461 417 287 265 97 130 98 71
is_linear=0
shrinkage=0.0895223


Tree=222
num_leaves=19
num_cat=0
split_feature=11 11 20 20 12 24 54 56 11 20 57 4 24 8 51 48 44 23
split_gain=0.0914896 0.300157 0.210087 0.245669 0.389946 0.283723 0.321356 0.205642 0.196711 0.169358 0.363655 0.28005 0.24393 0.229865 0.360055 0.26333 0.123091 0.0827805
threshold=72.850000000000009 48.610000000000007 1.12565 1.0969000000000002 21.743500000000001 3.5808500000000003 49.965000000000011 78.105000000000018 5.5300000000000011 1.12565 0.78250000000000008 0.086500000000000007 1.2158000000000002 0.9085000000000002 22.525000000000002 11.567552426565831 0.45000000000000007 -0.84499999999999986
decision_type=10 10 2 2 10 2 2 8 8 2 10 2 2 2 10 10 2 2
left_child=1 2 3 5 -5 6 -1 16 -9 13 11 -11 -13 -2 15 -15 -4 -17
right_child=9 -3 7 4 -6 -7 -8 8 -10 10 -12 12 -14 14 -16 17 -18 -19
leaf_value=0.069462509547016729 0.04210812896966739 -0.069505606230529246 0.065383618191783135 -0.092930673955063381 0.0018921931786853527 -0.041288584374399695 -0.01713012039777493 -0.05083682494608751 0.018998714029464105 0.045746856368163259 -0.042421840087488491 0.021222030725647056 -0.045689393883937453 0.012264146324167316 0.041264786831982231 -0.060996980204315272 0.014916733561738355 -0.01936489752269354
leaf_weight=0.68915843742434268 1.74653262470383 0.58453479001764197 0.69645483081694715 0.70898420007142682 0.68167791717496584 0.78032278233877139 0.68462873511452926 0.56095051981537813 0.76275283971335739 1.1202770561212676 1.6039296016606384 0.89023100165650226 0.85690695166704245 1.6135329743265177 1.4247490598354486 0.74311692093033299 0.87315806066908408 0.79004392965725878
leaf_count=25 60 48 20 49 61 61 55 66 40 34 66 32 42 59 35 35 50 35
internal_value=-0.000129814 -0.00808261 -0.00250525 -0.0171159 -0.0464476 0.00181851 0.0263063 0.0153939 -0.010593 0.00504622 -0.00828564 0.0108077 -0.0115935 0.014482 0.00392654 -0.0129782 0.0373118 -0.0395462
internal_weight=17.8119 7.02262 6.43809 3.54477 1.39066 2.15411 1.37379 2.89332 1.3237 10.7893 4.47134 2.86742 1.74714 6.31798 4.57144 3.14669 1.56961 1.53316
internal_count=873 475 427 251 110 141 80 176 106 398 174 108 74 224 164 129 70 70
is_linear=0
shrinkage=0.0895223


Tree=223
num_leaves=11
num_cat=0
split_feature=17 40 58 49 41 49 56 40 42 13
split_gain=0.100225 0.134805 0.243562 0.179151 0.215897 0.233433 0.204646 0.173554 0.294587 0.134657
threshold=1.0000000180025095e-35 12.982390383053977 22046.000000000004 10.803523755977597 10.330326178502206 10.256261298399419 36.610000000000007 11.251636183078597 12.834682363998267 11.086169662281959
decision_type=2 2 2 10 10 10 10 2 2 2
left_child=-1 3 -3 4 5 7 -6 9 -9 -2
right_child=1 2 -4 -5 6 -7 -8 8 -10 -11
leaf_value=0.0312487991747737 -0.0014484908505275067 -0.07312309788157044 0.0094984729333236258 0.042462215555845728 -0.013076108289287345 0.045943687083222134 -0.092031793012372951 -0.068791629402158189 0.0083098080535056497 0.027206777139562207
leaf_weight=0.77931009978056209 9.5330551585284358 0.56429048872814636 0.57957009907113388 0.77776973415166217 0.8505325932637795 0.89060810854425732 0.38100019411103858 0.77206202512024968 0.81769145259750076 1.524397819302975
leaf_count=42 455 52 24 28 60 33 56 50 35 38
internal_value=-0.000131149 -0.00159651 -0.0312573 0.000585518 -0.00161951 0.00164478 -0.0375056 -0.00147444 -0.0291322 0.00250164
internal_weight=17.4703 16.691 1.14386 15.5471 14.7693 13.5378 1.23153 12.6472 1.58975 11.0575
internal_count=873 831 76 755 727 611 116 578 85 493
is_linear=0
shrinkage=0.0895223


Tree=224
num_leaves=15
num_cat=0
split_feature=42 33 23 33 9 48 13 40 50 50 40 43 48 51
split_gain=0.0959166 0.148173 0.1324 0.385206 0.186283 0.245781 0.167218 0.475826 0.333931 0.217432 0.195317 0.18782 0.165131 0.226097
threshold=14.723580402904885 7.3500000000000005 -0.13499999999999998 10.850000000000003 0.46450000000000008 10.817651206967335 9.8400518816556701 9.9133562968881908 0.60950000000000004 0.55350000000000021 9.346064749480556 0.57750000000000001 10.205366575633809 17.900000000000002
decision_type=2 2 2 2 8 10 2 2 2 2 2 2 10 10
left_child=1 -1 6 -4 5 -5 9 -8 11 10 -3 -9 -6 -14
right_child=-2 2 3 4 12 -7 7 8 -10 -11 -12 -13 13 -15
leaf_value=0.037823117037042074 -0.0336546741656246 0.043895634636149768 -0.070549399502544075 0.0078561100978625162 -0.030956207875124639 -0.090946293611838036 0.073120843293401544 0.0027566366787171934 -0.049591972205744218 -0.048443924347625011 -0.026342735736037251 0.041993331199052811 0.02588234505148955 -0.021633498596571429
leaf_weight=0.84023626381531968 0.65814293723815254 0.62883922585752061 0.7604218296182762 0.39666443938040163 0.87771063371474145 0.4105655398707313 0.90756644122302521 4.2924663369194604 0.8172384912468259 0.9344853542279451 0.64036583176493878 1.266216448479099 2.7540064688655552 1.132560201178421
leaf_count=21 42 24 34 37 62 61 24 202 41 66 67 43 110 39
internal_value=-0.000134445 0.00118959 -0.000755986 -0.0107812 -0.00262314 -0.0423914 0.00593466 0.0124724 0.00383897 -0.0156718 0.00845467 0.011695 0.00411418 0.0120351
internal_weight=17.3175 16.6593 15.8191 6.33193 5.57151 0.80723 9.48718 7.28349 6.37592 2.20369 1.26921 5.55868 4.76428 3.88657
internal_count=873 831 810 343 309 98 467 310 286 157 91 245 211 149
is_linear=0
shrinkage=0.0895223


Tree=225
num_leaves=14
num_cat=0
split_feature=17 0 22 17 37 1 1 1 73 9 10 37 9
split_gain=0.0874181 0.124623 0.325946 0.353227 0.289209 0.176702 0.275766 0.317255 0.143076 0.285278 0.258333 0.213809 0.200054
threshold=1.0000000180025095e-35 4.0000000000000009 0.10505000000000002 7.5000000000000009 0.25045000000000006 1.2145000000000004 4.6150000000000011 2.1090000000000004 -0.63349999999999984 0.92450000000000021 0.49150000000000005 0.19845000000000004 0.77250000000000008
decision_type=2 8 2 2 2 10 10 10 2 10 2 2 10
left_child=-1 5 -3 -4 -5 -2 7 -7 9 -8 11 -10 -12
right_child=1 2 3 4 -6 6 8 -9 10 -11 12 -13 -14
leaf_value=0.029420933356364233 0.037511238027090672 0.05891626198871807 -0.091788829589420307 0.02955443325952695 -0.072157394619979345 0.0084341912839603732 0.017368940523238629 -0.086295866176774427 -0.057024871835843094 -0.043531266487903279 -0.010510556434067876 0.00030336647824890398 0.024155646960068621
leaf_weight=0.76625263247115327 1.0074321589781909 0.32540767779573698 0.62778522999724351 0.64286429622734431 0.34388125651457813 0.51761525982874335 1.1069847319886332 0.62581060113734566 0.76636556646553655 1.3909443881129844 1.7550825325888579 1.6305493979161836 5.560681628761813
leaf_count=42 46 24 57 56 57 33 59 66 32 57 102 90 152
internal_value=-0.000129786 -0.00151905 -0.0228164 -0.0392918 -0.00588853 0.00135753 -0.00136965 -0.0434095 0.00256676 -0.0165412 0.00748137 -0.0180247 0.0158386
internal_weight=17.0677 16.3014 1.93994 1.61453 0.986746 14.3615 13.354 1.14343 12.2106 2.49793 9.71268 2.39691 7.31576
internal_count=873 831 194 170 113 637 591 99 492 116 376 122 254
is_linear=0
shrinkage=0.0895223


Tree=226
num_leaves=17
num_cat=0
split_feature=70 4 9 43 47 42 42 29 51 53 8 48 42 54 53 22
split_gain=0.0975949 0.137331 0.123565 0.274091 0.346426 0.396317 0.28675 0.198987 0.196189 0.283707 0.270861 0.224885 0.216114 0.196248 0.163433 0.103134
threshold=1.3820000000000003 -0.20599999999999996 0.6625000000000002 0.57950000000000002 13.20043696386452 11.052899361750429 11.275470615129001 0.096950000000000022 -5.6449999999999987 1.9201880000000002 0.9085000000000002 10.550454423845311 12.800490848123234 35.965000000000011 4.7446620000000008 0.18055000000000002
decision_type=2 2 8 2 2 2 2 2 10 2 2 10 2 2 2 2
left_child=1 -1 3 4 5 -3 -7 -4 10 11 -9 -10 -11 -12 -5 -2
right_child=15 2 7 14 -6 6 -8 8 9 12 13 -13 -14 -15 -16 -17
leaf_value=0.043794004868493809 0.0071346808487034192 -0.091521536192963854 0.032754272993333083 -0.01688098006604808 -0.090960594103763087 0.071791067277776274 -0.016227283061169686 0.012035911875113671 0.019679326120407677 0.0062171574831267305 -0.0044958766555823707 -0.037810730825163279 0.05246967388096118 -0.052957034994644318 0.046631020335742852 -0.063205122978821096
leaf_weight=0.58615217823535815 0.29058892055763763 0.40280254848766883 1.6746785907889723 0.58193473173741928 0.60387827760132484 0.41447450898704108 1.0432215236360205 1.8728999447193935 0.93996604229323333 1.7405533159326299 1.1735524926334622 1.2985689160414038 1.5140135121764613 1.5603795834176706 0.73442567080201115 0.3927035129727301
leaf_count=17 27 54 68 49 99 16 99 52 43 63 45 45 43 84 23 46
internal_value=-0.000146779 0.00125582 -0.000346856 -0.0144278 -0.032045 -0.0129203 0.00879697 0.0041741 -0.00056444 0.0108614 -0.0141892 -0.0136689 0.0277348 -0.0321562 0.018551 -0.0332859
internal_weight=16.8248 16.1415 15.5553 3.78074 2.46438 1.8605 1.4577 11.7746 10.0999 5.4931 4.60683 2.23853 3.25457 2.73393 1.31636 0.683292
internal_count=873 800 783 340 268 169 115 443 375 194 181 88 106 129 72 73
is_linear=0
shrinkage=0.0895223


Tree=227
num_leaves=13
num_cat=0
split_feature=40 49 41 38 51 13 47 58 42 56 51 41
split_gain=0.085974 0.28687 0.195374 0.265409 0.198025 0.157776 0.152853 0.232991 0.239848 0.194499 0.17325 0.152443
threshold=12.982390383053977 10.851055122434779 10.284308258819376 0.67700000000000016 -10.929999999999998 13.916673146797951 12.903428914222383 3174.5000000000005 12.004808973798443 38.000000000000007 -29.254999999999999 9.42837936725787
decision_type=2 10 10 2 10 2 2 2 2 10 8 8
left_child=1 2 6 -4 -5 -2 7 10 -9 -8 -1 -12
right_child=5 -3 3 4 -6 -7 9 8 -10 -11 11 -13
leaf_value=-0.03037092605883435 -0.062894650047588277 0.056100898549406274 0.013273278986509434 -0.0042891852934329663 -0.091612244977812493 0.0039439325326514991 0.047485742140381058 -0.00097696057256232397 -0.070923432764857491 -0.0059000482473074468 0.038174841389356381 0.0029939966267023858
leaf_weight=1.0708720268448813 0.4809403569488484 0.73759359354153353 0.64053718726881992 0.31666509783099173 0.60770532394963084 0.68763017469609622 1.2368533488915994 0.83964138926239573 0.73857286333077354 0.98029223017510947 1.1476097549602826 7.0593426667983303
leaf_count=62 54 26 48 29 66 27 56 24 49 44 62 326
internal_value=-0.000152174 0.00162671 -0.00111792 -0.0310111 -0.0617016 -0.0235613 0.00246012 -0.00191417 -0.0337128 0.02388 0.00349458 0.00791391
internal_weight=16.5443 15.3757 14.6381 1.56491 0.92437 1.16857 13.0732 10.856 1.57821 2.21715 9.27782 8.20695
internal_count=873 792 766 143 95 81 623 523 73 100 450 388
is_linear=0
shrinkage=0.0895223


Tree=228
num_leaves=13
num_cat=0
split_feature=22 69 69 50 0 50 11 25 50 44 53 9
split_gain=0.0888392 0.108448 0.220518 0.273883 0.164793 0.304009 0.241563 0.256232 0.203219 0.1725 0.142237 0.0875207
threshold=0.25365000000000004 0.31670000000000004 0.60120000000000007 0.52850000000000008 0.35000000000000003 0.63950000000000007 18.905000000000005 149.50000000000003 0.57150000000000001 4.6000000000000005 3.9983970000000006 0.83550000000000002
decision_type=2 8 8 2 8 2 10 2 2 2 2 10
left_child=1 11 3 -3 8 6 7 -6 10 -8 -4 -1
right_child=-2 2 4 -5 5 -7 9 -9 -10 -11 -12 -13
leaf_value=0.0026375533074066279 0.028690566627016377 0.007386561830371517 -0.025687344979277986 -0.082996925274251912 -0.071975906466881026 -0.060897028655095511 -0.00088944279110877316 0.0040172453002933648 0.043949556104162311 0.037700957679805545 0.022321540086568888 0.055750781432299064
leaf_weight=0.54661817180931283 0.81311783388082481 0.48736106536671175 0.97446789313107673 0.59864855757768964 0.74512588028301052 0.75264646731011531 6.8975108904196532 0.68002220430207672 1.328017688822001 1.0726493961483354 1.0042685160588005 0.45633522240677848
leaf_count=60 31 32 31 53 87 50 300 76 35 63 39 16
internal_value=-0.000155116 -0.00166432 -0.0036284 -0.0424328 -0.000496 -0.00615181 -0.00176585 -0.0357126 0.0168598 0.00430372 -0.00131956 0.0268072
internal_weight=16.3568 15.5437 14.5407 1.08601 13.4547 10.148 9.39531 1.42515 3.30675 7.97016 1.97874 1.00295
internal_count=873 842 766 85 681 576 526 163 105 363 70 76
is_linear=0
shrinkage=0.0895223


Tree=229
num_leaves=16
num_cat=0
split_feature=25 25 51 44 33 73 23 69 56 16 42 53 42 22 51
split_gain=0.0771426 0.131738 0.114246 0.293714 0.291509 0.184279 0.177416 0.206563 0.255169 0.245309 0.259964 0.191495 0.160615 0.157958 0.109699
threshold=193.50000000000003 180.50000000000003 -9.8549999999999986 0.25000000000000006 17.250000000000004 -1.0000000180025095e-35 -2.5049999999999994 0.71735000000000004 47.285000000000004 3.5000000000000004 9.7986382639037277 2.0434750000000004 11.078719067706956 0.20745000000000002 4.705000000000001
decision_type=2 2 8 2 2 2 2 8 8 2 2 2 2 2 10
left_child=1 2 3 5 -5 -1 14 8 -8 10 -9 -11 -7 -6 -4
right_child=-2 -3 6 4 13 12 7 9 -10 11 -12 -13 -14 -15 -16
leaf_value=-0.023314284565691221 -0.02886576095412579 0.035469582384499418 0.051511252666546714 -0.072786846177121778 0.026075289910468726 -0.00030716844847549873 0.016905799297690746 0.041716727859527937 -0.071815726388131731 -0.0047348048633563174 -0.019740679771953894 0.041793839662324771 0.058812736768358645 -0.040228237803590222 0.0087988757744630972
leaf_weight=0.88122942115660419 0.71688359028485216 0.84837606886867512 0.9074965694162519 0.97685217468824737 0.58949318819213636 0.75740761190536432 0.42360986125549671 0.6564868720815874 0.67158472445407835 1.1560711544116204 3.4518381353627774 1.8321234818722585 0.71661716216476634 0.56291471998338238 1.0280833609285762
leaf_count=43 42 36 38 64 35 42 24 31 63 59 190 91 31 43 41
internal_value=-0.000157001 0.00117398 -0.000817009 -0.0127129 -0.036809 0.00906956 0.0044503 -0.00130897 -0.0374959 0.00427519 -0.00991926 0.0237917 0.0284323 -0.00630875 0.0288264
internal_weight=16.1771 15.4602 14.6118 4.48451 2.12926 2.35525 10.1273 8.19171 1.09519 7.09652 4.10833 2.98819 1.47402 1.15241 1.93558
internal_count=873 831 795 258 142 116 537 458 87 371 221 150 73 78 79
is_linear=0
shrinkage=0.0895223


Tree=230
num_leaves=12
num_cat=0
split_feature=48 23 8 8 20 23 47 52 69 23 10
split_gain=0.0875142 0.335155 0.120636 0.266702 0.210027 0.187407 0.208003 0.244588 0.169754 0.232424 0.207156
threshold=8.9108571489967883 -0.55499999999999994 0.76350000000000018 0.9085000000000002 1.0558000000000003 -1.7049999999999998 11.755806693363363 432.50000000000006 0.88890000000000013 2.2900000000000005 0.64450000000000018
decision_type=8 2 2 2 2 2 2 2 10 2 2
left_child=1 -1 -2 5 -5 -4 -7 -8 9 10 -6
right_child=2 -3 3 4 8 6 7 -9 -10 -11 -12
leaf_value=0.040886079717188432 -0.031286426370601805 -0.093129033754627749 0.055445676620675011 -0.04931983266767552 -0.0045514848907482579 0.045104041336141057 -0.052636564667697457 0.028389863122017928 0.03678292546720921 0.034325027491350572 -0.056554430297891353
leaf_weight=0.26928656100062653 0.86614512990672565 0.33629399890924006 1.1276534136850389 0.74172064389858938 7.8876233756236562 0.80088802019599725 0.62360771102248669 0.57276633725268766 0.91640941868536252 1.1464419460098731 0.66575205775916391
leaf_count=22 65 50 39 47 428 26 40 31 32 48 45
internal_value=-0.000150048 -0.0335299 0.00116669 0.00310779 -0.00326408 0.0262684 0.00979314 -0.013842 -4.59816e-05 -0.00352584 -0.00859956
internal_weight=15.9546 0.605581 15.349 14.4829 11.3579 3.12492 1.99726 1.19637 10.6162 9.69982 8.55338
internal_count=873 72 801 736 600 136 97 71 553 521 473
is_linear=0
shrinkage=0.0895223


Tree=231
num_leaves=15
num_cat=0
split_feature=0 41 13 40 33 40 33 40 56 29 50 9 43 6
split_gain=0.0796752 0.162084 0.110596 0.180455 0.205509 0.177689 0.191871 0.271229 0.265464 0.330139 0.194781 0.175577 0.304388 0.0280267
threshold=12.550000000000002 10.638539106269917 9.3286483125016719 9.9542752213620016 15.15 10.172800541501593 15.15 11.917904589196786 38.000000000000007 0.096950000000000022 0.55950000000000022 1.1900000000000002 0.5675 1.0195000000000001
decision_type=10 8 2 2 2 2 2 2 8 2 2 8 2 2
left_child=2 -2 11 4 -4 -5 7 10 -8 -10 -7 12 13 -1
right_child=1 -3 3 5 -6 6 8 -9 9 -11 -12 -13 -14 -15
leaf_value=-0.041236660076192519 -0.090715900981172368 0.0014374389488722385 0.0008614406637917839 -0.042680321223267675 0.047492363474787178 0.012339185175697041 0.024025098800584548 -0.019528508668114671 0.011673067704564612 -0.042723500469418717 0.058573114492972665 -0.067827401559751616 0.025065030864926015 -0.090729533277195074
leaf_weight=0.15598124403913838 0.23269902087668093 0.44616810764273396 1.5843019961175735 0.78254883957561006 1.4515508930926442 1.9519816999309099 1.3538860095140988 1.2632418032881103 1.4384436372783969 2.3627418811065581 1.1670538267644586 0.4547676164074802 0.90678282442968339 0.22371237933111843
leaf_count=19 53 50 49 36 64 68 51 66 78 164 35 35 47 58
internal_value=-0.000143026 -0.0301452 0.00120584 0.0039727 0.0231586 -0.00167094 0.00169354 0.0154656 -0.0100133 -0.0221378 0.0296398 -0.0200146 -0.00310999 -0.070407
internal_weight=15.7759 0.678867 15.097 13.3558 3.03585 10.3199 9.53735 4.38228 5.15507 3.80119 3.11904 1.74124 1.28648 0.379694
internal_count=873 103 770 611 113 498 462 169 293 242 103 159 124 77
is_linear=0
shrinkage=0.0895223


Tree=232
num_leaves=18
num_cat=0
split_feature=22 4 13 4 43 48 9 4 57 10 69 49 23 9 43 13 47
split_gain=0.0855035 0.172809 0.309633 0.110957 0.209561 0.300079 0.285131 0.402293 0.203019 0.191835 0.183412 0.166549 0.146863 0.157533 0.140528 0.128744 0.0484479
threshold=0.25365000000000004 0.35900000000000004 10.251324211005652 0.16350000000000003 0.56850000000000012 12.039037013923652 0.77250000000000008 -0.20599999999999996 0.88950000000000007 0.56950000000000001 0.40005000000000007 10.021815219201896 -0.33499999999999996 1.1520000000000001 0.52350000000000019 9.6628798146584867 12.239517084596104
decision_type=2 2 2 2 2 8 10 2 8 2 8 8 2 8 2 2 2
left_child=1 3 -3 4 6 12 7 -1 -8 11 -9 -5 13 -6 -10 -14 -4
right_child=-2 2 16 9 5 -7 8 10 14 -11 -12 -13 15 -15 -16 -17 -18
leaf_value=0.060411583131939423 0.028588132468131373 -0.091867377324011873 0.015203254014291196 0.056682918173507874 -0.012357735835756127 0.060221165409454006 -0.034087696792973361 0.0013269666884414596 0.033539871410077193 -0.021869351324740785 -0.081685794302561704 0.0059580206851117534 0.0084493854013055862 0.038176331630520345 -0.0059487052215881084 -0.039970461935806958 -0.021026484725468326
leaf_weight=0.24032526934751919 0.78817408454051552 0.45447613664873543 0.52751152391283518 1.0425607722427228 0.84193573358061335 0.833472185069695 1.1165385663480263 0.26560760877237144 1.2491434028197548 0.73160365983494546 1.0814635493516107 1.0328593696831374 0.80823061301634858 1.1973549410467965 1.7119751514110246 0.96592676235741237 0.67330015611150884
leaf_count=7 31 53 27 40 50 40 57 37 40 55 152 61 36 44 54 45 44
internal_value=-0.00014099 -0.00167387 -0.0289308 0.001765 -0.00253015 0.0115602 -0.0140888 -0.0462784 -0.00155681 0.0175451 -0.0653151 0.0314408 0.000923864 0.0173112 0.0107083 -0.0179104 -0.00510791
internal_weight=15.5625 14.7743 1.65529 13.119 10.312 4.64692 5.66505 1.5874 4.07766 2.80702 1.34707 2.07542 3.81345 2.03929 2.96112 1.77416 1.20081
internal_count=873 842 124 718 562 215 347 196 151 156 189 101 175 94 94 81 71
is_linear=0
shrinkage=0.0895223


Tree=233
num_leaves=16
num_cat=0
split_feature=34 29 37 29 25 49 9 24 9 24 57 20 37 25 49
split_gain=0.0803578 0.119458 0.404503 0.220306 0.224636 0.385665 0.253222 0.204591 0.221045 0.200133 0.152871 0.124975 0.122263 0.100877 0.0627108
threshold=2.5000000000000004 0.19715000000000002 0.28610000000000008 0.19485000000000002 152.50000000000003 10.437171594615629 1.3900000000000003 9.1153500000000012 0.89750000000000008 1.8264000000000002 0.87950000000000006 1.1319000000000001 0.23345000000000002 136.50000000000003 10.374759102769378
decision_type=2 2 2 2 2 10 8 2 8 2 10 2 2 2 10
left_child=1 3 -3 4 5 6 10 8 12 -10 -1 -8 -6 -7 -9
right_child=-2 2 -4 -5 7 13 11 14 9 -11 -12 -13 -14 -15 -16
leaf_value=-0.011934362148320365 0.031364421135410894 -0.06401727018845052 0.022277116921950398 0.035836859259181918 0.02034274088695482 -0.092377073816833286 0.048209337439749908 -0.0060717982622989523 -0.024392090028317024 -0.084550961123408777 0.030068432000046549 0.011126513471293875 -0.033694959809497549 -0.023159065708066105 0.041560881647414907
leaf_weight=2.9655126068209925 0.62226108618779186 0.92603056266670936 0.82145831491652643 1.3412213583796972 0.77750126214232318 0.3388276316836708 1.7293629442865497 0.42864854962681409 1.0132173585589042 0.78805532737169404 0.90675788866428764 1.2588185838249044 0.59030816856829915 0.33648336260830547 0.45813996869765106
leaf_count=214 26 48 30 48 50 36 56 30 60 35 47 49 68 36 40
internal_value=-0.000145031 -0.00148088 -0.02345 0.00148731 -0.00248682 0.00665558 0.01301 -0.0194742 -0.0301106 -0.0507135 -0.00209776 0.0325888 -0.00297578 -0.0578936 0.0185325
internal_weight=15.3026 14.6803 1.74749 12.9329 11.5916 7.53576 6.86045 4.05587 3.16908 1.80127 3.87227 2.98818 1.36781 0.675311 0.886789
internal_count=873 847 78 769 721 438 366 283 213 95 261 105 118 72 70
is_linear=0
shrinkage=0.0895223


Tree=234
num_leaves=13
num_cat=0
split_feature=48 21 40 13 20 24 51 20 23 23 9 10
split_gain=0.0823389 0.202055 0.146524 0.224671 0.205213 0.191614 0.175169 0.172968 0.233326 0.269159 0.162398 0.0359885
threshold=9.3889577645948563 1.1278500000000002 9.9542752213620016 9.943740801819855 1.0774000000000001 1.2535000000000001 91.38000000000001 1.0636000000000003 1.7250000000000003 -0.18499999999999997 0.6625000000000002 0.27950000000000008
decision_type=8 2 2 2 2 2 8 2 2 2 10 2
left_child=1 -1 3 4 -2 -4 7 -7 9 -9 -6 -3
right_child=2 11 5 -5 10 6 -8 8 -10 -11 -12 -13
leaf_value=0.0099450796556302245 -0.041385393963844282 -0.040781139347202261 -0.038005720658925164 0.059063061234386802 -0.012605888451626985 -0.040329367051501058 0.051086217763346493 0.009063670181418149 0.04551003908639157 -0.029394555874241782 0.032987198972656104 -0.090736745935958069
leaf_weight=0.60988536127115256 0.60518079571193206 0.2105093592472258 1.1831643884834182 0.78302152920514334 0.9875583577086221 0.87837305790526432 0.51395572914043164 4.2569779967416208 0.86031680427549861 2.2184841158768949 1.7102036750875411 0.25724218274990562
leaf_count=34 34 22 67 28 64 57 18 244 44 143 66 52
internal_value=-0.000152747 -0.0239977 0.0016828 0.0159483 0.00572608 -0.00419785 0.000384661 -0.00278727 0.00170746 -0.00411151 0.0162958 -0.0682622
internal_weight=15.0749 1.07764 13.9972 4.08596 3.30294 9.91127 8.72811 8.21415 7.33578 6.47546 2.69776 0.467752
internal_count=873 108 765 192 164 573 506 488 431 387 130 74
is_linear=0
shrinkage=0.0895223


Tree=235
num_leaves=15
num_cat=0
split_feature=28 23 5 50 43 24 41 22 22 13 29 20 20 17
split_gain=0.0816611 0.231054 0.218957 0.167843 0.30957 0.141267 0.145307 0.187413 0.178369 0.183855 0.137563 0.135755 0.178831 0.134125
threshold=1.6570000000000003 -1.7049999999999998 0.36658800000000008 0.51250000000000007 0.52050000000000007 0.41760000000000003 8.9578810777914502 0.24205000000000002 0.23035000000000003 9.5239569798761838 0.096450000000000022 1.0636000000000003 1.1348500000000004 17.500000000000004
decision_type=2 2 2 2 2 2 10 2 2 2 2 2 2 2
left_child=3 -2 11 13 -5 -6 8 10 9 -7 -8 -3 -13 -1
right_child=1 2 -4 4 5 6 7 -9 -10 -11 -12 12 -14 -15
leaf_value=0.045129850958540822 0.036561346638071125 -0.032652041916101576 -0.048661109596488256 -0.076068665447981701 -0.04199487744273564 -0.043903705641948086 0.027527075064458648 -0.057539696057154789 0.044316297141943031 0.016280702840977251 -0.013582626165355785 0.039178852567686731 -0.016954806029156382 -0.0089894960030163489
leaf_weight=0.88722263459931017 1.6539862405770689 0.52378558759846949 0.70605600328417484 0.52699598775143286 0.75867696875866197 0.58531609504279947 0.84435036755530779 0.61633081423497049 1.0157375403068725 1.3336526738712562 2.8683240730042598 1.2436903290508778 0.71698703838046629 0.62574313187360531
leaf_count=50 69 21 41 49 57 50 55 38 40 57 201 62 41 42
internal_value=-0.000141552 0.00940748 -0.00466813 -0.00473928 -0.00960343 -0.00523684 -0.00139705 -0.0118227 0.0139806 -0.00207462 -0.00423233 0.00783272 0.0186499 0.0227444
internal_weight=14.9069 4.84451 3.19052 10.0624 8.54938 8.02239 7.26371 4.32901 2.93471 1.91897 3.71267 2.48446 1.96068 1.51297
internal_count=873 234 165 639 547 498 441 294 147 107 256 124 103 92
is_linear=0
shrinkage=0.0895223


Tree=236
num_leaves=13
num_cat=0
split_feature=33 25 48 73 29 9 4 48 47 48 9 9
split_gain=0.0808028 0.12226 0.14342 0.4305 0.214959 0.186126 0.273789 0.19556 0.310237 0.178935 0.166656 0.142976
threshold=7.3500000000000005 193.50000000000003 10.633620804612052 -0.63349999999999984 0.099050000000000013 2.4785000000000004 -0.050499999999999996 10.980417496907949 11.490724801567454 9.3889577645948563 0.6625000000000002 0.95850000000000002
decision_type=2 2 10 2 2 8 2 10 2 8 10 10
left_child=-1 2 3 -2 9 6 11 -8 -9 -5 -11 -4
right_child=1 -3 5 4 -6 -7 7 8 -10 10 -12 -13
leaf_value=0.02798840973035863 -0.092337405898689509 -0.042137590141671878 -0.0082300764219666034 -0.031788402525365252 -0.049283268895108881 0.034148297259817682 0.038980600216680282 -0.063859864058763732 0.0067244411046053229 -0.014703327589275735 0.042351827366134812 -0.071135409263380342
leaf_weight=0.77549962000921446 0.49962330141352174 0.57455155177740458 0.57324416185292271 0.63755020967437115 0.63522613163968333 1.5485668673645712 1.2548740979982538 0.55162343745905662 5.2356705352431163 0.61688698685247789 1.2246727280144112 0.58544620964676142
leaf_count=22 50 40 46 61 54 53 50 36 327 56 54 24
internal_value=-0.000136542 -0.00170166 3.65925e-05 -0.0151958 -0.00281906 0.00568337 0.000307906 0.00694333 -2.77084e-06 0.00908508 0.0232375 -0.0400171
internal_weight=14.7134 13.9379 13.3634 3.61396 3.11434 9.74943 8.20086 7.04217 5.78729 2.47911 1.84156 1.15869
internal_count=873 851 811 275 225 536 483 413 363 171 110 70
is_linear=0
shrinkage=0.0895223


Tree=237
num_leaves=12
num_cat=0
split_feature=42 11 52 58 33 43 58 25 53 42 43
split_gain=0.0895092 0.129171 0.201048 0.22171 0.144438 0.133807 0.256167 0.243724 0.184466 0.173238 0.115006
threshold=14.723580402904885 689.50000000000011 625.00000000000011 1989.5000000000002 7.3500000000000005 0.57550000000000001 645.50000000000011 113.50000000000001 11.843937500000001 9.2895415992836359 0.58750000000000002
decision_type=2 10 2 2 2 2 2 2 2 2 2
left_child=1 2 4 -4 -1 7 9 -6 -9 -7 -8
right_child=-2 -3 3 -5 5 6 10 8 -10 -11 -12
leaf_value=0.042468904906805674 -0.035402375371420387 0.027180699070630716 -0.084676693965334421 -3.6153456427626621e-05 0.049987283310318549 0.022560656629988261 0.052255108738248381 -0.0076312286895706526 -0.05313861049276427 -0.041178213003684835 0.014289608657969173
leaf_weight=0.65736625995486697 0.55500784697596905 1.3873245914001007 0.4722880035114948 0.52249901921459241 0.52061531168874164 0.52932246902491875 0.96835434529930386 5.2320063808474515 0.82671942606975779 0.96407677959359717 1.8838118626372304
leaf_count=17 42 62 37 43 23 30 36 308 115 66 94
internal_value=-0.0001446 0.00125645 -0.00160287 -0.040224 0.00171394 -0.000738011 0.0114523 -0.00879012 -0.0138414 -0.0185841 0.0271807
internal_weight=14.5194 13.9644 12.5771 0.994787 11.5823 10.9249 4.34557 6.57934 6.05873 1.4934 2.85217
internal_count=873 831 769 80 689 672 226 446 423 96 130
is_linear=0
shrinkage=0.0895223


Tree=238
num_leaves=14
num_cat=0
split_feature=40 13 20 20 23 40 40 23 42 30 40 56 56
split_gain=0.0775692 0.156324 0.19171 0.251424 0.174469 0.134374 0.207672 0.20092 0.266704 0.178647 0.173023 0.158462 0.0792463
threshold=9.9236577082884576 9.9124720678451812 1.1387500000000002 1.0762000000000003 -1.9149999999999998 10.172800541501593 10.306932268243767 -2.6199999999999997 11.052899361750429 0.68750000000000011 11.103202013115272 36.610000000000007 inf
decision_type=2 2 2 2 2 2 2 2 2 2 2 8 8
left_child=1 2 3 -1 -5 -2 -7 10 -9 11 -8 -10 -6
right_child=5 -3 -4 4 12 6 7 8 9 -11 -12 -13 -14
leaf_value=-0.042993741770562019 -0.034863540377750697 0.043357826782427618 -0.047398002071432521 -0.013225625380155219 0.018901175566917772 0.051777505355827889 0.055833725224230323 -0.052809228018002696 0.021431428672571449 0.024989653407388866 0.00082090188414677735 -0.021293192231334065 0.061231689165570327
leaf_weight=0.54797497212712354 1.0355144805944281 0.8952341821277513 0.54359765667322779 0.65350830479292277 0.63468973084672975 0.56410580963711154 0.71862844435963502 1.0631448350686703 0.87075688378536131 1.3134934389272528 1.2646089349145766 3.4596230882170858 0.80355493127717648
leaf_count=41 64 36 48 37 51 25 26 65 43 61 66 279 31
internal_value=-0.000139139 0.0103083 0.00101284 0.0109834 0.0251255 -0.00428052 -0.000858053 -0.00427517 -0.0116775 -0.00392884 0.0207567 -0.0127013 0.042554
internal_weight=14.3684 4.07856 3.18333 2.63973 2.09175 10.2899 9.25436 8.69026 6.70702 5.64387 1.98324 4.33038 1.43824
internal_count=873 244 208 160 119 629 565 540 448 383 92 322 82
is_linear=0
shrinkage=0.0895223


Tree=239
num_leaves=20
num_cat=0
split_feature=28 40 5 52 20 69 33 49 57 2 23 40 57 31 25 5 9 23 17
split_gain=0.0829495 0.200323 0.20265 0.225711 0.231179 0.104437 0.382589 0.194561 0.173531 0.149297 0.19153 0.176238 0.356237 0.16521 0.321014 0.185496 0.238079 0.148979 0.127209
threshold=1.6570000000000003 9.346064749480556 0.36658800000000008 246.00000000000003 1.11955 0.88515000000000021 13.750000000000002 10.167736244820064 0.89450000000000018 285.50000000000006 -2.7449999999999997 10.359742946395148 0.88450000000000017 0.11150000000000002 149.50000000000003 0.25601400000000002 0.83550000000000002 -0.69499999999999984 15.500000000000002
decision_type=2 2 2 2 2 8 2 8 8 10 2 2 10 2 2 2 8 2 2
left_child=5 -2 3 -3 -5 6 -1 18 -9 10 -7 -11 -13 15 -15 16 -12 -17 -8
right_child=1 2 -4 4 -6 9 7 8 -10 11 13 12 -14 14 -16 17 -18 -19 -20
leaf_value=-0.09227346644879883 0.060248655181659824 0.041521026417553397 -0.039030160992827169 0.017659647689366162 -0.044488686876336309 -0.062231232542070185 -0.007812921129181815 -0.091126154458135905 0.0017306706799434539 0.041635972159472859 0.023955792006034184 -0.040718972744127516 0.042104716223118691 -0.078838287172644753 0.0097639482745606448 0.059379662072584723 -0.065949606202115152 0.0030004517992223904 0.050217479776408822
leaf_weight=0.48317004462660174 0.55348787683760825 1.296989175178169 0.75451098958728824 1.2433905392972522 0.78092952945735294 0.50029580820409947 0.67927939690707673 0.30900483339064533 0.33725360377138713 1.2421326676339961 0.47635380455176601 0.91033497472380964 0.76671671529766172 0.57836923225840997 0.75604711507548927 0.72152076612110183 0.46786531103134621 0.78381673990224998 0.54601403174456209
leaf_count=46 19 51 52 56 56 40 46 44 27 51 45 64 29 54 53 31 29 50 30
internal_value=-0.00012236 0.0097133 0.00284982 0.0123649 -0.00631377 -0.00488644 -0.0212536 -0.00291675 -0.0426627 0.000463277 -0.0101747 0.0160771 -0.00285138 -0.00329111 -0.0286358 0.0105141 -0.020589 0.0300259 0.0180436
internal_weight=14.1875 4.62931 4.07582 3.32131 2.02432 9.55818 2.35472 1.87155 0.646258 7.20345 4.28427 2.91918 1.67705 3.78397 1.33442 2.44956 0.944219 1.50534 1.22529
internal_count=873 234 215 163 112 639 193 147 71 446 302 144 93 262 107 155 74 81 76
is_linear=0
shrinkage=0.0895223


Tree=240
num_leaves=9
num_cat=0
split_feature=42 11 40 8 8 54 20 29
split_gain=0.0864994 0.11109 0.136893 0.119484 0.149593 0.173492 0.26263 0.120507
threshold=14.723580402904885 1271.0000000000002 8.7932799448825953 0.76350000000000018 0.82800000000000007 47.615000000000009 1.1395500000000001 0.095950000000000021
decision_type=2 8 2 2 2 2 2 2
left_child=1 2 -1 -4 -5 7 -7 -6
right_child=-2 -3 3 4 5 6 -8 -9
leaf_value=0.050637998271073424 -0.035156406921474294 0.038010753867278445 -0.037730590343459824 0.030316891664462147 0.039998783984109477 -0.0096434197409397196 -0.079663749502551257 0.00088867844260143581
leaf_weight=0.40567827226186537 0.54313816511967239 0.62910352760809374 0.71506128077816988 1.1707366644623096 0.70377001704764541 3.0717401702750071 0.49908094107740897 6.1412028933045804
leaf_count=24 42 36 69 58 33 234 61 316
internal_value=-0.000136314 0.00128965 -0.000528035 -0.00221567 -2.35561e-05 -0.00343417 -0.0194309 0.00491033
internal_weight=13.8795 13.3364 12.7073 12.3016 11.5865 10.4158 3.57082 6.84497
internal_count=873 831 795 771 702 644 295 349
is_linear=0
shrinkage=0.0895223


Tree=241
num_leaves=12
num_cat=0
split_feature=40 49 41 54 23 49 40 54 24 6 13
split_gain=0.0795378 0.244384 0.153554 0.231908 0.181583 0.163607 0.17943 0.170096 0.206745 0.125593 0.118537
threshold=12.982390383053977 10.851055122434779 10.330326178502206 25.310000000000006 -4.2649999999999997 10.256261298399419 11.255753144344501 34.935000000000009 2.0703000000000005 1.1575000000000002 13.916673146797951
decision_type=2 10 10 2 2 10 2 2 2 2 2
left_child=1 2 5 -4 -5 6 7 -1 -9 -8 -2
right_child=10 -3 3 4 -6 -7 9 8 -10 -11 -12
leaf_value=0.032703515971821438 -0.060415496608943665 0.055947332810319439 0.0284550277001216 0.0024221818357260034 -0.090888687509308341 0.044214089030626527 -0.055959213384811288 0.0087214024626957581 -0.022688176670643299 0.00018150939057556495 0.0019795792407553588
leaf_weight=1.3800751449307336 0.42336713727490938 0.63419161643833 0.3404320397530689 0.24797914012742694 0.51221261048431188 0.69351896308944638 0.7411850628268446 5.1945233301667031 2.4818973865149019 0.56090289463463705 0.57575058125075884
leaf_count=48 54 26 19 12 97 33 56 305 163 33 27
internal_value=-0.000129799 0.00177068 -0.00105624 -0.0329445 -0.0604454 0.00211903 -0.000698938 0.00376825 -0.0014333 -0.0317726 -0.0244562
internal_weight=13.786 12.7869 12.1527 1.10062 0.760192 11.0521 10.3586 9.0565 7.67642 1.30209 0.999118
internal_count=873 792 766 128 109 638 605 516 468 89 81
is_linear=0
shrinkage=0.0895223


Tree=242
num_leaves=16
num_cat=0
split_feature=0 47 16 42 54 42 51 50 20 42 42 25 54 24 5
split_gain=0.0839035 0.332724 0.1938 0.191292 0.176251 0.248471 0.26306 0.27753 0.211481 0.181753 0.220595 0.170182 0.161287 0.148628 0.121223
threshold=0.35000000000000003 10.152216618708104 1.0000000180025095e-35 9.7986382639037277 48.07500000000001 11.748675457851082 -7.8899999999999997 0.5375000000000002 1.1263500000000002 10.85224305096386 11.264944754692054 140.50000000000003 56.570000000000007 2.4792500000000008 0.33651300000000001
decision_type=8 2 2 2 2 2 10 2 2 2 2 2 2 2 2
left_child=2 -2 -1 -3 5 13 7 -7 -8 11 -11 -6 -12 -5 -4
right_child=1 3 14 4 9 6 8 -9 -10 10 12 -13 -14 -15 -16
leaf_value=0.045807883274928636 -0.076452022009096815 0.043370721132184362 -0.024926340134657568 0.0067935006042707203 -0.011612647766409433 -0.0023581519702484018 0.023181241904850356 -0.079629798481733932 -0.024583104871257273 0.029270486162418639 -0.091478652164610916 -0.09170378563805312 -0.0069527235993260073 0.056741158205469211 0.015758827828284836
leaf_weight=0.97337287844857145 0.48606517388543657 0.73449097806587715 1.021357139979955 1.0052068789955209 0.36982996538426993 0.79079192476637794 2.1343973916909853 0.70440393250100897 1.1394541793779351 0.72291461622080511 0.29573144050664268 0.5005501728010131 0.46626490473499871 0.90972700528800476 1.3797655787784604
leaf_count=30 60 25 50 41 28 46 126 72 92 44 29 55 78 34 63
internal_value=-0.000132731 -0.00416052 0.0121123 -0.000564979 -0.0041354 0.00328465 -0.00765211 -0.0387641 0.0065559 -0.025194 -0.00615179 -0.0576767 -0.039762 0.030524 -0.00154578
internal_weight=13.6343 10.2598 3.3745 9.77376 9.03927 6.68398 4.76905 1.4952 3.27385 2.35529 1.48491 0.87038 0.761996 1.91493 2.40112
internal_count=873 730 143 670 645 411 336 118 218 234 151 83 107 75 113
is_linear=0
shrinkage=0.0895223


Tree=243
num_leaves=19
num_cat=0
split_feature=9 0 9 6 25 43 53 9 29 43 44 6 23 69 6 53 29 51
split_gain=0.072326 0.147897 0.192692 0.161884 0.202346 0.244404 0.200062 0.158076 0.152671 0.138776 0.22828 0.23047 0.238059 0.198243 0.162341 0.136287 0.0875624 0.00872957
threshold=0.77250000000000008 3.0500000000000003 0.96150000000000013 1.1595000000000002 152.50000000000003 0.54250000000000009 2.7309455000000002 1.2085000000000001 0.098850000000000007 0.57950000000000002 3.7000000000000006 0.97550000000000014 1.7250000000000003 0.40005000000000007 1.1535000000000002 4.9090120000000006 0.095950000000000021 12.730000000000002
decision_type=8 10 8 2 2 2 2 10 2 2 2 2 2 8 2 2 2 8
left_child=9 2 -2 4 5 -4 -6 -3 -7 10 11 -1 13 -13 15 -11 -12 -15
right_child=1 7 3 -5 6 8 -8 -9 -10 14 16 12 -14 17 -16 -17 -18 -19
leaf_value=0.037110293424773032 0.038399814962918409 -0.070869596113800587 0.05559934001428106 -0.026630877515559922 0.010503437936141851 0.026376964862068135 -0.050594623987051265 -0.00012354707577458138 -0.016516701670390807 -0.049748922281976159 0.058488518122698861 0.00023717769401048535 0.0094618956111363183 -0.090990165835047099 0.046551969677341529 0.020174266558670051 -0.0092107688377474836 -0.070427913743405068
leaf_weight=0.28476633098034598 1.4126349042344344 0.40823582911980405 1.1124823572172329 1.2792153746995607 0.97049291408620753 1.3752886992879214 0.77040970313828439 0.66641983274894301 1.287585883925203 0.42449964066327062 0.31075609377148783 0.26415714164613713 0.410033604435739 0.81066460690999564 0.62290243289680802 0.47146874071040656 0.30167219918439514 0.21024559086072214
leaf_count=20 56 50 38 59 45 52 42 56 48 50 22 43 30 138 27 22 58 17
internal_value=-0.000151033 0.00422662 0.00831565 0.00206126 0.00871559 0.020359 -0.0165325 -0.0270016 0.00563514 -0.0100364 -0.0226268 -0.0374027 -0.0499225 -0.0688734 0.0114496 -0.0129505 0.0251351 -0.0867591
internal_weight=13.3939 9.28277 8.20811 6.79547 5.51626 3.77536 1.7409 1.07466 2.66287 4.11117 2.5923 1.97987 1.6951 1.28507 1.51887 0.895968 0.612428 1.02091
internal_count=873 446 340 284 225 138 87 106 100 427 328 248 228 198 99 72 80 155
is_linear=0
shrinkage=0.0895223


Tree=244
num_leaves=16
num_cat=0
split_feature=40 49 53 40 37 9 13 9 9 40 51 53 51 33 51
split_gain=0.0728022 0.214542 0.169874 0.123382 0.26791 0.117459 0.170851 0.216643 0.343065 0.184187 0.135305 0.158558 0.108194 0.0914979 0.0828136
threshold=12.982390383053977 10.851055122434779 4.230941500000001 11.927873167179204 0.16080000000000003 0.6625000000000002 9.504897370467468 0.92450000000000021 1.1900000000000002 9.2437647963096676 -13.674999999999999 4.632626000000001 -6.2549999999999999 15.450000000000001 -8.9849999999999977
decision_type=2 10 2 2 2 8 2 8 8 2 10 2 8 2 10
left_child=1 3 -2 5 -5 10 9 -8 -9 -7 -1 13 -13 -12 -6
right_child=2 -3 -4 4 14 6 7 8 -10 -11 11 12 -14 -15 -16
leaf_value=-0.068753476228766916 -0.055719494110083923 0.053932906645022559 0.020792823272490189 0.02003453540545232 -0.026221214489250046 0.012288310841561513 0.047084981136786455 -0.049484630316907023 0.014332052890235288 -0.06039159877272695 -0.0016372253340022611 0.046372362158405962 -0.0061742834492860416 -0.068473163284645699 -0.091101354103023321
leaf_weight=0.32407045342915841 0.55970994271410823 0.59938787133433002 0.39777821837924421 0.51500058971578322 0.25753523112871335 0.54516103089554302 1.2133904848888049 0.78571601961448312 4.7949690608948004 0.57317748815694358 0.27010572750804707 0.44923269343780703 1.0431818845972882 0.41893064997566398 0.4073352750219783
leaf_count=64 61 26 20 43 28 30 53 42 195 49 26 25 99 58 54
internal_value=-0.0001594 0.00170627 -0.0239295 -0.000992547 -0.0284301 0.00211452 0.00746389 0.0128014 0.00534653 -0.0249588 -0.0147773 -0.00675709 0.0096404 -0.0422784 -0.0659757
internal_weight=13.1547 12.1972 0.957488 11.5978 1.17987 10.4179 7.91241 6.79408 5.58069 1.11834 2.50552 2.18145 1.49241 0.689036 0.664871
internal_count=873 792 81 766 125 641 369 290 237 79 272 208 124 84 82
is_linear=0
shrinkage=0.0895223


Tree=245
num_leaves=15
num_cat=0
split_feature=40 40 40 23 42 29 29 23 13 33 22 13 43 24
split_gain=0.0731032 0.161604 0.162072 0.155636 0.235196 0.227769 0.163999 0.159793 0.144876 0.151609 0.226116 0.137209 0.126435 0.110997
threshold=9.9542752213620016 10.172800541501593 10.306932268243767 -2.6199999999999997 11.052899361750429 0.19445000000000004 0.19715000000000002 2.2900000000000005 10.112122036356125 18.850000000000005 0.21665000000000004 11.631799916570655 0.57150000000000001 0.82720000000000005
decision_type=2 2 2 2 2 2 2 2 2 2 2 2 2 2
left_child=8 -2 -3 11 -5 7 -7 -6 9 10 12 -4 -1 -11
right_child=1 2 3 4 5 6 -8 -9 -10 13 -12 -13 -14 -15
leaf_value=-0.011973781257268711 -0.044451553747110663 0.048537365523695981 0.041329109132737754 -0.051110964848985321 -0.02840799804353385 0.052457876812024962 0.000263187038062249 0.025752846430209642 0.053789156564699105 -0.0056005553415180258 0.017251461678322498 -0.0089634519290792015 -0.0790151492573508 0.043300254928364867
leaf_weight=0.44349781511118791 0.7471650231818775 0.4978646964300405 0.99035946818184839 0.97990129206300647 2.4854977159957348 0.76876157417427782 1.2957781507611796 0.52951407296131936 0.52610284998081613 0.61863286162406417 0.90544459587545134 0.77475136838620529 0.45884549137554131 0.93262717887409963
leaf_count=42 52 25 46 65 240 38 67 38 22 47 61 46 31 53
internal_value=-0.000167481 -0.0045692 -0.000988234 -0.00413993 -0.0109547 -0.00320738 0.0197004 -0.0188948 0.0101071 0.00326439 -0.0143523 0.0192524 -0.0460686 0.0237966
internal_weight=12.9547 9.06959 8.32243 7.82456 6.05945 5.07955 2.06454 3.01501 3.88515 3.35905 1.80779 1.76511 0.902343 1.55126
internal_count=873 617 565 540 448 383 105 278 256 234 134 92 73 100
is_linear=0
shrinkage=0.0895223


Tree=246
num_leaves=17
num_cat=0
split_feature=44 20 24 24 51 58 22 69 20 32 51 43 24 25 51 57
split_gain=0.0695481 0.146837 0.170734 0.175956 0.197168 0.159167 0.134005 0.139121 0.163159 0.157512 0.138795 0.238475 0.224358 0.157776 0.113347 0.0909175
threshold=1.0500000000000003 1.1439000000000001 28.327350000000003 11.060000000000002 2.5000000000000004 1989.5000000000002 0.24575000000000005 0.31670000000000004 1.1031000000000002 0.95000000000000007 22.525000000000002 0.56050000000000011 12.263450000000001 143.50000000000003 3.5450000000000004 0.79950000000000021
decision_type=2 2 2 2 8 2 2 10 2 10 8 2 2 2 10 10
left_child=6 2 3 4 5 -2 7 9 -9 10 11 12 -1 -13 -3 -10
right_child=1 14 -4 -5 -6 -7 -8 8 15 -11 -12 13 -14 -15 -16 -17
leaf_value=-0.057913800599261087 0.037155291176793212 -0.091279639420077247 -0.057147191122041509 0.046699893490157664 -0.048365399257194075 -0.027930733055825469 0.03858792359475896 -0.049438374347311603 -0.024958186593767345 0.038722408356421364 0.022615860351621966 -0.017785019680005253 0.013776961587243968 0.036581397115073667 -0.013936865302647447 0.019087380327871464
leaf_weight=1.0700532992195793 0.798875857024542 0.29025503598677449 0.39693471201007913 0.63764901355170867 0.63535018804395882 0.48322911938521429 0.81585995456407623 0.84209760674275491 0.67185988315031842 1.0831472768841193 1.610887375689342 0.7450952591607346 0.5196821790159446 1.0044226449790583 0.31875062590552261 0.85169232120460947
leaf_count=99 66 53 47 50 65 49 43 42 37 51 57 44 35 63 31 41
internal_value=-0.000156004 -0.0107814 -0.00252334 0.00596105 -0.00758476 0.0126214 0.00394977 0.000584639 -0.0178149 0.00779968 0.00103271 -0.00937813 -0.0344759 0.0134254 -0.0508047 -0.000333579
internal_weight=12.7758 3.56104 2.95204 2.5551 1.91746 1.2821 9.2148 8.39894 2.36565 6.03329 4.95014 3.33925 1.58974 1.74952 0.609006 1.52355
internal_count=873 361 277 230 180 115 512 469 120 349 298 241 134 107 84 78
is_linear=0
shrinkage=0.0895223


Tree=247
num_leaves=8
num_cat=0
split_feature=56 56 56 56 1 1 1
split_gain=0.0745444 0.207764 0.135674 0.114075 0.148538 0.176362 0.201037
threshold=32.370000000000012 36.610000000000007 43.32500000000001 49.515000000000008 0.6735000000000001 1.0495000000000003 3.3335000000000004
decision_type=8 8 8 8 8 8 8
left_child=-1 -2 -3 -4 -5 -6 -7
right_child=1 2 3 4 5 6 -8
leaf_value=-0.034528445261132801 0.05247649674183897 -0.036031538565571758 0.026824088446731321 -0.068154282317072823 0.0582064755658349 -0.044239528301743609 0.0016275444724759636
leaf_weight=0.48618479206925158 0.60228703788015892 0.8431446639533523 1.2376851197477652 0.26504040891813829 0.39673928460979269 0.84805745799530896 7.898089187372535
leaf_count=30 27 66 63 44 31 129 483
internal_value=-0.00015836 0.00122337 -0.00146321 0.00127431 -0.00208658 -0.000170971 -0.00281948
internal_weight=12.5772 12.091 11.4888 10.6456 9.40793 9.14289 8.74615
internal_count=873 843 816 750 687 643 612
is_linear=0
shrinkage=0.0895223


Tree=248
num_leaves=17
num_cat=0
split_feature=48 9 50 20 21 47 21 9 41 23 13 20 42 33 47 6
split_gain=0.0668047 0.0987296 0.127434 0.123062 0.240388 0.136718 0.229177 0.234924 0.226129 0.166413 0.16008 0.144136 0.180576 0.150906 0.0785002 0.0590131
threshold=8.9108571489967883 2.5395000000000003 0.54250000000000009 1.1461000000000003 1.7381500000000003 11.621252433043606 2.0041500000000005 0.96150000000000013 9.9379857591450698 -0.74499999999999988 12.068156103693822 1.1362500000000002 11.007427032931091 24.050000000000004 12.996645257027691 1.0235000000000001
decision_type=8 10 2 2 2 2 2 10 8 2 2 2 2 2 2 2
left_child=15 3 -3 5 -5 11 7 9 -8 -7 -10 12 13 -2 -6 -1
right_child=1 2 -4 4 14 6 8 -9 10 -11 -12 -13 -14 -15 -16 -17
leaf_value=0.00054435529367884649 -0.022898906888537254 -0.0056136161893308298 0.039979727144785197 0.0096688742975567891 -0.087176407417901544 -0.059281553005995143 0.056420017264222917 -0.081445683698887536 -0.030078224446197337 0.016270725215037432 0.012605179410221521 0.051914332089797913 0.042958990120428982 0.033463332137681046 -0.029087721152023838 -0.063540204120688198
leaf_weight=0.21635252364285307 1.4521160851581925 0.89571070729289282 1.0878154237288979 0.7577111659411464 0.42443329496745719 0.35823215812342812 0.57809865335002575 0.57485263027774625 1.192620044701471 0.67170443716895523 1.7192548801895098 0.69527635927079234 0.77227473258972157 0.51595348426053522 0.33292851412261371 0.2459488641252392
leaf_count=21 113 40 42 63 37 47 19 33 106 57 109 23 37 23 52 51
internal_value=-0.000146094 0.00113707 0.0193891 -0.00246653 -0.0259779 0.00170889 -0.00759744 -0.0355976 0.00527682 -0.0100043 -0.00487547 0.0155105 0.00627286 -0.00812103 -0.061646 -0.0335415
internal_weight=12.4913 12.029 1.98353 10.0455 1.51507 8.53038 5.09476 1.60479 3.48997 1.02994 2.91187 3.43562 2.74034 1.96807 0.757362 0.462301
internal_count=873 801 82 719 152 567 371 137 234 104 215 196 173 136 89 72
is_linear=0
shrinkage=0.0895223


Tree=249
num_leaves=14
num_cat=0
split_feature=4 51 22 42 37 33 33 10 5 0 16 4 56
split_gain=0.0735707 0.169995 0.106193 0.0958633 0.150476 0.111621 0.175457 0.152333 0.246351 0.19348 0.162803 0.177281 0.127867
threshold=0.35900000000000004 6.2000000000000002 0.23185000000000003 14.077088449789487 0.29040000000000005 7.3500000000000005 9.9500000000000011 0.53450000000000009 0.18093050000000002 0.75000000000000011 5.5000000000000009 0.16350000000000003 37.085000000000008
decision_type=2 8 2 2 2 2 2 2 2 10 2 2 10
left_child=3 2 -2 5 -5 -1 -7 10 12 -10 11 -8 -9
right_child=1 -3 -4 4 -6 6 7 8 9 -11 -12 -13 -14
leaf_value=0.042582684529476209 -0.091150837609900476 0.0060408513782295075 -0.012649030251891189 -0.06647895573672323 0.014950673503987478 -0.03394035802445932 -0.011650409538170887 0.060660935919967865 0.014354888058671203 -0.037081544349888203 -0.058040722702623886 0.038487119294800511 0.012634552632756011
leaf_weight=0.58420717669650635 0.3218764722041676 0.8425459526515624 0.24208786986855557 0.39463830259319443 0.33722755376220448 0.96414694216582475 2.5243471453322845 1.1536773162079041 2.2398160774901048 0.79377984186066886 0.44706618001509912 0.72824893124925427 0.72288090197980626
leaf_count=19 59 42 28 47 29 58 217 63 89 83 31 51 57
internal_value=-0.000149904 -0.0194181 -0.0574595 0.00233837 -0.0289531 0.00459317 0.00227466 0.00633052 0.016667 0.000894688 -0.00738703 -0.000423621 0.0421623
internal_weight=12.2965 1.40651 0.563964 10.89 0.731866 10.1582 9.57396 8.60982 4.91015 3.0336 3.69966 3.2526 1.87656
internal_count=873 129 87 744 76 668 649 591 292 172 299 268 120
is_linear=0
shrinkage=0.0895223


Tree=250
num_leaves=15
num_cat=0
split_feature=20 22 0 40 23 23 48 40 54 33 33 47 40 24
split_gain=0.0926638 0.107106 0.132935 0.140224 0.125294 0.158235 0.216554 0.0987903 0.196548 0.182542 0.125748 0.238562 0.15041 0.0338098
threshold=1.0414000000000001 0.13920000000000002 4.0000000000000009 11.846710201500786 0.56000000000000016 -2.4399999999999995 11.705435340347337 12.207883311881426 22.990000000000006 7.3500000000000005 13.550000000000002 10.813163736085468 9.2694824845001822 1.2404000000000004
decision_type=2 2 10 2 2 2 10 2 2 2 2 2 2 2
left_child=-1 4 7 13 5 -2 -7 9 -9 -3 11 -11 -12 -4
right_child=1 2 3 -5 -6 6 -8 8 -10 10 12 -13 -14 -15
leaf_value=-0.042631559286143692 0.042021100260884764 0.060739892849467833 -0.039448763092492012 0.0009066228021053183 0.04887546575106292 -0.057269365041035379 0.021807475266563219 0.014129144457409088 -0.068533350166547824 -0.062134854503239641 0.044821405071636948 0.0037028285860260662 0.0013162924687960126 -0.091113255360685638
leaf_weight=0.39790814264415608 0.59333859273465361 0.42402927391230694 0.1608064447827936 0.40601742155195097 0.73522119116387319 0.52177045587450177 0.59286710490414407 0.45912682794732962 0.46286516374857456 0.67483505942800537 0.74424812948564056 1.2730817682313498 4.4161414748105017 0.27674414921420976
leaf_count=34 29 13 35 51 47 50 42 27 58 44 38 79 277 49
internal_value=-0.00014415 0.00129545 -0.0030872 -0.0369746 0.0179757 0.00467232 -0.0152058 0.000293634 -0.0273658 0.00367975 0.000275454 -0.0191041 0.00759144 -0.072134
internal_weight=12.139 11.7411 9.2979 0.843568 2.4432 1.70798 1.11464 8.45433 0.921992 7.53234 7.10831 1.94792 5.16039 0.437551
internal_count=873 839 671 135 168 121 92 536 85 451 438 123 315 84
is_linear=0
shrinkage=0.0895223


Tree=251
num_leaves=9
num_cat=0
split_feature=56 56 56 56 25 69 48 11
split_gain=0.0678953 0.169971 0.112098 0.108824 0.104672 0.182484 0.167016 0.162286
threshold=32.370000000000012 36.610000000000007 43.32500000000001 49.515000000000008 117.50000000000001 0.52210000000000012 10.303493388700856 109.50000000000001
decision_type=8 8 8 8 2 10 10 8
left_child=-1 -2 -3 -4 -5 7 -7 -6
right_child=1 2 3 4 5 6 -8 -9
leaf_value=-0.033595251412952422 0.049238220410208325 -0.03355516395963571 0.026575980030462319 0.027002489268099613 -0.014050765634825133 -0.0026201275229700543 -0.062746084036426897 0.014154070990016756
leaf_weight=0.46736286708619346 0.56175490288296615 0.79818104621017383 1.2022745053436654 0.89117147561046373 3.0498353745033491 0.71652868514865964 0.76642356179581839 3.5239817184774385
leaf_count=30 27 66 63 48 338 52 62 187
internal_value=-0.000146132 0.00121174 -0.00125214 0.00128771 -0.0021097 -0.00533029 -0.033697 0.00106826
internal_weight=11.9775 11.5102 10.9484 10.1502 8.94794 8.05677 1.48295 6.57382
internal_count=873 843 816 750 687 639 114 525
is_linear=0
shrinkage=0.0895223


Tree=252
num_leaves=19
num_cat=0
split_feature=9 13 39 13 54 17 10 4 4 20 29 54 9 24 25 24 49 10
split_gain=0.0699856 0.157269 0.145605 0.154627 0.217557 0.167996 0.303262 0.140071 0.134717 0.215317 0.204632 0.155846 0.238573 0.154045 0.134289 0.0753366 0.0708626 0.00326547
threshold=0.77250000000000008 9.504897370467468 1.0000000180025095e-35 11.580518126427709 25.310000000000006 10.500000000000002 0.57650000000000012 0.14150000000000001 -0.20599999999999996 1.1336000000000002 0.098050000000000012 61.405000000000008 0.48450000000000004 7.3629000000000007 147.50000000000003 10.007800000000001 9.9365298338822061 0.55650000000000011
decision_type=8 2 2 2 2 2 2 2 2 2 2 2 10 2 2 2 8 2
left_child=8 -2 3 5 -5 16 -7 -6 -1 10 15 12 -12 -11 -4 17 -3 -10
right_child=1 2 14 4 7 6 -8 -9 9 13 11 -13 -14 -15 -16 -17 -18 -19
leaf_value=0.050932888717675949 -0.033272112399017707 0.029097001984608954 -0.03940595484805906 0.033933056779185143 -0.069275812891193334 0.033037782734983784 -0.032093792655805538 -0.0039595095485789114 -0.090818285904812335 0.033873266925801893 -0.091074595709088019 0.031552658748505963 0.0059709464185310071 -0.035377869899876284 0.01113079931651002 -0.024893331305158205 0.067493315028883547 -0.076580968267531288
leaf_weight=0.26480745151639018 0.80202085510245513 0.78417586945579354 0.8621633419243151 0.6404799697047564 0.46090961031950406 1.6548216037626846 0.8762768997112288 0.61348305779392831 0.36904123918429821 0.89362186783182529 0.34329301232719422 0.45098168836193508 0.49668492506589246 0.36155221866101783 0.824099541263422 0.22805652893021033 0.75805535254767176 0.20588754032723955
leaf_count=12 69 38 40 29 36 66 53 44 60 63 60 52 42 69 35 36 36 33
internal_value=-0.000138426 0.00439968 0.0084424 0.0151867 -0.00736238 0.0246808 0.0104875 -0.0319833 -0.0105324 -0.0153934 -0.0329681 -0.0108932 -0.0336866 0.0139226 -0.0147058 -0.0684534 0.0479723 -0.085726
internal_weight=11.8904 8.27649 7.47447 5.7882 1.71487 4.07333 2.5311 1.07439 3.61393 3.34912 2.09394 1.29096 0.839978 1.25517 1.68626 0.802985 1.54223 0.574929
internal_count=873 446 377 302 109 193 119 80 427 415 283 154 102 132 75 129 74 93
is_linear=0
shrinkage=0.0895223


Tree=253
num_leaves=16
num_cat=0
split_feature=70 44 48 8 53 23 20 16 50 2 43 24 17 19 17
split_gain=0.0689734 0.0895543 0.0788866 0.115895 0.209192 0.216584 0.183663 0.117604 0.215596 0.235693 0.171873 0.269742 0.243506 0.134259 0.0797556
threshold=1.3820000000000003 0.25000000000000006 8.9108571489967883 0.9085000000000002 4.0920150000000008 -1.7049999999999998 1.0558000000000003 3.5000000000000004 0.54550000000000021 285.50000000000006 0.57550000000000001 0.99445000000000017 20.500000000000004 1.0000000180025095e-35 15.500000000000002
decision_type=2 2 8 2 2 2 2 2 2 10 2 2 2 2 2
left_child=2 -2 -1 4 14 -6 -5 10 13 -10 12 -12 -8 -9 -4
right_child=1 -3 3 6 5 -7 7 8 9 -11 11 -13 -14 -15 -16
leaf_value=-0.037306696943819329 0.011217107592961316 -0.065347859336577149 0.019174223619770104 -0.057044159895640996 0.025125242693770686 -0.057620255487857874 -0.039125085167292017 0.06015398218813095 -0.047762340933301055 0.02421942047633208 -0.028714645428452552 0.037525606720818415 0.026470665887968314 0.0056286470874057758 0.057863425589106218
leaf_weight=0.40844062100950118 0.2135016868705869 0.28679616384397377 0.88579688168829418 0.46832160894700603 0.54439231321157422 0.47440849298891385 1.9458819102073905 0.90522376488661416 0.6928682506077164 0.76929856222704984 0.82153865791769964 1.2306960463465655 0.59131715448165767 0.60326366749359295 0.82514660101151094
leaf_count=67 13 60 44 41 27 53 182 44 55 42 57 65 47 43 33
internal_value=-0.000147097 -0.0326666 0.00130955 0.00277598 0.018711 -0.013402 -0.00264165 0.000727918 0.0146065 -0.00988768 -0.00825466 0.0110069 -0.023836 0.038351 0.0378352
internal_weight=11.6669 0.500298 11.1666 10.7582 2.72974 1.0188 8.02841 7.56009 2.97065 1.46217 4.58943 2.05223 2.5372 1.50849 1.71094
internal_count=873 73 800 733 157 80 576 535 184 97 351 122 229 87 77
is_linear=0
shrinkage=0.0895223


Tree=254
num_leaves=18
num_cat=0
split_feature=9 9 9 37 58 47 49 40 13 12 48 44 50 0 51 43 47
split_gain=0.0649706 0.222609 0.147204 0.180548 0.135417 0.161147 0.142439 0.121967 0.180648 0.152181 0.119846 0.125598 0.145439 0.213381 0.122547 0.11563 0.0835091
threshold=0.88400000000000012 0.96150000000000013 1.1325000000000001 0.23295000000000002 702.50000000000011 11.745849615283634 10.076578347460345 9.4138845332993544 9.8874917964597469 20.164500000000004 13.210803216691787 0.75000000000000011 0.52450000000000008 3.3500000000000001 13.745000000000003 0.5375000000000002 10.83528328994422
decision_type=10 10 10 2 2 2 8 2 2 10 10 2 2 10 8 2 2
left_child=7 -2 -3 15 -5 -6 -7 16 9 -9 11 -10 -13 -14 -12 -4 -1
right_child=1 2 3 4 5 6 -8 8 10 -11 14 12 13 -15 -16 -17 -18
leaf_value=-0.007164590016416391 0.056418789909039972 -0.038974412499106423 -0.04498260479850421 -0.0093037256461762641 0.05413828438441097 -0.018829432917515772 0.038053947571083213 0.0060005160127264952 0.020881849886036721 -0.09135856829682934 -0.069898620624773269 0.039107629942259414 -0.083328364498207505 0.00094342962642965248 0.0082084723016201955 0.0020934543105043156 0.045436289688921848
leaf_weight=0.46132633116940258 0.62630227825138707 0.67742420709691931 0.75110886548645772 1.1149958523456009 1.0863848275112107 0.73996681277640131 0.67419206988415692 0.18825633190135738 1.346204231784214 0.40604043351049768 0.42413972370013642 0.27543783279179457 0.41511895866278792 0.57323027660322623 0.25934329559095204 0.94297476853535045 0.50827690705773421
leaf_count=42 27 55 38 64 38 41 34 31 68 85 69 27 62 80 16 65 31
internal_value=-0.000136614 0.00563717 0.000324322 0.0053389 0.0166394 0.0282089 0.00828684 -0.0079984 -0.0150832 -0.0605119 -0.0068847 0.00185295 -0.0184141 -0.0344481 -0.0402561 -0.0187766 0.0204057
internal_weight=11.4707 6.61335 5.98705 5.30962 3.61554 2.50054 1.41416 4.85737 3.88777 0.594297 3.29347 2.60999 1.26379 0.988349 0.683483 1.69408 0.969603
internal_count=873 362 335 280 177 113 75 511 438 116 322 237 169 142 85 103 73
is_linear=0
shrinkage=0.0895223


Tree=255
num_leaves=10
num_cat=0
split_feature=25 25 8 8 48 9 29 17 11
split_gain=0.0593398 0.107526 0.0893599 0.13413 0.138061 0.130424 0.198812 0.113869 0.107993
threshold=193.50000000000003 180.50000000000003 0.76350000000000018 0.82800000000000007 9.3889577645948563 1.7255000000000003 0.099050000000000013 19.500000000000004 25.465000000000003
decision_type=2 2 2 2 10 10 2 2 10
left_child=1 2 -1 -4 8 7 -7 -6 -5
right_child=-2 -3 3 4 5 6 -8 -9 -10
leaf_value=-0.035641778854726892 -0.029685506460991096 0.037863420313316548 0.032219224165553735 -0.091712703415967212 -0.013796862789354301 0.048754961631046992 -0.0046708558281435735 0.015505701041286667 -0.011210241222922267
leaf_weight=0.56072778362340336 0.51977192932099647 0.60766568174585778 0.99633634324709319 0.23590807302389194 4.3719065928312357 0.99083594523835961 1.2782516930019481 1.4040714631992157 0.30806614966422785
leaf_count=64 42 36 60 55 383 50 50 105 28
internal_value=-0.000142658 0.00128493 -0.000905457 0.00112618 -0.00248022 0.000470668 0.0186569 -0.00667313 -0.0461288
internal_weight=11.2735 10.7538 10.1461 9.58538 8.58904 8.04507 2.26909 5.77598 0.543974
internal_count=873 831 795 731 671 588 100 488 83
is_linear=0
shrinkage=0.0895223


Tree=256
num_leaves=18
num_cat=0
split_feature=70 4 29 48 73 24 43 2 40 54 17 49 42 43 29 13 23
split_gain=0.0599994 0.0966651 0.0895318 0.0846343 0.157544 0.182397 0.148489 0.126593 0.15018 0.13895 0.157025 0.122849 0.139764 0.116716 0.109397 0.0961995 0.0913161
threshold=1.3820000000000003 -0.20599999999999996 0.18575000000000003 10.633620804612052 -0.53549999999999986 1.3056000000000003 0.57550000000000001 114.50000000000001 11.275178478310631 33.540000000000006 12.500000000000002 8.0884876053502079 9.5575729708210044 0.58850000000000013 0.098550000000000013 12.068156103693822 0.055000000000000007
decision_type=2 2 2 10 2 2 2 10 2 2 2 10 2 2 2 2 2
left_child=1 -1 -2 4 -3 11 7 9 -9 -5 -11 12 -6 -8 -15 -10 -7
right_child=2 3 -4 6 5 16 13 8 15 10 -12 -13 -14 14 -16 -17 -18
leaf_value=0.043482850889338953 -0.070053900611142333 -0.063127179232730715 0.0075116455490502098 0.03369470164209578 0.020710414864863934 -0.090649364812498953 0.055016453491279045 0.028299984253716014 -0.031142279199829793 -0.074879447790477699 -0.010827109892089647 0.033719481603494569 -0.043639241564968186 -0.014297087006256653 0.032629679726516071 0.006274023103495471 -0.012446815365038305
leaf_weight=0.41743076965212722 0.23807041738564372 0.43623703939010772 0.23882910760585219 0.26248857736936759 0.53068441641516828 0.25486503952924966 0.6699140782002363 1.3962503971997651 0.92972098642258094 0.53151987209275808 0.72566167039258289 0.82847117739584053 0.55162844430014957 0.75345888594165422 0.8440675619058311 1.3505516255681866 0.22580681246472523
leaf_count=17 47 54 26 18 31 45 34 55 80 69 75 45 60 41 48 97 31
internal_value=-0.000132375 0.00125092 -0.0312019 -0.000461712 -0.0136515 -0.00462491 0.00453493 -0.00380568 0.00517707 -0.0255399 -0.0379105 0.0077736 -0.0120837 0.0236503 0.0104948 -0.00897991 -0.0539194
internal_weight=11.1857 10.7088 0.4769 10.2913 2.82769 2.39146 7.46363 5.19619 3.67652 1.51967 1.25718 1.91078 1.08231 2.26744 1.59753 2.28027 0.480672
internal_count=873 800 73 783 266 212 517 394 232 162 144 136 91 123 89 177 76
is_linear=0
shrinkage=0.0895223


Tree=257
num_leaves=13
num_cat=0
split_feature=40 49 33 40 54 9 48 40 58 9 13 23
split_gain=0.0600196 0.178838 0.10185 0.152856 0.249452 0.115203 0.145937 0.157344 0.128057 0.180612 0.0932935 0.0525634
threshold=12.982390383053977 10.851055122434779 7.3500000000000005 11.927873167179204 25.310000000000006 0.6625000000000002 12.889229181402966 9.9542752213620016 447.50000000000006 0.24750000000000003 13.916673146797951 -4.3949999999999987
decision_type=2 10 2 2 2 10 8 2 2 10 2 2
left_child=1 2 -1 5 -5 8 7 -7 -4 -10 -2 -6
right_child=10 -3 3 4 11 6 -8 -9 9 -11 -12 -13
leaf_value=0.037734560321965802 -0.059308122970427667 0.054479398853350687 -0.059071915849118167 0.02776162007354507 -0.031196162040969321 0.02003890327569648 0.045009324834736374 -0.012076677243678434 0.022037134760618315 -0.029395534752208161 0.0022627831779159918 -0.090601453151059289
leaf_weight=0.51667556539177617 0.3401004266906974 0.49018279626034278 0.437253048057752 0.29788608077797185 0.16929162383894436 2.2103581863630097 0.7357215160736813 2.7357497849952779 1.0022486895468321 1.2050433281565345 0.46922224026639014 0.40652603057878878
leaf_count=20 54 26 52 20 11 129 28 162 108 146 27 90
internal_value=-0.000139842 0.00172052 -0.000940647 -0.00311303 -0.0387354 0.000624465 0.00780888 0.00227467 -0.0148099 -0.00604025 -0.0236066 -0.0731424
internal_weight=11.0163 10.2069 9.71675 9.20008 0.873704 8.32637 5.68183 4.94611 2.64455 2.20729 0.809323 0.575818
internal_count=873 792 766 746 121 625 319 291 306 254 81 101
is_linear=0
shrinkage=0.0895223


Tree=258
num_leaves=16
num_cat=0
split_feature=0 52 6 10 40 4 25 13 49 54 30 25 43 50 12
split_gain=0.0603019 0.104476 0.084662 0.112133 0.110034 0.273253 0.137377 0.169447 0.30608 0.136277 0.211571 0.148919 0.191325 0.138705 0.0777599
threshold=15.050000000000002 184.50000000000003 1.1895000000000002 0.52850000000000008 11.255753144344501 -0.10249999999999998 139.50000000000003 12.567752655567142 9.9676444611686978 34.935000000000009 0.90625000000000011 155.50000000000003 0.56150000000000022 0.55350000000000021 171.20200000000003
decision_type=8 2 2 2 2 2 2 2 10 2 2 2 2 2 10
left_child=2 -2 4 -4 9 -6 14 8 -8 -1 11 13 -13 -11 -7
right_child=1 -3 3 -5 5 6 7 -9 -10 10 -12 12 -14 -15 -16
leaf_value=0.033071365943498188 -0.090118275791367913 -0.0022148075141565568 0.049121236261661434 -0.0057230861223902408 0.053383871226005776 -0.091426410487387824 0.041578095315782937 0.040425382535549975 -0.069837179075341066 0.036394901773233672 -0.049598689894103161 -0.057325729809440534 0.0078065027813493289 0.00016765670970718215 -0.03567248725213254
leaf_weight=1.1022831967566142 0.16022311731831074 0.33503158323628668 0.64365144085968384 0.55738202517386526 0.36607122541317982 0.34293086397701733 0.29658537470822899 0.35630801720981253 0.59197516028325481 1.4325722267676613 0.64493888751530892 0.61041248024412176 0.88599005662763375 2.0726550408144249 0.48340879907664203
leaf_count=50 56 52 36 55 25 41 24 26 74 102 33 66 65 130 38
internal_value=-0.00014116 -0.0306603 0.00131363 0.0236658 -0.00160839 -0.0179126 -0.0305155 -0.0117276 -0.0326447 0.00427917 -0.00134081 0.00488112 -0.0187598 0.0149746 -0.0588147
internal_weight=10.8824 0.495255 10.3872 1.20103 9.18613 2.43728 2.07121 1.24487 0.888561 6.74885 5.64657 5.00163 1.4964 3.50523 0.82634
internal_count=873 108 765 91 674 228 203 124 98 446 396 363 131 232 79
is_linear=0
shrinkage=0.0895223


Tree=259
num_leaves=16
num_cat=0
split_feature=13 33 52 40 22 40 52 10 33 20 12 33 11 2 4
split_gain=0.0619202 0.143052 0.119475 0.0971275 0.165054 0.0958326 0.108928 0.104326 0.324173 0.156954 0.202342 0.147409 0.0967904 0.0783719 0.0530507
threshold=9.3286483125016719 22.550000000000004 -85.939999999999984 9.9542752213620016 0.21665000000000004 10.172800541501593 -25.674999999999997 0.54950000000000021 20.350000000000005 1.1352500000000003 32.940500000000007 17.450000000000003 116.50000000000001 198.50000000000003 0.064500000000000016
decision_type=2 2 2 2 2 2 2 2 2 2 10 2 8 10 2
left_child=1 2 -1 4 -2 -5 -7 9 11 10 -8 -9 -11 -4 -10
right_child=3 -3 13 5 -6 6 7 8 14 12 -12 -13 -14 -15 -16
leaf_value=0.01954846983146449 -0.0064878756791023947 0.016554807037876776 -0.09033489967317726 -0.038272247434114968 0.043792762850998729 0.044386458383160583 -0.022428784242140103 -0.012492173452217344 -0.039343376503055791 0.0068577461958718479 0.03321018453316308 0.040223138827817868 -0.054842077081984082 -0.020054364167102851 -0.091613648719806637
leaf_weight=0.17655146393371979 1.0183340804360326 0.53069132740165514 0.35343631218347649 0.5552240081160561 1.0759208545641739 0.42327728924283192 0.71441596994191225 1.6468552997248487 0.25913631518415048 0.37784982551966084 1.9629875932878347 0.57304493180890848 0.44202921988653543 0.19885304619310773 0.3906944069894962
leaf_count=26 69 41 82 40 63 26 51 119 41 46 123 38 40 19 49
internal_value=-0.000152137 -0.0187967 -0.0445422 0.0023352 0.019342 -0.00251307 0.000410334 -0.00251262 -0.0151634 0.00786711 0.0183626 0.00111413 -0.0264027 -0.0650368 -0.0707751
internal_weight=10.6993 1.25953 0.728841 9.43977 2.09425 7.34551 6.79029 6.36701 2.86973 3.49728 2.6774 2.2199 0.819879 0.552289 0.649831
internal_count=873 168 127 705 132 573 533 507 247 260 174 157 86 101 90
is_linear=0
shrinkage=0.0895223


Tree=260
num_leaves=11
num_cat=0
split_feature=42 47 6 33 25 23 40 10 33 50
split_gain=0.0587528 0.109046 0.100064 0.091107 0.104492 0.157899 0.188072 0.172872 0.173104 0.143795
threshold=14.077088449789487 13.840025083359238 1.2025000000000003 7.3500000000000005 188.50000000000003 -2.5049999999999994 10.237737648734887 0.50250000000000006 10.950000000000001 0.5415000000000002
decision_type=2 2 2 2 2 2 2 2 2 2
left_child=1 3 -2 -1 5 6 -5 9 -9 -7
right_child=2 -3 -4 4 -6 7 -8 8 -10 -11
leaf_value=0.036276601012192065 -0.055404517758495357 0.034429724138348508 0.011034988176030601 -0.011589103309116253 -0.044570808754755206 -0.006044970178875524 0.049301328936609289 -0.035095555570757844 0.0097343996465097359 -0.057595406849142113
leaf_weight=0.49525448610074541 0.39246947662104581 0.75163441605582271 0.33810363243401298 0.70145030574348755 0.46314663218436258 0.8833735207426805 0.96662225006730296 0.84084788261679921 3.8550913472627144 0.85213551151173306
leaf_count=20 50 53 37 57 43 94 50 57 301 111
internal_value=-0.000160076 0.0016636 -0.0246519 -0.00105496 -0.0032146 -0.000849323 0.0236938 -0.00721543 0.00170645 -0.0313583
internal_weight=10.5401 9.80956 0.730573 9.05792 8.56267 8.09952 1.66807 6.43145 4.69594 1.73551
internal_count=873 786 87 733 713 670 107 563 358 205
is_linear=0
shrinkage=0.0895223


Tree=261
num_leaves=17
num_cat=0
split_feature=0 11 1 4 16 10 16 50 51 4 10 41 54 69 33 23
split_gain=0.0547428 0.10104 0.0637113 0.14242 0.111712 0.127946 0.102789 0.199995 0.212283 0.137758 0.114561 0.142669 0.292211 0.133604 0.095326 0.0946848
threshold=15.050000000000002 55.420000000000009 1.2145000000000004 0.31900000000000006 3.5000000000000004 0.5525000000000001 1.5000000000000002 0.54250000000000009 -2.5649999999999995 0.068500000000000019 0.39000000000000007 9.5975655253911736 35.750000000000007 0.2748000000000001 14.15 -2.2349999999999999
decision_type=8 10 8 2 2 2 2 2 8 2 2 10 2 10 2 2
left_child=2 -2 14 6 5 -5 7 8 -4 -9 -8 13 -13 -12 -1 -16
right_child=1 -3 3 4 -6 -7 10 9 -10 -11 11 12 -14 -15 15 -17
leaf_value=0.062109462519416028 -0.090049179111279506 -0.0013537919571167778 0.027082384387347926 -0.016064689832374232 0.009076639539743846 -0.086134936027645964 -0.04191482310505508 0.060759794855195615 -0.053595741764517743 0.0087960023516468564 0.035396357689154341 0.0010925505271729935 -0.079931483505000414 -0.0080132914226351704 0.04333787114122644 -0.025871871715887174
leaf_weight=0.33005919428069042 0.15198135623950371 0.31921414287535299 0.52509554648713674 0.46217614413762909 0.41302520036697388 0.38124401100867544 0.56984944886426081 0.89379073107556883 0.520371049315145 0.75392862993612653 1.2853627345211864 1.7085622190033976 0.45082826499856299 1.018212782757473 0.27214602645835839 0.37906859875511145
leaf_count=20 70 38 45 48 38 43 63 41 42 51 75 115 55 53 18 58
internal_value=-0.000152567 -0.0299696 0.00125715 -0.00110853 -0.0290616 -0.0477422 0.00343688 0.0175528 -0.0130709 0.0369855 -0.00411616 0.000709312 -0.0158216 0.0162071 0.0229159 0.00304571
internal_weight=10.4349 0.471195 9.96372 8.98245 1.25645 0.84342 7.726 2.69319 1.04547 1.64772 5.03282 4.46297 2.15939 2.30358 0.981274 0.651215
internal_count=873 108 765 669 129 91 540 179 87 92 361 298 170 128 96 76
is_linear=0
shrinkage=0.0895223


Tree=262
num_leaves=12
num_cat=0
split_feature=34 9 54 29 29 20 23 25 24 9 51
split_gain=0.054439 0.0687208 0.144837 0.0942729 0.153745 0.126982 0.156743 0.142899 0.219846 0.198151 0.0322415
threshold=2.5000000000000004 2.5395000000000003 37.415000000000013 0.19715000000000002 0.19485000000000002 1.1619000000000002 -0.58499999999999985 155.50000000000003 9.1153500000000012 1.3900000000000003 -0.56999999999999995
decision_type=2 10 2 2 2 2 2 2 2 8 8
left_child=1 3 -3 4 5 7 -7 9 -9 -1 -8
right_child=-2 2 -4 -5 -6 6 10 8 -10 -11 -12
leaf_value=-0.0046073387166346812 0.031042361254510108 0.046705708302061728 -0.0056721682811575356 -0.033487269292246755 0.034599351567390711 0.0060445904685507233 -0.046102763945172487 -0.044668894144647336 0.026369074343823875 0.040680737270859468 -0.091556889581561926
leaf_weight=2.7645679353117871 0.42945804115152064 0.68453565344680001 1.1076047684182411 0.83719720671979292 0.8257074134889989 0.37083360771066509 0.232421373581019 1.1631877955369416 0.49881671123694094 1.0754216225977868 0.27191112694708852
leaf_count=278 26 34 62 63 43 37 37 148 45 60 40
internal_value=-0.000156379 -0.00151947 0.0143324 -0.00505331 -0.0017479 -0.00645466 -0.0381288 -0.0014158 -0.0233461 0.00807503 -0.0706165
internal_weight=10.2617 9.83221 1.79214 8.04006 7.20287 6.37716 0.875166 5.50199 1.662 3.83999 0.504333
internal_count=873 847 96 751 688 645 114 531 193 338 77
is_linear=0
shrinkage=0.0895223


Tree=263
num_leaves=12
num_cat=0
split_feature=41 37 22 54 23 23 10 56 57 48 33
split_gain=0.0518478 0.145423 0.0883538 0.117283 0.0898664 0.164921 0.0981423 0.102761 0.134138 0.0986596 0.0629922
threshold=10.852441846906434 0.23295000000000002 0.10745 37.725000000000009 -4.589999999999999 -4.0199999999999987 0.39000000000000007 38.000000000000007 0.88250000000000017 10.855183849665819 15.950000000000001
decision_type=10 2 2 2 2 2 2 8 10 8 2
left_child=2 -2 3 -1 -4 -6 9 -8 -9 10 -7
right_child=1 -3 4 -5 5 6 7 8 -10 -11 -12
leaf_value=0.05647240032999587 -0.064817975373432285 0.010010901523785951 -0.038951643922147929 -0.00013999621184906092 0.058193414560599371 -0.022352415300262159 0.038153768251046306 0.0030509041902105484 -0.038327626425905481 0.0099192569353565886 -0.084841262901237627
leaf_weight=0.51992905430597491 0.35737960683764036 0.49827493877819506 0.48428746844001302 0.67245640821420238 0.38141042075585385 0.24766360147259803 0.5596565413288771 5.1470818355946903 0.71508241994933985 0.29374982854096743 0.27092120705492562
leaf_count=37 46 44 48 54 20 26 36 402 67 45 48
internal_value=-0.000150978 -0.0212385 0.00179043 0.0245423 -0.00155844 0.000818984 -0.0022055 0.00150251 -0.00199594 -0.0315232 -0.055005
internal_weight=10.1479 0.855655 9.29224 1.19239 8.09985 7.61557 7.23416 6.42182 5.86216 0.812335 0.518585
internal_count=873 90 783 91 692 644 624 505 469 119 74
is_linear=0
shrinkage=0.0895223


Tree=264
num_leaves=18
num_cat=0
split_feature=42 23 23 43 69 4 21 44 56 56 4 10 4 1 10 53 58
split_gain=0.0541779 0.0569129 0.126531 0.133364 0.106579 0.099841 0.10564 0.170645 0.117122 0.140468 0.125449 0.103684 0.0861606 0.105417 0.104328 0.0804734 0.0619376
threshold=14.723580402904885 -0.13499999999999998 0.065000000000000016 0.56650000000000011 0.80385000000000006 0.32300000000000006 4.5866000000000007 0.75000000000000011 47.285000000000004 61.210000000000008 0.025500000000000005 0.53250000000000008 0.27800000000000008 5.9890000000000008 0.59650000000000014 3.3655365000000006 574.00000000000011
decision_type=2 2 2 2 10 2 2 2 8 10 2 2 2 10 2 2 2
left_child=1 5 3 -3 12 6 8 -8 -1 10 -10 -7 13 14 -4 -15 -11
right_child=-2 2 4 -5 -6 11 7 -9 9 16 -12 -13 -14 15 -16 -17 -18
leaf_value=-0.037097374311950072 -0.032863982121084649 -0.062127030465014867 -0.065778944245222584 -0.0048836439270422954 -0.039459148539979595 0.012747310872066759 0.059789019605493925 -0.0012995051959941489 0.045141230508269369 -0.002345105736703591 0.0033434652003941092 -0.051900362419801525 0.046192615891184029 0.039569314981994654 0.014932032131702055 -0.0067343321838874027 -0.066416995440537793
leaf_weight=0.49860968490247559 0.38985688161028598 0.57398388912406451 0.29611363168805893 0.75584533299115719 0.37831550038390549 0.36470093335265108 0.79550796060357221 0.67928103200029 0.89626252062953504 0.24199362856597861 1.6084047215117605 0.43695109270083776 0.46512497680305376 0.62672957452014089 0.22644254818260379 0.57820961643301416 0.24190969968367426
leaf_count=33 42 63 48 50 29 36 44 64 54 28 119 55 43 32 38 51 44
internal_value=-0.000144502 0.00117501 -0.00717522 -0.0295939 0.00441953 0.006827 0.0115634 0.0316495 0.00306761 0.00976989 0.0183017 -0.0224853 0.011992 0.00278149 -0.0307971 0.0173468 -0.0343829
internal_weight=10.0542 9.66439 3.90077 1.32983 2.57094 5.76362 4.96197 1.47479 3.48718 2.98857 2.50467 0.801652 2.19262 1.7275 0.522556 1.20494 0.483903
internal_count=873 831 354 113 241 477 386 108 278 245 173 91 212 169 86 83 72
is_linear=0
shrinkage=0.0895223


Tree=265
num_leaves=19
num_cat=0
split_feature=40 57 22 56 22 24 69 44 8 23 23 53 16 50 50 23 51 58
split_gain=0.0489204 0.105214 0.102529 0.10018 0.0981858 0.194629 0.0931624 0.161458 0.0879398 0.127756 0.286712 0.119484 0.163181 0.276872 0.166959 0.16555 0.0538414 0.0469604
threshold=9.9236577082884576 0.79950000000000021 0.21665000000000004 86.365000000000023 0.22550000000000001 2.5262500000000006 0.67215000000000014 0.75000000000000011 0.92450000000000021 -1.7049999999999998 -0.19499999999999998 1.3941875000000004 3.5000000000000004 0.56250000000000011 0.5415000000000002 0.31500000000000006 1.2450000000000003 795.50000000000011
decision_type=2 8 2 8 2 2 8 2 2 2 2 2 2 2 2 2 8 2
left_child=1 -1 3 -3 8 -6 -7 -8 9 -2 -11 -10 13 15 -14 -13 -4 -5
right_child=4 2 16 17 5 6 7 -9 11 10 -12 12 14 -15 -16 -17 -18 -19
leaf_value=-0.02627814302521507 0.060858591597094155 0.029472678296936314 0.014418424548693035 -0.05024576750706642 -0.062698122167717668 0.030511017895931542 0.012735471258303644 -0.060832547531926184 -0.049413273481066111 -0.060417027009993414 0.036249711611750668 -0.066070253256206884 0.059782875891520579 0.029807199437258097 -0.0072495849582464812 0.0071911324090011448 0.051785586257044304 -0.0011355791974855659
leaf_weight=0.53032228098891243 0.44470924086635921 0.45882335550413711 0.55312165219947906 0.31129830857389618 0.61646959693280257 0.46256174642303416 0.56795286851411231 0.4128121161738818 0.43125378937656966 0.36872309741738707 0.73815799990552466 0.7776605052258676 0.60348418027569983 0.66768244720879 0.58768910085927928 0.36226662240369478 0.70120380570733687 0.31319580387935275
leaf_count=62 26 30 44 41 69 49 37 60 50 34 61 80 34 50 44 35 36 31
internal_value=-0.000136579 0.00971894 0.0178868 -0.00228403 -0.00415123 -0.0205913 -0.00260428 -0.0182262 0.00264567 0.0203309 0.00404493 -0.00535327 0.000981779 -0.0159692 0.026708 -0.0427848 0.0353106 -0.0256218
internal_weight=9.90939 2.86797 2.33764 1.08332 7.04142 2.0598 1.44333 0.980765 4.98163 1.55159 1.10688 3.43004 2.99878 1.80761 1.19117 1.13993 1.25433 0.624494
internal_count=873 244 182 102 629 215 146 97 414 121 95 293 243 165 78 115 80 72
is_linear=0
shrinkage=0.0895223


Tree=266
num_leaves=12
num_cat=0
split_feature=40 49 33 41 37 54 49 40 49 41 40
split_gain=0.049791 0.151011 0.139003 0.0979345 0.144157 0.116268 0.104117 0.0796218 0.113916 0.131104 0.105868
threshold=12.982390383053977 10.851055122434779 18.950000000000003 10.284308258819376 0.16080000000000003 24.390000000000004 10.24425169456571 11.251636183078597 9.9095963836296281 9.5975655253911736 11.537188624891114
decision_type=2 10 2 10 2 2 10 2 10 10 2
left_child=1 3 -2 6 -5 -6 7 8 9 -1 -9
right_child=2 -3 -4 4 5 -7 -8 10 -10 -11 -12
leaf_value=0.0042202864099047215 0.012024592332227231 0.053953100585974002 -0.069190409592798527 0.013304581699515748 -0.0027862711740261762 -0.090553891749657389 0.042710207830286805 -0.05581113408637408 0.041310043822600222 -0.037807217814704135 0.0074280936005498514
leaf_weight=5.1269295596121047 0.38736648210033386 0.4214280860032894 0.29938125262742687 0.37897938921832963 0.18862604035530239 0.33764142397558317 0.48011907584441349 0.45083300384430902 0.56926702719647426 0.67292646016721835 0.40056706697214395
leaf_count=407 28 26 53 48 12 83 26 50 27 77 36
internal_value=-0.000137363 0.00163003 -0.0233751 -0.000931795 -0.0287857 -0.0591029 0.00234209 -0.000341632 0.00309494 -0.00065532 -0.0260541
internal_weight=9.71406 9.02732 0.686748 8.60589 0.905247 0.526267 7.70064 7.22052 6.36912 5.79986 0.8514
internal_count=873 792 81 766 143 95 623 597 511 484 86
is_linear=0
shrinkage=0.0895223


Tree=267
num_leaves=19
num_cat=0
split_feature=10 17 16 50 50 9 9 29 12 22 49 42 37 53 58 33 24 58
split_gain=0.0513782 0.166479 0.0889372 0.191471 0.121733 0.184268 0.191553 0.14418 0.133473 0.118393 0.11074 0.102073 0.101206 0.0960907 0.0965462 0.0528837 0.0517711 0.0273518
threshold=0.63150000000000006 12.500000000000002 1.5000000000000002 0.54250000000000009 0.54750000000000021 1.1325000000000001 0.48900000000000005 0.098750000000000018 94.16200000000002 0.22495000000000001 10.24425169456571 11.910475373500786 0.21870000000000003 1.5277145000000003 1524.0000000000002 21.150000000000002 4.2119000000000009 851.50000000000011
decision_type=2 2 2 2 2 10 8 2 10 2 8 2 2 2 2 2 2 2
left_child=2 -2 3 10 9 6 8 -7 -6 12 -1 -11 -4 -5 -15 -3 -14 -8
right_child=1 15 4 13 5 7 17 -9 -10 11 -12 -13 16 14 -16 -17 -18 -19
leaf_value=-0.040318957324864638 0.0080035269030456872 -0.091065902751940472 -0.0036826717263488281 0.072431648898496057 -0.05339175627865158 0.037893311302777948 -0.055051524583180224 -0.019792537368678562 0.035504204811222198 0.019015762092201339 0.014473079057495071 -0.037748761060604277 0.055100232106441979 -0.0081414586739344437 0.044379377415137457 -0.02873732584014951 0.017017137895595922 -0.091298194298026228
leaf_weight=0.56613889052095889 0.75148219936454619 0.22966824733157409 0.76807169681706033 0.42280328097149311 0.24434932670919818 0.58595949955633819 0.29921899941109598 0.85228509118860529 0.30345246060915088 0.41572261328292348 0.61854615755601128 0.651873599672399 0.64533780940109842 0.48002791741600936 0.67449645267697633 0.20822319694207181 0.51449581725319149 0.37925300620554481
leaf_count=67 64 44 63 22 38 38 32 48 40 45 51 65 40 37 54 32 47 46
internal_value=-0.000141523 -0.017559 0.00231777 0.0154873 -0.00410813 -0.018029 -0.043525 0.00370692 -0.00414164 0.00827334 -0.011708 -0.0156412 0.0215181 0.0359151 0.0225392 -0.0614361 0.0382099 -0.075318
internal_weight=9.61141 1.18937 8.42203 2.76201 5.66002 2.66452 1.22627 1.43824 0.547802 2.9955 1.18469 1.0676 1.92791 1.57733 1.15452 0.437891 1.15983 0.678472
internal_count=873 140 733 231 502 242 156 86 78 260 118 110 150 113 91 76 87 78
is_linear=0
shrinkage=0.0895223


Tree=268
num_leaves=18
num_cat=0
split_feature=28 24 13 40 41 24 13 23 33 48 25 24 56 40 6 33 9
split_gain=0.0474689 0.136455 0.190288 0.320393 0.140689 0.107333 0.0766923 0.182243 0.10535 0.090798 0.265995 0.213991 0.190338 0.143033 0.205396 0.17164 0.121668
threshold=1.6570000000000003 25.164700000000003 10.373881892920153 9.4465998860437193 9.6100689518310958 7.0648500000000007 9.3286483125016719 -0.73499999999999988 22.550000000000004 12.620437258865012 141.50000000000003 11.793750000000001 48.890000000000008 9.9133562968881908 1.0305000000000002 9.3500000000000032 0.96150000000000013
decision_type=2 2 2 2 10 2 2 2 2 8 2 2 8 2 2 2 10
left_child=6 2 3 -2 -4 -6 7 -1 -9 12 -11 -12 -8 14 -14 -15 -17
right_child=1 -3 4 -5 5 -7 9 8 -10 10 11 -13 13 15 -16 16 -18
leaf_value=-0.090856896672893817 0.040267859573119527 -0.034949753526994101 0.074480707727533416 -0.058101141926544329 -0.015826275820115018 0.042102102253293243 0.04393549054354276 -0.035419862159499022 0.04206586902530187 -0.07987630891618136 -0.045118936112249264 0.047796196283289218 -0.013195536909736669 0.035976687631307999 0.061583292218354367 -0.0082808575296161365 -0.054661546843116388
leaf_weight=0.26713983915215067 0.49619372112283666 0.48142641493905092 0.52491394453681994 0.57034981205652002 0.44243530361563876 0.60920804572378984 0.82902864483230576 0.31897513273361244 0.25149249282185338 0.42108716005532165 0.34854947971325601 0.46186053287965478 0.63832155448835715 0.39977741241455111 0.54622054494393524 1.027817960060929 0.81118951001371886
leaf_count=59 24 39 26 56 38 51 59 64 20 52 41 43 37 21 44 120 79
internal_value=-0.000142984 0.00888331 0.0168686 -0.012333 0.0366259 0.0177277 -0.00460501 -0.0298353 -0.00125371 -0.000750653 -0.0221567 0.00782985 0.00544776 -0.00387178 0.0212837 -0.0171832 -0.0287414
internal_weight=9.44599 3.12453 2.6431 1.06654 1.57656 1.05164 6.32146 0.837607 0.570468 5.48385 1.2315 0.81041 4.25236 3.42333 1.18454 2.23878 1.83901
internal_count=873 234 195 80 115 89 639 143 84 496 136 84 360 301 81 220 199
is_linear=0
shrinkage=0.0895223


Tree=269
num_leaves=15
num_cat=0
split_feature=54 73 23 57 49 25 33 20 13 32 23 56 43 9
split_gain=0.0519293 0.21829 0.149226 0.14568 0.192937 0.112239 0.108978 0.175261 0.0906488 0.0981236 0.0922132 0.120332 0.0815972 0.0158014
threshold=48.07500000000001 -1.0000000180025095e-35 -0.55499999999999994 0.84650000000000014 9.3232008574262029 156.50000000000003 22.550000000000004 1.1095000000000002 10.34629513264689 6.0000000000000009 1.7250000000000003 43.520000000000003 0.58150000000000002 0.8175
decision_type=2 2 2 8 8 2 2 2 2 8 2 10 2 10
left_child=3 2 -2 -1 -5 6 7 -3 -6 -10 11 -11 -7 -9
right_child=1 5 -4 4 8 12 -8 13 9 10 -12 -13 -14 -15
leaf_value=0.054998413498331691 -0.016407567035342244 0.040546047869184025 -0.091420522915026989 -0.059477954993215287 0.042237332789582201 -0.060419206384011763 0.046314297243173923 -0.044600282239911415 0.031893178805420683 -0.019633972376946651 0.033799699808592765 0.016280189304076518 0.0089570362296842142 -0.01674023467592984
leaf_weight=0.42932901265157841 0.51432606715752627 0.48306054542081278 0.3623925732354113 0.39443472525090317 0.48690788412932295 0.3113600436154228 0.6198789818863587 0.32417094655102119 0.72829695150721818 2.4655095792945763 0.46157949752523553 1.0729877875091913 0.2409153302978666 0.32962048267654609
leaf_count=37 58 48 63 31 31 56 50 44 43 240 42 78 25 27
internal_value=-0.000139731 -0.00938794 -0.0474184 0.0047383 0.000891092 0.00505047 0.0161185 -0.000342916 0.00545753 0.00166934 -0.00383264 -0.00874261 -0.0301492 -0.0305597
internal_weight=9.22477 3.18572 0.876719 6.03905 5.60972 2.30901 1.75673 1.13685 5.21528 4.72837 4.00008 3.5385 0.552275 0.653791
internal_count=873 371 121 502 465 250 169 119 434 403 360 318 81 71
is_linear=0
shrinkage=0.0895223


Tree=270
num_leaves=15
num_cat=0
split_feature=69 69 43 16 0 50 11 31 0 9 16 9 42 6
split_gain=0.0477263 0.0915954 0.150895 0.110473 0.234846 0.099496 0.125378 0.127473 0.214355 0.105455 0.101171 0.0802113 0.07705 0.0539035
threshold=0.31670000000000004 0.6323000000000002 0.53850000000000009 1.0000000180025095e-35 0.45000000000000007 0.51250000000000007 -8.8299999999999983 0.11650000000000002 0.65000000000000002 1.6130000000000002 3.5000000000000004 0.96150000000000013 10.727969172261892 1.1315000000000002
decision_type=8 8 2 2 8 2 8 2 10 10 2 8 2 2
left_child=13 2 -2 4 -3 10 12 8 -8 -9 -5 -6 -7 -1
right_child=1 3 -4 5 11 6 7 9 -10 -11 -12 -13 -14 -15
leaf_value=0.050108411857730711 0.011349954823774554 0.057215772375227368 -0.070280111193397679 -0.0093535714121491705 0.012277305130407618 -0.017859773232420488 -0.049097279034655619 -0.0052559972221849355 0.0035642014324667065 0.034884706474546279 0.044099255667392673 -0.050144282157117387 -0.090502379506736619 -0.0040511316056339695
leaf_weight=0.31103890186568506 0.34014401494186941 0.76721911798813436 0.38891388813499361 0.52003731847435097 0.37240703683346521 0.23853573584165133 1.0694643382121287 1.3022455294722024 1.4718900463558382 0.87812295299954701 0.62438477431715 0.296103882312309 0.22998460513917962 0.27950462858188985
leaf_count=32 43 37 56 44 54 20 80 125 166 51 38 27 54 46
internal_value=-0.000140212 -0.00185046 -0.0321904 0.000995728 0.0234175 -0.00408553 -0.00935431 -0.00497056 -0.0185956 0.0109086 0.0198066 -0.0153657 -0.0535259 0.0244686
internal_weight=9.09 8.49945 0.729058 7.7704 1.43573 6.33467 5.19024 4.72172 2.54135 2.18037 1.14442 0.668511 0.46852 0.590544
internal_count=873 795 99 696 118 578 496 422 246 176 82 81 74 78
is_linear=0
shrinkage=0.0895223


Tree=271
num_leaves=17
num_cat=0
split_feature=40 49 9 43 29 13 51 40 23 44 23 23 57 54 48 51
split_gain=0.0506325 0.121034 0.0783568 0.123451 0.110675 0.151649 0.106503 0.149593 0.115516 0.104991 0.131612 0.147088 0.0932348 0.0750103 0.0197839 0.0121613
threshold=12.982390383053977 10.851055122434779 0.6625000000000002 0.59850000000000014 0.096950000000000022 9.504897370467468 16.345000000000002 10.579214357363542 -0.37499999999999994 1.1500000000000001 -0.55499999999999994 -2.3549999999999995 0.87400000000000011 18.740000000000002 10.796253277971307 -8.4299999999999979
decision_type=2 10 8 2 2 2 10 2 2 2 2 2 8 2 10 10
left_child=1 2 3 9 -4 -6 7 -7 -8 10 11 -1 -11 -2 -14 -12
right_child=13 -3 4 -5 5 6 8 -9 -10 12 15 -13 14 -15 -16 -17
leaf_value=-0.073284933329992696 0.0078829566655284691 0.050712896715676525 0.033449297033703945 0.02885884747716062 -0.044488663124817564 0.033761438392977169 0.012455829725213989 -0.0046537989429901736 -0.040064137802652097 0.044179652315070331 -0.059771221189787685 0.024538730174440537 -0.0051322513665399225 -0.05370740340237809 -0.054167644388863304 -0.090814970370419065
leaf_weight=0.20503786169683735 0.30128825505380596 0.3854047656059264 0.88920486034476187 0.37939803819972429 0.56559573520644324 1.5320495457272048 0.60949334723409265 1.729185226929985 0.74672384955920257 0.24594086427714501 0.15235757409845962 0.3084963185374362 0.11962970946524365 0.33411706167862576 0.14741078278620989 0.30619754943472621
leaf_count=39 20 26 69 45 62 97 36 132 40 39 40 43 28 61 42 54
internal_value=-0.000139137 0.00172023 -0.000658383 -0.0167114 0.00427006 -0.00073524 0.00462337 0.0133916 -0.0164586 -0.0283559 -0.0456477 -0.0145121 0.00440466 -0.0244976 -0.0322141 -0.0805084
internal_weight=8.95753 8.32213 7.93672 1.86447 6.07225 5.18305 4.61745 3.26123 1.35622 1.48507 0.972089 0.513534 0.512981 0.635405 0.26704 0.458555
internal_count=873 792 766 330 436 367 305 229 76 285 176 82 109 81 70 94
is_linear=0
shrinkage=0.0895223


Tree=272
num_leaves=19
num_cat=0
split_feature=11 11 38 38 56 33 54 13 54 40 57 11 20 10 41 5 17 33
split_gain=0.0474191 0.158722 0.125038 0.130835 0.131207 0.201023 0.122211 0.117187 0.0974044 0.203772 0.153574 0.105817 0.0981185 0.115799 0.136657 0.121736 0.0642643 0.0618376
threshold=72.850000000000009 48.610000000000007 0.62800000000000011 0.9830000000000001 58.645000000000003 17.750000000000004 62.080000000000005 9.6135813886055068 48.07500000000001 10.306932268243767 0.78000000000000014 417.50000000000006 1.1348500000000004 0.54950000000000021 10.284308258819376 0.18929000000000004 16.500000000000004 16.350000000000005
decision_type=10 10 2 2 8 2 2 2 2 2 10 8 2 2 8 2 2 2
left_child=1 2 -1 7 -5 -6 -7 -4 9 -2 11 -10 13 14 -11 -15 -9 -14
right_child=8 -3 3 4 5 6 -8 16 10 12 -12 -13 17 15 -16 -17 -18 -19
leaf_value=-0.052569016746491073 0.065180059375488542 -0.072872029146252487 -0.019175462067771595 0.014634076792818501 -0.090674328999618914 -0.047289804397835228 0.038299842383148139 0.016517193920863447 -0.016662703834949055 0.058214555883753544 -0.055743967873865527 0.037736285061807283 0.0044092915247796972 0.02191981416744504 0.00047112283610236451 -0.039912229538536681 0.06425327612553737 -0.046167281380772571
leaf_weight=0.3570639458221202 0.52192240045405958 0.28015658177173453 0.34439039800781779 0.73352089914987995 0.33882849054680275 0.25591867834737059 0.27994627847692755 0.42147098263922089 0.7430472017294959 0.7074821869609883 0.47527603287016962 0.46645672130398441 0.36028822825028317 0.5145060022769028 0.61335914361552579 0.5062317664778675 0.48799091207183665 0.41880428276272141
leaf_count=69 28 48 56 67 75 52 35 41 64 38 45 26 28 38 46 39 32 46
internal_value=-0.000145878 -0.00824239 -0.00261664 0.00361403 -0.0132852 -0.0367026 -0.00256938 0.0252922 0.00517164 0.0134046 -0.0126263 0.0043138 0.00474415 0.0139015 0.031403 -0.00874207 0.042135 -0.0227737
internal_weight=8.82666 3.49929 3.21913 2.86207 1.60821 0.874693 0.535865 1.25385 5.32737 3.64259 1.68478 1.2095 3.12067 2.34158 1.32084 1.02074 0.909462 0.779093
internal_count=873 475 427 358 229 162 87 129 398 263 135 90 235 161 84 77 73 74
is_linear=0
shrinkage=0.0895223


Tree=273
num_leaves=12
num_cat=0
split_feature=42 11 43 58 21 69 11 17 25 58 57
split_gain=0.0459408 0.0841151 0.0826161 0.094545 0.120159 0.107045 0.151733 0.171029 0.135154 0.0792603 0.0665301
threshold=14.723580402904885 604.50000000000011 0.67450000000000021 615.00000000000011 0.89105000000000012 0.30760000000000004 18.905000000000005 16.500000000000004 152.50000000000003 305.00000000000006 0.89450000000000018
decision_type=2 10 2 2 2 8 10 2 2 2 8
left_child=1 2 3 4 -1 -5 7 -7 -8 -6 -3
right_child=-2 10 -4 5 9 6 8 -9 -10 -11 -12
leaf_value=0.0055730590247911882 -0.032173665638697217 4.0073410878716203e-05 0.035020343617784902 0.042228340547771678 -0.014911236051524763 -0.068050196593247098 0.017408802552096932 0.0089545471221804378 -0.01576695067535552 -0.074969047691249388 0.043946374416720071
leaf_weight=0.52755379477457409 0.3445534645761662 0.50606370685272817 0.44440071855569829 0.44706932047483849 0.29739927941409405 0.55068774161372847 2.436188956146907 0.39823920090930187 1.6510328132026186 0.43241473541093001 0.61037859448697429
leaf_count=40 42 34 43 58 43 110 188 67 141 64 43
internal_value=-0.000142224 0.00118682 -0.00236492 -0.00483023 -0.0269708 0.000246209 -0.00347992 -0.0357296 0.00400658 -0.0505004 0.0240476
internal_weight=8.64598 8.30143 7.18499 6.74059 1.25737 5.48322 5.03615 0.948927 4.08722 0.729814 1.11644
internal_count=873 831 754 711 147 564 506 177 329 107 77
is_linear=0
shrinkage=0.0895223


Tree=274
num_leaves=16
num_cat=0
split_feature=48 21 40 54 24 50 43 9 9 9 13 17 2 53 47
split_gain=0.0493628 0.151367 0.0894169 0.16123 0.137394 0.129061 0.0941682 0.0923026 0.0844381 0.206845 0.121637 0.118191 0.110589 0.0324491 0.0165865
threshold=9.3889577645948563 1.1278500000000002 9.9542752213620016 48.07500000000001 1.2535000000000001 0.57950000000000002 0.5635 2.4785000000000004 1.0015000000000003 0.88400000000000012 11.086169662281959 2.5000000000000004 174.00000000000003 6.7813060000000016 9.3455369828436208
decision_type=10 2 2 2 2 2 2 8 10 8 2 2 10 2 2
left_child=1 -1 3 -2 -4 6 13 8 9 11 -10 -6 -12 -5 -3
right_child=2 14 4 5 7 -7 -8 -9 10 -11 12 -13 -14 -15 -16
leaf_value=0.012900039758399526 0.065204109536907071 -0.046652062639001471 -0.043664362492232656 0.017291643158534917 0.028275692909711565 -0.027218035262923244 0.04288395252822403 0.026815850118645231 -0.055881597952364491 0.055048623360870512 0.03306158356065541 -0.02274562486851282 -0.024443195378231614 -0.028591284187290875 -0.090277616624422671
leaf_weight=0.39379977559110546 0.44318107108119908 0.11907994448483805 0.62984765214969218 0.22671430809350546 0.50552578828319417 0.64605067050433707 0.72332301683491096 0.89112595329061139 0.527812995831482 0.53261283009123861 0.41435912958695531 1.2982169162723947 0.75882828065368813 0.27127653278876096 0.17053878213482676
leaf_count=36 26 16 61 20 51 45 51 49 41 30 30 242 60 50 65
internal_value=-0.000144519 -0.0232231 0.00185942 0.016661 -0.00429282 0.00513838 0.0222572 0.000738034 -0.00501697 0.00602859 -0.0201904 -0.00844414 -0.00412996 -0.00769548 -0.0723529
internal_weight=8.55229 0.683419 7.86888 2.31055 5.55833 1.86736 1.22131 4.92848 4.03736 2.33636 1.701 1.80374 1.17319 0.497991 0.289619
internal_count=873 117 756 192 564 166 121 503 454 323 131 293 90 70 81
is_linear=0
shrinkage=0.0895223


Tree=275
num_leaves=11
num_cat=0
split_feature=34 42 33 33 19 40 22 29 22 38
split_gain=0.0446687 0.0677367 0.0786903 0.068742 0.106139 0.093706 0.0961482 0.161062 0.127831 0.0437182
threshold=2.5000000000000004 14.541450539858245 7.3500000000000005 9.9500000000000011 1.0000000180025095e-35 9.2694824845001822 0.20685000000000001 0.095950000000000021 0.19345000000000004 1.0075000000000001
decision_type=2 2 2 2 2 2 2 2 2 2
left_child=1 2 -1 4 -4 9 8 -8 -7 -5
right_child=-2 -3 3 5 -6 6 7 -9 -10 -11
leaf_value=0.038921929658721523 0.030472425738766663 -0.040837666715134412 -0.060924907169358437 0.0079656943378576435 0.0059745785634976673 -0.00018172905513002857 0.042243759639080156 -0.023143127558592394 0.049447080538379214 0.049303928156026015
leaf_weight=0.39868869050405731 0.36555901955580417 0.33654909042525094 0.37929266678111151 0.3973555625125299 0.3807732772147574 2.4674160225513337 0.34478268952807445 2.426208680630225 0.50023912799224479 0.42413856920757098
leaf_count=21 26 50 40 36 33 273 27 293 34 40
internal_value=-0.000133824 -0.00152319 0.000190476 -0.00191851 -0.0274053 0.00103387 -0.0030137 -0.015006 0.00818268 0.0293131
internal_weight=8.421 8.05544 7.7189 7.32021 0.760066 6.56014 5.73865 2.77099 2.96766 0.821494
internal_count=873 847 797 776 73 703 627 320 307 76
is_linear=0
shrinkage=0.0895223


Tree=276
num_leaves=18
num_cat=0
split_feature=0 11 73 54 53 23 52 23 53 11 53 23 21 2 9 55 53
split_gain=0.0431207 0.0795214 0.049494 0.150062 0.142081 0.185563 0.191915 0.141452 0.118544 0.18025 0.116672 0.109501 0.0994652 0.171811 0.0998817 0.0701566 0.0664567
threshold=15.050000000000002 55.420000000000009 -1.0000000180025095e-35 48.205000000000005 3.3655365000000006 -3.2349999999999999 198.50000000000003 -0.55499999999999994 5.1379055000000013 114.00000000000001 1.4367005000000004 -0.80499999999999994 1.2837000000000003 293.00000000000006 1.1900000000000002 1288.0000000000002 2.0434750000000004
decision_type=8 10 2 2 2 2 2 2 2 8 2 2 2 10 10 2 2
left_child=2 -2 3 4 10 -6 -7 -5 12 11 -1 -10 -4 14 -14 -13 -15
right_child=1 -3 8 7 5 6 -8 -9 9 -11 -12 15 13 16 -16 -17 -18
leaf_value=-0.011518143940180605 -0.089926147877138221 -0.0020737867172537978 0.028253698887172284 -0.011424406259630714 0.035051951490470752 -0.081289218257418402 0.0014825012769178745 -0.091029091254229852 -0.036794641857770781 0.061355601494378922 0.04269894637840993 0.0008172267516377052 -0.078751782917394722 -0.015864896552247133 -0.01562587675619875 0.058144121105349229 0.023622962977137885
leaf_weight=0.49839311570394851 0.11976396272257339 0.2661922258175764 0.5971285498781066 0.4651215167468763 0.36812725935305968 0.45457902727866839 0.44337058905784943 0.29082816517075105 0.36965724352012319 0.68733749044622516 0.87885945969901513 0.43941700823415875 0.38544152032955059 0.61234523243183481 0.41987604624591768 0.28030481328460155 0.77227583629974106
leaf_count=30 70 38 39 53 20 59 48 55 62 48 66 62 55 54 27 27 60
internal_value=-0.000120543 -0.0293441 0.00129542 -0.00688183 0.00317566 -0.0184699 -0.0404159 -0.0420546 0.00738694 0.0254579 0.0230765 0.00280506 -0.00413173 -0.0129639 -0.0458437 0.0231489 0.00615695
internal_weight=8.34902 0.385956 7.96306 3.39928 2.64333 1.26608 0.89795 0.75595 4.56378 1.77672 1.37725 1.08938 2.78707 2.18994 0.805318 0.719722 1.38462
internal_count=873 108 765 331 223 127 107 108 434 199 96 151 235 196 82 89 114
is_linear=0
shrinkage=0.0895223


Tree=277
num_leaves=15
num_cat=0
split_feature=31 31 13 2 9 10 17 10 11 41 51 51 56 42
split_gain=0.0435334 0.0967526 0.0649799 0.0855043 0.151878 0.0988146 0.0816269 0.171994 0.130788 0.109386 0.0989709 0.178229 0.163498 0.0739088
threshold=0.25050000000000006 0.21450000000000002 9.3286483125016719 -86.22499999999998 0.83550000000000002 0.53250000000000008 7.5000000000000009 0.63150000000000006 19.705000000000002 10.112811421346988 -7.8899999999999997 -1.2649999999999999 53.590000000000011 10.337922564113487
decision_type=2 2 2 10 8 2 2 2 8 10 10 10 10 2
left_child=1 2 3 -1 5 -5 8 10 -4 -10 12 -12 -8 -9
right_child=-2 -3 6 4 -6 -7 7 13 9 -11 11 -13 -14 -15
leaf_value=0.031868220599538907 0.021441292990710032 -0.04923819346146753 -0.028312712597965136 -0.041409433687687743 -0.090660594778155426 0.046356803758365171 -0.036753034647775261 -0.013958113589410534 0.047330881910536221 -0.0038225423585111821 0.064408946864699543 0.0019607928796932694 0.029157669621688063 -0.090937270977085621
leaf_weight=0.18046747299013077 0.68643199009966327 0.33361589552077919 0.37839682499543392 0.2411041356044733 0.26366636872990057 0.17922443124189158 0.99109048447098691 0.1724549324462713 1.0187536552693925 0.49899840366560955 0.44261339926742937 2.1243096324515149 0.43351445905864239 0.23817638981108757
leaf_count=30 60 47 59 62 43 24 100 23 68 66 41 164 33 53
internal_value=-0.00013659 -0.00211292 8.14984e-05 -0.0229334 -0.0373977 -0.0039781 0.00324094 -0.00344703 0.0187698 0.0305106 0.00222769 0.0127301 -0.0166935 -0.0586167
internal_weight=8.18282 7.49639 7.16277 0.864462 0.683995 0.420329 6.29831 4.40216 1.89615 1.51775 3.99153 2.56692 1.4246 0.410631
internal_count=873 813 766 159 129 86 607 414 193 134 338 205 133 76
is_linear=0
shrinkage=0.0895223


Tree=278
num_leaves=20
num_cat=0
split_feature=4 51 11 4 0 29 12 4 19 50 10 29 17 10 50 58 57 73 1
split_gain=0.0413425 0.0994916 0.0585749 0.0517675 0.0883512 0.13264 0.0933264 0.0922191 0.147721 0.132696 0.130737 0.103788 0.0829136 0.0828788 0.0818793 0.0565263 0.0400795 0.0256842 0.00850842
threshold=0.35900000000000004 6.2000000000000002 192.50000000000003 0.17100000000000001 1.3500000000000003 0.097450000000000023 170.11250000000004 0.060000000000000005 1.0000000180025095e-35 0.56650000000000011 0.55850000000000011 0.098250000000000018 7.5000000000000009 0.52850000000000008 0.57550000000000001 3680.5000000000005 0.7370000000000001 -0.16049999999999998 2.2895000000000003
decision_type=2 8 10 2 8 2 10 2 2 2 2 2 2 2 2 2 10 2 10
left_child=3 2 -2 4 6 12 7 9 11 17 -10 -9 -6 -7 15 -5 -8 -1 -15
right_child=1 -3 -4 14 5 13 16 8 10 -11 -12 -13 -14 18 -16 -17 -18 -19 -20
leaf_value=-0.030153338379665426 -0.090182972785775639 0.0060019941728322807 -0.018612290102462032 0.049622147031228477 0.040821054440360216 -0.013814170726191394 0.042584133421142617 0.036129074629301511 -0.079951395732084221 0.037848695175465755 -0.0051799900185340447 -0.024687581219746544 -0.02397880217919068 -0.062763996623007814 -0.021746785888410104 0.0087140398440047947 0.010189616466926886 0.0022227318973282351 -0.090985893993991873
leaf_weight=0.39785768347974226 0.1821007249145622 0.55181773294498271 0.18479948151798453 0.54709022589486245 0.29663875048208843 0.26526774723424751 0.57282045099418588 0.45654058050422441 0.43036874236713629 0.78626600406551006 0.33215731808741111 0.44315583358184085 0.33915586850707768 0.14339753974172709 0.32675874937740435 0.53633809815801214 0.65812492169789039 0.38738019134325463 0.21695856860424101
leaf_count=38 69 42 18 55 35 60 39 38 61 39 22 41 64 42 38 59 44 32 37
internal_value=-0.000138914 -0.0180141 -0.0541442 0.00216182 -0.00162144 -0.0225425 0.00428863 -0.00369597 -0.0183963 0.0118507 -0.0473856 0.00616912 0.0062488 -0.0518075 0.0175264 0.0293744 0.0252673 -0.0141767 -0.0797655
internal_weight=8.055 0.918718 0.3669 7.13628 5.72609 1.26142 4.46467 3.23373 1.66222 1.5715 0.762526 0.899696 0.635795 0.625624 1.41019 1.08343 1.23095 0.785238 0.360356
internal_count=873 129 87 744 592 238 354 271 162 109 83 79 99 139 152 114 83 70 79
is_linear=0
shrinkage=0.0895223


Tree=279
num_leaves=15
num_cat=0
split_feature=48 58 1 40 6 56 24 6 6 73 50 25 52 22
split_gain=0.0422498 0.12704 0.0963691 0.0694322 0.151526 0.106385 0.0978713 0.120059 0.100432 0.0838635 0.181522 0.108344 0.0460006 0.00744978
threshold=9.3889577645948563 63.000000000000007 0.83750000000000002 9.946437839743707 1.0325000000000002 60.185000000000009 1.2535000000000001 1.0805000000000002 1.1055000000000004 -0.30299999999999999 0.5395000000000002 173.50000000000003 -15.899999999999999 0.21310000000000004
decision_type=10 2 8 2 2 10 2 2 2 2 2 2 2 2
left_child=1 -1 -3 4 5 -2 -5 -8 -9 10 -10 -11 -6 -4
right_child=3 2 13 6 12 -7 7 8 9 11 -12 -13 -14 -15
leaf_value=0.041514296718676888 0.014274928252137099 0.0091715469495533761 -0.062488458513371668 -0.036900440488627347 0.017770437469526154 -0.04252708522990449 0.041583324117216193 -0.045888198295677647 -0.065573822405976201 0.0013270683337341482 0.0062830247412133597 0.050954118540056409 0.05852199523423933 -0.091687977800028159
leaf_weight=0.17629750201012928 0.73366697100573242 0.15207107723836089 0.12558487538990448 0.62806942272254662 0.36696858200593852 0.41296953240816947 0.51329195366633928 0.41870878660483857 0.42986846460644323 1.9986675577879398 0.81742770731943892 0.42810996914340638 0.56309360484010529 0.16173466882537468
leaf_count=12 61 32 40 64 39 45 36 40 56 231 100 40 44 33
internal_value=-0.000150737 -0.0226731 -0.0484353 0.0017455 0.0155963 -0.00617959 -0.00374925 0.00077036 -0.00434727 0.000385877 -0.0184788 0.0100833 0.0424468 -0.0789377
internal_weight=7.92653 0.615688 0.439391 7.31084 2.0767 1.14664 5.23414 4.60607 4.09278 3.67407 1.2473 2.42678 0.930062 0.28732
internal_count=873 117 105 756 189 106 567 503 467 427 156 271 83 73
is_linear=0
shrinkage=0.0895223


Tree=280
num_leaves=13
num_cat=0
split_feature=40 13 41 9 47 47 47 47 56 20 54 48
split_gain=0.0411539 0.088452 0.141972 0.0794419 0.115343 0.139005 0.113384 0.119668 0.112698 0.0742034 0.0562778 0.0508874
threshold=12.982390383053977 12.450921947696267 10.330326178502206 0.6625000000000002 10.641507629350906 10.984841161248555 12.903428914222383 12.438738529521943 49.515000000000008 1.1336000000000002 18.740000000000002 12.449219959802024
decision_type=2 2 10 8 2 2 2 2 8 2 2 10
left_child=1 2 3 4 -1 -6 7 8 -5 -7 -2 -4
right_child=10 -3 11 6 5 9 -8 -9 -10 -11 -12 -13
leaf_value=-0.090306635211662961 0.0065399527726927162 0.03478094433216234 -0.02590809724765275 0.053398848114580684 0.051102495058715738 -0.039043276852212074 0.038736411455104189 -0.038352481057295287 0.0018811824408199826 0.010337387134387716 -0.049656580975326291 -0.090227437295562429
leaf_weight=0.15051602180574253 0.26934002256166412 0.59390546103168151 0.23858915089635946 0.38282963726669628 0.2599732378948828 0.70031371568438749 0.78742433138540935 0.52300964625101176 3.0650926751332008 0.37403231947791937 0.30378734854366485 0.16825608485032717
leaf_count=47 20 55 46 19 21 135 47 48 256 61 61 57
internal_value=-0.00014761 0.00167899 -0.00127676 0.0020618 -0.0160151 -0.00763201 0.0077034 0.00154874 0.00760234 -0.0218481 -0.0232408 -0.0525171
internal_weight=7.81707 7.24394 6.65004 6.24319 1.48484 1.33432 4.75836 3.97093 3.44792 1.07435 0.573127 0.406845
internal_count=873 792 737 634 264 217 370 323 275 196 81 103
is_linear=0
shrinkage=0.0895223


Tree=281
num_leaves=15
num_cat=0
split_feature=69 51 33 9 43 42 20 33 33 33 51 37 33 47
split_gain=0.0413781 0.183438 0.108879 0.098477 0.0928657 0.0658964 0.0918703 0.16126 0.0640121 0.0912097 0.110304 0.102886 0.0557886 0.0363637
threshold=0.88220000000000021 16.965000000000003 17.450000000000003 0.47250000000000003 0.5525000000000001 9.7986382639037277 1.1467500000000002 16.150000000000002 10.850000000000003 12.900000000000002 22.525000000000002 0.27665000000000006 20.350000000000005 10.152216618708104
decision_type=8 8 2 10 2 2 2 2 2 2 10 2 2 2
left_child=1 2 4 -4 -1 13 8 -8 -7 -10 11 -11 -5 -2
right_child=5 -3 3 12 -6 6 7 -9 9 10 -12 -13 -14 -15
leaf_value=0.0024568550585481338 0.008836696621119652 -0.06428405282250288 -0.029769550580869421 0.064462894546120891 -0.064942390693644061 -0.016830647244601496 0.011775844746348327 -0.080190475527522495 0.040308659396100649 0.0064739267545164507 0.044064770587867244 -0.037720226320400604 0.016810044622146744 0.048107536402408724
leaf_weight=0.37601782932961203 0.37675769163797657 0.41311055106052696 0.25959175364823728 0.29814586752763717 0.29020603818025847 0.86074420528166218 0.31898663040192321 0.29320111298329721 0.66116148179207845 1.6032356187897683 0.43825884704710905 0.57304351496077277 0.58067131625216462 0.37966280430555344
leaf_count=50 48 41 59 21 48 68 43 56 61 175 31 80 69 23
internal_value=-0.000146924 -0.0104715 0.00184507 0.0186686 -0.0268967 0.00401175 0.000101866 -0.0322646 0.00489293 0.0106023 0.00308876 -0.00516133 0.0329808 0.0285523
internal_weight=7.7228 2.21774 1.80463 1.13841 0.666224 5.50505 4.74863 0.612188 4.13644 3.2757 2.61454 2.17628 0.878817 0.75642
internal_count=873 288 247 149 98 585 514 99 415 347 286 255 90 71
is_linear=0
shrinkage=0.0895223


Tree=282
num_leaves=12
num_cat=0
split_feature=4 17 51 41 41 42 43 53 21 24 41
split_gain=0.0408672 0.0904377 0.102732 0.0563289 0.1134 0.122477 0.133496 0.109809 0.0754759 0.0877013 0.0763636
threshold=0.35900000000000004 15.500000000000002 11.830000000000002 9.3266291909116212 9.5975655253911736 9.7986382639037277 0.60750000000000004 1.8894235000000001 4.5866000000000007 3.7396500000000006 11.001155459437388
decision_type=2 2 8 8 8 2 2 2 2 2 10
left_child=3 2 -2 -1 -5 -6 8 -8 9 -7 -10
right_child=1 -3 -4 4 5 6 7 -9 10 -11 -12
leaf_value=-0.030137042460036248 -0.035702032376962296 -0.064938709025338062 0.037110405325678698 0.038961868499348587 0.033597888260876584 0.0070979587940576041 -0.084231789253087025 -0.0086112993308800345 0.025782524421896279 -0.025852384691389032 -0.018773460584298799
leaf_weight=0.40575593359972106 0.32045328495405545 0.24180698767577269 0.3013118563721946 0.67473845985659853 0.7594022756529738 1.3202273492333918 0.2887249821142176 0.32979805282957386 1.2988645158620782 1.2699623110595437 0.40411444236633531
leaf_count=57 61 47 21 60 65 136 32 39 126 177 52
internal_value=-0.000145662 -0.0184833 -0.000410804 0.00219931 0.00426748 0.000138956 -0.00503343 -0.0439166 0.000567679 -0.00905611 0.0152073
internal_weight=7.61516 0.863572 0.621765 6.75159 6.34583 5.67109 4.91169 0.618523 4.29317 2.59019 1.70298
internal_count=873 129 82 744 687 627 562 71 491 313 178
is_linear=0
shrinkage=0.0895223


Tree=283
num_leaves=12
num_cat=0
split_feature=33 8 24 8 53 25 51 12 51 17 69
split_gain=0.0413931 0.0620351 0.0797665 0.097002 0.0919815 0.091467 0.0811376 0.090602 0.078509 0.0527876 0.0460962
threshold=7.3500000000000005 0.76350000000000018 0.41760000000000003 0.9085000000000002 1.3234685000000004 145.50000000000003 33.57500000000001 475.47450000000009 1.5350000000000004 8.5000000000000018 0.6323000000000002
decision_type=2 2 2 2 2 2 10 8 10 2 10
left_child=-1 10 5 8 -5 -3 7 -6 9 -4 -2
right_child=1 2 3 4 6 -7 -8 -9 -10 -11 -12
leaf_value=0.028057748513393658 -0.068204846561187527 -0.064429638833364805 0.063061846635395574 -0.043232589813475476 0.00016357623681707899 0.0055155526122940817 0.031156968411113616 -0.052704067846133795 -0.0081210565533594917 0.020354716760706531 -0.0072767188616904973
leaf_weight=0.39517404767684627 0.18819727281424992 0.31183391074591771 0.40598359733121447 0.40896252810580325 3.4665387444588309 0.28824856816754618 0.62030003068502981 0.28082345036091272 0.41275713439608808 0.54191965846075618 0.21150413424948056
leaf_count=22 46 32 29 55 430 43 44 42 50 54 26
internal_value=-0.000144961 -0.00170703 0.000325326 0.00337174 -0.00263444 -0.0308256 0.00116611 -0.00379731 0.0244592 0.0386498 -0.0359734
internal_weight=7.53224 7.13707 6.73737 6.13729 4.77662 0.600082 4.36766 3.74736 1.36066 0.947903 0.399701
internal_count=873 851 779 704 571 75 516 472 133 83 72
is_linear=0
shrinkage=0.0895223


Tree=284
num_leaves=15
num_cat=0
split_feature=13 25 25 51 41 49 40 2 51 9 69 4 54 23
split_gain=0.0394592 0.0795632 0.138108 0.0684299 0.0929916 0.111909 0.115177 0.141404 0.0997585 0.119861 0.159268 0.0974009 0.0912048 0.0416697
threshold=9.3286483125016719 130.50000000000003 155.50000000000003 -44.739999999999988 9.5975655253911736 9.7625591075385216 11.255753144344501 190.50000000000003 15.560000000000002 1.1900000000000002 0.16090000000000002 -0.12349999999999998 54.995000000000012 -1.3599999999999999
decision_type=2 2 2 8 10 10 2 8 8 10 10 2 2 2
left_child=1 -1 -3 -2 8 -6 -7 13 9 10 -5 -9 -10 -8
right_child=3 2 -4 4 5 6 7 11 12 -11 -12 -13 -14 -15
leaf_value=-0.069701313619982483 0.041912612615998615 0.022132940273006871 -0.066106978743237801 0.030752668549378016 -0.060561824566641456 0.028170190304823459 -0.025575559907956173 0.041467632472342759 -0.026702136375756063 0.047106056135913753 -0.052707027426458906 -0.013761330951752554 0.021495000827663365 -0.090509985382481659
leaf_weight=0.18752575210601197 0.33075339790229918 0.4822556039725896 0.20155796640938206 0.49255679942871189 0.32141420249536201 0.65438047158022561 0.12363110924979992 0.30437185848131854 0.77978733027703151 0.93956685974262655 0.29180968482251046 1.6069221967559313 0.52745714827324264 0.22127953213180207
leaf_count=38 22 65 65 62 55 49 26 25 57 62 42 206 34 65
internal_value=-0.000137953 -0.0180429 -0.00387101 0.0022275 0.000131186 -0.0104322 -0.00489514 -0.0144869 0.0113956 0.0255383 -0.000292441 -0.00496428 -0.00725242 -0.0672451
internal_weight=7.46527 0.871339 0.683814 6.59393 6.26318 3.232 2.91059 2.2562 3.03118 1.72393 0.784366 1.91129 1.30724 0.344911
internal_count=873 168 130 705 683 426 371 322 257 166 104 231 91 91
is_linear=0
shrinkage=0.0895223


Tree=285
num_leaves=19
num_cat=0
split_feature=10 17 31 16 43 10 24 0 68 47 17 37 0 24 57 56 14 10
split_gain=0.0371247 0.110872 0.152163 0.0623131 0.0979872 0.126569 0.105683 0.0970056 0.072279 0.118637 0.111989 0.156744 0.0883 0.157982 0.0922983 0.0793395 0.0632115 0.0612329
threshold=0.63150000000000006 5.5000000000000009 0.11300000000000002 1.5000000000000002 0.53650000000000009 0.52300000000000013 0.80210000000000015 0.55000000000000016 -5.371999999999999 9.8913059183634715 6.5000000000000009 0.29040000000000005 0.65000000000000002 3.1716500000000005 0.77650000000000008 25.420000000000005 0.74450000000000005 0.57550000000000001
decision_type=2 2 2 2 2 2 2 10 10 2 2 2 8 2 10 10 8 2
left_child=3 -2 -3 4 7 6 -6 -1 9 -5 11 15 13 -12 -14 -11 -10 -7
right_child=1 2 -4 8 5 17 -8 -9 16 10 12 -13 14 -15 -16 -17 -18 -19
leaf_value=0.015955929595306981 0.023906114693648384 -0.090856740128768154 0.0028824396920442766 -0.062458284059869459 0.033920538908567985 0.069429793660400141 -0.049121846062479095 -0.052361015213291319 -0.0061020962990015332 -0.014271198183031523 0.021817730574083292 0.0354814807313929 0.0038425366610598927 -0.035492361442079838 0.053902533737308016 -0.080479676517159704 -0.070254192070720395 0.023719734857362305
leaf_weight=0.39114701158996501 0.32829790418327309 0.26457550445047673 0.29173668805174202 0.22774324967213067 0.2392475682790971 0.48628684729555971 0.25234388790158846 0.29006062409825972 0.26316665958893282 0.26938658531798898 0.96940230785367043 0.24399684251329745 0.54071245741943108 0.63996772039536154 0.65044118257355876 0.31466073801857419 0.23149103026662476 0.45488607542938553
leaf_count=38 30 47 63 25 29 36 41 51 42 43 81 27 70 61 63 48 42 36
internal_value=-0.000142389 -0.0173433 -0.0416923 0.00221068 0.0148201 0.0281107 -0.00869947 -0.0131284 -0.00391492 0.000216625 0.00415134 -0.0247703 0.012704 -0.000969449 0.0311813 -0.0499478 -0.0361314 0.0473411
internal_weight=7.34955 0.88461 0.556312 6.46494 2.11397 1.43276 0.491591 0.681208 4.35097 3.85631 3.62857 0.828044 2.80052 1.60937 1.19115 0.584047 0.494658 0.941173
internal_count=873 140 110 733 231 142 70 89 502 418 393 118 275 142 133 91 84 72
is_linear=0
shrinkage=0.0895223


Tree=286
num_leaves=14
num_cat=0
split_feature=28 5 73 52 4 50 43 16 0 51 53 17 1
split_gain=0.0387223 0.105245 0.115567 0.101537 0.0737073 0.0610081 0.126619 0.0860366 0.0587512 0.198413 0.143593 0.0665095 0.0630445
threshold=1.6570000000000003 0.38419800000000009 -1.0000000180025095e-35 207.00000000000003 0.043000000000000003 0.51250000000000007 0.52050000000000007 2.5000000000000004 0.35000000000000003 -24.764999999999997 1.8363300000000002 14.500000000000002 1.1900000000000002
decision_type=2 2 2 2 2 2 2 2 8 10 2 2 10
left_child=5 2 3 -2 -5 7 -7 -1 -8 -10 11 -11 -12
right_child=1 -3 -4 4 -6 6 8 -9 9 10 12 -13 -14
leaf_value=-0.018182241221165983 0.033411107574675802 -0.034986381311787565 0.048930780558634132 -0.050635941768319731 0.0037278597936358793 -0.070024921609869464 0.0170719276960546 0.044645945999970009 -0.072696109222314148 -0.089193566678928166 0.034289244432801444 -0.013826516179821977 -0.0015829935246590933
leaf_weight=0.29375916560729809 0.53381839310168333 0.366341954722884 0.63125530937031737 0.31651472544808712 0.54207332910300465 0.25563482326469955 0.77447253092395874 0.43069349361030618 0.36266308539961789 0.19786865659807551 0.5007901821682027 0.17873082496407733 1.8173478675571459
leaf_count=45 44 44 52 42 52 49 64 47 66 40 70 35 223
internal_value=-0.000150552 0.00916319 0.0171573 0.00275007 -0.0163089 -0.00477725 -0.0090215 0.0191647 -0.00495085 -0.0105306 -0.00216295 -0.0534346 0.00616497
internal_weight=7.20196 2.39 2.02366 1.39241 0.858588 4.81196 4.08751 0.724453 3.83187 3.0574 2.69474 0.376599 2.31814
internal_count=873 234 190 138 94 639 547 92 498 434 368 75 293
is_linear=0
shrinkage=0.0895223


Tree=287
num_leaves=15
num_cat=0
split_feature=22 10 1 6 51 73 53 6 44 56 56 10 44 24
split_gain=0.0365119 0.0572651 0.134192 0.0729786 0.054904 0.0642922 0.122693 0.157312 0.138535 0.0987516 0.0997911 0.128601 0.0909636 0.0270946
threshold=0.25365000000000004 0.63150000000000006 1.0720000000000003 1.0055000000000003 44.500000000000007 -0.30299999999999999 3.3655365000000006 1.0690000000000002 2.4500000000000006 38.000000000000007 47.030000000000008 0.49450000000000005 0.25000000000000006 2.8948500000000004
decision_type=2 2 8 2 10 2 2 2 2 8 8 2 2 2
left_child=1 4 -3 -4 5 6 12 -8 -9 -7 -11 -12 -1 -5
right_child=-2 2 3 13 -6 9 7 8 -10 10 11 -13 -14 -15
leaf_value=0.03734044128389391 0.028030761378140638 0.041498567552160963 -0.0030920353644884875 -0.090958650662044782 -0.023502658162351239 0.052003078009030139 0.032634434961294125 -0.082182408854489838 0.0050742853274667434 -0.045510388421635788 -0.018275976024228532 0.023841110202298552 -0.016641885749232633 -0.042309589790365185
leaf_weight=0.54357537691248559 0.35011313348513784 0.18575716460441061 0.20552692454657517 0.20880001523073588 0.63762138117454004 0.42465355871536337 0.22003190838586295 0.46028852940617071 0.21333267423506186 0.27505491313786512 0.83446986326089279 1.9124969582189804 0.46335310597169155 0.1643370547608356
leaf_count=35 31 29 20 45 50 34 24 85 28 34 162 197 60 39
internal_value=-0.000156546 -0.00161927 -0.0246927 -0.0459471 0.0013272 0.00428865 -0.00892938 -0.0330747 -0.0545433 0.0115784 0.00589679 0.0110455 0.0124961 -0.0695423
internal_weight=7.09941 6.7493 0.764421 0.578664 5.98488 5.34726 1.90058 0.893653 0.673621 3.44668 3.02202 2.74697 1.00693 0.373137
internal_count=873 842 133 104 709 659 232 137 113 427 393 359 95 84
is_linear=0
shrinkage=0.0895223


Tree=288
num_leaves=12
num_cat=0
split_feature=22 0 0 6 22 42 0 47 23 43 41
split_gain=0.03584 0.0640679 0.0801225 0.0494311 0.0659291 0.0643835 0.0805055 0.0755874 0.104651 0.0369263 0.0331489
threshold=0.076200000000000004 12.550000000000002 32.95000000000001 1.1895000000000002 0.25340000000000001 13.218497416756348 0.95000000000000007 12.903428914222383 -0.59499999999999986 0.54050000000000009 10.133226097599993
decision_type=2 8 8 2 2 2 10 2 2 2 10
left_child=-1 3 -3 4 5 7 -7 8 -2 -5 -9
right_child=1 2 -4 9 -6 6 -8 10 -10 -11 -12
leaf_value=0.030971522756835772 0.0089442248108374013 -0.090180620523802824 0.0025204288880600074 8.1925767957436913e-05 0.03729421682315491 -0.0095949548527721612 -0.07457883301841102 0.045827514447392741 -0.020201633491012821 0.040227019806444227 0.0065639642746630053
leaf_weight=0.28420298029959656 1.962905222739209 0.14366321685633909 0.15555599567233003 0.3345799639719188 0.31598649785155419 0.49074751279204054 0.22196004250099577 0.34847915739373991 1.9862812311712337 0.40748068038010388 0.34139455349213677
leaf_count=36 200 68 44 37 27 50 61 36 229 46 39
internal_value=-0.000165957 -0.00148552 -0.0419758 0.000404064 -0.00243997 -0.00478669 -0.0298381 -0.000937218 -0.00571405 0.0221313 0.0264026
internal_weight=6.99324 6.70903 0.299219 6.40981 5.66775 5.35177 0.712708 4.63906 3.94919 0.742061 0.689874
internal_count=873 837 112 725 642 615 111 504 429 83 75
is_linear=0
shrinkage=0.0895223


Tree=289
num_leaves=10
num_cat=0
split_feature=11 53 33 51 51 12 25 22 1
split_gain=0.0381302 0.0646711 0.0633742 0.0867927 0.188658 0.0714607 0.062969 0.0810951 0.0364281
threshold=604.50000000000011 1.9718735000000003 7.3500000000000005 44.500000000000007 33.57500000000001 303.6520000000001 115.50000000000001 0.13830000000000003 1.4120000000000001
decision_type=10 2 2 8 8 8 2 2 10
left_child=2 -2 -1 4 5 6 -4 -8 -7
right_child=1 -3 3 -5 -6 8 7 -9 -10
leaf_value=0.037167001879243163 -0.0066644535420955237 0.037837096979292911 0.029452703438389485 -0.035667579321332785 0.0747166981526209 -0.013113512609907561 0.017601795913462767 -0.012883924934356914 -0.075377256884893287
leaf_weight=0.29938058112747956 0.52328164852224268 0.52333585216547363 0.45250705265061775 0.6572959768891441 0.25010781479068089 0.13836025583441358 0.91035046091928995 3.0155564129383947 0.16566550406059832
leaf_count=18 42 44 43 65 16 27 132 439 47
internal_value=-0.000160725 0.015584 -0.00295945 -0.00510919 -0.00103634 -0.00508339 -0.00216828 -0.00581389 -0.0470533
internal_weight=6.93584 1.04662 5.88922 5.58984 4.93255 4.68244 4.37841 3.92591 0.304026
internal_count=873 86 787 769 704 688 614 571 74
is_linear=0
shrinkage=0.0895223


Tree=290
num_leaves=11
num_cat=0
split_feature=42 11 56 31 24 24 41 23 49 11
split_gain=0.0355223 0.094678 0.0673576 0.0624981 0.0489484 0.102265 0.109478 0.180378 0.114229 0.03455
threshold=14.077088449789487 1059.0000000000002 33.480000000000011 0.085000000000000006 16.475250000000006 12.037300000000002 9.5975655253911736 -2.6199999999999997 9.557930686696535 109.50000000000001
decision_type=2 10 10 2 2 2 10 2 10 10
left_child=1 3 -2 9 5 6 8 -8 -5 -1
right_child=2 -3 -4 4 -6 -7 7 -9 -10 -11
leaf_value=0.0045795709200147292 -0.05187701452879101 0.051020618015483243 0.016566477868192916 -0.0021111108834732961 -0.034292257033103173 0.048225501428826964 0.019535673331897811 -0.046208686487553489 0.046175947771628797 0.048668939507665633
leaf_weight=0.27532149774469861 0.28030926109568088 0.29640700293384714 0.19557322208061123 2.8643789831867257 0.38959118543061766 0.31280813406920049 0.49873755084990978 1.0149248034390437 0.45497150437404332 0.2955780986812897
leaf_count=48 48 25 39 345 65 29 46 169 35 24
internal_value=-0.000143359 0.00160999 -0.0237412 -0.000787863 -0.00369701 -0.00137994 -0.00459131 -0.0245442 0.00450634 0.0274128
internal_weight=6.8786 6.40272 0.475882 6.10631 5.53541 5.14582 4.83301 1.51366 3.31935 0.5709
internal_count=873 786 87 761 689 624 595 215 380 72
is_linear=0
shrinkage=0.0895223


Tree=291
num_leaves=18
num_cat=0
split_feature=69 51 17 20 31 29 17 47 51 29 12 10 5 41 47 12 25
split_gain=0.0353125 0.154982 0.0933473 0.0760345 0.121958 0.0724538 0.114382 0.225966 0.217004 0.109973 0.0858863 0.0921795 0.111823 0.0988971 0.0632256 0.0563404 0.0211654
threshold=0.88220000000000021 16.965000000000003 15.500000000000002 1.1031000000000002 0.11550000000000002 0.19485000000000002 16.500000000000004 11.755806693363363 28.030000000000005 0.19725000000000001 3.4035000000000006 0.53250000000000008 0.18174100000000001 10.061616312664677 12.618164564396702 15.872000000000002 163.50000000000003
decision_type=8 8 2 2 2 2 2 2 10 2 8 2 2 8 2 10 2
left_child=1 2 3 -1 -5 6 8 15 10 -7 -2 12 -12 -13 -4 -8 -9
right_child=5 -3 14 4 -6 9 7 16 -10 -11 11 13 -14 -15 -16 -17 -18
leaf_value=-0.058088502977414122 0.04869160847526384 -0.063382755814806679 -0.0057452866740083661 -0.046569799331033057 0.034090630329322351 0.057886618739668098 -0.021109944966977004 -0.090876141555316245 0.064381485772923297 0.0017791161183393332 -0.090444921646487472 -0.039365005978573259 -0.0030660511692308118 0.017185053943724996 0.048360237382058587 0.02639019254175055 -0.051514227924158773
leaf_weight=0.26335694141744126 0.22077383854048149 0.35963215652736846 0.29684952741990855 0.26344891512053437 0.34955954843462678 0.45263296505436279 0.37356655609437417 0.26688585900046746 0.46107252665387921 0.7342782923951745 0.22273033590681746 0.3386908530083016 0.24833443228362739 0.92394891993899375 0.41480891897185757 0.43095627560524008 0.18662923017109279
leaf_count=46 15 41 51 50 45 33 31 52 36 67 52 51 52 115 55 51 30
internal_value=-0.000131095 -0.0103167 0.00169865 -0.0178579 -0.000568431 0.00394965 -0.00226223 -0.024152 0.00913666 0.023179 -0.00389406 -0.0105925 -0.0443885 0.00201319 0.0257865 0.00432983 -0.074686
internal_weight=6.80816 1.94766 1.58802 0.876365 0.613008 4.8605 3.67359 1.25804 2.41555 1.18691 1.95448 1.7337 0.471065 1.26264 0.711658 0.804523 0.453515
internal_count=873 288 247 141 95 585 485 164 321 100 285 270 104 166 106 82 82
is_linear=0
shrinkage=0.0895223


Tree=292
num_leaves=15
num_cat=0
split_feature=13 25 25 40 9 22 31 35 31 9 16 53 22 73
split_gain=0.0330699 0.0741281 0.116438 0.0619289 0.0961142 0.0893662 0.0611145 0.0841365 0.0886081 0.104747 0.0478845 0.0462241 0.117971 0.0905253
threshold=9.3286483125016719 130.50000000000003 155.50000000000003 9.9542752213620016 0.81100000000000017 0.21665000000000004 0.07400000000000001 1.5000000000000002 0.097500000000000017 1.0015000000000003 3.5000000000000004 1.8757270000000001 0.20900000000000005 -0.30299999999999999
decision_type=2 2 2 2 8 2 2 8 2 8 2 2 2 2
left_child=1 -1 -3 4 -2 -6 -5 10 9 -9 -8 12 -10 -13
right_child=3 2 -4 6 5 -7 7 8 11 -11 -12 13 -14 -15
leaf_value=-0.069846338039105726 -0.020822833460703304 0.021141958344659935 -0.063951523621462461 0.029553470695144704 0.0079172650911064936 0.061816222250717055 -0.017020700828004786 -0.00023090234419582259 0.012679760930986909 -0.0656633689467334 -0.090634203483152681 -0.010194876233024099 -0.052258182193725501 0.027800718976891046
leaf_weight=0.1691068261698091 0.35616417994424376 0.45203658501486643 0.1802606896708312 0.42321343356206842 0.52157887211797072 0.46780747975572012 0.1442102240080203 0.44192022836068678 0.5900157421929183 0.3526074346882524 0.13942469627363607 0.86561423722651043 0.36155882108687365 1.1977494936036228
leaf_count=38 55 65 65 57 41 36 34 64 55 36 36 111 45 135
internal_value=-0.000140679 -0.0171979 -0.00311152 0.00219069 0.0190489 0.0334057 -0.00283109 -0.00618043 -0.0026772 -0.029274 -0.0532192 0.00433067 -0.0119902 0.0118592
internal_weight=6.66327 0.801404 0.632297 5.86186 1.34555 0.989386 4.51631 4.0931 3.80947 0.794528 0.283635 3.01494 0.951575 2.06336
internal_count=873 168 130 705 132 77 573 516 446 100 70 346 100 246
is_linear=0
shrinkage=0.0895223


Tree=293
num_leaves=11
num_cat=0
split_feature=70 23 23 29 54 23 39 16 57 29
split_gain=0.0332513 0.0615972 0.0996656 0.0665335 0.119874 0.14831 0.0831661 0.06566 0.122582 0.0936661
threshold=0.87800000000000011 -4.589999999999999 -4.0199999999999987 0.19445000000000004 29.355000000000004 -0.14499999999999999 1.0000000180025095e-35 2.5000000000000004 0.87950000000000006 0.099250000000000019
decision_type=2 2 2 2 2 2 2 2 8 2
left_child=-1 -2 -3 6 -5 -6 7 8 -4 -9
right_child=1 2 3 4 5 -7 -8 9 -10 -11
leaf_value=0.026581476463923226 -0.03922296922356127 0.051695217869971638 -0.065553536516451558 0.046030904825074194 0.026341116928765309 -0.042896597085228173 -0.055837718841466995 0.013110352823090683 -0.0056864042928532936 -0.044552209960623153
leaf_weight=0.35301746286495461 0.33127570267242834 0.28922642191173498 0.34449338141439523 0.57370246725622542 0.54229281611787883 0.45675748302892316 0.27479991142718052 1.8049614439751169 1.3423031939364591 0.2580244008433964
leaf_count=44 51 20 72 51 56 47 44 247 190 51
internal_value=-0.000144682 -0.00166264 0.000450517 -0.00219676 0.0134155 -0.00531018 -0.00829873 -0.00481391 -0.0179152 0.00589656
internal_weight=6.57085 6.21784 5.88656 5.59734 1.57275 0.99905 4.02458 3.74978 1.6868 2.06299
internal_count=873 829 778 758 154 103 604 560 262 298
is_linear=0
shrinkage=0.0895223


Tree=294
num_leaves=13
num_cat=0
split_feature=4 22 51 42 11 43 4 31 10 1 16 23
split_gain=0.0391089 0.0720016 0.138618 0.0552925 0.0656436 0.0660846 0.0841312 0.0983873 0.121744 0.088815 0.081495 0.0640176
threshold=0.35900000000000004 0.23275000000000004 11.830000000000002 14.077088449789487 604.50000000000011 0.67450000000000021 0.16350000000000003 0.096500000000000016 0.50550000000000017 4.6150000000000011 2.5000000000000004 -0.22499999999999998
decision_type=2 2 8 2 8 2 2 2 2 10 2 2
left_child=3 2 -2 4 5 6 7 8 -1 -9 -8 -5
right_child=1 -3 -4 11 -6 -7 10 9 -10 -11 -12 -13
leaf_value=-0.032698495200224234 -0.090286611380153717 0.022510371627560886 0.0035518911182873948 -0.06602257926890194 0.031667138931898535 0.042835157614187831 -0.012356543269595621 -0.05618341344314489 0.033531470642729683 -0.010323264803389477 0.042211291006737116 0.0076990591611575893
leaf_weight=0.31246494086735788 0.22717467806069169 0.22589716633319767 0.28356276735758001 0.19724477453019063 0.63638060608354852 0.28507538922713127 0.34699587497289019 0.40634876541025766 0.77170318077833144 2.0272360912977092 0.59582586108808755 0.18089876074236588
leaf_count=59 72 34 23 44 60 26 58 113 77 212 63 32
internal_value=-0.000140577 -0.0195639 -0.0381802 0.00234272 0.00466819 0.00104694 -0.00162294 -0.00798867 0.0144402 -0.0179823 0.0221243 -0.0307456
internal_weight=6.49681 0.736635 0.510737 5.76017 5.38203 4.74565 4.46057 3.51775 1.08417 2.43358 0.942822 0.378144
internal_count=873 129 95 744 668 608 582 461 136 325 121 76
is_linear=0
shrinkage=0.0895223


Tree=295
num_leaves=13
num_cat=0
split_feature=4 25 33 33 20 69 50 20 9 37 11 9
split_gain=0.0358348 0.046179 0.0563568 0.0893192 0.0778562 0.0828176 0.151805 0.101298 0.0952215 0.0719959 0.080304 0.0498722
threshold=-0.21099999999999997 193.50000000000003 10.950000000000001 9.2500000000000018 1.1461000000000003 0.71735000000000004 0.54350000000000021 1.1302000000000003 0.74550000000000016 0.23295000000000002 118.50000000000001 0.8175
decision_type=2 2 2 2 2 8 2 2 8 2 10 10
left_child=-1 2 3 -2 5 6 11 8 -7 -6 -11 -4
right_child=1 -3 4 -5 9 7 -8 -9 -10 10 -12 -13
leaf_value=0.034685923255736523 0.002909696945499517 -0.038136136072325959 -0.014185418218265375 -0.04822347149743364 -0.063470348459740922 -0.017518319834368447 -0.064658253829695658 0.049054791003476372 0.019846170371428922 0.022748590017302516 -0.0453650896096311 0.042785453560856744
leaf_weight=0.22831056805443939 0.6786402775069289 0.26299479724184482 0.24034516886968083 0.45878228864148696 0.22816604145191366 0.78955172774067328 0.31393919679430837 0.60559781351275876 1.7760308061078829 0.35165512921957998 0.22906671309829107 0.25239409565620008
leaf_count=19 59 41 48 66 55 168 66 61 170 63 32 25
internal_value=-0.000143361 -0.00142917 0.000199775 -0.0177118 0.00445667 0.00960575 -0.0160031 0.0161212 0.00834594 -0.0208604 -0.00411276 0.0149893
internal_weight=6.41547 6.18716 5.92417 1.13742 4.78675 3.97786 0.806678 3.17118 2.56558 0.808888 0.580722 0.492739
internal_count=873 854 813 125 688 538 139 399 338 150 95 73
is_linear=0
shrinkage=0.0895223


Tree=296
num_leaves=18
num_cat=0
split_feature=33 33 40 22 50 6 33 6 44 44 8 20 19 5 12 11 54
split_gain=0.0329071 0.0555981 0.0715032 0.0899518 0.155661 0.119018 0.101344 0.0794467 0.126912 0.074021 0.0866728 0.0792762 0.0699523 0.062908 0.0831091 0.0476096 0.0291162
threshold=7.3500000000000005 9.9500000000000011 9.946437839743707 0.20875000000000002 0.58050000000000013 1.1895000000000002 22.850000000000005 1.0235000000000001 0.25000000000000006 0.8500000000000002 0.90450000000000019 1.1110500000000003 1.0000000180025095e-35 0.18327750000000004 23.822500000000002 -6.8099999999999996 61.210000000000008
decision_type=2 2 2 2 2 2 2 2 2 2 2 2 2 2 10 10 2
left_child=-1 12 7 9 5 6 -5 8 -3 13 -11 -12 -2 -4 -15 -9 -17
right_child=1 2 3 4 -6 -7 -8 15 -10 10 11 -13 -14 14 -16 16 -18
leaf_value=0.026694019987837523 -0.059701417625143277 0.022655406973190947 0.038687204218438229 -0.042905288844430962 -0.090580178965055727 0.034540744745016255 0.020537683561368255 0.0078781213832111851 -0.053041715596379782 0.023933313067993581 -0.084653179772197662 -0.0090496537014181609 0.0033536834928592136 0.031449601570369537 -0.02689173134674535 0.069748884615627338 0.029136950816050295
leaf_weight=0.3462151123676448 0.28442957621155063 0.49092854120681273 0.6450903691584251 0.75167095765209502 0.22658742851990599 0.35043268671506655 0.27574713236299431 0.33970478595165332 0.27801367867687077 0.26048686772219287 0.19156736341028591 0.26508640054817079 0.27941471952817665 0.37427899017711752 0.41008969144650109 0.29522413129598135 0.27247854069537425
leaf_count=22 41 56 52 124 46 47 48 46 48 48 51 50 34 37 48 35 40
internal_value=-0.000140495 -0.00169178 0.00108721 -0.00578126 -0.021817 -0.0105062 -0.0258744 0.0164584 -0.00470846 0.00620266 -0.017265 -0.0407734 -0.0284479 0.0179786 0.00094254 0.0343993 0.0502628
internal_weight=6.33745 5.99123 5.42739 3.75104 1.60444 1.37785 1.02742 1.67635 0.768942 2.1466 0.717141 0.456654 0.563844 1.42946 0.784369 0.907407 0.567703
internal_count=873 851 776 551 265 219 172 225 104 286 149 101 75 137 85 121 75
is_linear=0
shrinkage=0.0895223


Tree=297
num_leaves=18
num_cat=0
split_feature=11 11 37 37 56 54 13 54 57 41 6 6 11 9 20 9 13
split_gain=0.0338621 0.098786 0.0788023 0.100191 0.096714 0.0932345 0.0846375 0.0627453 0.129613 0.111703 0.0545921 0.111379 0.0517315 0.0465325 0.0449932 0.0449672 0.0413726
threshold=72.850000000000009 48.610000000000007 0.14915000000000003 0.23345000000000002 58.645000000000003 62.080000000000005 9.6135813886055068 48.07500000000001 0.78250000000000008 9.9379857591450698 1.1545000000000003 1.1135000000000004 417.50000000000006 1.0500000000000003 1.1185000000000003 1.1520000000000001 10.394334454001489
decision_type=10 10 2 2 8 2 2 2 10 10 2 2 10 10 2 10 2
left_child=1 2 -1 6 -5 16 -4 9 12 15 11 -11 -9 -12 -8 -2 -6
right_child=7 -3 3 4 5 -7 14 8 -10 10 13 -13 -14 -15 -16 -17 -18
leaf_value=-0.050191950722873253 0.017094874615335043 -0.071945017438435427 -0.018109857319120383 0.013524619432168613 -0.090375584685989524 0.0040501593135530362 0.017447667184753931 -0.011279389641042749 -0.060133595923192631 0.011517760549746004 0.035752159282209608 -0.059777981076610212 0.032958842557928136 -0.0069038587217477455 0.064928795852358195 0.054945512014649277 -0.029131197338917579
leaf_weight=0.25478693913169159 0.49446175183402441 0.18102864286265674 0.26086813922302132 0.51659912838294952 0.23163432934234163 0.24466128529093112 0.30522814932010078 0.53895057379850164 0.32280750181234907 0.39495300551789092 0.39674430743525591 0.31609805369998867 0.34898668830282986 0.42374627357639838 0.33662366088356066 0.51277559099253267 0.14328974640147862
leaf_count=69 37 48 56 67 56 64 40 65 44 42 59 50 26 36 33 39 42
internal_value=-0.000149448 -0.00827776 -0.00325127 0.00261279 -0.0150741 -0.038925 0.0248779 0.00521435 -0.0115536 0.0132124 -0.00201375 -0.0201717 0.00610354 0.0137179 0.0423551 0.0363679 -0.0669786
internal_weight=6.22424 2.47472 2.29369 2.0389 1.13618 0.619585 0.90272 3.74952 1.21074 2.53878 1.53154 0.711051 0.887937 0.820491 0.641852 1.00724 0.374924
internal_count=873 475 427 358 229 162 129 398 135 263 187 92 91 95 73 76 98
is_linear=0
shrinkage=0.0895223


Tree=298
num_leaves=13
num_cat=0
split_feature=4 0 22 42 11 9 40 31 22 4 33 56
split_gain=0.0311799 0.0704806 0.0626121 0.0494831 0.0503726 0.0666827 0.063 0.0711091 0.0919466 0.0550176 0.0473141 0.0433803
threshold=0.35900000000000004 0.65000000000000002 0.22335000000000002 14.077088449789487 1130.5000000000002 0.20250000000000004 9.4724265897018594 0.085000000000000006 0.23725000000000004 0.03500000000000001 19.750000000000004 35.760000000000012
decision_type=2 8 2 2 8 10 2 2 2 2 2 8
left_child=3 -2 -3 4 5 9 10 -8 -9 -1 -7 -5
right_child=1 2 -4 11 -6 6 7 8 -10 -11 -12 -13
leaf_value=0.001033987921357375 -0.047099759036290087 -0.031806892608037457 0.045357393882812194 0.00067469179863581519 0.045297129525160428 0.0089573940393429616 0.03515261872573365 0.0033069567989907752 -0.03649511904991886 -0.059534043385243658 0.052105439231147875 -0.061702796836200037
leaf_weight=0.24042365916375263 0.33939042016163501 0.1534692337972956 0.18684421359284897 0.18094662352814328 0.23011490079443309 0.45718325159759832 0.42336934670174775 2.5522885616874196 0.56877822177193582 0.2401169119439146 0.36765733896754682 0.17629453858967281
leaf_count=34 52 46 31 21 25 50 53 326 83 68 29 55
internal_value=-0.000153483 -0.0182312 0.0105485 0.00210576 0.00437115 0.00242855 0.00591049 0.000723732 -0.00394536 -0.0292232 0.0281942 -0.0300978
internal_weight=6.11688 0.679704 0.340313 5.43717 5.07993 4.84982 4.36928 3.54444 3.12107 0.480541 0.824841 0.357241
internal_count=873 129 77 744 668 643 541 462 409 102 79 76
is_linear=0
shrinkage=0.0895223


Tree=299
num_leaves=12
num_cat=0
split_feature=17 40 49 41 2 58 25 25 29 41 43
split_gain=0.0297898 0.0429176 0.0931838 0.090393 0.0809218 0.0719382 0.050907 0.10936 0.0829218 0.157146 0.0664459
threshold=1.0000000180025095e-35 12.982390383053977 10.851055122434779 10.399785176718188 714.50000000000011 22046.000000000004 152.50000000000003 147.50000000000003 0.19505000000000003 10.069257110011836 0.52450000000000008
decision_type=2 2 10 10 10 2 2 2 2 8 2
left_child=-1 2 3 6 -5 -3 7 10 9 -8 -2
right_child=1 5 -4 4 -6 -7 8 -9 -10 -11 -12
leaf_value=0.0291485129521615 0.028141705079130008 -0.069425829359018643 0.054090134662352213 -0.090036075823229297 -0.0024277185253524999 0.0080288853385357198 -0.062500345450005004 0.053818036140703275 0.023548103902237001 0.0015777618038456248 -0.0056159373769921559
leaf_weight=0.26599968953632913 0.59920953410255684 0.19069816195042211 0.248668907675892 0.17108248777094548 0.16712424207071308 0.19357965582457837 0.48788711610814028 0.36793058580587956 0.41824085498228658 0.82574249457502458 2.1223043950994906
leaf_count=42 71 52 24 67 27 24 102 49 37 115 263
internal_value=-0.000144556 -0.00149036 0.000563044 -0.00201606 -0.0467552 -0.0303987 0.00112157 0.00800964 -0.0111638 -0.0222184 0.00181533
internal_weight=6.05847 5.79247 5.40819 5.15952 0.338207 0.384278 4.82131 3.08944 1.73187 1.31363 2.72151
internal_count=873 831 755 731 94 76 637 383 254 217 334
is_linear=0
shrinkage=0.0895223


Tree=300
num_leaves=19
num_cat=0
split_feature=11 11 73 44 20 12 23 20 56 54 41 57 25 21 43 1 33 33
split_gain=0.0297525 0.0872636 0.0613124 0.081194 0.0927834 0.0876631 0.0772768 0.0707326 0.0706212 0.0597918 0.0938096 0.0884307 0.0626759 0.0644524 0.0581808 0.057226 0.0555899 0.053269
threshold=72.850000000000009 55.790000000000013 -0.89999999999999991 5.6500000000000012 1.1316000000000002 10.403 -1.2149999999999996 1.1439000000000001 58.835000000000001 48.07500000000001 9.9379857591450698 0.78000000000000014 173.50000000000003 4.2181000000000006 0.58950000000000002 3.3395000000000006 15.250000000000002 14.050000000000002
decision_type=10 8 2 2 2 8 2 2 8 2 10 10 2 2 2 10 2 2
left_child=1 2 8 4 5 -4 -7 -6 -1 10 16 14 13 -12 -11 -5 -2 -15
right_child=9 -3 3 15 7 6 -8 -9 -10 11 12 -13 -14 17 -16 -17 -18 -19
leaf_value=0.009220554737191267 0.054766640192863154 -0.070236626553162415 -0.048137855187444845 -0.089917666212734268 0.062518700707893338 -0.0287374213063573 0.02814029986705251 0.0013031526601650978 -0.090038892024633749 0.027209763004996172 -0.036416797157895246 -0.051886554566743306 0.038270466955156693 -0.02657557656409263 -0.01962463489436644 0.0032614292943469818 0.011953051081954501 0.023703702890270163
leaf_weight=0.10205295148716764 0.51261452079052183 0.16745326929958571 0.3027262454852454 0.12306939515678994 0.35234709866563196 0.29580894123682833 0.54242642745930414 0.26529076912447636 0.13124378918928414 0.41810260764032114 0.45862247013201318 0.31878912445972674 0.26243588866782364 0.25869212501856964 0.43239268405886833 0.092415370174421696 0.4626823301659897 0.4862260709705879
leaf_count=19 43 42 43 81 30 50 84 51 58 47 67 45 27 26 43 17 33 67
internal_value=-0.000147544 -0.0079306 -0.00320239 0.00192492 0.00828197 -0.00684452 0.00806414 0.0362309 -0.0466035 0.00497074 0.0129443 -0.0116738 -0.00136697 -0.010013 0.00339487 -0.049939 0.0344595 0.00623808
internal_weight=5.98539 2.37483 2.20738 1.97408 1.7586 1.14096 0.838235 0.617638 0.233297 3.61056 2.44127 1.16928 1.46598 1.20354 0.850495 0.215485 0.975297 0.744918
internal_count=873 475 433 356 258 177 134 81 77 398 263 135 187 160 90 98 76 93
is_linear=0
shrinkage=0.0895223


Tree=301
num_leaves=14
num_cat=0
split_feature=4 40 49 40 37 9 20 31 13 9 40 20 16
split_gain=0.0327452 0.0440551 0.101416 0.0620106 0.106233 0.0648617 0.097411 0.102114 0.0920839 0.0974816 0.0690212 0.0412487 0.0284599
threshold=-0.21099999999999997 13.120599954713285 10.851055122434779 11.927873167179204 0.16080000000000003 0.6625000000000002 1.1336000000000002 0.11300000000000002 9.504897370467468 0.92450000000000021 9.2124341543338897 1.1461000000000003 1.5000000000000002
decision_type=2 2 10 2 2 8 2 2 2 8 2 2 2
left_child=-1 2 3 5 -5 6 7 -2 10 -10 -7 -8 -6
right_child=1 -3 -4 4 12 8 11 -9 9 -11 -12 -13 -14
leaf_value=0.033547180605922967 -0.080241484788459827 -0.035590112598653308 0.051243041755777805 0.01469166003315635 -0.033391573563409799 0.0064363185381123792 0.036860676046594883 -0.0089557037062239948 0.047732637770144054 0.005178010922918596 -0.060989842554554113 -0.017568608939151721 -0.090154903475666556
leaf_weight=0.22238851748988953 0.28708457253105713 0.28789863748261257 0.2965390117606147 0.2224445126903446 0.11896621502819471 0.22979998218215802 0.26166315112095617 0.36710074174152396 0.52441883255596655 2.434107377735927 0.25837212277019717 0.19445016110785218 0.17571775348460505
leaf_count=19 98 66 30 43 29 27 32 86 53 231 50 53 56
internal_value=-0.000148112 -0.00147302 0.000355187 -0.00261806 -0.0319963 0.000714997 -0.0181019 -0.0402445 0.00677759 0.0127223 -0.0292426 0.0136485 -0.0672513
internal_weight=5.88095 5.65856 5.37066 5.07413 0.517128 4.557 1.1103 0.654185 3.4467 2.95853 0.488172 0.456113 0.294684
internal_count=873 854 788 758 128 630 269 184 361 284 77 85 85
is_linear=0
shrinkage=0.0895223


Tree=302
num_leaves=19
num_cat=0
split_feature=4 51 22 4 23 41 1 0 10 22 4 43 24 24 43 50 17 52
split_gain=0.0301556 0.0592327 0.0684245 0.0414978 0.0570764 0.0975745 0.0550706 0.0861723 0.0627279 0.0588689 0.0605911 0.0536248 0.050582 0.151147 0.128899 0.0558079 0.102463 0.0431559
threshold=0.35900000000000004 6.2000000000000002 0.23275000000000004 0.16350000000000003 -2.0949999999999993 9.5082676227411458 4.6150000000000011 3.6500000000000008 0.5485000000000001 0.11990000000000002 -0.15349999999999997 0.5335000000000002 1.0428000000000004 0.5051000000000001 0.57550000000000001 0.52150000000000019 7.5000000000000009 550.50000000000011
decision_type=2 8 2 2 2 10 10 10 2 2 2 2 2 2 2 2 2 2
left_child=3 2 -2 6 -5 -6 7 8 -1 -9 -11 -7 13 -8 15 -14 -17 -12
right_child=1 -3 -4 4 5 11 12 9 -10 10 17 -13 14 -15 -16 16 -18 -19
leaf_value=-0.09024543027292653 -0.090166565384028022 0.0036215552813221186 0.0049097366036538271 0.049334976853690052 0.042906153502608145 0.011950229698416913 0.011647700325043904 0.053001861696919901 -0.017972970032828297 0.039825190950373054 -0.089942048884573952 -0.051380382097113715 0.019210271145487783 -0.061374031064447498 0.041866348091064889 -0.060544163969237161 0.0017430763717473962 -0.0018181021658068739
leaf_weight=0.18948480396647926 0.15184008169626384 0.38344573075664812 0.10091066272934768 0.3221592373738531 0.30578468356907229 0.19331352995504858 0.65513643347821948 0.13823822591439239 0.19589655984236742 0.093165446371131111 0.096283683893261696 0.24019973219765234 0.55027507307386292 0.34771901583008002 0.71880121851427237 0.2963666100586122 0.74013253712791993 0.083024631710031827
leaf_count=47 64 42 23 43 39 28 64 26 50 11 61 49 68 47 65 43 76 27
internal_value=-0.000155702 -0.0185471 -0.0521931 0.00210852 0.0178867 0.00417779 -0.00197095 -0.0231107 -0.0535173 0.00541185 -0.0187195 -0.0231315 0.00311473 -0.0136675 0.010416 -0.00382853 -0.0160633 -0.0491584
internal_weight=5.80218 0.636196 0.252751 5.16598 1.06146 0.739298 4.10452 0.796093 0.385381 0.410712 0.272474 0.433513 3.30843 1.00286 2.30558 1.58677 1.0365 0.179308
internal_count=873 129 87 744 159 116 585 222 97 125 99 77 363 111 252 187 119 88
is_linear=0
shrinkage=0.0895223


Tree=303
num_leaves=12
num_cat=0
split_feature=33 8 8 24 48 24 47 24 71 24 51
split_gain=0.0277806 0.0453794 0.0660364 0.0966955 0.0536833 0.109099 0.131995 0.126091 0.104585 0.0575559 0.0361243
threshold=7.3500000000000005 0.76350000000000018 0.82800000000000007 0.35270000000000007 9.9827182564694539 0.99445000000000017 11.023388899498631 0.56680000000000008 3.5000000000000004 0.94325000000000014 -3.9549999999999996
decision_type=2 2 2 2 8 2 2 2 2 2 8
left_child=-1 10 -3 -4 8 7 -7 -6 9 -5 -2
right_child=1 2 3 4 5 6 -8 -9 -10 -11 -12
leaf_value=0.025901096249178031 -0.0039359351344396649 0.029632507259308712 -0.054764237242338525 0.032544311430636678 0.0046320517599892017 0.06388854635042418 -0.0022602932439931768 -0.078931198080032849 0.075295404040520042 -0.058637782037423758 -0.066275225502111873
leaf_weight=0.30965832108631719 0.14681835563897039 0.54932715901122708 0.27417898521707673 0.11140704623403497 0.27665376081131432 0.26301227373187464 2.990514847870827 0.30327094327913073 0.20996751144593873 0.11047071697339561 0.1515067799132338
leaf_count=22 26 66 51 29 34 25 460 51 18 45 46
internal_value=-0.000173206 -0.00167266 0.000316027 -0.0032308 8.09941e-05 -0.00328905 0.00308601 -0.039061 0.030005 -0.0128381 -0.0356075
internal_weight=5.69679 5.38713 5.0888 4.53948 4.2653 3.83345 3.25353 0.579925 0.431845 0.221878 0.298325
internal_count=873 851 779 713 662 570 485 85 92 74 72
is_linear=0
shrinkage=0.0895223


Tree=304
num_leaves=13
num_cat=0
split_feature=56 57 25 69 25 37 23 9 54 5 29 5
split_gain=0.0317915 0.0735421 0.0465917 0.0545444 0.0682739 0.0613925 0.0844171 0.0516271 0.0752212 0.0735029 0.0691511 0.0394536
threshold=32.370000000000012 0.89450000000000018 117.50000000000001 0.88890000000000013 130.50000000000003 0.17215000000000003 -2.2349999999999999 1.7255000000000003 37.580000000000005 0.40269450000000007 0.096550000000000011 0.45906400000000008
decision_type=8 10 2 8 2 2 2 10 2 2 2 2
left_child=-1 2 -2 4 -4 -6 -7 9 -9 10 -5 -11
right_child=1 -3 3 7 5 6 -8 8 -10 11 -12 -13
leaf_value=-0.03362351841402144 0.025024596681782935 0.048497139129494757 -0.059234409126034442 0.023337943718416174 0.035005216487957819 0.014947403678557483 -0.046323126471590093 0.04595682866270958 -0.002262305382144344 0.058335889030143896 -0.02017123149196787 0.0013405789355609311
leaf_weight=0.2187630631669889 0.49402544226359157 0.25109891577085353 0.27697022411666672 0.35645487166766621 0.20246357354858446 0.31029777900766931 0.42965454055411101 0.45227109442930646 0.60728859719711181 0.19671061175904458 1.6366468833898578 0.19293465263854159
leaf_count=30 59 31 47 59 38 49 101 42 68 22 270 57
internal_value=-0.00016598 0.00118707 -0.00111638 -0.00388745 -0.0201577 -0.00866953 -0.0206246 0.00187501 0.0183165 -0.0054347 -0.0123881 0.0301237
internal_weight=5.62558 5.40682 5.15572 4.66169 1.21939 0.942416 0.739952 3.44231 1.05956 2.38275 1.9931 0.389645
internal_count=873 843 812 753 235 188 150 518 110 408 329 79
is_linear=0
shrinkage=0.0895223


Tree=305
num_leaves=14
num_cat=0
split_feature=40 13 53 42 53 11 11 58 51 51 41 52 41
split_gain=0.0291822 0.065929 0.0731394 0.0744628 0.0643096 0.0487125 0.0498384 0.0442226 0.10098 0.0847772 0.0641458 0.102024 0.0509009
threshold=9.9236577082884576 9.9124720678451812 5.1379055000000013 9.8268700881203923 11.136738000000003 -53.149999999999999 -89.324999999999989 529.00000000000011 99.250000000000014 44.500000000000007 9.5975655253911736 79.510000000000005 9.3681813086595547
decision_type=2 2 2 2 2 10 10 2 8 10 10 2 10
left_child=1 2 3 -1 -4 6 -2 -7 9 10 12 -12 -9
right_child=5 -3 4 -5 -6 7 -8 8 -10 -11 11 -13 -14
leaf_value=0.014906299838504208 -4.1374447844643037e-05 0.043891686523207588 0.044358450918254314 -0.048309385076433148 -0.013987788951911495 -0.035527338453663578 -0.090137085451364229 -0.0024439185125569251 0.060183945351886009 -0.047184711960009375 -0.054012980216665021 0.0016672110138716027 0.044509557708031632
leaf_weight=0.25738283341706825 0.093316970835076063 0.35799015428347036 0.38778142065984866 0.35549271304535068 0.24823497984107235 0.29098171559780928 0.10428512049657035 0.32652660304665948 0.21529264974378826 0.31596773114142696 0.30679130234057117 1.878305217538127 0.42659008348709904
leaf_count=42 29 36 48 60 58 41 42 43 18 36 72 306 42
internal_value=-0.000151279 0.0100225 0.000311085 -0.0217555 0.0215804 -0.0042825 -0.0476079 -0.0020049 0.000805557 -0.00312174 0.00161545 -0.00614873 0.0241473
internal_weight=5.56494 1.60688 1.24889 0.612876 0.636016 3.95806 0.197602 3.76046 3.46947 3.25418 2.93821 2.1851 0.753117
internal_count=873 244 208 102 106 629 71 558 517 499 463 378 85
is_linear=0
shrinkage=0.0895223


Tree=306
num_leaves=17
num_cat=0
split_feature=9 17 57 55 9 6 40 48 48 24 57 51 17 37 9 51
split_gain=0.0278724 0.0748459 0.0615155 0.0595293 0.0660946 0.0595037 0.0969448 0.0919109 0.125368 0.0855993 0.0667927 0.0921021 0.0703752 0.0976481 0.0520413 0.0106236
threshold=1.7255000000000003 15.500000000000002 0.83000000000000007 5528.5000000000009 0.32000000000000006 1.1505000000000003 11.607222597798172 12.571847464692761 11.720635409671621 0.99445000000000017 0.88950000000000007 -1.3299999999999998 3.5000000000000004 0.27440000000000003 1.014 10.170000000000002
decision_type=10 2 10 2 10 2 2 10 8 2 8 10 2 2 10 8
left_child=3 2 -2 5 -5 6 7 8 9 -1 11 -7 -12 14 -14 -8
right_child=1 -3 -4 4 -6 10 15 -9 -10 -11 12 -13 13 -15 -16 -17
leaf_value=-0.033914390155952955 0.041216156917429976 -0.014920033569145376 -0.0057972267072217238 0.06434717310834806 -0.0063441657781033046 -0.069188283336943365 -0.090277872807593168 0.043847597199890308 -0.080118225269419488 0.011302869924860725 0.057463855202819783 0.012274602787329445 0.047037225198170815 -0.05124570158186724 -0.011306531126557119 -0.051759541241967626
leaf_weight=0.58865385384524505 0.64772377008921445 0.60661340295246191 0.34001427414477803 0.20285930461068336 0.22181905974684923 0.19380361764342524 0.12411669944776793 0.21625563000543468 0.22598245356221025 0.78010882678518101 0.2752090502617649 0.26091332624855534 0.3131710253348956 0.18754746925742438 0.20112888955918606 0.10795504342968343
leaf_count=116 65 63 39 25 53 49 54 28 43 112 32 37 71 44 26 16
internal_value=-0.0001446 0.00982697 0.0250288 -0.00422248 0.027415 -0.00809009 -0.0178974 -0.0109143 -0.0183425 -0.00814076 0.00590195 -0.0224375 0.0190947 0.0040442 0.0242135 -0.0723755
internal_weight=5.49388 1.59435 0.987738 3.89952 0.424678 3.47485 2.04307 1.811 1.59475 1.36876 1.43177 0.454717 0.977056 0.701847 0.5143 0.232072
internal_count=873 167 104 706 78 628 369 299 271 228 259 86 173 141 97 70
is_linear=0
shrinkage=0.0895223


Tree=307
num_leaves=11
num_cat=0
split_feature=0 63 42 24 76 23 40 48 6 48
split_gain=0.0299765 0.0372466 0.0306482 0.0488492 0.0538264 0.0493145 0.0571799 0.104695 0.0893572 0.0488449
threshold=15.050000000000002 0.55000000000000016 9.0433186003112631 0.44405000000000006 -0.34349999999999997 1.655 9.946437839743707 11.060374532585877 1.0325000000000002 11.759037367387082
decision_type=8 2 2 2 10 2 2 10 2 10
left_child=2 -2 -1 -4 5 6 8 -8 -5 -7
right_child=1 -3 3 4 -6 9 7 -9 -10 -11
leaf_value=0.032064162997975376 -0.075445050530957458 -0.0030141947527599321 -0.031056331529341705 -0.0098183338275417472 0.039827720769289671 0.055429204596873394 -0.05086292723491613 -0.0028120216071704997 0.044159872004164234 -0.0012937663896021947
leaf_weight=0.24698241699661583 0.092920695913562557 0.14705755420186506 0.38065976042162208 0.53931570284112273 0.28738265081210546 0.23941968126018753 0.43038031015021294 2.3362857355436972 0.45146703881073336 0.24712195556594452
leaf_count=27 43 65 64 70 47 33 76 343 63 42
internal_value=-0.000145418 -0.0310748 0.0012926 -0.000253891 0.00233288 -0.000205237 -0.0036786 -0.0102881 0.0147741 0.0266113
internal_weight=5.39899 0.239978 5.15902 4.91203 4.53137 4.24399 3.75745 2.76667 0.990783 0.486542
internal_count=873 108 765 738 674 627 552 419 133 75
is_linear=0
shrinkage=0.0895223


Tree=308
num_leaves=15
num_cat=0
split_feature=8 22 44 20 69 53 69 54 17 58 47 20 60 33
split_gain=0.0286014 0.103157 0.0879644 0.076951 0.0586252 0.0504754 0.0496324 0.0897198 0.0529408 0.0523425 0.138372 0.110513 0.0456049 0.02625
threshold=0.9085000000000002 0.10815000000000001 1.6500000000000001 1.0542500000000004 0.88890000000000013 3.2535045000000005 0.29770000000000002 29.915000000000003 16.500000000000004 615.00000000000011 10.994032259084596 1.1133000000000002 inf 15.250000000000002
decision_type=2 2 2 2 10 2 10 2 2 2 2 2 8 2
left_child=1 -1 5 -2 6 -3 9 -8 -9 13 -11 -12 -4 -5
right_child=3 2 12 4 -6 -7 7 8 -10 10 11 -13 -14 -15
leaf_value=0.065383228038472269 -0.055613239086867765 0.030100756315136111 -0.090114279620057525 -0.0077204540011445461 0.036230141154937133 -0.010581375152000739 0.019906067480633786 -0.068335682648246993 -0.010491718119522757 0.070812079325589222 0.021859084804604228 -0.02170911602718412 -0.014412935871423248 -0.051831633881534576
leaf_weight=0.23107593445456576 0.22000425936676071 0.56434134600749508 0.10878850645394778 0.25406976284284732 0.30869675430585619 0.43098401788301999 0.24943668203559344 0.31744099393745273 0.21142215188228874 0.24354392283930826 0.89218975593212213 0.97810801478976828 0.15448170113813831 0.18850527464746847
leaf_count=23 49 56 57 41 34 59 45 58 34 28 128 184 30 47
internal_value=-0.00013376 0.0104037 0.00030665 -0.00419776 -0.00109209 0.0124814 -0.00454811 -0.0243421 -0.0452184 0.00147674 0.00733945 -0.000923812 -0.0457079 -0.0265168
internal_weight=5.35309 1.48967 1.2586 3.86342 3.64341 0.995325 3.33472 0.7783 0.528863 2.55642 2.11384 1.8703 0.26327 0.442575
internal_count=873 225 202 648 599 115 565 137 92 428 340 312 87 88
is_linear=0
shrinkage=0.0895223


Tree=309
num_leaves=14
num_cat=0
split_feature=48 21 40 6 22 5 29 11 52 43 43 24 54
split_gain=0.0285675 0.0684872 0.0423042 0.0659995 0.0692054 0.0510326 0.0707983 0.0493651 0.0739023 0.0630974 0.0828444 0.0367286 0.0135528
threshold=9.3889577645948563 1.1278500000000002 9.9236577082884576 1.0235000000000001 0.23035000000000003 0.45906400000000008 0.099350000000000008 -27.389999999999997 40.640000000000008 0.60250000000000015 0.57550000000000001 1.0654500000000002 45.535000000000004
decision_type=8 2 2 2 2 2 2 10 2 2 2 2 2
left_child=1 -1 3 4 -2 7 -7 -4 -9 10 -10 -5 -3
right_child=2 12 5 11 -6 6 -8 8 9 -11 -12 -13 -14
leaf_value=0.010002082672020138 -0.027282122788288614 -0.037689528467970822 0.039830498434628797 0.058418110115905718 0.029152145806574947 -0.090100961938713128 0.0080198812938171576 -0.03978081519701919 -0.00088324725428850408 -0.038895808112778173 0.044046135040696023 0.014992070303926288 -0.089974414252714116
leaf_weight=0.207369074845701 0.41080201230579383 0.069931889213876275 0.22603808857275032 0.30934059766877908 0.30227435517736012 0.12437314887665696 0.11189001535331045 0.39300850599829651 2.041432952418746 0.2748627695837057 0.39203531279053994 0.31562793944613077 0.09296438216642855
leaf_count=34 62 17 38 35 33 49 28 67 301 54 46 52 57
internal_value=-0.000129218 -0.024107 0.00168129 0.0152544 -0.00335448 -0.00341399 -0.0436174 -0.000558232 -0.00350309 0.00175988 0.00635346 0.0364924 -0.0675505
internal_weight=5.27195 0.370265 4.90169 1.33804 0.713076 3.56364 0.236263 3.32738 3.10134 2.70833 2.43347 0.624969 0.162896
internal_count=873 108 765 182 95 583 77 506 468 401 347 87 74
is_linear=0
shrinkage=0.0895223


end of trees

feature_importances:
entry_mcap_log=267
ultra_short_heat=201
market_heat_24h=184
first_call_age_minutes=182
price_change_1h=152
price_change_5m=152
rt_liquidity_log=135
market_cap_log=130
top10_holder_pct=129
median_peak_return=125
kol_saturation=123
win_rate_7d=118
sentiment=115
rt_volume_24h_log=113
buy_sell_ratio_5m=109
consensus_val=107
volume_1h_log=107
helius_top20_pct=106
rt_buy_sell_ratio=103
buy_sell_ratio_24h=103
liquidity_usd_log=98
token_age_hours=96
relative_volume=95
onchain_multiplier=89
volume_mcap_ratio=88
ath_ratio=76
hour_paris=73
sentiment_consistency=68
breadth_val=66
volume_24h_log=61
buys_24h=60
pt_kol_win_rate=59
day_of_week=56
helius_onchain_bsr=51
call_type_score=48
price_change_6h=43
short_term_heat=40
rt_token_age_hours=40
liq_mcap_ratio=39
volatility_proxy=38
entry_vs_median_peak=34
price_change_24h=34
price_drift_from_first_seen=22
time_spread_minutes=18
pt_kol_score=18
is_prime_time=17
mention_heat_ratio=16
entry_timing_quality=14
conviction_val=13
pt_kol_tier_encoded=11
kol_cascade_rate=10
pump_momentum_pen=10
risk_score=9
rt_is_pump_fun=8
volume_velocity=5
mentions=2
mention_velocity=2
lifecycle_velocity=2
lifecycle_phase_num=2
is_weekend=1
new_kol_ratio=1
mentions_delta=1
price_velocity=1
mention_acceleration_v2=1
price_acceleration=1

parameters:
[boosting: gbdt]
[objective: binary]
[metric: average_precision]
[tree_learner: serial]
[device_type: cpu]
[data_sample_strategy: bagging]
[data: ]
[valid: ]
[num_iterations: 310]
[learning_rate: 0.0895223]
[num_leaves: 43]
[num_threads: 2]
[seed: 0]
[deterministic: 0]
[force_col_wise: 0]
[force_row_wise: 0]
[histogram_pool_size: -1]
[max_depth: 7]
[min_data_in_leaf: 35]
[min_sum_hessian_in_leaf: 0.001]
[bagging_fraction: 0.891765]
[pos_bagging_fraction: 1]
[neg_bagging_fraction: 1]
[bagging_freq: 0]
[bagging_seed: 3]
[bagging_by_query: 0]
[feature_fraction: 0.686449]
[feature_fraction_bynode: 1]
[feature_fraction_seed: 2]
[extra_trees: 0]
[extra_seed: 6]
[early_stopping_round: 0]
[early_stopping_min_delta: 0]
[first_metric_only: 0]
[max_delta_step: 0]
[lambda_l1: 4.02682e-05]
[lambda_l2: 1.75661e-08]
[linear_lambda: 0]
[min_gain_to_split: 0]
[drop_rate: 0.1]
[max_drop: 50]
[skip_drop: 0.5]
[xgboost_dart_mode: 0]
[uniform_drop: 0]
[drop_seed: 4]
[top_rate: 0.2]
[other_rate: 0.1]
[min_data_per_group: 100]
[max_cat_threshold: 32]
[cat_l2: 10]
[cat_smooth: 10]
[max_cat_to_onehot: 4]
[top_k: 20]
[monotone_constraints: ]
[monotone_constraints_method: basic]
[monotone_penalty: 0]
[feature_contri: ]
[forcedsplits_filename: ]
[refit_decay_rate: 0.9]
[cegb_tradeoff: 1]
[cegb_penalty_split: 0]
[cegb_penalty_feature_lazy: ]
[cegb_penalty_feature_coupled: ]
[path_smooth: 0]
[interaction_constraints: ]
[verbosity: -1]
[saved_feature_importance_type: 0]
[use_quantized_grad: 0]
[num_grad_quant_bins: 4]
[quant_train_renew_leaf: 0]
[stochastic_rounding: 1]
[linear_tree: 0]
[max_bin: 255]
[max_bin_by_feature: ]
[min_data_in_bin: 3]
[bin_construct_sample_cnt: 200000]
[data_random_seed: 1]
[is_enable_sparse: 1]
[enable_bundle: 1]
[use_missing: 1]
[zero_as_missing: 0]
[feature_pre_filter: 1]
[pre_partition: 0]
[two_round: 0]
[header: 0]
[label_column: ]
[weight_column: ]
[group_column: ]
[ignore_column: ]
[categorical_feature: ]
[forcedbins_filename: ]
[precise_float_parser: 0]
[parser_config_file: ]
[objective_seed: 5]
[num_class: 1]
[is_unbalance: 0]
[scale_pos_weight: 3.01772]
[sigmoid: 1]
[boost_from_average: 1]
[reg_sqrt: 0]
[alpha: 0.9]
[fair_c: 1]
[poisson_max_delta_step: 0.7]
[tweedie_variance_power: 1.5]
[lambdarank_truncation_level: 30]
[lambdarank_norm: 1]
[label_gain: ]
[lambdarank_position_bias_regularization: 0]
[eval_at: ]
[multi_error_top_k: 1]
[auc_mu_weights: ]
[num_machines: 1]
[local_listen_port: 12400]
[time_out: 120]
[machine_list_filename: ]
[machines: ]
[gpu_platform_id: -1]
[gpu_device_id: -1]
[gpu_use_dp: 0]
[num_gpu: 1]

end of parameters

pandas_categorical:[]
