{
  "horizon": "12h",
  "mode": "risk_reward",
  "trained_at": "2026-02-27T20:18:41.076807",
  "train_samples": 356,
  "test_samples": 153,
  "n_winners": 196,
  "feature_tier": "extended",
  "ensemble_weights": {
    "xgboost": 0.5128521860911572,
    "lightgbm": 0.48714781390884276
  },
  "xgb_params": {
    "max_depth": 4,
    "learning_rate": 0.09885130730464994,
    "n_estimators": 354,
    "min_child_weight": 12,
    "subsample": 0.6054674998574391,
    "colsample_bytree": 0.6629611832713838,
    "gamma": 0.49782193599314223,
    "reg_alpha": 0.02940598334442069,
    "reg_lambda": 4.5201864112423023e-08,
    "objective": "reg:squarederror"
  },
  "lgb_params": {
    "num_leaves": 26,
    "max_depth": 6,
    "learning_rate": 0.12976899706335485,
    "n_estimators": 151,
    "min_child_samples": 19,
    "subsample": 0.7909515867673113,
    "colsample_bytree": 0.941816195080877,
    "reg_alpha": 0.004647111609592428,
    "reg_lambda": 0.07098343017066595,
    "objective": "regression"
  },
  "metrics": {
    "spearman": 0.21800490531140684,
    "rmse": 0.7324741826764857,
    "precision_at_5": 0.4,
    "precision_at_10": 0.4,
    "xgb_spearman": 0.21840362939434144,
    "lgb_spearman": 0.20745714553764089
  },
  "quality_gate": "PASSED",
  "dd_by_rr_band": {
    "0.5-0.8": {
      "count": 16,
      "avg_dd_pct": 63.4,
      "median_dd_pct": 71.3,
      "p75_dd_pct": 83.1,
      "recommended_sl_pct": 99.7
    },
    "0.8-1.0": {
      "count": 52,
      "avg_dd_pct": 50.3,
      "median_dd_pct": 53.5,
      "p75_dd_pct": 80.9,
      "recommended_sl_pct": 97.1
    },
    "1.0-1.5": {
      "count": 82,
      "avg_dd_pct": 33.9,
      "median_dd_pct": 24.5,
      "p75_dd_pct": 53.2,
      "recommended_sl_pct": 63.8
    },
    ">1.5": {
      "count": 3,
      "avg_dd_pct": 68.8,
      "median_dd_pct": 77.0,
      "p75_dd_pct": 81.3,
      "recommended_sl_pct": 97.6
    }
  },
  "feature_importances_xgb": {
    "lifecycle_phase_num": 0.03266320377588272,
    "risk_score": 0.029382972046732903,
    "day_of_week": 0.028820287436246872,
    "price_acceleration": 0.028377756476402283,
    "is_prime_time": 0.026536833494901657,
    "price_change_5m": 0.025627516210079193,
    "consensus_val": 0.02417992800474167,
    "gate_mult": 0.023477479815483093,
    "token_age_hours": 0.0220393817871809,
    "breadth_val": 0.021297261118888855,
    "helius_onchain_bsr": 0.02108914591372013,
    "ath_ratio": 0.02044016309082508,
    "entry_drift_mult": 0.020284347236156464,
    "price_drift_from_first_seen": 0.019990170374512672,
    "win_rate_7d": 0.01976635493338108,
    "volume_24h_log": 0.01930331066250801,
    "pump_momentum_pen": 0.019219093024730682,
    "mentions": 0.018969304859638214,
    "sentiment": 0.018968336284160614,
    "ultra_short_heat": 0.01880168914794922,
    "relative_volume": 0.018413634970784187,
    "volume_velocity": 0.01800316572189331,
    "top10_holder_pct": 0.01796109974384308,
    "pvp_same_name_count": 0.017800351604819298,
    "median_peak_return": 0.01776433177292347,
    "volume_1h_log": 0.01769242249429226,
    "liq_mcap_ratio": 0.01765354536473751,
    "conviction_val": 0.017643047496676445,
    "helius_top20_pct": 0.01762874610722065,
    "safety_penalty": 0.017479760572314262,
    "momentum_direction": 0.017221570014953613,
    "kol_saturation": 0.0171457938849926,
    "volume_mcap_ratio": 0.017070135101675987,
    "entry_timing_quality": 0.016745444387197495,
    "price_action_val": 0.0166311077773571,
    "market_heat_24h": 0.016621043905615807,
    "price_change_6h": 0.016573185101151466,
    "liquidity_usd_log": 0.016261683776974678,
    "buy_sell_ratio_5m": 0.016101539134979248,
    "onchain_multiplier": 0.015917636454105377,
    "volume_acceleration_v2": 0.015740541741251945,
    "buy_sell_ratio_24h": 0.0157182514667511,
    "buys_24h": 0.015714405104517937,
    "market_cap_log": 0.015577178448438644,
    "price_velocity": 0.01545332558453083,
    "price_change_1h": 0.014422343112528324,
    "mention_velocity": 0.014013220556080341,
    "price_change_24h": 0.013984737917780876,
    "entry_vs_median_peak": 0.013687056489288807,
    "short_term_heat": 0.01365771796554327,
    "hour_paris": 0.013144779950380325,
    "volatility_proxy": 0.012651940807700157,
    "mention_acceleration_v2": 0.011646063067018986,
    "call_type_score": 0.011024662293493748,
    "sentiment_consistency": 0.0,
    "is_weekend": 0.0,
    "kol_freshness": 0.0,
    "mention_heat_ratio": 0.0,
    "new_kol_ratio": 0.0,
    "mentions_delta": 0.0,
    "kol_arrival_rate": 0.0,
    "hype_pen": 0.0,
    "social_momentum_num": 0.0
  },
  "shap_importances_xgb": {
    "day_of_week": 0.04318689554929733,
    "price_change_5m": 0.035842619836330414,
    "market_heat_24h": 0.03455542400479317,
    "ultra_short_heat": 0.0301081370562315,
    "price_change_1h": 0.02897445484995842,
    "sentiment": 0.028943058103322983,
    "helius_top20_pct": 0.02753457799553871,
    "consensus_val": 0.024362927302718163,
    "volume_1h_log": 0.023549703881144524,
    "entry_vs_median_peak": 0.02319972962141037,
    "gate_mult": 0.02080519311130047,
    "liquidity_usd_log": 0.020183883607387543,
    "buys_24h": 0.019606875255703926,
    "kol_saturation": 0.019590722396969795,
    "volume_velocity": 0.018731696531176567,
    "volume_mcap_ratio": 0.01848672889173031,
    "safety_penalty": 0.01787937618792057,
    "relative_volume": 0.017551882192492485,
    "price_action_val": 0.017453322187066078,
    "market_cap_log": 0.015475714579224586,
    "volume_24h_log": 0.015057741664350033,
    "ath_ratio": 0.014893686398863792,
    "pvp_same_name_count": 0.014451500959694386,
    "win_rate_7d": 0.014002091251313686,
    "buy_sell_ratio_5m": 0.013725473545491695,
    "price_change_6h": 0.012820061296224594,
    "token_age_hours": 0.011745112016797066,
    "price_drift_from_first_seen": 0.011694482527673244,
    "onchain_multiplier": 0.011286349035799503,
    "lifecycle_phase_num": 0.01092010922729969,
    "momentum_direction": 0.010633070021867752,
    "top10_holder_pct": 0.01020680833607912,
    "pump_momentum_pen": 0.010165099985897541,
    "mentions": 0.010021968744695187,
    "breadth_val": 0.009801181964576244,
    "buy_sell_ratio_24h": 0.00946981180459261,
    "price_velocity": 0.00924693699926138,
    "mention_velocity": 0.00915015209466219,
    "conviction_val": 0.008847297169268131,
    "price_change_24h": 0.00826461985707283,
    "short_term_heat": 0.00820557214319706,
    "call_type_score": 0.007274178322404623,
    "volatility_proxy": 0.006438019685447216,
    "median_peak_return": 0.006341745611280203,
    "liq_mcap_ratio": 0.00547742797061801,
    "price_acceleration": 0.0053680394776165485,
    "volume_acceleration_v2": 0.005356793291866779,
    "is_prime_time": 0.005123157985508442,
    "helius_onchain_bsr": 0.00475309370085597,
    "entry_timing_quality": 0.00440773693844676,
    "entry_drift_mult": 0.004341108724474907,
    "risk_score": 0.003944464959204197,
    "hour_paris": 0.0032936600036919117,
    "mention_acceleration_v2": 0.0029851023573428392,
    "sentiment_consistency": 0.0,
    "is_weekend": 0.0,
    "kol_freshness": 0.0,
    "mention_heat_ratio": 0.0,
    "new_kol_ratio": 0.0,
    "mentions_delta": 0.0,
    "kol_arrival_rate": 0.0,
    "hype_pen": 0.0,
    "social_momentum_num": 0.0
  },
  "shap_importances_lgb": {
    "day_of_week": 0.06000529669112569,
    "market_heat_24h": 0.044846799339226355,
    "price_change_5m": 0.04243727340052604,
    "consensus_val": 0.035577674564963024,
    "sentiment": 0.0314028267344469,
    "helius_top20_pct": 0.02906100753947089,
    "price_change_6h": 0.02900754936601893,
    "buy_sell_ratio_24h": 0.02686218733044123,
    "ath_ratio": 0.026706710271772415,
    "kol_saturation": 0.026478415966969135,
    "liquidity_usd_log": 0.024908003340739757,
    "top10_holder_pct": 0.024861102655880787,
    "ultra_short_heat": 0.02411174870349151,
    "volume_1h_log": 0.024053939861764795,