{
  "version": "v20260228_042823",
  "horizon": "12h",
  "threshold": 2.0,
  "mode": "regression",
  "trained_at": "2026-02-28T04:28:23.378108",
  "train_samples": 249,
  "test_samples": 107,
  "n_winners": 174,
  "feature_tier": "core",
  "ensemble_weights": {
    "xgboost": 0.519173893428242,
    "lightgbm": 0.480826106571758
  },
  "xgb_params": {
    "max_depth": 7,
    "learning_rate": 0.013349002382653642,
    "n_estimators": 243,
    "min_child_weight": 14,
    "subsample": 0.6911262704269674,
    "colsample_bytree": 0.5497244948975779,
    "gamma": 2.60330909035251,
    "reg_alpha": 0.028067617025967908,
    "reg_lambda": 4.3832753205563977e-07,
    "objective": "reg:squarederror"
  },
  "lgb_params": {
    "num_leaves": 62,
    "max_depth": 6,
    "learning_rate": 0.211609526103383,
    "n_estimators": 235,
    "min_child_samples": 31,
    "subsample": 0.7104606447044717,
    "colsample_bytree": 0.6361831038223974,
    "reg_alpha": 2.3014169143177752e-08,
    "reg_lambda": 1.5433212289102276,
    "objective": "regression"
  },
  "metrics": {
    "spearman": 0.42226532651501797,
    "rmse": 1.0490939655137415,
    "precision_at_5": 0.6,
    "precision_at_10": 0.7,
    "xgb_spearman": 0.4058465095319266,
    "lgb_spearman": 0.37586943317854976
  },
  "quality_gate": "PASSED",
  "calibration": {
    "method": "isotonic",
    "brier_score": 0.33061427957766415,
    "calibrated_p_at_5": 0.6,
    "calibration_samples": 75
  },
  "feature_importances_xgb": {
    "volume_velocity": 0.06092699244618416,
    "is_weekend": 0.05502200499176979,
    "mention_heat_ratio": 0.04266762360930443,
    "kol_freshness": 0.0401228629052639,
    "sentiment_consistency": 0.03946375846862793,
    "price_action_val": 0.03931031376123428,
    "mention_velocity": 0.03795342892408371,
    "token_age_hours": 0.03592608496546745,
    "relative_volume": 0.03459092229604721,
    "onchain_multiplier": 0.033556703478097916,
    "kol_saturation": 0.03317185863852501,
    "ultra_short_heat": 0.03232768177986145,
    "price_change_1h": 0.03226810321211815,
    "entry_vs_median_peak": 0.03185901418328285,
    "conviction_val": 0.031728167086839676,
    "sentiment": 0.030237125232815742,
    "buy_sell_ratio_5m": 0.03014332987368107,
    "breadth_val": 0.029736364260315895,
    "volatility_proxy": 0.029173100367188454,
    "median_peak_return": 0.028543002903461456,
    "win_rate_7d": 0.028105145320296288,
    "market_heat_24h": 0.02745516039431095,
    "liq_mcap_ratio": 0.02654043585062027,
    "consensus_val": 0.026463741436600685,
    "market_cap_log": 0.02628653310239315,
    "short_term_heat": 0.025941545143723488,
    "mentions": 0.024765750393271446,
    "price_change_6h": 0.024245036765933037,
    "day_of_week": 0.02385767549276352,
    "hour_paris": 0.020235691219568253,
    "safety_penalty": 0.01737487129867077,
    "is_prime_time": 0.0
  },
  "shap_importances_xgb": {
    "token_age_hours": 0.11148117482662201,
    "volume_velocity": 0.09799433499574661,
    "price_action_val": 0.09189168363809586,
    "onchain_multiplier": 0.06641615927219391,
    "price_change_1h": 0.06474632024765015,
    "sentiment_consistency": 0.0627308189868927,
    "relative_volume": 0.041997067630290985,
    "short_term_heat": 0.040183767676353455,
    "ultra_short_heat": 0.03940995782613754,
    "win_rate_7d": 0.032632723450660706,
    "volatility_proxy": 0.032075297087430954,
    "buy_sell_ratio_5m": 0.03205523639917374,
    "price_change_6h": 0.026614436879754066,
    "kol_saturation": 0.02540748007595539,
    "kol_freshness": 0.022264476865530014,
    "breadth_val": 0.0214184932410717,
    "mention_heat_ratio": 0.020764997228980064,
    "conviction_val": 0.02055034227669239,
    "market_cap_log": 0.018392497673630714,
    "mention_velocity": 0.016945451498031616,
    "liq_mcap_ratio": 0.0159345380961895,
    "entry_vs_median_peak": 0.015919573605060577,
    "mentions": 0.012477501295506954,
    "market_heat_24h": 0.011151837185025215,
    "consensus_val": 0.008493132889270782,
    "day_of_week": 0.00769075145944953,
    "hour_paris": 0.007657521404325962,
    "median_peak_return": 0.007171147502958775,
    "sentiment": 0.0071117812767624855,
    "safety_penalty": 0.004326351452618837,
    "is_weekend": 0.0015221236972138286,
    "is_prime_time": 0.0
  },
  "shap_importances_lgb": {
    "short_term_heat": 0.20429552188741273,
    "price_change_1h": 0.18027215703427568,
    "onchain_multiplier": 0.1652470504470451,
    "mention_velocity": 0.16505347318458505,
    "token_age_hours": 0.15570733951482923,
    "relative_volume": 0.14471204756093842,
    "kol_saturation": 0.13114836313101083,
    "volatility_proxy": 0.11793041824858767,
    "price_action_val": 0.10836217598039094,
    "entry_vs_median_peak": 0.10686250908570644,
    "buy_sell_ratio_5m": 0.10516586750054878,
    "mention_heat_ratio": 0.10115291719765561,
    "market_heat_24h": 0.10062364989464957,
    "price_change_6h": 0.09734237977305121,
    "ultra_short_heat": 0.08928677778276203,
    "sentiment_consistency": 0.0858332045831943,
    "liq_mcap_ratio": 0.08089023608697746,
    "market_cap_log": 0.07834375832360374,
    "consensus_val": 0.07498425312826511,
    "hour_paris": 0.06708992847239387,
    "win_rate_7d": 0.06395827272325982,
    "sentiment": 0.06267921625284277,
    "volume_velocity": 0.05163430519985299,
    "breadth_val": 0.046851074298662136,
    "median_peak_return": 0.04357226249932018,
    "day_of_week": 0.03488111483270383,
    "conviction_val": 0.013751367053495321,
    "is_prime_time": 0.010054806776564035,
    "is_weekend": 0.004688163349972777,
    "safety_penalty": 0.003852779756024263,
    "kol_freshness": 0.0032356164577642624,
    "mentions": 0.0
  },
  "features": [
    "token_age_hours",
    "short_term_heat",
    "price_change_6h",
    "mentions",
    "sentiment",
    "liq_mcap_ratio",
    "onchain_multiplier",
    "safety_penalty",
    "sentiment_consistency",
    "ultra_short_heat",
    "buy_sell_ratio_5m",
    "price_change_1h",
    "volatility_proxy",
    "market_cap_log",
    "mention_velocity",
    "volume_velocity",
    "day_of_week",
    "hour_paris",
    "is_weekend",
    "is_prime_time",
    "median_peak_return",
    "entry_vs_median_peak",
    "win_rate_7d",
    "market_heat_24h",
    "relative_volume",
    "kol_saturation",
    "kol_freshness",
    "mention_heat_ratio",
    "consensus_val",
    "conviction_val",
    "breadth_val",
    "price_action_val"
  ],
  "features_dropped": [],
  "features_pruned": false
}