tree
version=v4
num_class=1
num_tree_per_iteration=1
label_index=0
max_feature_idx=62
objective=regression
feature_names=token_age_hours short_term_heat price_change_6h mentions sentiment liq_mcap_ratio onchain_multiplier safety_penalty sentiment_consistency ultra_short_heat buy_sell_ratio_5m price_change_1h volatility_proxy market_cap_log mention_velocity volume_velocity day_of_week hour_paris is_weekend is_prime_time median_peak_return entry_vs_median_peak win_rate_7d market_heat_24h relative_volume kol_saturation kol_freshness mention_heat_ratio consensus_val conviction_val breadth_val price_action_val volume_24h_log volume_1h_log liquidity_usd_log buy_sell_ratio_24h price_change_5m price_change_24h volume_mcap_ratio top10_holder_pct risk_score helius_top20_pct helius_onchain_bsr buys_24h pvp_same_name_count new_kol_ratio mentions_delta kol_arrival_rate entry_timing_quality pump_momentum_pen gate_mult hype_pen entry_drift_mult price_velocity ath_ratio momentum_direction price_drift_from_first_seen lifecycle_phase_num social_momentum_num call_type_score mention_acceleration_v2 volume_acceleration_v2 price_acceleration
feature_infos=[0:27844.700000000001] [0.001:6] [-100:9976] [0:40] [-0.35899999999999999:0.81200000000000006] [0:248.72552899999999] [0.60099999999999998:1.3160000000000001] [0.63800000000000001:1] [0.39400000000000002:1] [0.001:12] [0:1] [-95.400000000000006:1286] [0:999.99900000000002] [1.0986122886681096:21.03140730112445] [-3.7879999999999998:10.951000000000001] [-14.333:21.716999999999999] [0:6] [0:23] [0:1] [0:1] [1.0223:1.5] [0:5] [0.12820000000000001:0.5625] [-15.119999999999999:35.060000000000002] [0:40.7988] [47:280] [0:1] [0:40] [0:1] [0.25:1] [0:1] [0.22900000000000001:0.93799999999999994] [0.28517894223366241:17.154047997387398] [0.15700374880966475:16.085074357948173] [0.45742484703887543:17.073522021597803] [0:1] [-47.32:415] [-100:9976] [6.0000000000000002e-06:20000.970000000001] [11.380000000000001:100] [-351299:10000] [22.850000000000001:100] [0.40899999999999997:0.90000000000000002] [0:72275] [1:30] [0:1] [-6:14] [0:3.0419999999999998] [0.20000000000000001:0.86699999999999999] [0.5:1] [0.050000000000000003:1] [0.5:1] [0.5:1] [-14.452:21.597000000000001] [0:1] [-3:5] [0:141900] [0:5] [0:2] [-1:1.5] [-2.286:30.951000000000001] [-5.149:5.2869999999999999] [-3.0739999999999998:7.9189999999999996]
tree_sizes=2318 1750 1498 1275 2067 1621 1552 1640 1774 1624 1554 1694 2298 1900 2281 2506 1658 2496 1342 1607 1645 2036 1785 1502 1775 1646 2581 2172 1553 2338 1604 1718 1750 1738 1725 1520 1950 1653 2242 2055 2113 1928 2256 2344 1946 2316 1401 2245 1662 2103 1790 1963 2353 2033 1773 1797 2184 1661 2148 2508 2407 1811 1797 2002 2305 2103 1945 1616 1612 2434 2032 2024 2217 2151 1791 1783 2398 1932 2249 1980 1998 1514 1465 1920 2106 2426 2479 2087 2162

Tree=0
num_leaves=23
num_cat=0
split_feature=28 35 44 14 36 24 2 24 43 5 1 36 5 1 35 12 36 31 28 20 11 38
split_gain=2.41192 2.05011 1.86231 2.43434 1.35394 2.33427 1.16261 1.12379 0.937106 0.776986 0.651474 0.967133 0.533288 0.706655 0.469488 0.40933 0.3969 0.385826 0.275411 0.252652 0.172139 0.0941419
threshold=0.31745000000000007 0.50550000000000017 9.5000000000000018 0.46750000000000008 1.9950000000000003 1.3084500000000003 1.0000000180025095e-35 2.9636000000000005 972.00000000000011 0.20202450000000002 3.7430000000000008 3.9800000000000004 0.20402750000000003 1.0290000000000001 0.57350000000000001 12.005500000000003 -1.2849999999999999 0.42200000000000004 0.19985000000000003 1.2393500000000002 -0.6399999999999999 0.72961600000000015
decision_type=10 2 2 10 8 8 8 8 2 8 10 10 10 10 2 8 10 10 8 8 10 10
left_child=1 8 12 4 5 -4 -7 17 18 -10 11 -6 15 14 16 -3 -14 -2 21 -9 -20 -1
right_child=7 2 3 -5 10 6 -8 19 9 -11 -12 -13 13 -15 -16 -17 -18 -19 20 -21 -22 -23
leaf_value=0.010931717628969077 0.0022045071646772402 0.010931717628969077 0.020357303790658539 0.020340790579986053 0.011148397138525562 0.0092624332167697502 0.014542428977177405 0.008643785226412912 0.010787679275684022 0.0033928722329997938 0.014476001076760734 0.0063528369750242468 0.010139038497949407 0.014178651006831022 0.0074629537035667487 0.0074718747676141301 0.013919826515631254 0.0086370945244456758 0.010931717628969077 0.011984395419176208 0.012971312358665853 0.0090387454236089369
leaf_weight=10.999999999999998 12.000000000000002 20 14.999999999999998 14.999999999999998 30 17.000000000000004 24.999999999999996 11.000000000000002 14.000000000000002 11.999999999999998 10.999999999999998 14.999999999999998 12 21 10.999999999999998 20 12 17 11.000000000000002 11.999999999999998 15.999999999999998 24
leaf_count=11 12 20 15 15 30 17 25 11 14 12 11 15 12 21 11 20 12 17 11 12 16 24
internal_value=0.0109317 0.0114883 0.0123799 0.013713 0.0126792 0.0144979 0.0119912 0.00759206 0.00941655 0.00670576 0.0109317 0.00993637 0.0107836 0.0116278 0.0105943 0.00916694 0.0113048 0.0053756 0.0108338 0.0109317 0.0117543 0.00962689
internal_weight=364 312 224 128 113 57 42 52 88 26 56 45 96 56 35 40 24 29 62 23 27 35
internal_count=364 312 224 128 113 57 42 52 88 26 56 45 96 56 35 40 24 29 62 23 27 35
is_linear=0
shrinkage=1


Tree=1
num_leaves=18
num_cat=0
split_feature=28 25 20 33 23 23 43 0 4 2 24 6 42 31 13 35 35
split_gain=2.3367 3.45578 2.49342 2.14513 1.96451 1.56153 1.33301 1.92438 1.16692 1.3817 1.09099 0.835267 0.74596 0.361653 0.356792 0.248525 0.00436222
threshold=0.31745000000000007 55.500000000000007 1.0364500000000003 8.6147180483068286 4.6300000000000017 8.3900000000000023 847.50000000000011 5.3500000000000005 0.013000000000000003 0.89500000000000013 2.9636000000000005 1.1885000000000001 0.87850000000000017 0.42200000000000004 11.211648129227703 0.54800000000000015 0.50050000000000006
decision_type=10 8 8 8 8 8 2 2 2 10 8 8 8 10 10 2 2
left_child=1 3 -3 -1 6 -6 14 -8 9 -7 13 -10 -9 -2 16 -12 -4
right_child=10 2 4 -5 5 8 7 12 11 -11 15 -13 -14 -15 -16 -17 -18
leaf_value=0.012179561489607015 -0.0085810354132911555 0.0071458113874229056 -0.0014634890311752721 0.0013421425812387125 0.0050318066343645078 0 -0.010847572280350487 -0.0056183290586995322 0.00033455167907652097 0.0061040284405943354 -0.002266093623906177 -0.0023731418325224672 0 -0.0022561894930402727 0.0021252060523662092 0.0010501551324974066 0
leaf_weight=11.000000000000002 12.000000000000002 12.999999999999998 22 18 20.000000000000004 26 10.999999999999998 10.999999999999998 55 17 11.000000000000002 55 27 17 11.999999999999998 11.999999999999998 13.999999999999998
leaf_count=11 12 13 22 18 20 26 11 11 55 17 11 55 27 17 12 12 14
internal_value=0 0.000545707 0 0.00605262 -0.00036356 0.000628384 -0.002312 -0.00426772 0 0.0023908 -0.00328933 -0.000861185 -0.00190533 -0.0054731 0 0 -0.00112911
internal_weight=364 312 283 29 270 173 97 49 153 43 52 110 38 29 48 23 36
internal_count=364 312 283 29 270 173 97 49 153 43 52 110 38 29 48 23 36
is_linear=0
shrinkage=0.0167493


Tree=2
num_leaves=15
num_cat=0
split_feature=36 9 50 61 2 48 33 17 56 17 37 33 10 35
split_gain=1.9765 3.02939 3.51666 1.33111 2.00091 1.63755 1.26676 1.42872 2.04241 0.968065 0.848464 0.867624 0.867587 0.32176
threshold=8.8800000000000008 1.6815000000000002 0.55000000000000016 -1.0000000180025095e-35 219.50000000000003 0.4835000000000001 8.6962940068836669 6.5000000000000009 0.10150000000000002 17.500000000000004 -32.364999999999988 9.482310661206709 0.41250000000000003 0.59250000000000014
decision_type=10 10 10 8 10 8 8 2 10 2 8 8 2 2
left_child=1 3 -3 -1 6 -6 7 8 -5 -2 12 -12 -8 -9
right_child=9 2 -4 4 5 -7 10 13 -10 -11 11 -13 -14 -15
leaf_value=-0.0045072288012666852 -3.6813865118287244e-05 0.013106760843406746 0.0002957938735675264 4.8600582054193636e-05 0 0.0084983564992742091 0 7.8382658739644033e-05 0.009438544614028219 -0.0065416771789271232 -0.0041568221898376995 0 -0.0071993505380313298 -0.0028726767527910493
leaf_weight=18 19 11.000000000000002 20 23 18 13.999999999999998 13.000000000000002 70 11.999999999999998 18 15.999999999999998 87 13.999999999999998 10.999999999999998
leaf_count=18 19 11 20 23 18 14 13 70 12 18 16 87 14 11
internal_value=0 0.000412925 0.00540266 -5.08914e-05 0.000175087 0.00415223 -0.000271566 0.000910861 0.00376493 -0.0036714 -0.00146044 -0.000566583 -0.00422619 -0.000107661
internal_weight=364 327 31 296 278 32 246 116 35 37 130 103 27 81
internal_count=364 327 31 296 278 32 246 116 35 37 130 103 27 81
is_linear=0
shrinkage=0.0167493


Tree=3
num_leaves=13
num_cat=0
split_feature=36 9 50 61 33 17 33 22 15 17 55 35
split_gain=1.91962 2.93838 3.3888 1.28723 1.06573 0.928403 0.800077 1.53474 1.42613 0.953623 0.972827 0.79214
threshold=8.8800000000000008 1.6815000000000002 0.55000000000000016 -1.0000000180025095e-35 13.23821505481922 17.500000000000004 11.070751365663289 0.32950000000000007 -1.3204999999999998 18.500000000000004 1.0000000180025095e-35 0.58650000000000013
decision_type=10 10 10 8 10 2 8 10 10 2 8 2
left_child=1 3 -3 -1 6 -2 7 11 -9 10 -8 -5
right_child=5 2 -4 4 -6 -7 9 8 -10 -11 -12 -13
leaf_value=-0.0044317359735229047 -3.6197307660311004e-05 0.012887232093198179 0.00029083957350820012 0.00010203013663922338 0.0041295783491930027 -0.006432108532209658 -0.0058655895278480336 0 0.0058783378614204801 0.00108446723960742 -0.00054874892791366208 -0.0034034573127125069
leaf_weight=18 19 11.000000000000002 20 119 18 18 20 21 25 19 36 20
leaf_count=18 19 11 20 119 18 18 20 21 25 19 36 20
internal_value=0 0.000407347 0.00532157 -4.85609e-05 0.00017268 -0.00361778 -3.43661e-05 0.000487214 0.00317526 -0.00155283 -0.0027582 -0.000277233
internal_weight=364 327 31 296 278 37 260 185 46 75 56 139
internal_count=364 327 31 296 278 37 260 185 46 75 56 139
is_linear=0
shrinkage=0.0167493


Tree=4
num_leaves=20
num_cat=0
split_feature=28 9 20 23 30 59 24 42 36 36 23 33 8 33 43 42 1 20 33
split_gain=2.22108 2.16462 3.42242 1.35116 1.28832 2.05181 1.02984 0.744716 0.743748 1.86678 1.35454 1.04579 0.665572 0.520305 0.704329 0.323579 0.302484 0.240953 0.122056
threshold=0.31745000000000007 1.6815000000000002 1.1553500000000001 -5.919999999999999 0.026500000000000003 -0.091499999999999984 2.9636000000000005 0.86650000000000016 1.6650000000000003 -0.44499999999999995 6.0000000000000009 10.312254024731422 0.79800000000000015 8.8266427162330761 1849.0000000000002 0.87950000000000006 1.3015000000000001 1.2393500000000002 8.6147180483068286
decision_type=10 10 8 10 8 8 8 8 10 10 8 10 2 10 2 8 10 8 8
left_child=1 4 -3 -4 7 -6 15 -1 9 12 -10 -11 -7 14 18 -2 -15 -8 -9
right_child=6 2 3 -5 5 8 17 13 10 11 -12 -13 -14 16 -16 -17 -18 -19 -20
leaf_value=-0.0047734847644552107 -0.0015961958836965295 0.011285768495416676 0.004709309829352382 -0.003355342916856437 0.0071565562946837458 -0.0035292441648512914 -0.0022331160689587496 -0.0012484266009661687 -0.0066936423425514955 0.00066288634693379702 1.4640070865744871e-06 0.0087430948343271055 0.00038794668727157718 -0.0037052869709537691 0.003575002376605769 -0.0076537741619956672 0 0.0010304442348613315 0
leaf_weight=17 14.000000000000002 12.999999999999998 10.999999999999998 12.000000000000002 14 13.999999999999998 11.000000000000002 34 10.999999999999998 16.000000000000004 17.000000000000004 11.999999999999998 82 19.000000000000004 13.999999999999998 14.999999999999998 10.999999999999998 11.999999999999998 14.999999999999998
leaf_count=17 14 13 11 12 14 14 11 34 11 16 17 12 82 19 14 15 11 12 15
internal_value=0 0.000532324 0.00439593 0 0 0.000959617 -0.00320663 -0.00137695 0.000274424 0.000929982 -0.00200761 0.00474698 -2.14227e-06 -0.000569069 3.72551e-05 -0.00532916 -0.00242209 0 -0.000618588
internal_weight=364 312 36 23 276 166 52 110 152 124 28 28 96 93 63 29 30 23 49
internal_count=364 312 36 23 276 166 52 110 152 124 28 28 96 93 63 29 30 23 49
is_linear=0
shrinkage=0.0167493


Tree=5
num_leaves=17
num_cat=0
split_feature=28 25 36 20 23 23 4 2 34 43 0 42 6 8 13 35
split_gain=2.15556 3.23598 2.62621 2.29708 1.73269 1.45114 1.11431 1.31539 1.11421 1.1071 1.96725 0.79251 0.791213 0.452111 0.34234 8.37355e-05
threshold=0.31745000000000007 55.500000000000007 2.9350000000000005 1.0323500000000003 4.6300000000000017 8.3900000000000023 0.013000000000000003 0.89500000000000013 11.14167333048268 847.50000000000011 5.3500000000000005 0.87850000000000017 1.1885000000000001 0.88150000000000006 11.211648129227703 0.50050000000000006
decision_type=10 8 8 8 8 8 2 10 10 2 2 8 8 2 10 2
left_child=1 2 -1 -3 9 -6 7 -7 13 14 -11 -12 -8 -2 15 -5
right_child=8 3 -4 4 5 6 12 -9 -10 10 11 -13 -14 -15 -16 -17
leaf_value=0.0098051072390659619 -0.00084893755789007834 0.0074818077203824924 0 -0.0013995492996277848 0.0048549477426116623 0 0.00031806547265015553 0.005962259032473223 0 -0.010486667655745867 -0.0054403649377857089 0 -0.002310845099738786 -0.0064179380430449797 0.0021010074779761545 0
leaf_weight=18 14.999999999999998 10.999999999999998 11.000000000000002 22 20.000000000000004 26 55 17 13.999999999999998 10.999999999999998 10.999999999999998 29 55 23 11.999999999999998 13.999999999999998
leaf_count=18 15 11 11 22 20 26 55 17 14 11 11 29 55 23 12 14
internal_value=0 0.000524871 0.00585388 0 -0.000324642 0.000609699 0 0.00233929 -0.00315852 -0.00213306 -0.00386291 -0.00160658 -0.000838279 -0.00467734 0 -0.00109378
internal_weight=364 312 29 283 272 173 153 43 52 99 51 40 110 38 48 36
internal_count=364 312 29 283 272 173 153 43 52 99 51 40 110 38 48 36
is_linear=0
shrinkage=0.0167493


Tree=6
num_leaves=16
num_cat=0
split_feature=28 25 36 20 23 1 23 53 6 0 24 38 36 31 20
split_gain=2.08521 3.12405 2.54359 2.22063 1.68408 1.90471 1.14347 1.03416 1.0321 1.02343 0.975333 0.780877 0.397566 0.347632 0.23101
threshold=0.31745000000000007 55.500000000000007 2.9350000000000005 1.0323500000000003 4.6300000000000017 2.0620000000000007 8.3900000000000023 1.7075000000000002 1.1895000000000002 5.3500000000000005 2.9636000000000005 1.3408875000000002 0.13000000000000003 0.42200000000000004 1.2364500000000003
decision_type=10 8 8 8 8 10 8 10 10 2 8 10 8 10 10
left_child=1 2 -1 -3 7 6 -6 9 -8 -5 13 -7 -11 -2 -12
right_child=10 3 -4 4 5 11 8 -9 -10 12 14 -13 -14 -15 -16
leaf_value=0.0096408786674640062 -0.0081830310795606327 0.0073564928765801349 0 -0.0067260972470998817 0.0044907358701157538 0 0 0.0016799889918881173 -0.0036649402284517824 0 -0.0020368296695104974 0.0069233548305913314 -0.0023587691811629077 -0.0020224622290046998 0.0011686485018399446
leaf_weight=18 12.000000000000002 10.999999999999998 11.000000000000002 18 13.000000000000002 13.000000000000002 104 11.999999999999998 26 19 12.000000000000002 17 50 17 10.999999999999998
leaf_count=18 12 11 11 18 13 13 104 12 26 19 12 17 50 17 11
internal_value=0 0.000515913 0.00575195 0 -0.000318982 0.000601096 -8.60913e-05 -0.00210247 -0.00067756 -0.0028241 -0.00310687 0.00445643 -0.00155413 -0.00517139 0
internal_weight=364 312 29 283 272 173 143 99 130 87 52 30 69 29 23
internal_count=364 312 29 283 272 173 143 99 130 87 52 30 69 29 23
is_linear=0
shrinkage=0.0167493


Tree=7
num_leaves=17
num_cat=0
split_feature=28 25 36 20 23 1 54 23 43 0 34 6 42 8 13 35
split_gain=2.025 3.01303 2.46364 2.14496 1.62905 1.84793 1.2114 1.10516 1.07683 1.8455 1.0612 0.998392 0.762868 0.416512 0.321882 0.00227234
threshold=0.31745000000000007 55.500000000000007 2.9350000000000005 1.0323500000000003 4.6300000000000017 2.0620000000000007 0.85055000000000003 8.3900000000000023 847.50000000000011 5.3500000000000005 11.14167333048268 1.1895000000000002 0.87850000000000017 0.88150000000000006 11.211648129227703 0.50050000000000006
decision_type=10 8 8 8 8 10 10 8 2 2 10 10 8 2 10 2
left_child=1 2 -1 -3 8 7 -7 -6 14 -10 13 -9 -11 -2 15 -5
right_child=10 3 -4 4 5 6 -8 11 9 12 -12 -13 -14 -15 -16 -17
leaf_value=0.0094794005088112768 -0.00080460627311162113 0.0072332768451189508 0 -0.0013330414863382688 0.00441551944955078 0.0069517012941736076 0 0 -0.01019836617919951 -0.0053266595625868027 0 -0.0036035551050499996 0 -0.0062271863662251769 0.0020785363187449655 0
leaf_weight=18 14.999999999999998 10.999999999999998 11.000000000000002 22 13.000000000000002 19.000000000000004 10.999999999999998 104 10.999999999999998 10.999999999999998 13.999999999999998 26 29 23 11.999999999999998 13.999999999999998
leaf_count=18 15 11 11 22 13 19 11 104 11 11 14 26 29 23 12 14
internal_value=0 0.000509664 0.00565172 0 -0.00031048 0.000593274 0.00439071 -8.17683e-05 -0.00206545 -0.0037689 -0.00306043 -0.000665283 -0.00156599 -0.00454438 0 -0.00103356
internal_weight=364 312 29 283 272 173 30 143 99 51 52 130 40 38 48 36
internal_count=364 312 29 283 272 173 30 143 99 51 52 130 40 38 48 36
is_linear=0
shrinkage=0.0167493


Tree=8
num_leaves=18
num_cat=0
split_feature=36 9 39 2 33 48 37 39 22 39 33 33 37 33 21 34 38
split_gain=1.76711 2.70036 2.83032 1.21896 1.52403 1.33773 1.2259 1.43743 1.19883 1.749 0.764043 0.681091 0.605348 0.836423 0.360584 0.247018 0.192002
threshold=8.8800000000000008 1.6815000000000002 40.70000000000001 219.50000000000003 8.6962940068836669 0.4835000000000001 -28.394999999999996 82.180000000000021 0.32950000000000007 75.170000000000002 9.482310661206709 11.070751365663289 45.480000000000011 13.05135625666574 0.21995000000000003 8.3064226414894531 2.4862895000000003
decision_type=10 10 2 10 8 8 8 2 10 2 8 8 10 10 10 8 10
left_child=1 3 -3 4 8 -5 7 -6 14 -10 -8 -12 -2 -14 15 -1 -16
right_child=12 2 -4 5 6 -7 10 -9 9 -11 11 -13 13 -15 16 -17 -18
leaf_value=-0.00091184711521069333 0 0 0.0094314419185592205 0 -0.0086182439411829608 0.0063870232554651182 -0.0040664002643776148 -0.00025119930378793141 0.00775187108494289 0 0.00174190045777122 -0.0012202585476917152 -0.0077923813173393338 -1.0092592787522515e-06 0 0.0013119103377753471 -0.00291561471746162
leaf_weight=10.999999999999998 10.999999999999998 13.000000000000002 18 20 14.999999999999998 15.999999999999998 15.999999999999998 17 15.000000000000002 15.999999999999998 35 57 14.000000000000002 11.999999999999998 15.999999999999998 46 15.999999999999998
leaf_count=11 11 13 18 20 15 16 16 17 15 16 35 57 14 12 16 46 16
internal_value=0 0.000391494 0.00510257 -4.31385e-05 -0.000500372 0.00277599 -0.00172842 -0.00471676 0.000787418 0.00363988 -0.00068195 0 -0.00347043 -0.00486529 -1.07188e-05 0.000577639 -0.00160223
internal_weight=364 327 31 296 260 36 140 32 120 31 108 92 37 26 89 57 32
internal_count=364 327 31 296 260 36 140 32 120 31 108 92 37 26 89 57 32
is_linear=0
shrinkage=0.0167493


Tree=9
num_leaves=17
num_cat=0
split_feature=36 9 50 2 33 48 37 39 17 56 17 33 31 39 24 4
split_gain=1.71369 2.60646 3.11154 1.18012 1.4756 1.29403 1.18776 1.38004 1.14632 1.73484 0.848622 0.738663 1.01273 0.412925 0.197536 0.0259772
threshold=8.8800000000000008 1.6815000000000002 0.55000000000000016 219.50000000000003 8.6962940068836669 0.4835000000000001 -28.394999999999996 82.180000000000021 6.5000000000000009 0.10150000000000002 17.500000000000004 9.482310661206709 0.52450000000000008 51.425000000000004 2.7505000000000002 0.10650000000000001
decision_type=10 10 10 10 8 8 8 2 2 10 2 8 8 2 8 2
left_child=1 3 -3 4 8 -5 7 -6 9 15 -2 -8 -13 -10 -15 -1
right_child=10 2 -4 5 6 -7 11 -9 13 -11 -12 12 -14 14 -16 -17
leaf_value=0.00081394748327626686 0 0.01225028670129065 0.00015954430044535809 0 -0.0084738945301469481 0.0062800450866807855 -0.0039982909693165748 -0.00024699187746616739 0.0016867845567000556 0.0082192325474267861 -0.0061060164973833998 -0.0013733956784926175 0.0023112301239236396 -0.0017925665768715757 0 0
leaf_weight=11.000000000000002 19 11.000000000000002 20 20 14.999999999999998 15.999999999999998 15.999999999999998 17 20 12.999999999999998 18 60 32 36 27 12.999999999999998
leaf_count=11 19 11 20 20 15 16 16 17 20 13 18 60 32 36 27 13
internal_value=0 0.000382033 0.00501085 -4.39841e-05 -0.000494752 0.00272844 -0.00170363 -0.00464686 0.000770676 0.00325301 -0.00342104 -0.000670528 0 -0.000126361 -0.000978029 0
internal_weight=364 327 31 296 260 36 140 32 120 37 37 108 92 83 63 24
internal_count=364 327 31 296 260 36 140 32 120 37 37 108 92 83 63 24
is_linear=0
shrinkage=0.0167493


Tree=10
num_leaves=16
num_cat=0
split_feature=28 25 36 20 23 1 54 23 34 43 0 6 42 8 37
split_gain=1.91531 2.855 2.3476 2.02123 1.55709 1.75776 1.15756 1.0641 1.01 1.00937 1.72149 0.948938 0.704074 0.402555 0.289206
threshold=0.31745000000000007 55.500000000000007 2.9350000000000005 1.0323500000000003 4.6300000000000017 2.0620000000000007 0.85055000000000003 8.3900000000000023 11.14167333048268 847.50000000000011 5.3500000000000005 1.1895000000000002 0.87850000000000017 0.88150000000000006 5.8550000000000013
decision_type=10 8 8 8 8 10 10 8 10 2 2 10 8 2 10
left_child=1 2 -1 -3 9 7 -7 -6 13 14 -11 -9 -12 -2 -5
right_child=8 3 -4 4 5 6 -8 11 -10 10 12 -13 -14 -15 -16
leaf_value=0.0092338480478695775 -0.0007384117458509973 0.0070160343248116498 0 -0.00096257851385876138 0.0043292736522693972 0.0067829714281843817 0 0 0 -0.0098995623082526948 -0.0051413787345481674 -0.003519208076440369 0 -0.006079893356681498 0.002063774080403783
leaf_weight=18 14.999999999999998 10.999999999999998 11.000000000000002 37 13.000000000000002 19.000000000000004 10.999999999999998 104 13.999999999999998 10.999999999999998 10.999999999999998 26 29 23 10.999999999999998
leaf_count=18 15 11 11 37 13 19 11 104 14 11 11 26 29 23 11
internal_value=0 0.000491011 0.00549658 0 -0.00030655 0.000575155 0.0042795 -8.03579e-05 -0.00298103 -0.00202299 -0.00367376 -0.000655107 -0.00152686 -0.0044291 0
internal_weight=364 312 29 283 272 173 30 143 52 99 51 130 40 38 48
internal_count=364 312 29 283 272 173 30 143 52 99 51 130 40 38 48
is_linear=0
shrinkage=0.0167493


Tree=11
num_leaves=17
num_cat=0
split_feature=28 25 36 20 41 4 39 6 35 35 13 25 39 42 31 13
split_gain=1.85281 2.75609 2.27401 1.95404 1.05268 1.08796 0.906222 0.832815 1.06804 1.37457 0.82432 0.65348 0.249982 0.482934 0.221773 0.00145813
threshold=0.31745000000000007 55.500000000000007 2.9350000000000005 1.0323500000000003 63.665000000000006 0.25050000000000006 26.140000000000004 1.2335000000000003 0.58650000000000013 0.51550000000000018 8.3385069938656091 77.500000000000014 76.235000000000014 0.87950000000000006 0.44950000000000007 9.8178939403189229
decision_type=10 8 8 8 10 2 2 10 2 2 8 10 2 8 8 10
left_child=1 2 -1 -3 7 10 -2 8 9 -5 -6 -9 13 -8 -10 -7
right_child=6 3 -4 4 5 15 12 11 14 -11 -12 -13 -14 -15 -16 -17
leaf_value=0.0090791878374528595 0 0.006898520482755733 0 -0.00060111530415292316 -0.00048332651850973668 0.00019284042304168516 -0.0012041857626246834 -0.0051472394641420517 0 0.0024697950773268848 -0.0066701380694439314 0 -4.8050060409614488e-05 -0.0076883767092768666 -0.0036878179288078916 0
leaf_weight=18 11.999999999999998 10.999999999999998 11.000000000000002 56 19 11.000000000000002 14.000000000000002 13.000000000000002 14.000000000000002 101 19 13.999999999999998 10.999999999999998 14.999999999999998 13.999999999999998 10.999999999999998
leaf_count=18 12 11 11 56 19 11 14 13 14 101 19 14 11 15 14 11
internal_value=0 0.000482493 0.00540058 0 -0.000301334 -0.00228507 -0.00293242 0.000178062 0.000654556 0.00126366 -0.00403442 -0.00244265 -0.00418743 -0.00515781 -0.00213963 0
internal_weight=364 312 29 283 272 60 52 212 185 157 38 27 40 29 28 22
internal_count=364 312 29 283 272 60 52 212 185 157 38 27 40 29 28 22
is_linear=0
shrinkage=0.0167493


Tree=12
num_leaves=23
num_cat=0
split_feature=28 9 50 30 59 2 35 0 43 38 39 54 36 38 24 10 0 10 17 39 22 9
split_gain=1.79513 1.87914 3.02053 1.11625 1.80606 1.05577 1.1321 0.995146 0.953177 0.918695 0.886436 0.87445 0.520882 0.496962 0.646226 0.434382 0.408079 0.302767 0.261113 0.221774 0.173822 0.0107061
threshold=0.31745000000000007 1.6815000000000002 0.65000000000000002 0.026500000000000003 -0.091499999999999984 -2.9199999999999995 0.56950000000000001 29.450000000000003 2009.0000000000002 1.2619645000000002 26.140000000000004 0.7994500000000001 -28.354999999999997 24.474546000000004 1.7988500000000001 0.39550000000000007 28.050000000000004 0.60750000000000004 3.5000000000000004 55.815000000000005 0.33745000000000008 0.82950000000000002
decision_type=10 10 8 8 8 10 2 2 2 10 2 8 10 10 10 2 2 2 2 2 10 8
left_child=1 3 -3 13 -5 8 7 -7 12 -8 -2 -4 -6 14 18 -10 -16 19 21 -12 -20 -1
right_child=10 2 11 4 5 6 9 -9 15 -11 17 -13 -14 -15 16 -17 -18 -19 20 -21 -22 -23
leaf_value=0.00046317897668265182 0 0.010969422251431776 0.0035062782769417458 0.0066802840585427174 -0.0008477557573696846 0.0047736345913081298 0.00096122659174515616 0.00012843348770222554 0 -0.0048508829168511071 0 -0.0027878852194779449 0.0034432823638139397 0.0010231077938798595 -0.0071624650590641345 -0.0055966007016143406 -0.00031071042255943537 -0.0072883582344454413 -0.0022092810371821584 -0.0034695261414753411 0 0
leaf_weight=14.000000000000002 11.999999999999998 11.999999999999998 13.000000000000002 14 22 33 12.000000000000002 35 11.000000000000002 11.999999999999998 12.000000000000002 10.999999999999998 10.999999999999998 12.999999999999998 11.000000000000002 15.999999999999998 10.999999999999998 11.999999999999998 34 15.999999999999998 12.999999999999998 13.999999999999998
leaf_count=14 12 12 13 14 22 33 12 35 11 12 12 11 11 13 11 16 11 12 34 16 13 14
internal_value=0 0.000471608 0.00407078 0 0.00086924 0.00021959 0.00144284 0.00263849 -0.00136619 -0.00122016 -0.00288967 0 5.55559e-05 -0.00130637 -0.00179786 -0.00374804 -0.00452714 -0.00413186 -0.000765379 -0.00215792 -0.00157904 0
internal_weight=364 312 36 276 166 152 92 68 60 24 52 24 33 110 97 27 22 40 75 28 47 28
internal_count=364 312 36 276 166 152 92 68 60 24 52 24 33 110 97 27 22 40 75 28 47 28
is_linear=0
shrinkage=0.0167493


Tree=13
num_leaves=19
num_cat=0
split_feature=28 9 20 35 36 36 15 26 39 39 39 15 0 6 39 42 42 4
split_gain=1.73795 1.81674 2.98796 1.32174 0.866238 1.14489 3.10201 1.35641 1.02514 1.09321 0.865347 0.439311 0.343535 0.318527 0.244105 0.450808 0.126452 0.0999757
threshold=0.31745000000000007 1.6815000000000002 1.1553500000000001 0.53850000000000009 1.8650000000000002 0.38500000000000006 -0.036999999999999991 1.0000000180025095e-35 58.685000000000009 45.895000000000003 26.140000000000004 -0.29949999999999993 286.70000000000005 1.0780000000000001 76.235000000000014 0.87950000000000006 0.86450000000000016 0.24350000000000002
decision_type=10 10 8 2 10 10 10 8 2 2 2 10 2 10 2 8 8 2
left_child=1 4 -3 -4 5 7 -7 13 9 -9 -2 17 -10 -1 15 -12 -15 -6
right_child=10 2 3 -5 11 6 -8 8 12 -11 14 -13 -14 16 -16 -17 -18 -19
leaf_value=0 0 0.010432880803651217 -0.0038079843034188134 0.0041961463517221093 -0.0013645102165706915 0 0.010565411438157497 0.00053997788792843583 -0.001105881545441604 0.0056799139661692609 -0.001145822988224281 -0.0048405167466973728 0.0011541621261112508 -0.0063085689329691079 0 -0.0074824829340967274 -0.0010050591560898086 0
leaf_weight=11.999999999999998 11.999999999999998 12.999999999999998 11.000000000000002 11.999999999999998 16.000000000000004 20.000000000000004 10.999999999999998 56 74 19 14.000000000000002 13.999999999999998 19 11.000000000000002 10.999999999999998 14.999999999999998 12.999999999999998 10.999999999999998
leaf_count=12 12 13 11 12 16 20 11 56 74 19 14 14 19 11 11 15 13 11
internal_value=0 0.000463686 0.0040026 0 0 0.000394028 0.00339674 0 0.000569305 0.00207399 -0.00284362 -0.00224439 -0.00045714 -0.0030096 -0.00407199 -0.00502314 -0.00416051 -0.000254089
internal_weight=364 312 36 23 276 235 31 204 168 75 52 41 93 36 40 29 24 27
internal_count=364 312 36 23 276 235 31 204 168 75 52 41 93 36 40 29 24 27
is_linear=0
shrinkage=0.0167493


Tree=14
num_leaves=23
num_cat=0
split_feature=28 9 50 30 59 2 35 0 34 43 38 54 33 33 43 8 24 44 38 0 6 43
split_gain=1.68558 1.75758 2.88058 1.06756 1.72918 1.02266 1.07403 0.957876 0.940248 0.910276 0.879811 0.830094 0.602542 0.518489 0.45219 0.40631 0.381312 0.372387 0.290112 0.100614 0.112669 0.0381091
threshold=0.31745000000000007 1.6815000000000002 0.65000000000000002 0.026500000000000003 -0.091499999999999984 -2.9199999999999995 0.56950000000000001 29.450000000000003 11.14167333048268 2009.0000000000002 1.2619645000000002 0.7994500000000001 8.8266427162330761 9.006001103909151 2809.5000000000005 0.88150000000000006 1.8318000000000001 5.5000000000000009 3.9747245000000002 18.100000000000005 1.0020000000000002 361.50000000000006
decision_type=10 10 8 8 8 10 2 2 10 2 10 8 8 10 2 2 10 2 10 2 10 2
left_child=1 3 -3 12 -5 9 7 -7 15 17 -8 -4 14 -11 18 -2 19 -6 21 -14 -21 -1
right_child=8 2 11 4 5 6 10 -9 -10 13 -12 -13 16 -15 -16 -17 -18 -19 -20 20 -22 -23
leaf_value=-0.00035211691059864274 -0.00055716818663656279 0.01066811304307942 0.0033863765391762904 0.0065352516880795653 -0.0016826595487892291 0.0046765041252954057 0.00095430723487713353 0.00011064925848190228 0 0 -0.004728703733278555 -0.0027600311769415404 0 -0.0060349928227326913 0.002946536302725262 -0.0058289208073885506 -0.0051328373223539442 0.0018324759691362596 -0.0025026833535600969 0 -0.0026923102203143586 0.0007726688275382724
leaf_weight=14.000000000000002 14.999999999999998 11.999999999999998 13.000000000000002 14 11.999999999999998 33 12.000000000000002 35 13.999999999999998 13.000000000000002 11.999999999999998 10.999999999999998 10.999999999999998 13.999999999999998 10.999999999999998 23 15.999999999999998 21 18 12.000000000000002 12.999999999999998 14.999999999999998
leaf_count=14 15 12 13 14 12 33 12 35 14 13 12 11 11 14 11 23 16 21 18 12 13 15
internal_value=0 0.000454748 0.00393555 0 0.0008487 0.000210517 0.00141627 0.0025822 -0.0028023 -0.00134843 -0.00116253 0 -0.00127894 -0.00367393 0 -0.00420565 -0.00259052 2.721e-05 -0.000816764 -0.000977482 -0.00158269 0
internal_weight=364 312 36 276 166 152 92 68 52 60 24 24 110 27 58 38 52 33 47 36 25 29
internal_count=364 312 36 276 166 152 92 68 52 60 24 24 110 27 58 38 52 33 47 36 25 29
is_linear=0
shrinkage=0.0167493


Tree=15
num_leaves=25
num_cat=0
split_feature=28 9 50 30 2 35 0 15 33 54 43 12 36 37 33 17 43 12 15 53 36 44 5 6
split_gain=1.62988 1.69999 2.78489 1.03501 1.19292 1.29601 1.68069 0.84848 0.818167 0.80252 0.791105 1.10692 0.744414 0.607753 0.585237 0.56493 0.437169 0.328717 0.345947 0.212559 0.136026 0.0919288 0.0324376 0.0168537
threshold=0.31745000000000007 1.6815000000000002 0.65000000000000002 0.026500000000000003 -2.9199999999999995 0.56950000000000001 29.450000000000003 0.12800000000000003 13.822341179084624 0.7994500000000001 2009.0000000000002 9.304000000000002 -1.0049999999999997 66.465000000000018 8.8266427162330761 12.500000000000002 2809.5000000000005 9.304000000000002 -3.1919999999999997 0.5335000000000002 -8.0499999999999989 6.5000000000000009 0.38240950000000007 1.038
decision_type=10 10 8 8 10 2 2 8 10 8 2 10 10 10 8 2 2 10 10 8 10 2 10 10
left_child=1 3 -3 14 10 6 7 -6 15 -4 11 21 -12 -7 16 -2 19 23 -19 -1 -8 -5 -21 -16
right_child=8 2 9 4 5 13 20 -9 -10 -11 12 -13 -14 -15 17 -17 -18 18 -20 22 -22 -23 -24 -25
leaf_value=-0.0020219648251849384 -9.3990223506030103e-05 0.010489429875643497 0.0033296571276908078 -0.0018647091660109608 0.0096991027505729608 0.0015036998005868263 0.0013925807186453653 0.0026588258261029361 0 -0.0027138025203795307 0 0.0052306948628849321 -0.0055299831401029106 -0.0029380093913727082 0 -0.0059657296080288351 0.0028971838003577586 -0.00067212714379241028 -0.0063247385860719114 0.00087847593545563438 -0.00032868918942607759 0 -0.00020892484109706554 -0.00074233517393284317
leaf_weight=22 13.999999999999998 11.999999999999998 13.000000000000002 13.000000000000002 13.999999999999998 13.000000000000002 19 23 15.999999999999998 10.999999999999998 14.000000000000002 10.999999999999998 14.999999999999998 17 13.000000000000002 22 10.999999999999998 15.000000000000002 12.999999999999998 11.000000000000002 15.999999999999998 10.999999999999998 13.999999999999998 10.999999999999998
leaf_count=22 14 12 13 13 14 13 19 23 16 11 14 11 15 17 13 22 11 15 13 11 16 11 14 11
internal_value=0 0.000446331 0.00386964 0 0.000834756 0.00201112 0.00327129 0.00579277 -0.00275643 0 -0.000768327 0.000530297 -0.00293536 -0.000433531 -0.00126019 -0.00416539 0 -0.00255279 -0.0039177 -0.000803084 0.000108796 -0.00089938 0 -0.000235722
internal_weight=364 312 36 276 166 102 72 37 52 24 64 35 29 30 110 36 58 52 28 47 35 24 25 24
internal_count=364 312 36 276 166 102 72 37 52 24 64 35 29 30 110 36 58 52 28 47 35 24 25 24
is_linear=0
shrinkage=0.0167493


Tree=16
num_leaves=17
num_cat=0
split_feature=28 25 33 20 23 23 4 5 43 33 34 6 13 8 13 13
split_gain=1.57756 2.52148 1.88433 1.77767 1.43451 1.19336 1.02506 1.12565 0.947369 1.16695 0.897798 0.688617 0.563704 0.386364 0.267621 0.00530142
threshold=0.31745000000000007 55.500000000000007 8.6147180483068286 1.0323500000000003 4.6300000000000017 8.3900000000000023 0.013000000000000003 0.18269000000000005 847.50000000000011 8.5227978225484318 11.14167333048268 1.1885000000000001 12.042465798620169 0.88150000000000006 11.211648129227703 7.7932079758120514
decision_type=10 8 8 8 8 8 2 10 2 8 10 8 10 2 10 10
left_child=1 2 -1 -3 8 -6 7 -7 14 -10 13 -8 -11 -2 15 -5
right_child=10 3 -4 4 5 6 11 -9 9 12 -12 -13 -14 -15 -16 -17
leaf_value=0.010814720924034342 -0.00050078610520407399 0.0065522479620859298 0.00071035504777361088 0 0.0043788468102015383 -0.00011040823219041844 0.00022442250060403384 0.0045932994250991984 0 -0.0073325934690207364 0 -0.0021995621341427459 -0.00046435084142230714 -0.0056700578777679539 0.0018582447613909323 -0.0012636247096701795
leaf_weight=11.000000000000002 14.999999999999998 10.999999999999998 18 13.999999999999998 20.000000000000004 18 55 25 19 21 13.999999999999998 55 10.999999999999998 23 11.999999999999998 22
leaf_count=11 15 11 18 14 20 18 55 25 19 21 14 55 11 23 12 22
internal_value=0 0.000437149 0.00514278 0 -0.000311856 0.000530575 0 0.00221984 -0.00195966 -0.00355892 -0.00271373 -0.000829459 -0.00551514 -0.00408724 0 -0.000966684
internal_weight=364 312 29 283 272 173 153 43 99 51 52 110 32 38 48 36
internal_count=364 312 29 283 272 173 153 43 99 51 52 110 32 38 48 36
is_linear=0
shrinkage=0.0167493


Tree=17
num_leaves=25
num_cat=0
split_feature=4 34 34 32 40 10 15 4 45 9 12 30 53 34 13 37 32 37 14 34 53 38 13 21
split_gain=1.30197 2.51994 1.88261 1.88044 1.70933 1.18893 1.08042 1.02817 0.964169 1.11867 0.935265 0.621523 0.589989 0.572321 0.471223 1.29441 0.79005 0.451994 0.359554 0.222851 0.193058 0.0700704 0.0568618 0.0184769
threshold=0.58600000000000008 9.4654940344723766 9.4804762666900686 13.168117619391753 6561.5000000000009 0.39550000000000007 0.033000000000000008 0.013000000000000003 1.0000000180025095e-35 0.34000000000000008 38.016000000000012 0.06950000000000002 0.64900000000000013 8.3064226414894531 11.315423173633274 36.260000000000005 12.118058053031756 -80.584999999999994 0.24150000000000002 11.101402402440906 0.019500000000000003 15.486515000000002 8.4653555565082552 0.16190000000000002
decision_type=2 10 10 2 2 2 8 2 8 8 8 8 10 10 10 10 2 8 8 10 8 8 10 10
left_child=2 -2 5 4 7 13 -7 -4 11 -10 -8 18 21 22 15 -9 -16 -15 -5 -11 -19 -13 23 -1
right_child=1 -3 3 8 -6 6 10 14 9 19 -12 12 -14 17 16 -17 -18 20 -20 -21 -22 -23 -24 -25
leaf_value=-0.0014218583113573113 0.0097308663176604061 0 0.0043961917102438167 -0.0037055186498087165 0.0077905363018890136 0 -0.0096840299923999541 0.0011431992046265443 1.7805523648981381e-05 -0.0064409732746943879 -0.000887145897141127 -0.00046726388577159809 0.0049537405440681307 0.003492757252987836 -0.00029255391581722238 -0.0059355630917019009 0.0038246989761949609 -0.0018472051993685215 0 -0.00071333121564251848 0.00040845364034403688 0.0011915475975848124 -0.0037244624381092065 0
leaf_weight=20 11.000000000000002 17 21 10.999999999999998 14.999999999999998 11.999999999999998 14.000000000000002 11.000000000000002 12.999999999999998 17.000000000000004 10.999999999999998 12.000000000000002 11.999999999999998 10.999999999999998 22 11.999999999999998 19 15 12.000000000000002 10.999999999999998 19 11.999999999999998 12.999999999999998 21
leaf_count=20 11 17 21 11 15 12 14 11 13 17 11 12 12 11 22 12 19 15 12 11 19 12 13 21
internal_value=0 0.00345712 -0.000301807 0.000669073 0.00234152 -0.00185746 -0.00452054 0.00117531 -0.00082945 -0.00285638 -0.00650909 0.000284316 0.00189268 -0.000686482 0 -0.00179389 0.00119124 0.000410508 -0.00147694 -0.00481198 -7.51563e-05 0 -0.00192272 -0.000927232
internal_weight=364 28 336 200 100 136 37 85 100 41 25 59 36 99 64 23 41 45 23 28 34 24 54 41
internal_count=364 28 336 200 100 136 37 85 100 41 25 59 36 99 64 23 41 45 23 28 34 24 54 41
is_linear=0
shrinkage=0.0167493


Tree=18
num_leaves=14
num_cat=0
split_feature=36 9 39 61 2 48 17 22 24 25 48 36 36
split_gain=1.538 2.25142 2.52519 1.0912 1.684 1.39631 0.705095 0.696466 1.43605 1.46725 0.927648 0.648705 0.279075
threshold=8.8800000000000008 1.6815000000000002 40.70000000000001 -1.0000000180025095e-35 219.50000000000003 0.4835000000000001 17.500000000000004 0.32950000000000007 0.25910000000000005 73.000000000000014 0.53350000000000009 -0.47999999999999993 2.1300000000000003
decision_type=10 10 2 8 10 8 2 8 8 10 10 8 8
left_child=1 3 -3 -1 7 -6 -2 11 9 -9 -10 -5 -13
right_child=6 2 -4 4 5 -7 -8 8 10 -11 -12 12 -14
leaf_value=-0.004079347565835491 0 0 0.0087562881514119048 -0.0041796684244140942 0 0.0078213659570134219 -0.0057190050635895035 0.0079616986726441484 0.00019281628256167819 0 -0.0037192808115023568 0.00076554140790863841 -0.0013035040656952529
leaf_weight=18 19 13.000000000000002 18 21 18 13.999999999999998 18 13.000000000000002 117 10.999999999999998 19 21 44
leaf_count=18 19 13 18 21 18 14 18 13 117 11 19 21 44
internal_value=0 0.000352142 0.00465484 -3.97208e-05 0.000159276 0.00381081 -0.00325045 -0.00024502 0.000321148 0.00414544 -0.000225843 -0.00150059 -0.000367472
internal_weight=364 327 31 296 278 32 37 246 160 24 136 86 65
internal_count=364 327 31 296 278 32 37 246 160 24 136 86 65
is_linear=0
shrinkage=0.0167493


Tree=19
num_leaves=17
num_cat=0
split_feature=36 9 50 2 33 48 37 39 17 56 33 31 17 39 36 4
split_gain=1.49333 2.16945 2.70794 1.05401 1.23703 1.14337 1.02236 1.14847 1.01841 1.55344 0.684781 0.879449 0.675054 0.349667 0.119322 0.0173515
threshold=8.8800000000000008 1.6815000000000002 0.55000000000000016 219.50000000000003 8.6962940068836669 0.4835000000000001 -28.394999999999996 82.180000000000021 6.5000000000000009 0.10150000000000002 9.482310661206709 0.52450000000000008 17.500000000000004 51.425000000000004 -2.9249999999999994 0.10650000000000001
decision_type=10 10 10 10 8 8 8 2 2 10 8 8 2 2 10 2
left_child=1 3 -3 4 8 -5 7 -6 9 15 -8 -12 -2 -10 -15 -1
right_child=12 2 -4 5 6 -7 10 -9 13 -11 11 -13 -14 14 -16 -17
leaf_value=0.00066522458583554995 0 0.011309776806649996 0 0 -0.0078174670322259873 0.0059172288361513557 -0.0038041504324419148 -0.00019707241420573973 0.0014748883406414338 0.0077232195271309551 -0.0012432114644616743 0.0021936342485163775 -0.0056232157876491594 -0.0013990620785414212 0 0
leaf_weight=11.000000000000002 19 11.000000000000002 20 20 14.999999999999998 15.999999999999998 15.999999999999998 17 20 12.999999999999998 60 32 18 46 17 12.999999999999998
leaf_count=11 19 11 20 20 15 16 16 17 20 13 60 32 18 46 17 13
internal_value=0 0.000345994 0.00456968 -3.7594e-05 -0.000466794 0.00257906 -0.00157614 -0.00431264 0.000682508 0.0030297 -0.000604285 0 -0.00320385 -0.000154288 -0.000947552 0
internal_weight=364 327 31 296 260 36 140 32 120 37 108 92 37 83 63 24
internal_count=364 327 31 296 260 36 140 32 120 37 108 92 37 83 63 24
is_linear=0
shrinkage=0.0167493


Tree=20
num_leaves=17
num_cat=0
split_feature=36 9 8 59 13 9 15 20 5 56 53 56 54 17 11 9
split_gain=1.45054 2.10633 2.64982 0.894267 1.22374 1.67341 1.06855 1.03337 0.734682 0.734559 0.725306 0.773251 0.664393 0.646105 0.564388 0.377358
threshold=8.8800000000000008 1.6815000000000002 0.9145000000000002 -0.44449999999999995 11.4000548362537 0.54600000000000015 0.033000000000000008 1.1037000000000001 0.15632200000000004 0.99850000000000005 0.15750000000000003 1.0005000000000002 0.29310000000000008 17.500000000000004 10.975000000000001 0.41250000000000003
decision_type=10 10 2 8 10 10 10 10 10 10 8 10 10 2 8 8
left_child=1 3 -3 9 5 10 8 -8 15 -1 11 -5 -10 -2 -12 -6
right_child=13 2 -4 4 6 -7 7 -9 12 -11 14 -13 -14 -15 -16 -17
leaf_value=0.0061998235630301782 0 -0.00075387944196635896 0.0082630563229856516 -0.00059478608781964558 0 -0.0056315736594374586 0 0.0078250515646591558 -0.00019140530032332688 0 0.0015884802847404502 -0.006238869657363838 0.003515033035848561 -0.0055290309267009372 -0.0012542286699657389 -0.0022153289722275957
leaf_weight=11.000000000000002 19 11.000000000000002 20 45 22 23 11.000000000000002 10.999999999999998 11.999999999999998 10.999999999999998 50 10.999999999999998 26 18 27 36
leaf_count=11 19 11 20 45 22 23 11 11 12 11 50 11 26 18 27 36
internal_value=0 0.000340561 0.00450246 -3.65563e-05 -0.000354986 -0.00137272 0.000843096 0.00417594 0 0.00313879 -0.000505453 -0.00201402 0.00188689 -0.00315803 0.000365814 -0.00110495
internal_weight=364 327 31 296 274 156 118 22 96 22 133 56 38 37 77 58
internal_count=364 327 31 296 274 156 118 22 96 22 133 56 38 37 77 58
is_linear=0
shrinkage=0.0167493


Tree=21
num_leaves=20
num_cat=0
split_feature=36 61 34 32 33 25 54 37 13 11 33 34 33 17 5 30 23 56 23
split_gain=1.40759 2.11866 1.51962 1.41456 2.44529 2.31013 1.44027 1.21695 1.39784 1.23412 1.16599 0.796763 0.66456 0.618211 0.477677 0.384992 0.329385 0.177745 0.121773
threshold=8.8800000000000008 0.24350000000000002 9.4353866629129168 13.168117619391753 10.312254024731422 57.500000000000007 0.58010000000000017 -88.549999999999997 7.8148276513861559 -4.4699999999999998 13.23821505481922 10.713633410454019 9.006001103909151 17.500000000000004 0.050246000000000006 0.06950000000000002 12.850000000000001 0.76500000000000012 5.2100000000000009
decision_type=10 10 10 2 10 8 10 8 10 8 10 10 10 2 10 10 8 8 8
left_child=1 2 7 4 5 -4 -6 8 -1 17 11 16 -7 -2 -13 18 -5 -9 -11
right_child=13 -3 3 10 6 12 -8 9 -10 15 -12 14 -14 -15 -16 -17 -18 -19 -20
leaf_value=-0.0010623048269644839 0 0.0075707561380813056 0.0075368475694126934 -0.00097862899519678939 0.011565016252093873 0.00032866276302775423 0.001470550714395179 -0.0016775919913409564 0.0063855146571581136 -0.0023742004660414831 0.002684092091993444 0 -0.0035124941251151762 -0.0054364235395568733 -0.0045942277419270339 0.00088326766047297338 0.002679845998609022 -0.0081215843497891519 -9.1811506055953834e-05
leaf_weight=12.000000000000002 19 10.999999999999998 11.999999999999998 13.999999999999998 12.000000000000002 54 12.999999999999998 11.000000000000002 10.999999999999998 36 21 11.999999999999998 14.999999999999998 18 26 13.999999999999998 11.000000000000002 11.999999999999998 30
leaf_count=12 19 11 12 14 12 54 13 11 11 36 21 12 15 18 26 14 11 12 30
internal_value=0 0.000333328 2.63531e-05 0.00102518 0.00234136 0.000685217 0.00701158 -0.00134178 0.00174352 -0.00219958 -0.000428675 -0.00174233 -0.000254311 -0.00311297 -0.0033038 -0.000948248 0 -0.00579586 -0.00160027
internal_weight=364 327 316 190 106 81 25 126 23 103 84 63 69 37 38 80 25 23 66
internal_count=364 327 316 190 106 81 25 126 23 103 84 63 69 37 38 80 25 23 66
is_linear=0
shrinkage=0.0167493


Tree=22
num_leaves=18
num_cat=0
split_feature=36 9 50 2 33 48 22 39 37 39 33 31 56 21 34 42 38
split_gain=1.36694 2.01487 2.58868 0.985135 1.16316 1.0646 1.03277 1.47194 0.963684 1.06785 0.647037 0.823945 0.601446 0.316639 0.207586 0.20631 0.152923
threshold=8.8800000000000008 1.6815000000000002 0.55000000000000016 219.50000000000003 8.6962940068836669 0.4835000000000001 0.32950000000000007 75.170000000000002 -28.394999999999996 82.180000000000021 9.482310661206709 0.52450000000000008 1.4105000000000001 0.21995000000000003 8.3064226414894531 0.87850000000000017 2.4862895000000003
decision_type=10 10 10 10 8 8 10 2 8 2 8 8 8 10 8 10 10
left_child=1 3 -3 4 6 -5 13 -8 9 -6 -10 -12 15 14 -1 -2 -15
right_child=12 2 -4 5 8 -7 7 -9 10 -11 11 -13 -14 16 -16 -17 -18
leaf_value=-0.00089852482691537693 -0.0010079008991893004 0.010979546367174103 0 0 -0.0075794356691732522 0.005707577071082038 0.0070875133331243087 0 -0.0036946082388713128 -0.00018268529543618594 -0.0012006271295172219 0.0021261633473565584 0 0 0.0011506104614221488 -0.0065739647954307107 -0.0027467452757006564
leaf_weight=10.999999999999998 13.000000000000002 11.000000000000002 20 20 14.999999999999998 15.999999999999998 15.000000000000002 15.999999999999998 15.999999999999998 17 60 32 10.999999999999998 15.999999999999998 46 12.999999999999998 15.999999999999998
leaf_count=11 13 11 20 20 15 16 15 16 16 17 60 32 11 16 46 13 16
internal_value=0 0.000327432 0.00439879 -4.02025e-05 -0.000456935 0.00248642 0.00065417 0.00331446 -0.00153354 -0.00419342 -0.00058439 0 -0.00306868 -7.70312e-05 0.000450038 -0.00445986 -0.00155938
internal_weight=364 327 31 296 260 36 120 31 140 32 108 92 37 89 57 26 32
internal_count=364 327 31 296 260 36 120 31 140 32 108 92 37 89 57 26 32
is_linear=0
shrinkage=0.0167493


Tree=23
num_leaves=15
num_cat=0
split_feature=36 9 8 33 9 20 35 10 34 17 36 53 30 34
split_gain=1.32576 1.95731 2.51538 0.776416 0.766692 1.70758 0.638987 1.12385 0.96968 0.590589 0.543953 0.487299 0.171091 0.000843285
threshold=8.8800000000000008 1.6815000000000002 0.9145000000000002 13.23821505481922 0.54600000000000015 1.2986500000000003 0.58650000000000013 0.51750000000000018 11.045196338553334 17.500000000000004 -9.5199999999999978 -1.0000000180025095e-35 0.026500000000000003 10.045166314946391
decision_type=10 10 2 10 10 8 2 2 8 2 10 8 10 10
left_child=1 3 -3 4 6 13 7 11 -9 -2 -8 -1 -7 -6
right_child=9 2 -4 -5 5 12 10 8 -10 -11 -12 -13 -14 -15
leaf_value=-0.0018404199028817971 0 -0.00076003456919562068 0.0080046035809357187 0.0030687625185676312 -0.0075478018088952579 -0.0011323086420018439 0 0.0049258885168140133 0 -0.0052917405762359327 -0.0043777698249541945 0.00034059783874009001 0.0012214347499092844 -0.0019133710700901506
leaf_weight=37 19 11.000000000000002 20 20 12.000000000000002 12.999999999999998 16.000000000000004 26 15.999999999999998 18 14.999999999999998 109 21 10.999999999999998
leaf_count=37 19 11 20 20 12 13 16 26 16 18 15 109 21 11
internal_value=0 0.000320385 0.00433353 -4.11542e-05 -0.000329526 -0.00207163 4.44821e-05 0.000488271 0.00292298 -0.00302406 -0.00208584 -9.30016e-05 0 -0.00560926
internal_weight=364 327 31 296 276 57 219 188 42 37 31 146 34 23
internal_count=364 327 31 296 276 57 219 188 42 37 31 146 34 23
is_linear=0
shrinkage=0.0167493


Tree=24
num_leaves=18
num_cat=0
split_feature=36 25 36 61 10 24 10 53 23 10 34 5 17 20 37 39 13
split_gain=1.28858 1.85256 2.31836 1.6623 1.27755 1.39338 1.59955 1.25329 1.28344 1.16815 0.623116 0.518656 0.468296 0.455278 0.352871 0.343829 0.0634295
threshold=1.8650000000000002 55.500000000000007 -1.075 0.13950000000000004 0.5335000000000002 2.7505000000000002 0.62750000000000006 0.64900000000000013 4.8200000000000012 0.39550000000000007 8.3064226414894531 0.19635600000000003 11.500000000000002 1.1379500000000002 -80.584999999999994 31.025000000000002 7.8512707849433081
decision_type=10 8 8 10 2 10 2 10 8 2 10 8 2 10 8 2 10
left_child=1 2 -1 4 9 6 12 8 -2 10 16 -11 -6 -10 -12 -8 -3
right_child=7 3 -4 -5 5 -7 15 -9 13 11 14 -13 -14 -15 -16 -17 -18
leaf_value=0 -0.0061865749473531684 -0.00064561219636355795 0.0090893896758727777 0.0064240751685357258 0.001769727036849059 -0.0021533592227058569 -0.0017860694912414914 0.001522800151203178 -0.0024999393754487204 0 0.0032124468135414502 -0.0056081254513333867 0.0092487378248640381 0.00092317080121872446 0 0.001633551674627781 -0.0032096780063810802
leaf_weight=11.999999999999998 25 35 15.000000000000002 10.999999999999998 12.000000000000002 17 10.999999999999998 15.999999999999998 20 10.999999999999998 10.999999999999998 21 11.999999999999998 14.999999999999998 80 23 17
leaf_count=12 25 35 15 11 12 17 11 16 20 11 11 21 12 15 80 23 17
internal_value=0 0.000490001 0.0046701 0 -0.000222549 0.00151386 0.0028886 -0.0019613 -0.00318026 -0.00106611 -0.000285357 -0.00401158 0.00623391 -0.000535974 0.000399504 1.56697e-05 -0.00181833
internal_weight=364 288 27 261 250 75 58 76 60 175 143 32 24 35 91 34 52
internal_count=364 288 27 261 250 75 58 76 60 175 143 32 24 35 91 34 52
is_linear=0
shrinkage=0.0167493


Tree=25
num_leaves=17
num_cat=0
split_feature=28 25 36 20 23 23 4 2 43 0 34 6 38 8 13 13
split_gain=1.37817 2.19354 1.96943 1.60272 1.27586 1.06431 0.934771 1.07798 0.839815 1.33274 0.800535 0.611159 0.39253 0.351851 0.215658 0.0123918
threshold=0.31745000000000007 55.500000000000007 2.9350000000000005 1.0323500000000003 4.6300000000000017 8.3900000000000023 0.013000000000000003 0.89500000000000013 847.50000000000011 5.3500000000000005 11.14167333048268 1.1885000000000001 23.217661000000003 0.88150000000000006 11.211648129227703 7.7932079758120514
decision_type=10 8 8 8 8 8 2 10 2 2 10 8 10 2 10 10
left_child=1 2 -1 -3 8 -6 7 -7 14 -10 13 -8 -11 -2 15 -5
right_child=10 3 -4 4 5 6 11 -9 9 12 -12 -13 -14 -15 -16 -17
leaf_value=0.0082245220457426698 -0.0003768503046649071 0.0062120484442394295 0 0 0.0041192544554691669 0 0.00016447937493588332 0.0053843095317628311 -0.0089059629558107829 -0.0025555445439537101 0 -0.0020966473359438844 3.6572077075546081e-05 -0.0053490890422853068 0.001633826435632551 -0.0012049895279227583
leaf_weight=18 14.999999999999998 10.999999999999998 11.000000000000002 13.999999999999998 20.000000000000004 26 55 17 10.999999999999998 29 13.999999999999998 55 10.999999999999998 23 11.999999999999998 22
leaf_count=18 15 11 11 14 20 26 55 17 11 29 14 55 11 23 12 22
internal_value=0 0.0003991 0.00478888 0 -0.000304011 0.000485538 0 0.00210442 -0.00185941 -0.00336616 -0.00254549 -0.000807974 -0.00140791 -0.00384405 0 -0.000889251
internal_weight=364 312 29 283 272 173 153 43 99 51 52 110 40 38 48 36
internal_count=364 312 29 283 272 173 153 43 99 51 52 110 40 38 48 36
is_linear=0
shrinkage=0.0167493


Tree=26
num_leaves=26
num_cat=0
split_feature=28 35 9 20 35 30 0 11 34 56 22 11 43 14 10 53 11 10 35 11 12 33 43 12 40
split_gain=1.33439 1.51452 1.92816 2.0705 1.13323 1.55389 1.29278 2.00821 0.780699 0.778451 0.546158 0.429089 0.40191 0.260711 0.248817 0.242639 0.240158 0.224332 0.859998 0.175086 0.264407 0.172695 0.0768363 0.072763 0.0413609
threshold=0.31745000000000007 0.50550000000000017 1.6815000000000002 1.2132000000000003 0.57250000000000012 0.026500000000000003 13.750000000000002 94.430000000000021 11.14167333048268 1.0090000000000001 0.22610000000000005 0.8650000000000001 847.50000000000011 0.15400000000000003 0.47650000000000003 0.060500000000000005 -4.3299999999999992 0.60750000000000004 0.54950000000000021 -1.4449999999999996 49.280500000000011 8.3733705545638077 4192.0000000000009 9.304000000000002 1014.0000000000001
decision_type=10 2 10 10 2 8 2 8 10 10 10 8 2 8 2 8 10 2 2 10 8 10 2 8 2
left_child=1 9 4 -4 5 11 7 -7 17 19 12 14 -6 -12 -3 -13 -8 18 -2 23 21 -21 -14 -1 -25
right_child=8 2 3 -5 10 6 16 -9 -10 -11 13 15 22 -15 -16 -17 -18 -19 -20 20 -22 -23 -24 24 -26
leaf_value=0 -0.0054584248536175507 -0.00025255376722233837 0.0087695991850633408 0 0 0.0083355325846040784 -0.00049381571518233847 0 0 -0.0057561483090281043 0.0024440880125248077 0 -0.005599041635794417 -0.00064249243895163517 0.0024258933127935972 -0.0043069480864993135 0.001598735078754252 -0.0065924550935979789 0 0 0.0019069343615194677 -0.0024203989559200998 -0.00070381510316681656 -0.0029255017976761066 0
leaf_weight=10.999999999999998 11.000000000000002 17.000000000000004 18.000000000000004 10.999999999999998 10.999999999999998 23 13.999999999999998 12.999999999999998 13.999999999999998 10.999999999999998 10.999999999999998 10.999999999999998 12.000000000000002 18.000000000000004 11.999999999999998 11.000000000000002 30 11.999999999999998 14.999999999999998 11.000000000000002 15.999999999999998 10.999999999999998 11.999999999999998 12.000000000000002 15.999999999999998
leaf_count=11 11 17 18 11 11 23 14 13 14 11 11 11 12 18 12 11 30 12 15 11 16 11 12 12 16
internal_value=0 0.000393439 0.00116789 0.00526357 0.000469598 0.00142579 0.0029256 0.00536108 -0.00250404 -0.00138025 -0.00121585 -0.000585834 -0.00266098 0 0.00025604 -0.00248613 0.000537647 -0.00378733 -0.00182373 -0.00052925 0 -0.000852646 -0.0038761 -0.00134628 -0.00180376
internal_weight=364 312 224 29 195 131 80 36 52 88 64 51 35 29 29 22 44 38 26 77 38 22 24 39 28
internal_count=364 312 224 29 195 131 80 36 52 88 64 51 35 29 29 22 44 38 26 77 38 22 24 39 28
is_linear=0
shrinkage=0.0167493


Tree=27
num_leaves=22
num_cat=0
split_feature=33 25 29 4 37 42 26 35 1 9 44 15 12 34 12 50 17 33 35 4 54
split_gain=1.22273 2.03854 1.73292 1.47039 0.986596 0.914852 0.864088 1.0939 1.07626 0.969258 0.790627 0.650968 0.553566 0.377907 0.712466 0.431163 0.169026 0.0914036 0.0883306 0.0351117 0.0281044
threshold=8.6962940068836669 57.500000000000007 0.85250000000000015 0.53450000000000009 -28.394999999999996 0.88750000000000007 inf 0.54350000000000021 3.2105000000000006 0.40750000000000003 13.500000000000002 0.022500000000000003 38.016000000000012 8.3064226414894531 36.262000000000008 0.65000000000000002 3.5000000000000004 4.1329157381515218 0.56150000000000022 0.15400000000000003 0.64505000000000012
decision_type=8 8 10 2 8 8 8 2 10 10 2 10 10 10 8 10 2 10 2 2 10
left_child=1 -1 4 13 12 -4 10 9 11 20 18 -9 -2 17 16 -16 -15 -3 -6 -18 -8
right_child=2 3 5 -5 6 -7 7 8 -10 -11 -12 -13 -14 14 15 -17 19 -19 -20 -21 -22
leaf_value=0.006366861824395006 -0.004777512725709733 0 -0.0066320212325078716 0.0054233374848671632 0.0014192790321444131 0 0.00031103681446290494 0.0006762467985776989 0.0047353802890026343 -0.0050179318393284954 0.0050214240426503876 -0.0038381209654003209 0 0 0.003832143645149646 0 -0.0023555081960280268 -0.0032695668698579255 -0.00044912502137943748 0 -0.00073767413664599098
leaf_weight=19 18.000000000000004 13.000000000000002 20 13.999999999999998 11.000000000000002 15.999999999999998 14.000000000000002 45 15.999999999999998 21 19 10.999999999999998 10.999999999999998 15.999999999999998 19.000000000000004 11.999999999999998 18.000000000000004 12.999999999999998 12.999999999999998 12.999999999999998 11.999999999999998
leaf_count=19 18 13 20 14 11 16 14 45 16 21 19 11 11 16 19 12 18 13 13 13 12
internal_value=0 0.00122531 -0.000777818 0.000250039 -4.92668e-05 -0.00416007 0.000365952 -0.000239531 0.000888581 -0.00233775 0.00244606 0 -0.00296849 -0.000279134 0.000100769 0.00225806 -0.000952076 -0.00208777 0 -0.00170409 0
internal_weight=364 137 227 118 191 36 162 119 72 47 43 56 29 104 78 31 47 26 24 31 26
internal_count=364 137 227 118 191 36 162 119 72 47 43 56 29 104 78 31 47 26 24 31 26
is_linear=0
shrinkage=0.0167493


Tree=28
num_leaves=16
num_cat=0
split_feature=28 25 48 20 23 1 23 53 39 6 0 38 36 10 1
split_gain=1.26506 2.05228 1.90453 1.51094 1.20932 1.45809 0.819601 0.79849 0.75061 0.74882 0.625675 0.608538 0.277305 0.227495 0.472714
threshold=0.31745000000000007 55.500000000000007 0.4835000000000001 1.0323500000000003 4.6300000000000017 2.0620000000000007 8.3900000000000023 1.7075000000000002 26.140000000000004 1.1895000000000002 5.3500000000000005 1.3408875000000002 0.13000000000000003 0.60750000000000004 3.2105000000000006
decision_type=10 8 10 8 8 10 8 10 2 10 2 10 8 2 10
left_child=1 2 -1 -3 7 6 -6 10 -2 -8 -5 -7 -12 14 -10
right_child=8 3 -4 4 5 11 9 -9 13 -11 12 -13 -14 -15 -16
leaf_value=0 0 0.0060217966221643689 0.0098090008209363398 -0.0056320151797516716 0.0037063584311140068 0 0 0.0014050438088360527 -0.003717875396006951 -0.0031844469977062146 0 0.0060129190586583761 -0.0020485785303326 -0.0064303176548806294 0
leaf_weight=17.000000000000004 11.999999999999998 10.999999999999998 11.999999999999998 18 13.000000000000002 13.000000000000002 104 11.999999999999998 15.999999999999998 26 19 17 50 11.999999999999998 12.000000000000002
leaf_count=17 12 11 12 18 13 13 104 12 16 26 19 17 50 12 12
internal_value=0 0.000377917 0.00462491 0 -0.000303133 0.00046313 -0.000125093 -0.00181784 -0.00244296 -0.000642024 -0.00246228 0.00384673 -0.00138333 -0.00360872 -0.00177831
internal_weight=364 312 29 283 272 173 143 99 52 130 87 30 69 40 28
internal_count=364 312 29 283 272 173 143 99 52 130 87 30 69 40 28
is_linear=0
shrinkage=0.0167493


Tree=29
num_leaves=24
num_cat=0
split_feature=35 9 41 17 35 9 10 44 53 39 1 9 22 31 13 13 6 10 39 50 24 2 30
split_gain=1.02345 1.10062 3.29752 2.12011 1.22849 0.854656 1.15583 0.872836 0.828622 0.616111 1.07897 0.574361 0.552531 0.547612 0.47543 0.453374 0.436146 0.424371 0.308544 0.161111 0.120741 0.156868 0.000786537
threshold=0.50550000000000017 1.6815000000000002 53.170000000000009 10.500000000000002 0.57250000000000012 0.57100000000000006 0.50400000000000011 9.5000000000000018 0.47600000000000003 58.685000000000009 0.59000000000000008 1.2355000000000003 0.16060000000000002 0.48800000000000004 7.9185428352572993 11.871354068938926 1.0680000000000003 0.53700000000000014 94.120000000000019 0.85000000000000009 0.19875000000000004 -6.7849999999999993 0.14850000000000002
decision_type=2 10 8 2 2 10 2 2 8 2 8 8 10 8 8 8 10 2 2 10 8 8 8
left_child=8 4 -3 -4 5 6 9 -8 14 10 -2 15 -7 -9 -1 19 -13 -14 -11 -6 -10 -22 -23
right_child=1 2 3 -5 11 12 7 13 20 18 -12 16 17 -15 -16 -17 -18 -19 -20 -21 21 22 -24
leaf_value=-0.00037742755657892623 0.0064308396658909221 -0.0024616210026391755 0.00047910762946869884 0.012838439299458191 -0.0010376155947591666 0.00051972722028685407 0.0001045843688781158 0.0012442637715131466 0.0011180793082430261 -0.0027187012685092032 0 -0.0015941992472011614 0 0.0089623540393757879 -0.0055469932930374182 0 0.0022197969286461478 -0.0050002716866651342 0 -0.0063862059779942002 -0.0022662145973896177 -9.9820689193758205e-05 7.8545155648670521e-05
leaf_weight=18 11.000000000000002 12.999999999999998 11.000000000000002 10.999999999999998 13 20 18 11.000000000000002 12.999999999999998 14.999999999999998 19 21 11.000000000000002 12.999999999999998 19 15.999999999999998 13.999999999999998 11.999999999999998 31 13 11.999999999999998 11.000000000000002 18
leaf_count=18 11 13 11 11 13 20 18 11 13 15 19 21 11 13 19 16 14 12 31 13 12 11 18
internal_value=0 0.000490862 0.0032712 0.00744933 8.91248e-06 0.000912275 0.00170339 0.00397296 -0.00155959 0.000220302 0.00225255 -0.00165406 -0.000854211 0.00614957 -0.00350213 -0.00297528 0 -0.00280512 -0.000726989 -0.00438084 0 -0.000655581 0
internal_weight=364 273 35 22 238 161 118 42 91 76 30 77 43 24 37 42 35 23 46 26 54 41 29
internal_count=364 273 35 22 238 161 118 42 91 76 30 77 43 24 37 42 35 23 46 26 54 41 29
is_linear=0
shrinkage=0.0167493


Tree=30
num_leaves=16
num_cat=0
split_feature=36 61 60 25 39 1 35 5 6 56 1 17 37 11 12
split_gain=1.20105 1.91291 1.40117 1.33856 2.28427 1.958 0.933217 0.987125 0.741849 0.53317 0.525437 0.514071 0.448792 0.772911 0.414928
threshold=8.8800000000000008 0.24350000000000002 -0.19499999999999998 58.500000000000007 37.445000000000007 1.7610000000000003 0.53850000000000009 0.15805350000000004 1.1730000000000003 1.4105000000000001 1.2385000000000004 17.500000000000004 -88.549999999999997 -4.4699999999999998 7.1860000000000008
decision_type=10 10 10 8 2 8 2 8 8 8 10 2 8 8 10
left_child=1 2 3 4 -1 -6 12 10 -9 11 -8 -2 -5 -14 -4
right_child=9 -3 14 6 5 -7 7 8 -10 -11 -12 -13 13 -15 -16
leaf_value=-0.0013137563436792278 -0.0002503368521249022 0.0071755850682201595 0 0.0011813791814244202 0.0087300813422433489 0 -0.0029906513575692585 0.0049508148187078042 0.00078256816675523015 0 0.00058830363974482188 -0.0067945936454764551 -0.0044352372840451111 -0.00053337863068907804 -0.004507690975604179
leaf_weight=15.999999999999998 13.000000000000002 10.999999999999998 15.999999999999998 11.999999999999998 21 10.999999999999998 21 21 64 10.999999999999998 11.999999999999998 12.999999999999998 23 77 22
leaf_count=16 13 11 16 12 21 11 21 21 64 11 12 13 23 77 22
internal_value=0 0.000301638 7.31675e-06 0.000474071 0.00302075 0.00573151 0 0.000980505 0.00201698 -0.00288138 -0.00116218 -0.00419139 -0.00115093 -0.00160473 -0.00294967
internal_weight=364 327 316 278 48 32 230 118 85 37 33 26 112 100 38
internal_count=364 327 316 278 48 32 230 118 85 37 33 26 112 100 38
is_linear=0
shrinkage=0.0167493


Tree=31
num_leaves=17
num_cat=0
split_feature=36 61 60 2 33 48 35 34 9 55 23 56 17 12 12 34
split_gain=1.16579 1.84979 1.35913 1.43412 1.1299 1.08778 0.871785 1.16648 0.746696 0.751706 0.559979 0.51894 0.488424 0.396667 0.273517 0.0830239
threshold=8.8800000000000008 0.24350000000000002 -0.19499999999999998 219.50000000000003 11.070751365663289 0.53350000000000009 0.54950000000000021 11.721940827433299 0.10100000000000002 1.0000000180025095e-35 3.2850000000000006 1.4105000000000001 17.500000000000004 7.1860000000000008 410.14350000000007 8.3064226414894531
decision_type=10 10 10 10 8 10 2 8 10 8 8 8 2 10 10 10
left_child=1 2 3 4 6 14 10 -8 15 -10 -1 12 -2 -4 -5 -6
right_child=11 -3 13 5 8 -7 7 -9 9 -11 -12 -13 -14 -15 -16 -17
leaf_value=0.001148748400321321 -0.00024614390195268939 0.0070553995680133355 0 0.0025381564129385139 -0.0010313266560407735 0.0082461761689496278 0.0031042916327267836 -0.0014607522911236986 -0.0071009458371240801 -0.00012685145499485048 -0.0013526195186489736 0 -0.0066807889782579712 -0.004432190409278244 0 0.00049384360468718758
leaf_weight=38 13.000000000000002 10.999999999999998 15.999999999999998 15.000000000000002 18 10.999999999999998 64 14.999999999999998 12.999999999999998 15.000000000000002 61 10.999999999999998 12.999999999999998 22 10.999999999999998 17
leaf_count=38 13 11 16 15 18 11 64 15 13 15 61 11 13 22 11 17
internal_value=0 0.000295928 5.59166e-06 0.000466135 0 0.00353642 0.000677044 0.00201736 -0.00193295 -0.00398597 -0.00021682 -0.00283992 -0.0041324 -0.00290596 0.000874897 0
internal_weight=364 327 316 278 241 37 178 79 63 28 99 37 26 38 26 35
internal_count=364 327 316 278 241 37 178 79 63 28 99 37 26 38 26 35
is_linear=0
shrinkage=0.0167493


Tree=32
num_leaves=18
num_cat=0
split_feature=28 25 48 20 23 23 4 2 43 0 39 6 42 10 42 13 13
split_gain=1.17194 1.91097 1.79874 1.43404 1.1381 0.95247 0.867233 0.999931 0.780505 1.17601 0.718382 0.563211 0.511241 0.198873 0.259429 0.181514 0.0126479
threshold=0.31745000000000007 55.500000000000007 0.4835000000000001 1.0323500000000003 4.6300000000000017 8.3900000000000023 0.013000000000000003 0.89500000000000013 847.50000000000011 5.3500000000000005 26.140000000000004 1.1885000000000001 0.87850000000000017 0.60750000000000004 0.86650000000000016 11.211648129227703 7.7932079758120514
decision_type=10 8 10 8 8 8 2 10 2 2 2 8 8 2 10 10 10
left_child=1 2 -1 -3 8 -6 7 -7 15 -10 -2 -8 -11 14 -12 16 -5
right_child=10 3 -4 4 5 6 11 -9 9 12 13 -13 -14 -15 -16 -17 -18
leaf_value=0 1.5154227918241415e-05 0.0058646534602580999 0.0094944780621140142 0 0.0038814069305640759 0 0.00012533419838058326 0.005170645373682314 -0.0084520010442180171 -0.0044277105903546346 -0.0037536379456376296 -0.0020290861767102279 0 -0.0062106336620078939 0 0.0015150259273940636 -0.0011063098976816508
leaf_weight=17.000000000000004 11.999999999999998 10.999999999999998 11.999999999999998 13.999999999999998 20.000000000000004 26 55 17 10.999999999999998 10.999999999999998 11.000000000000002 55 29 11.999999999999998 17 11.999999999999998 22
leaf_count=17 12 11 12 14 20 26 55 17 11 11 11 55 29 12 17 12 22
internal_value=0 0.00036262 0.00446104 0 -0.000296853 0.000443982 0 0.00201151 -0.00176712 -0.00321794 -0.00235237 -0.000793766 -0.00134376 -0.00349743 -0.00171348 0 -0.000805848
internal_weight=364 312 29 283 272 173 153 43 99 51 52 110 40 40 28 48 36
internal_count=364 312 29 283 272 173 153 43 99 51 52 110 40 40 28 48 36
is_linear=0
shrinkage=0.0167493


Tree=33
num_leaves=18
num_cat=0
split_feature=28 25 36 20 23 1 54 43 33 23 6 34 13 13 10 35 13
split_gain=1.13579 1.85466 1.81314 1.38619 1.10698 1.37117 0.908825 0.757433 0.922184 0.755089 0.708955 0.69038 0.36521 0.175927 0.168396 0.746991 0.0117851
threshold=0.31745000000000007 55.500000000000007 2.9350000000000005 1.0323500000000003 4.6300000000000017 2.0620000000000007 0.85055000000000003 847.50000000000011 8.5227978225484318 8.3900000000000023 1.1895000000000002 11.14167333048268 12.042465798620169 11.211648129227703 0.60750000000000004 0.54950000000000021 7.7932079758120514
decision_type=10 8 8 8 8 10 10 2 8 8 10 10 10 10 2 2 10
left_child=1 2 -1 -3 7 9 -7 13 -9 -6 -11 14 -10 16 15 -2 -5
right_child=11 3 -4 4 5 6 -8 8 12 10 -12 -13 -14 -15 -16 -17 -18
leaf_value=0.0077059896183363022 -0.0050605441895810802 0.0057664248769111618 0 0 0.0035375952632826935 0.005940254895246468 0 0 -0.0064452029908978938 0 -0.0031034408545348676 0 -0.00039988382939372977 0.0014896502750880907 -0.0061066100612410315 0 -0.0010877799760286731
leaf_weight=18 11.000000000000002 10.999999999999998 11.000000000000002 13.999999999999998 13.000000000000002 19.000000000000004 10.999999999999998 19 21 104 26 13.999999999999998 10.999999999999998 11.999999999999998 11.999999999999998 14.999999999999998 22
leaf_count=18 11 11 11 14 13 19 11 19 21 104 26 14 11 12 12 15 22
internal_value=0 0.000357712 0.00439524 0 -0.000291495 0.000438093 0.00372149 -0.00174211 -0.00317141 -0.000129109 -0.000629565 -0.00231512 -0.00491063 0 -0.0035258 -0.00166572 -0.000794524
internal_weight=364 312 29 283 272 173 30 99 51 143 130 52 32 48 38 26 36
internal_count=364 312 29 283 272 173 30 99 51 143 130 52 32 48 38 26 36
is_linear=0
shrinkage=0.0167493


Tree=34
num_leaves=17
num_cat=0
split_feature=36 61 60 2 33 48 35 34 9 55 56 22 17 12 12 34
split_gain=1.10027 1.77018 1.29741 1.37318 1.07027 1.03413 0.842153 1.12792 0.711434 0.685133 0.479729 0.479251 0.448233 0.366854 0.260568 0.0785323
threshold=8.8800000000000008 0.24350000000000002 -0.19499999999999998 219.50000000000003 11.070751365663289 0.53350000000000009 0.54950000000000021 11.721940827433299 0.10100000000000002 1.0000000180025095e-35 1.4105000000000001 0.33745000000000008 17.500000000000004 7.1860000000000008 410.14350000000007 8.3064226414894531
decision_type=10 10 10 10 8 10 2 8 10 8 8 10 2 10 10 10
left_child=1 2 3 4 6 14 11 -8 15 -10 12 -1 -2 -4 -5 -6
right_child=10 -3 13 5 8 -7 7 -9 9 -11 -12 -13 -14 -15 -16 -17
leaf_value=-0.0010826330585668893 -0.00021252699013467609 0.0068967404115818226 0 0.0024698846828003214 -0.0010032271848340961 0.0080542682266598973 0.0030438996680829666 -0.0014367812530281354 -0.0068813548764932418 -0.00013774980255398543 0 0.0014267569252177921 -0.0064557615497904527 -0.0043182857343081749 0 0.00047988916517153964
leaf_weight=72 13.000000000000002 10.999999999999998 15.999999999999998 15.000000000000002 18 10.999999999999998 64 14.999999999999998 12.999999999999998 15.000000000000002 10.999999999999998 27 12.999999999999998 22 10.999999999999998 17
leaf_count=72 13 11 16 15 18 11 64 15 13 15 11 27 13 22 11 17
internal_value=0 0.000285272 8.78166e-08 0.000451393 0 0.0034558 0.000654149 0.00197298 -0.00188597 -0.00388986 -0.00276101 -0.000222576 -0.00400307 -0.00284388 0.000841368 0
internal_weight=364 327 316 278 241 37 178 79 63 28 37 99 26 38 26 35
internal_count=364 327 316 278 241 37 178 79 63 28 37 99 26 38 26 35
is_linear=0
shrinkage=0.0167493


Tree=35
num_leaves=16
num_cat=0
split_feature=28 25 36 41 36 23 0 39 14 0 10 9 50 54 23
split_gain=1.0822 1.77449 1.74803 0.909215 1.30602 0.814504 0.814268 0.687344 0.535343 0.887652 0.869298 0.327006 0.277445 0.242504 0.180832
threshold=0.31745000000000007 55.500000000000007 2.9350000000000005 63.665000000000006 -7.3649999999999993 6.0000000000000009 8.6000000000000032 26.140000000000004 0.07350000000000001 60.70000000000001 0.48850000000000005 0.54600000000000015 0.65000000000000002 0.54970000000000019 11.575000000000001
decision_type=10 8 8 10 8 10 2 2 8 2 2 8 10 10 10
left_child=1 2 -1 4 -3 8 -7 -2 10 -10 -6 -5 -13 -14 -9
right_child=7 3 -4 11 5 6 -8 14 9 -11 -12 12 13 -15 -16
leaf_value=0.0075481183091489915 3.7466732334931653e-05 0.0046532687566139845 0 0 0 0.0057752180301591741 0 -0.0045070364257006335 -0.0025987235333389757 1.5385325659498733e-05 0.0045372633898630383 0 -0.0043188402240467985 0 -0.00036284294848866607
leaf_weight=18 11.999999999999998 19 11.000000000000002 17 34 13.000000000000002 13.999999999999998 25 56 69 13.999999999999998 11.999999999999998 24 10.999999999999998 14.999999999999998
leaf_count=18 12 19 11 17 34 13 14 25 56 69 14 12 24 11 15
internal_value=0 0.000345901 0.00429572 0 0.000453383 0 0.00275652 -0.00226286 -0.000367326 -0.0010166 0.000961151 -0.00181165 -0.00253399 -0.00329339 -0.00338777
internal_weight=364 312 29 283 219 200 27 52 173 125 48 64 47 35 40
internal_count=364 312 29 283 219 200 27 52 173 125 48 64 47 35 40
is_linear=0
shrinkage=0.0167493


Tree=36
num_leaves=20
num_cat=0
split_feature=33 25 14 29 37 27 36 10 35 33 42 35 28 22 14 53 28 33 24
split_gain=1.07601 1.71685 1.58844 1.48432 0.878663 0.921073 1.05785 1.0395 0.959052 1.01006 0.789968 0.680191 0.460219 0.332143 0.300769 0.293518 0.252655 0.300954 0.17545
threshold=8.6962940068836669 57.500000000000007 0.51750000000000018 0.85250000000000015 -28.394999999999996 25.000000000000004 2.9350000000000005 0.46550000000000008 0.5375000000000002 9.5762393092100524 0.88750000000000007 0.5635 0.039950000000000006 0.25755000000000006 1.0000000180025095e-35 -1.0000000180025095e-35 0.0018500000000000003 7.8270516539806971 3.4303000000000003
decision_type=8 8 10 10 8 8 10 2 2 10 8 2 10 8 8 10 8 10 8
left_child=1 -1 13 4 15 7 8 -6 12 -10 -5 -9 -7 -3 -8 -2 -15 18 -18
right_child=3 2 -4 10 5 6 14 11 9 -11 -12 -13 -14 16 -16 -17 17 -19 -20
leaf_value=0.005869869545118582 -0.0041586700861995759 -0.002062066146251281 0.0058397833302494106 -0.0061633429420707934 0 0 0 0.0079002159620970066 -0.00045008643106380427 0.0035766296067184468 0 0.00010166838622537258 -0.0033262018964509994 -0.0018385573703193982 -0.0044255590246704765 0 -0.0011244317695973431 0.0026385791503317829 0.00084468624543516198
leaf_weight=19 18.000000000000004 24 12.999999999999998 20 19 12.999999999999998 10.999999999999998 12.000000000000002 20 38 15.999999999999998 10.999999999999998 19 12.999999999999998 19.000000000000004 10.999999999999998 22 15.999999999999998 30
leaf_count=19 18 24 13 20 19 13 11 12 20 38 16 11 19 13 19 11 22 16 30
internal_value=0 0.00114507 0.000236903 -0.000733804 -5.23398e-05 0.000333925 -0.000286133 0.00251962 0.000457588 0.00188824 -0.00386623 0.00492666 -0.00159197 -0.000291147 -0.00309703 -0.00280983 1.88514e-05 0.000629711 0
internal_weight=364 137 118 227 191 162 120 42 90 58 36 23 32 105 30 29 81 68 52
internal_count=364 137 118 227 191 162 120 42 90 58 36 23 32 105 30 29 81 68 52
is_linear=0
shrinkage=0.0167493


Tree=37
num_leaves=17
num_cat=0
split_feature=36 61 60 24 34 32 35 9 33 5 6 4 12 28 0 20
split_gain=1.04902 1.53011 1.2942 1.06935 0.993077 1.17263 2.09188 1.38634 0.942891 0.673236 0.644306 0.590807 0.451528 0.44202 0.0813602 0.0513269
threshold=1.8650000000000002 0.13950000000000004 -0.19499999999999998 3.4303000000000003 8.3064226414894531 12.980273636463442 0.53850000000000009 1.2355000000000003 13.23821505481922 0.20202450000000002 1.1440000000000001 0.013000000000000003 7.1860000000000008 0.14015000000000002 4.5500000000000007 1.0428500000000003
decision_type=10 10 10 10 10 2 2 10 10 8 10 2 10 8 2 10
left_child=1 2 4 11 14 6 10 -8 13 -5 -6 -2 -4 -7 -1 -13
right_child=3 -3 12 9 5 8 7 -9 -10 -11 -12 15 -14 -15 -16 -17
leaf_value=0 0 0.0060791428418047353 0 -0.0010433224119914262 0.0013738137944768881 0 0.0026290818333041853 0.010025098284416228 0.0032051644684878487 0.0040147080135202393 -0.0022039969540593265 -0.0015326372750949057 -0.0047666455707828532 -0.0026849625713770949 -0.001753114909971329 -0.0055417100497330181
leaf_weight=10.999999999999998 10.999999999999998 12.999999999999998 14.999999999999998 15.000000000000002 34 22 52 11.999999999999998 13.999999999999998 10.999999999999998 24 17 18 35 38 22
leaf_count=11 11 13 15 15 34 22 52 12 14 11 24 17 18 35 38 22
internal_value=0 0.000433448 0.000103316 -0.00177772 0.000588116 0.00117912 0.00219852 0.00428759 -0.000327552 0.000427685 0 -0.00327237 -0.00292484 -0.00150036 -0.00138479 -0.00424012
internal_weight=364 288 275 76 242 193 122 64 71 26 58 50 33 57 49 39
internal_count=364 288 275 76 242 193 122 64 71 26 58 50 33 57 49 39
is_linear=0
shrinkage=0.0167493


Tree=38
num_leaves=23
num_cat=0
split_feature=28 35 9 44 35 30 0 44 39 56 22 43 2 14 7 23 28 0 9 43 34 38
split_gain=1.03371 1.2426 1.72668 2.22922 1.00106 1.36542 1.16194 1.90292 0.658806 0.658715 0.481905 0.418203 0.291458 0.198455 0.189156 0.165881 0.10951 0.106994 0.0785923 0.0267918 0.0263122 0.0133628
threshold=0.31745000000000007 0.50550000000000017 1.6815000000000002 9.5000000000000018 0.57250000000000012 0.026500000000000003 13.750000000000002 7.5000000000000009 26.140000000000004 1.0090000000000001 0.29880000000000001 502.00000000000006 29.530000000000005 0.16200000000000003 0.94100000000000006 11.575000000000001 0.30940000000000006 6.8000000000000007 0.93250000000000022 3329.5000000000005 8.8535170724802565 0.083226500000000023
decision_type=10 2 10 2 2 8 2 2 2 10 10 2 8 8 8 10 8 2 8 2 8 10
left_child=1 9 4 -4 5 12 7 -7 -2 16 11 -6 18 -12 -8 -10 17 -1 -3 -13 -18 -19
right_child=8 2 3 -5 10 6 14 -9 15 -11 13 19 -14 -15 -16 -17 20 21 -20 -21 -22 -23
leaf_value=0 8.6663286195826834e-06 0.00076713512217262646 0 0.0088289716657406359 0 0 -3.9858097798083647e-05 0.007893444535262948 -0.0044019597452907887 -0.0053003179565887905 0.0022143391499989625 -0.0047746300191472378 -0.0028804179401028937 -0.00040185697368249289 0.0016595981721650118 -0.00034505150965901299 0 0 -0.00073168874973583329 -0.00085127123985302461 0.00081917872228321235 -0.0016703008586458046
leaf_weight=11.999999999999998 11.999999999999998 22 12.000000000000002 17 10.999999999999998 12.999999999999998 22 23 25 10.999999999999998 10.999999999999998 15.000000000000002 11.999999999999998 12.000000000000002 22 14.999999999999998 14.000000000000002 10.999999999999998 17 14.999999999999998 10.999999999999998 29
leaf_count=12 12 22 12 17 11 13 22 23 25 11 11 15 12 12 22 15 14 11 17 15 11 29
internal_value=0 0.000335572 0.00104172 0.00491226 0.000376906 0.00128272 0.00269444 0.00499779 -0.00221386 -0.00126425 -0.00120542 -0.00235811 -0.000590721 9.31872e-05 0.000414594 -0.00331542 -0.000461795 -0.000952148 0 -0.00339269 0 -0.00138887
internal_weight=364 312 224 29 195 131 80 36 52 88 64 41 51 23 44 40 77 52 39 30 25 40
internal_count=364 312 224 29 195 131 80 36 52 88 64 41 51 23 44 40 77 52 39 30 25 40
is_linear=0
shrinkage=0.0167493


Tree=39
num_leaves=21
num_cat=0
split_feature=33 4 29 33 32 56 23 31 34 28 50 38 14 35 6 33 12 6 34 33
split_gain=1.03343 1.54601 1.40309 0.840943 1.18034 1.54504 1.16207 0.93144 0.831339 1.36993 0.83317 0.797397 0.443649 0.416011 0.54093 0.398173 0.398086 0.14051 0.0654873 0.0404127
threshold=8.6962940068836669 0.53450000000000009 0.85250000000000015 9.482310661206709 13.168117619391753 2.9910000000000005 4.6300000000000017 0.55950000000000011 8.3064226414894531 0.016000000000000004 0.65000000000000002 30.048747000000002 0.086500000000000007 0.52250000000000008 1.1290000000000002 8.8266427162330761 109.24700000000001 1.1605000000000001 9.3640118467683013 3.9585080000018826
decision_type=8 2 10 10 2 8 10 10 10 8 8 8 8 2 10 10 10 10 8 10
left_child=1 8 3 15 5 6 -5 11 19 17 -11 12 -6 -12 -15 18 -4 -10 -2 -1
right_child=2 -3 16 4 7 -7 -8 -9 9 10 13 -13 -14 14 -16 -17 -18 -19 -20 -21
leaf_value=0 -0.0010768513596307323 0.0057539401577704815 -0.0053240363922787077 -0.002267835248042159 0 0.0068442317634305472 0.003945118538326158 0.0027546634510637945 0 0.0058179601906790251 -0.0010123819490481273 0.00099647958194581314 -0.0037461143577085759 0 0.0046442362172875095 -0.0037468899136024634 -8.9115835921388332e-05 -0.0020072664852448176 0 -0.0029982999536534529
leaf_weight=15.000000000000002 19 18 22 18 12.000000000000004 17 14.999999999999998 15.999999999999998 11.999999999999998 20 10.999999999999998 14.999999999999998 34.999999999999993 13.000000000000002 12.999999999999998 21 13.999999999999998 21 23 13.999999999999998
leaf_count=15 19 18 22 18 12 17 15 16 12 20 11 15 35 13 13 21 14 21 23 14
internal_value=0 0.00111671 -0.000724258 -5.8879e-05 0.000623739 0.00269415 2.92001e-05 -0.000480474 0.000269122 0.00118941 0.00286065 -0.00159587 -0.00279326 0.000792039 0.00222438 -0.00172185 -0.00377135 -0.00117025 -0.000295234 -0.0019872
internal_weight=364 137 227 191 128 50 33 78 119 90 57 62 47 37 26 63 36 33 42 29
internal_count=364 137 227 191 128 50 33 78 119 90 57 62 47 37 26 63 36 33 42 29
is_linear=0
shrinkage=0.0167493


Tree=40
num_leaves=22
num_cat=0
split_feature=36 4 28 25 9 39 9 24 36 5 4 15 28 4 11 17 0 15 17 20 33
split_gain=1.01372 1.40311 1.98415 1.12575 1.28585 3.16274 1.0654 1.03186 0.92461 0.637978 0.573892 0.516179 0.391903 0.332452 0.412308 0.293636 0.274958 0.255512 0.188497 0.102744 0.0704849
threshold=1.8650000000000002 0.58600000000000008 0.19985000000000003 57.500000000000007 0.26750000000000007 38.590000000000011 0.33300000000000007 3.4303000000000003 -0.39999999999999997 0.20202450000000002 0.013000000000000003 0.6625000000000002 0.26860000000000006 0.058500000000000003 -2.1549999999999998 14.500000000000002 223.00000000000003 -0.036999999999999991 7.5000000000000009 1.3340500000000002 10.837774112957787
decision_type=10 2 8 10 10 2 8 10 8 8 2 8 10 2 10 2 2 10 2 10 8
left_child=1 3 -3 4 13 12 11 10 17 -9 -2 -5 -6 14 -1 -12 20 -8 -10 -20 -15
right_child=7 2 -4 6 5 -7 8 9 18 -11 15 -13 -14 16 -16 -17 -18 -19 19 -21 -22
leaf_value=0 0 0.0091346512411620701 0 0 0.0014894250541850739 0.008661760090642066 -0.0016661949285002359 -0.0010081381160410598 0.00029467214175746801 0.0039074118163056632 -0.0012926528392362235 0.0042371945649302654 -0.002415453710526436 -0.0024283590619821847 0.0032046633309833032 -0.0060424869459863757 0 -0.0069241326271427071 -0.0015559444246772977 0 0
leaf_weight=15.000000000000002 10.999999999999998 12.000000000000002 11.999999999999998 14.999999999999998 18.000000000000004 19 19 15.000000000000002 19 10.999999999999998 19 12.000000000000002 11.999999999999998 24 15.999999999999998 20 17 12.999999999999998 42 11.999999999999998 10.999999999999998
leaf_count=15 11 12 12 15 18 19 19 15 19 11 19 12 12 24 16 20 17 13 42 12 11
internal_value=0 0.000420996 0.00430441 2.07846e-06 0.00115959 0.00331424 -0.00102367 -0.00175223 -0.00186846 0.000402589 -0.00322058 0.00161747 0 0 0.00125273 -0.00417442 -0.000926284 -0.00434574 -0.000544285 -0.00116155 -0.00186511
internal_weight=364 288 24 264 132 49 132 76 105 26 50 27 30 83 31 39 52 32 73 54 35
internal_count=364 288 24 264 132 49 132 76 105 26 50 27 30 83 31 39 52 32 73 54 35
is_linear=0
shrinkage=0.0167493


Tree=41
num_leaves=19
num_cat=0
split_feature=36 61 25 28 10 8 34 22 22 10 20 38 34 5 34 4 25 12
split_gain=0.982611 1.42264 1.24725 3.20246 1.03795 1.13166 1.52052 1.00696 1.21438 1.00215 0.532373 0.470357 0.853666 0.399002 0.350124 0.304296 0.169128 0.144425
threshold=1.8650000000000002 0.13950000000000004 55.500000000000007 0.26860000000000006 0.5335000000000002 0.9920000000000001 10.274853301974344 0.19500000000000003 0.15160000000000004 0.39550000000000007 1.2809000000000001 10.746923500000003 8.3064226414894531 0.19635600000000003 9.0178479131580662 0.27950000000000008 55.500000000000007 130.66700000000003
decision_type=10 10 8 10 2 2 8 8 10 2 8 10 10 8 10 2 10 8
left_child=1 2 3 -1 9 10 -7 8 -2 11 -6 14 -13 -11 -4 16 -9 -8
right_child=7 -3 4 -5 5 6 17 15 -10 13 -12 12 -14 -15 -16 -17 -18 -19
leaf_value=0.009276007999493208 -0.0020369956146928472 0.0058567151165511769 -0.0019378108299840304 -0.0018138401699616113 -0.0034146172985763078 0.0073430342855574969 0 -0.0017328964515910469 0.0051676340171768623 0 0.00051210519699474019 -0.00040814055388596371 0.0041308189045296817 -0.0051094119913257666 0 -0.00036980862816537199 -0.0066506185282780147 0.0019578454689635661
leaf_weight=14.000000000000002 13.000000000000002 12.999999999999998 49 10.999999999999998 14.000000000000002 15.999999999999998 19.000000000000004 19 10.999999999999998 10.999999999999998 14.999999999999998 20 17 21 57 20 12.999999999999998 10.999999999999998
leaf_count=14 13 13 49 11 14 16 19 19 11 11 15 20 17 21 57 20 13 11
internal_value=0 0.000413177 9.26021e-05 0.00370079 -0.000198648 0.00135719 0.00308504 -0.00172632 0.000540454 -0.000964818 -0.000783825 -0.000232816 0.00120727 -0.00369244 -0.000899565 -0.00310699 -0.00427423 0.000234376
internal_weight=364 288 275 25 250 75 46 76 24 175 29 143 37 32 106 52 32 30
internal_count=364 288 275 25 250 75 46 76 24 175 29 143 37 32 106 52 32 30
is_linear=0
shrinkage=0.0167493


Tree=42
num_leaves=23
num_cat=0
split_feature=36 9 8 2 30 54 30 38 11 10 28 1 21 56 32 17 34 38 9 11 23 4
split_gain=0.966953 1.56888 2.02953 0.763009 0.978653 1.1073 0.957726 0.859022 0.592225 0.985835 0.67026 1.12907 0.563463 0.435375 0.412941 0.398765 0.355411 0.276382 0.369812 0.160019 0.0453253 0.0339397
threshold=8.8800000000000008 1.6815000000000002 0.9145000000000002 -1.8449999999999998 0.057500000000000002 0.64505000000000012 0.23300000000000004 16.001198500000005 -4.3299999999999992 0.39550000000000007 0.0092000000000000016 0.50450000000000006 0.12570000000000003 1.4105000000000001 13.746289139229678 17.500000000000004 10.045166314946391 0.72961600000000015 0.22150000000000003 -7.7649999999999997 -7.6599999999999993 0.21650000000000003
decision_type=10 10 2 10 8 10 8 8 10 2 10 10 10 8 2 2 10 8 10 8 10 2
left_child=1 3 -3 8 17 6 -6 16 9 19 -10 -12 -11 15 -8 -2 -7 20 -19 -1 -5 -21
right_child=13 2 -4 4 5 7 14 -9 10 12 11 -13 -14 -15 -16 -17 -18 18 -20 21 -22 -23
leaf_value=0.00058368728977382456 -0.00012868039868457008 -0.00058264445125266121 0.0071614218950845458 0 0.0071984312185276985 -0.0033840503134575403 0.0029092911814066168 0.0040493570933898557 -0.0019262054602578475 -2.7969826333134808e-05 -0.00023541646955268955 0.0051136570444463725 -0.0070307854886771867 0 0 -0.0061010776960817191 0 0 -0.0034189456118811539 -0.0014509353078480619 0.001075152965245545 0
leaf_weight=13.999999999999998 13.000000000000002 11.000000000000002 20 16.000000000000004 15.999999999999998 13.999999999999998 20 10.999999999999998 23 11.000000000000002 19 15.999999999999998 14.999999999999998 10.999999999999998 13.999999999999998 12.999999999999998 23 14.999999999999998 19 26 10.999999999999998 12.999999999999998
leaf_count=14 13 11 20 16 16 14 20 11 23 11 19 16 15 11 14 13 23 15 19 26 11 13
internal_value=0 0.000254381 0.00385249 -6.36914e-05 0.000660923 0.00175892 0.00350381 0 -0.00103162 -0.00198712 0 0.00171296 -0.00473699 -0.00259994 0.00125363 -0.00378381 -0.00127998 -0.000817954 -0.0018657 -0.000309972 0 -0.00107673
internal_weight=364 327 31 296 159 98 50 48 137 79 58 35 26 37 34 26 37 61 34 53 27 39
internal_count=364 327 31 296 159 98 50 48 137 79 58 35 26 37 34 26 37 61 34 53 27 39
is_linear=0
shrinkage=0.0167493


Tree=43
num_leaves=24
num_cat=0
split_feature=33 25 14 34 23 33 9 34 35 30 56 59 28 9 38 39 39 12 38 38 24 6 43
split_gain=0.94926 1.51465 1.48162 1.26848 1.58564 1.77291 1.19068 0.877956 0.572649 0.572047 0.528392 0.477303 0.48496 0.41119 0.405915 0.328291 0.309728 0.322819 0.212731 0.41774 0.242286 0.0400127 0.000286679
threshold=8.6962940068836669 57.500000000000007 0.51750000000000018 10.027699024572376 11.055000000000001 10.312254024731422 0.017000000000000005 10.713633410454019 0.55550000000000022 0.017500000000000005 17.553000000000004 -0.091499999999999984 0.31075000000000003 0.61750000000000005 0.18703950000000003 99.850000000000009 50.400000000000006 15.510000000000002 10.178709000000001 1.1136025000000001 3.4303000000000003 1.0645000000000002 107.50000000000001
decision_type=8 8 10 10 8 10 10 10 2 10 8 10 10 10 10 2 2 8 10 10 8 10 2
left_child=1 -1 16 4 6 15 21 8 -5 14 11 -11 -13 -10 -9 -6 17 -3 19 22 -20 -2 -18
right_child=3 2 -4 7 5 -7 -8 9 13 10 -12 12 -14 -15 -16 -17 18 -19 20 -21 -22 -23 -24
leaf_value=0.0054984490432494334 0 0 0.0056190433614180654 0.0042080723702196225 -0.0039083512824925363 0.0060766450159318698 -0.0062167242926266736 0 -0.0013914378954903068 0.0014863642995505411 0.0030606221829146706 0 -0.0041852150628774367 0.0022532747668731943 -0.0043130043427671832 0 -6.8781222456509747e-05 0.0029723171612305111 -0.0011537866150391329 -0.0030388754965730591 0.0021741431721729234 -0.0011497300950713387 0
leaf_weight=19 13.000000000000002 14.000000000000002 12.999999999999998 21 12 10.999999999999998 32 11.000000000000002 14.999999999999998 10.999999999999998 13.999999999999998 13.000000000000002 14.999999999999998 17 17 14 17.000000000000004 12.999999999999998 12.000000000000002 27 10.999999999999998 10.999999999999998 10.999999999999998
leaf_count=19 13 14 13 21 12 11 32 11 15 11 14 13 15 17 17 14 17 13 12 27 11 11 11
internal_value=0 0.00106084 0.000198921 -0.000702815 -0.00222689 2.04021e-05 -0.00402228 0.000225146 0.0019963 -0.000719035 0 -0.000661983 -0.00212712 1.31112e-06 -0.00268833 -0.00187293 -0.000306502 0.000948439 -0.000963882 -0.00155005 0 -0.000371683 0
internal_weight=364 137 118 227 93 37 56 134 53 81 53 39 28 32 28 26 105 27 78 55 23 24 28
internal_count=364 137 118 227 93 37 56 134 53 81 53 39 28 32 28 26 105 27 78 55 23 24 28
is_linear=0
shrinkage=0.0167493


Tree=44
num_leaves=20
num_cat=0
split_feature=36 25 36 22 22 20 19 36 36 54 38 10 12 43 15 43 35 2 55
split_gain=0.92939 1.24323 1.94502 0.96873 1.1407 0.779818 1.32637 1.91371 0.76914 0.652342 0.621737 0.427082 0.342284 0.333949 0.290958 0.392565 0.243001 0.351193 0.0699528
threshold=1.8650000000000002 55.500000000000007 -1.075 0.19500000000000003 0.15160000000000004 1.2329500000000002 1.0000000180025095e-35 -7.3649999999999993 -0.72999999999999987 0.56370000000000009 16.475172000000004 0.5335000000000002 38.780500000000011 347.50000000000006 -0.70949999999999991 2616.0000000000005 0.53850000000000009 7.1850000000000005 4.5000000000000009
decision_type=10 8 8 8 10 10 2 8 10 8 10 2 10 2 8 2 2 8 8
left_child=1 2 -1 4 -2 6 9 -8 13 -3 11 -9 -10 -7 -5 -16 18 -18 -11
right_child=3 5 -4 14 -6 8 7 10 12 16 -12 -13 -14 -15 15 -17 17 -19 -20
leaf_value=0 -0.0019379417097793712 -0.0038735975514070215 0.0079147020933915124 0 0.0050264064068865546 0 0.0077418740760450775 -0.00083469436886909778 -0.00015431800509643678 -0.0023142653820934565 0.0045121081088854622 0.0019031656443276343 0.0029155948387340268 -0.0033274593485978217 0 -0.0049001232607197081 0.002462303536925072 -6.9865673354055222e-05 0
leaf_weight=11.999999999999998 13.000000000000002 14.999999999999998 15.000000000000002 10.999999999999998 10.999999999999998 23 14.999999999999998 42 11.000000000000002 10.999999999999998 10.999999999999998 25 12.999999999999998 39 12.999999999999998 28 21 17 18.000000000000004
leaf_count=12 13 15 15 11 11 23 15 42 11 11 11 25 13 39 13 28 21 17 18
internal_value=0 0.000396212 0.00381995 -0.00168397 0.000529379 0 0.000683159 0.00210404 -0.00126259 -0.000716225 0.000796862 0 0.000783879 -0.00233529 -0.00303999 -0.00370295 0 0.000871803 -0.00116396
internal_weight=364 288 27 76 24 261 175 93 86 82 78 67 24 62 52 41 67 38 29
internal_count=364 288 27 76 24 261 175 93 86 82 78 67 24 62 52 41 67 38 29
is_linear=0
shrinkage=0.0167493


Tree=45
num_leaves=24
num_cat=0
split_feature=28 35 44 15 33 38 54 2 56 33 5 17 21 21 31 4 35 17 54 17 22 2 12
split_gain=0.914727 1.12762 1.32567 1.34024 2.54776 1.07514 1.38028 0.597051 0.566182 0.550023 0.424597 0.420391 0.391435 0.421919 0.299585 0.425912 0.259227 0.225528 0.123934 0.102951 0.152546 0.158578 0.00897437
threshold=0.31745000000000007 0.50550000000000017 9.5000000000000018 -0.025499999999999998 7.6722301274304732 5.7062720000000011 0.64505000000000012 -14.939999999999998 1.0090000000000001 13.822341179084624 0.20402750000000003 14.500000000000002 3.8023500000000001 0.88995000000000013 0.48800000000000004 0.30150000000000005 0.5415000000000002 14.500000000000002 0.35850000000000004 3.5000000000000004 0.33745000000000008 -3.1299999999999994 45.496500000000005
decision_type=10 2 2 8 8 8 10 8 10 10 10 2 8 10 8 2 2 2 10 2 10 8 8
left_child=1 8 10 7 -5 6 -6 -4 19 12 16 -9 13 -2 15 -12 -3 -7 -16 -1 21 -21 -23
right_child=9 2 3 4 5 17 -8 11 -10 -11 14 -13 -14 -15 18 -17 -18 -19 -20 20 -22 22 -24
leaf_value=0.00016056030371260757 -0.0036282272279869006 0 0.0024209862557153464 0.010898020538308746 0.0063494594821856334 0.00073146462119743402 0 -0.0032127524469607103 -0.0049894328994537192 0 0.0031750232299665206 0 -0.0062313684056274528 0 0 0 -0.0026597306105771174 -0.0019405828038794996 -0.0018921537500152805 -0.0025678007933423804 0 -0.00044007496385549541 0
leaf_weight=10.999999999999998 11.000000000000002 11.999999999999998 17 11.999999999999998 23 13.000000000000002 17 18.000000000000004 10.999999999999998 15.999999999999998 20.000000000000004 12.999999999999998 11.999999999999998 12.999999999999998 13.000000000000002 10.999999999999998 28 14.999999999999998 11.999999999999998 20 17 13.000000000000002 15.999999999999998
leaf_count=11 11 12 17 12 23 13 17 18 11 16 20 13 12 13 13 11 28 15 12 20 17 13 16
internal_value=0 0.000301346 0.000976688 0.0021159 0.00344429 0.00187316 0.00367436 0 -0.00122007 -0.00209525 -0.000361097 -0.00147949 -0.00325997 -0.0010496 0.000334877 0.00162769 -0.00177026 -7.88413e-05 -0.000572523 -0.000455717 -0.000821948 -0.00133543 0
internal_weight=364 312 224 128 80 68 40 48 88 52 96 31 36 24 56 31 40 28 25 77 66 49 29
internal_count=364 312 224 128 80 68 40 48 88 52 96 31 36 24 56 31 40 28 25 77 66 49 29
is_linear=0
shrinkage=0.0167493


Tree=46
num_leaves=14
num_cat=0
split_feature=36 9 39 59 60 13 15 9 56 5 43 17 41
split_gain=0.899897 1.47381 2.03737 0.72638 0.783735 0.597413 1.01549 0.656281 0.589259 0.540069 0.436705 0.421127 0.293949
threshold=8.8800000000000008 1.6815000000000002 40.70000000000001 -0.44449999999999995 1.0000000180025095e-35 11.4000548362537 0.033000000000000008 0.57100000000000006 0.99850000000000005 0.15632200000000004 3253.0000000000005 17.500000000000004 29.740000000000006
decision_type=10 10 2 8 10 8 10 10 10 8 2 2 10
left_child=1 3 -3 8 5 7 9 10 -1 -7 -5 -2 -8
right_child=11 2 -4 4 -6 6 12 -9 -10 -11 -12 -13 -14
leaf_value=0.0055195376164389916 0 -0.00010389593341891685 0.0074622244012089176 -0.00085802500539979563 -0.0036610114930766564 -0.0010444424871050033 0.00013792979712034303 -0.0040307929890268336 0 0.0015226682439787793 0.0016237107540342992 -0.0044210601409596364 0.0062869202520685948
leaf_weight=11.000000000000002 19 13.000000000000002 18 99 19 56 11.000000000000002 17 10.999999999999998 39 22 18 10.999999999999998
leaf_count=11 19 13 18 99 19 56 11 17 11 39 22 18 11
internal_value=0 0.000239614 0.0037283 -6.69984e-05 -0.000358922 -4.46798e-05 0.000760349 -0.000853234 0.00277823 0 -0.000263063 -0.00251311 0.00400298
internal_weight=364 327 31 296 274 255 117 138 22 95 121 37 22
internal_count=364 327 31 296 274 255 117 138 22 95 121 37 22
is_linear=0
shrinkage=0.0167493


Tree=47
num_leaves=23
num_cat=0
split_feature=33 25 29 4 33 32 36 56 23 42 23 13 46 33 11 24 28 43 20 28 34 0
split_gain=0.879309 1.4148 1.24246 1.19925 0.74166 1.0563 1.35902 1.31597 0.682727 0.67439 0.598692 0.413409 0.358614 0.356578 0.282042 0.30341 0.402401 0.453391 0.212421 0.104629 0.0552533 0.00889223
threshold=8.6962940068836669 57.500000000000007 0.85250000000000015 0.53450000000000009 9.482310661206709 13.168117619391753 6.3550000000000013 2.9910000000000005 4.8200000000000012 0.88750000000000007 8.7650000000000023 11.4000548362537 1.0000000180025095e-35 8.8266427162330761 9.5950000000000006 0.97725000000000006 0.0035000000000000001 347.50000000000006 1.0227500000000003 0.21620000000000003 9.7047333487737522 36.500000000000007
decision_type=8 8 10 2 10 2 8 8 10 8 8 10 8 10 10 8 8 2 10 10 8 2
left_child=1 -1 4 14 13 6 7 11 12 -4 -10 -6 18 20 15 19 -17 -18 -7 -3 21 -2
right_child=2 3 9 -5 5 8 -8 -9 10 -11 -12 -13 -14 -15 -16 16 17 -19 -20 -21 -22 -23
leaf_value=0.0053070164539972108 -0.001363875804786983 -0.001844695174549868 -0.0056654440566930031 0.0048690610848850201 0 0.00055849407028057106 -0.00075903355116982126 0.0089619521710671366 0.004201725594453737 0 0 0.0035511473539381229 -0.003726004742888422 -0.0035307674714966492 -0.0023383862214982477 -0.00087144587509059047 0 0.003216890344730332 -0.0020494853925925364 0 0 0
leaf_weight=19 11.000000000000002 22 20 13.999999999999998 11.000000000000002 16.000000000000004 14.999999999999998 12.999999999999998 11.999999999999998 15.999999999999998 18.000000000000004 10.999999999999998 19 21 15.999999999999998 13.999999999999998 14.999999999999998 26 12.999999999999998 10.999999999999998 20 10.999999999999998
leaf_count=19 11 22 20 14 11 16 15 13 12 16 18 11 19 21 16 14 15 26 13 11 20 11
internal_value=0 0.00101829 -0.000678896 0.000180336 -4.73779e-05 0.000588085 0.00254974 0.0044647 -0.000446408 -0.00354633 0.00120965 0.00101668 -0.00184378 -0.00161454 -0.000283606 0 0.000848602 0.00186013 -1.08711e-05 -0.00117436 -0.000242332 -0.000903707
internal_weight=364 137 227 118 191 128 50 35 78 36 30 22 48 63 104 88 55 41 29 33 42 22
internal_count=364 137 227 118 191 128 50 35 78 36 30 22 48 63 104 88 55 41 29 33 42 22
is_linear=0
shrinkage=0.0167493


Tree=48
num_leaves=17
num_cat=0
split_feature=36 61 60 22 22 34 35 41 35 9 30 12 12 4 44 4
split_gain=0.860484 1.31807 1.10671 0.926087 1.08823 0.821527 0.684791 1.45499 1.16388 0.726651 0.650635 0.550963 0.409544 0.28722 0.0885289 0.0554187
threshold=1.8650000000000002 0.13950000000000004 -0.19499999999999998 0.19500000000000003 0.15160000000000004 8.3064226414894531 0.53850000000000009 53.170000000000009 0.56950000000000001 0.57100000000000006 0.13450000000000004 38.016000000000012 7.1860000000000008 0.27950000000000008 12.500000000000002 0.097500000000000017
decision_type=10 10 10 8 10 10 2 10 2 10 10 10 10 2 2 2
left_child=1 2 5 4 -2 14 9 10 -9 11 -8 -7 -4 -5 15 -1
right_child=3 -3 12 13 -6 6 7 8 -10 -11 -12 -13 -14 -15 -16 -17
leaf_value=-0.0024370078026877923 -0.0018568482387825934 0.005609455665900335 0 -0.0040814493446935385 0.0049282821807546066 0 0.0016919149352170319 0.00055829544667662743 0.0095881513874791387 -0.0029683328847267404 -0.0013143938333305156 0.0036937322984020421 -0.0044827427568826508 -0.00028330082888630969 0 0
leaf_weight=20 13.000000000000002 12.999999999999998 14.999999999999998 32 10.999999999999998 49 62 13.000000000000002 11.999999999999998 19 24 13.999999999999998 18 20 17 11.999999999999998
leaf_count=20 13 13 15 32 11 49 62 13 12 19 24 14 18 20 17 12
internal_value=0 0.000374588 6.38777e-05 -0.00162622 0.000528331 0.000517388 0.00106 0.00191947 0.00558831 0 0.000650711 0.000760584 -0.00273483 -0.00295509 -0.00126489 -0.00179612
internal_weight=364 288 275 76 24 242 193 111 25 82 86 63 33 52 49 32
internal_count=364 288 275 76 24 242 193 111 25 82 86 63 33 52 49 32
is_linear=0
shrinkage=0.0167493


Tree=49
num_leaves=22
num_cat=0
split_feature=28 35 9 44 35 15 11 56 34 56 9 50 22 6 43 8 14 6 22 33 6
split_gain=0.861561 1.04021 1.47066 2.00317 0.896691 1.03228 1.2832 0.848037 0.562746 0.54056 0.471079 0.696957 0.428356 0.423423 0.362863 0.338419 0.156524 0.153296 0.0789254 0.0876602 0.0319463
threshold=0.31745000000000007 0.50550000000000017 1.6815000000000002 9.5000000000000018 0.57250000000000012 -0.0049999999999999992 35.600000000000009 0.99850000000000005 11.14167333048268 1.0005000000000002 0.54600000000000015 0.85000000000000009 0.29880000000000001 0.96000000000000008 502.00000000000006 0.88150000000000006 0.16200000000000003 1.1825000000000003 0.51285000000000014 6.9390703133635263 1.1770000000000003
decision_type=10 2 10 2 2 10 8 10 10 10 8 10 10 10 2 2 8 10 8 8 8
left_child=1 9 4 -4 5 10 7 -7 15 17 11 -3 14 -12 -6 -2 -14 18 -1 -20 -16
right_child=8 2 3 -5 12 6 -8 -9 -10 -11 13 -13 16 -15 20 -17 -18 -19 19 -21 -22
leaf_value=0.00095062077746742725 0 0 0 0.0082319507781117261 0 0.0098208844826072859 0 0.00089641613048956677 0 -0.0044918664943098454 0.00099977244062762218 0.0050214502851486384 0.0019614322713962058 -0.0017400953129791184 -0.0001121987269179331 -0.0045141632597478698 -0.0003641932985900107 -0.0016680581703532285 0 -0.0011865069230950339 -0.0041003433871738756
leaf_weight=19 14.999999999999998 23 12.000000000000002 17 10.999999999999998 11.000000000000002 14.999999999999998 10.999999999999998 13.999999999999998 12.999999999999998 17 11.999999999999998 10.999999999999998 42 11.000000000000002 23 12.000000000000002 19 15.999999999999998 21 19
leaf_count=19 15 23 12 17 11 11 15 11 14 13 17 12 11 42 11 23 12 19 16 21 19
internal_value=0 0.000287711 0.000938119 0.00451067 0.000317625 0.00118056 0.00357126 0.0061492 -0.00203751 -0.00117024 5.45173e-05 0.00174893 -0.00117694 -0.00065586 -0.00225682 -0.00313615 0 -0.00036259 0 -0.000366566 -0.00321776
internal_weight=364 312 224 29 195 131 37 22 52 88 94 35 64 59 41 38 23 75 56 37 30
internal_count=364 312 224 29 195 131 37 22 52 88 94 35 64 59 41 38 23 75 56 37 30
is_linear=0
shrinkage=0.0167493


Tree=50
num_leaves=18
num_cat=0
split_feature=36 61 60 55 15 36 23 17 23 22 5 6 17 54 13 38 5
split_gain=0.847748 1.43864 1.04325 1.04196 1.77326 1.17491 0.996263 1.1103 0.663992 0.627566 0.439641 0.608045 0.393343 0.313895 0.252144 0.236193 0.15728
threshold=8.8800000000000008 0.24350000000000002 -0.19499999999999998 1.0000000180025095e-35 0.033000000000000008 1.0000000180025095e-35 0.32500000000000007 18.500000000000004 6.0000000000000009 0.23625000000000004 0.14919000000000002 1.1675000000000002 17.500000000000004 0.81845000000000012 8.2344734349410071 1.8278515000000002 0.050246000000000006
decision_type=10 10 10 10 10 10 10 2 10 10 8 8 2 8 10 10 10
left_child=1 2 3 6 8 -6 10 15 13 -10 16 -12 -2 -5 -4 -8 -1
right_child=12 -3 14 4 5 -7 7 -9 9 -11 11 -13 -14 -15 -16 -17 -18
leaf_value=0 0 0.0061824719503464744 0 0.00058047598584093547 0.00033657174074803591 0.010106511477586308 -0.0001421647487576136 0.00033204914432454239 0 0.005302734666197617 0.0045331818087081576 0.00023827732869543698 -0.0042902717902832625 -0.0016440680620545009 -0.0034652507000198863 -0.0053653484623411313 -0.0024979611376516001
leaf_weight=20 19 10.999999999999998 10.999999999999998 24 11.000000000000002 10.999999999999998 10.999999999999998 15.999999999999998 15.000000000000002 12.999999999999998 12.999999999999998 75 18 33 27 23 12.999999999999998
leaf_count=20 19 11 11 24 11 11 11 16 15 13 13 75 18 33 27 23 13
internal_value=0 0.000227056 0 0.000375482 0.00170258 0.0060121 -0.000353216 -0.00239308 0.000382561 0.00260145 0.000345967 0.00107039 -0.00244379 -0.000402293 -0.00258273 -0.00418703 -0.00105879
internal_weight=364 327 316 278 107 22 171 50 85 28 121 88 37 57 38 34 33
internal_count=364 327 316 278 107 22 171 50 85 28 121 88 37 57 38 34 33
is_linear=0
shrinkage=0.0167493


Tree=51
num_leaves=20
num_cat=0
split_feature=33 29 38 53 33 32 36 21 31 38 42 48 33 14 33 45 38 44 44
split_gain=0.825368 1.16089 1.123 1.33387 0.698573 0.997819 1.28816 1.66275 0.791193 0.676801 0.631008 0.529221 0.434266 0.391862 0.336625 0.282771 0.062141 0.0330464 0.0328092
threshold=8.6962940068836669 0.85250000000000015 16.475172000000004 -0.092499999999999985 9.482310661206709 13.168117619391753 6.3550000000000013 1.9794000000000003 0.55950000000000011 30.048747000000002 0.88750000000000007 0.68350000000000011 8.2328973575801516 0.086500000000000007 8.8266427162330761 1.0000000180025095e-35 0.070174000000000014 7.5000000000000009 6.5000000000000009
decision_type=8 10 10 10 10 2 8 8 10 8 8 10 10 8 10 8 10 2 2
left_child=2 4 11 -4 14 6 7 -6 9 13 -3 12 15 -7 18 16 -1 -17 -2
right_child=1 10 3 -5 5 8 -8 -9 -10 -11 -12 -13 -14 -15 -16 17 -18 -19 -20
leaf_value=0 -0.00077200610210455365 -0.0054845508106362469 0.00026911741135323612 0.0086339670423956714 0 0 -0.00072241387167501275 0.0073230606557012894 0.002517594255706235 0.00084076633985581792 0 0.003441178872725598 0.0017730735772593798 -0.0034825720702337205 -0.0034348257830332887 0 -0.0020264589040322484 0.00087895739875302017 0
leaf_weight=11.999999999999998 19 20 20.000000000000004 10.999999999999998 13.999999999999998 12.000000000000004 14.999999999999998 21 15.999999999999998 14.999999999999998 15.999999999999998 11.999999999999998 18 34.999999999999993 21 11.000000000000002 41 11.999999999999998 23
leaf_count=12 19 20 20 11 14 12 15 21 16 15 16 12 18 35 21 11 41 12 23
internal_value=0 -0.000661551 0.000982329 0.00379833 -4.78922e-05 0.000565775 0.00247449 0.00434151 -0.000434784 -0.00147721 -0.00343424 0 -0.000260247 -0.00258703 -0.00157077 -0.000970667 -0.00168755 0 -0.000224649
internal_weight=364 227 137 31 191 128 50 35 78 62 36 106 94 47 63 76 53 23 42
internal_count=364 227 137 31 191 128 50 35 78 62 36 106 94 47 63 76 53 23 42
is_linear=0
shrinkage=0.0167493


Tree=52
num_leaves=24
num_cat=0
split_feature=33 25 29 61 37 27 35 32 33 33 9 42 12 34 37 30 22 35 1 44 35 54 32
split_gain=0.803978 1.3382 1.12579 0.921837 0.680924 0.793847 0.790557 0.788838 1.99575 0.726843 0.666378 0.604421 0.426127 0.239571 0.273395 0.236855 0.212606 0.0818334 0.0421142 0.0403862 0.0336601 0.0174453 0.0152782
threshold=8.6962940068836669 55.500000000000007 0.85250000000000015 0.05800000000000001 -28.394999999999996 25.000000000000004 0.54350000000000021 13.168117619391753 9.5278166205146118 11.591462098655851 0.40750000000000003 0.88750000000000007 38.016000000000012 9.2928375967990817 -80.584999999999994 0.087500000000000008 0.22250000000000003 0.44450000000000006 0.64000000000000012 6.5000000000000009 0.56150000000000022 0.64505000000000012 9.9270455729483711
decision_type=8 8 10 10 8 8 2 2 10 10 10 8 10 10 8 8 10 2 10 2 2 10 2
left_child=1 -1 4 13 12 9 10 8 -8 20 21 -4 -2 14 -3 -9 18 -16 19 -15 -6 -7 -19
right_child=2 3 11 -5 5 6 7 15 -10 -11 -12 -13 -14 16 17 -17 -18 22 -20 -21 -22 -23 -24
leaf_value=0.0061659256906179839 -0.0040697391863094845 0 -0.0053926884770921953 0.0049420099462505812 0.00084267940491441129 3.5287754405205727e-05 -0.0010180262725985236 -0.0025843882185065037 0.006590490458716884 0.0048856093675069571 -0.0043078224026602691 0 0 0 0 0 0.0023867556315556562 0 -0.00074933352699786291 0.001009407186292186 -0.00013868067770021682 -0.00063748500206418967 -0.0029809783006589739
leaf_weight=12.999999999999998 18.000000000000004 19 20 10.999999999999998 13.000000000000002 14.000000000000002 13.999999999999998 11.999999999999998 18 18 21 15.999999999999998 10.999999999999998 12.000000000000002 10.999999999999998 29 13.999999999999998 11.000000000000002 13.999999999999998 14.999999999999998 10.999999999999998 11.999999999999998 17
leaf_count=13 18 19 20 11 13 14 14 12 18 18 21 16 11 12 11 29 14 11 14 15 11 12 17
internal_value=0 0.000969978 -0.00065251 0.000284982 -4.67655e-05 0.000281732 -0.000286146 0.000628635 0.00271826 0.00231834 -0.00207702 -0.0033832 -0.00248155 -1.44445e-05 -0.000901383 -0.000578093 0.000604651 -0.00178183 0 0.000382663 0 0 -0.00228957
internal_weight=364 137 227 124 191 162 120 73 32 42 47 36 29 113 58 41 55 39 41 27 24 26 28
internal_count=364 137 227 124 191 162 120 73 32 42 47 36 29 113 58 41 55 39 41 27 24 26 28
is_linear=0
shrinkage=0.0167493


Tree=53
num_leaves=21
num_cat=0
split_feature=36 9 50 2 61 11 22 55 11 10 28 22 28 21 56 17 0 11 17 4
split_gain=0.811539 1.35171 1.94873 0.675333 1.00254 1.14781 1.81381 0.576677 0.510726 0.867414 0.568812 0.903028 0.472639 0.470177 0.400565 0.330603 0.219966 0.135415 0.107879 0.0288437
threshold=8.8800000000000008 1.6815000000000002 0.55000000000000016 -1.8449999999999998 0.24350000000000002 -2.1549999999999998 0.22385000000000002 1.0000000180025095e-35 -4.3299999999999992 0.39550000000000007 0.0092000000000000016 0.37935000000000002 0.15425000000000003 0.12570000000000003 1.4105000000000001 17.500000000000004 270.00000000000006 -7.7649999999999997 12.500000000000002 0.21650000000000003
decision_type=10 10 10 10 8 8 10 8 10 2 10 8 8 10 8 2 2 8 2 2
left_child=1 3 -3 8 18 6 -6 16 9 17 -10 -12 -9 -11 15 -2 -7 -1 -5 -19
right_child=14 2 -4 4 5 7 -8 12 10 13 11 -13 -14 -15 -16 -17 -18 19 -20 -21
leaf_value=0.00049667779796476995 -5.9713839546601458e-05 0.0092481448920387864 0 0 0 -0.0021761316785499909 0.008581065683575733 -0.00011328991265865449 -0.0018026807263876868 0 0 0.0047480946009712602 0.0022231070515432369 -0.0065649568199351331 0 -0.0056599724580916099 0 -0.0013376633231104663 -0.0038204557039091709 0
leaf_weight=13.999999999999998 13.000000000000002 11.000000000000002 20 12.000000000000002 13.000000000000002 24 13.999999999999998 22 23 11.000000000000002 20 14.999999999999998 51 14.999999999999998 10.999999999999998 12.999999999999998 11.999999999999998 26 10.999999999999998 12.999999999999998
leaf_count=14 13 11 20 12 13 24 14 22 23 11 20 15 51 15 11 13 12 26 11 13
internal_value=0 0.000223156 0.00356559 -6.81393e-05 0.000609053 0.00124245 0.00439715 0.000301453 -0.000981028 -0.00186619 0 0.00155684 0.00128074 -0.00444876 -0.00239021 -0.00352877 -0.0012012 -0.000271111 -0.00238008 -0.00099268
internal_weight=364 327 31 296 159 136 27 109 137 79 58 35 73 26 37 26 36 53 23 39
internal_count=364 327 31 296 159 136 27 109 137 79 58 35 73 26 37 26 36 53 23 39
is_linear=0
shrinkage=0.0167493


Tree=54
num_leaves=17
num_cat=0
split_feature=28 25 48 20 23 23 1 35 39 2 30 9 42 12 39 39
split_gain=0.784791 1.33967 1.57542 1.10615 0.838627 1.16538 0.884768 0.594901 0.570251 0.544967 0.22995 0.245926 0.188821 0.127101 0.124288 0.0966582
threshold=0.31745000000000007 55.500000000000007 0.4835000000000001 1.0323500000000003 6.0000000000000009 8.3900000000000023 2.1740000000000008 0.58650000000000013 26.140000000000004 -31.334999999999997 0.0075000000000000006 0.43950000000000006 0.87950000000000006 36.601500000000009 53.590000000000011 38.590000000000011
decision_type=10 8 10 8 8 8 10 2 2 8 10 8 8 10 2 2
left_child=1 2 -1 -3 9 -6 7 -7 -2 -5 13 -12 -10 -11 -14 -8
right_child=8 3 -4 4 5 6 15 -9 12 10 11 -13 14 -15 -16 -17
leaf_value=0 7.1916262241768767e-05 0.0051117077731972172 0.0083699049732671345 -0.0051964253862876409 0.0049940759057178876 -2.8965497651507349e-05 0 -0.0037651113414042103 -5.8602091725996067e-05 -0.0005991903312145562 0 -0.0023807559430693414 -0.0058121849156797479 0.001315623218409687 -0.00069124039282125065 0.004373055477612733
leaf_weight=17.000000000000004 11.999999999999998 10.999999999999998 11.999999999999998 11.999999999999998 14.000000000000002 115 11.000000000000002 14.999999999999998 14.999999999999998 27 15.999999999999998 35 13.000000000000002 14.999999999999998 11.999999999999998 11.999999999999998
leaf_count=17 12 11 12 12 14 115 11 15 15 27 16 35 13 15 12 12
internal_value=0 0.000271357 0.00370786 -1.93365e-05 -0.000290784 0.000364914 0 -0.000593845 -0.00194734 -0.0014993 -0.000835234 -0.0015928 -0.00298792 0 -0.00404982 0.00296624
internal_weight=364 312 29 283 272 167 153 130 52 105 93 51 40 42 25 23
internal_count=364 312 29 283 272 167 153 130 52 105 93 51 40 42 25 23
is_linear=0
shrinkage=0.0167493


Tree=55
num_leaves=18
num_cat=0
split_feature=36 25 28 22 22 62 14 42 8 33 24 11 30 8 38 12 25
split_gain=0.793217 1.06366 2.97132 0.880865 1.01305 0.656612 0.910343 1.59401 0.639151 0.689754 1.54279 0.329892 0.32604 0.232945 0.267173 0.153436 0.0205322
threshold=1.8650000000000002 55.500000000000007 0.26860000000000006 0.19500000000000003 0.15160000000000004 2.4800000000000004 0.51750000000000018 0.86450000000000016 0.79800000000000015 10.312254024731422 1.7988500000000001 9.5950000000000006 0.017500000000000005 0.87350000000000005 1.8278515000000002 7.1860000000000008 69.500000000000014
decision_type=10 8 10 8 10 8 10 10 2 10 10 8 8 2 10 10 8
left_child=1 2 -1 4 -2 15 8 -8 12 11 -11 -10 -7 -5 -15 -3 -16
right_child=3 5 -4 13 -6 6 7 -9 9 10 -12 -13 -14 14 16 -17 -18
leaf_value=0.0087194809706303538 -0.00173794943670142 0 -0.0015265291699593801 0 0.004782247670668021 0 0.0074746464575669753 0 0.00039005147608188657 0.0048967427545285229 -0.001396129391008426 -0.0012922848636952422 -0.0037078703470986856 0 -0.0064771998962176933 -0.0035663516811566096 -0.0019605278468962689
leaf_weight=15.000000000000002 13.000000000000002 12.000000000000002 11.999999999999998 10.999999999999998 10.999999999999998 15.999999999999998 13.000000000000002 11.999999999999998 87 26 12.999999999999998 48 18 10.999999999999998 12.000000000000002 15.999999999999998 18
leaf_count=15 13 12 12 11 11 16 13 12 87 26 13 48 18 11 12 16 18
internal_value=0 0.000355691 0.00352155 -0.00156479 0.000525802 0 0.000319252 0.00334146 0 0.000365967 0.00235317 -7.92818e-05 -0.00214203 -0.00286415 -0.00346383 -0.00239387 -0.00434694
internal_weight=364 288 27 76 24 261 233 25 208 174 39 135 34 52 41 28 30
internal_count=364 288 27 76 24 261 233 25 208 174 39 135 34 52 41 28 30
is_linear=0
shrinkage=0.0167493


Tree=56
num_leaves=22
num_cat=0
split_feature=28 35 9 31 35 30 32 32 39 56 14 11 32 10 42 6 39 56 2 34 6
split_gain=0.761162 0.942233 1.34395 1.86916 0.821831 1.08654 0.769085 1.34887 0.558417 0.487866 0.336152 0.318527 0.244757 0.176173 0.175626 0.13375 0.107762 0.0437784 0.0498159 0.0183465 0.00339227
threshold=0.31745000000000007 0.50550000000000017 1.6815000000000002 0.44600000000000006 0.57250000000000012 0.026500000000000003 11.019750405585777 13.093384576183137 26.140000000000004 1.0005000000000002 0.14550000000000002 1.1050000000000002 10.961619232393828 0.47650000000000003 0.87950000000000006 1.1825000000000003 53.590000000000011 0.97200000000000009 -1.8449999999999998 10.369330726335413 1.2125000000000001
decision_type=10 2 10 10 2 8 2 2 2 10 8 10 2 2 8 10 2 10 8 8 8
left_child=1 9 4 -4 5 11 -7 -8 -2 15 -6 13 -12 -3 -10 17 -16 18 -1 -20 -14
right_child=8 2 3 -5 10 6 7 -9 14 -11 12 -13 20 -15 16 -17 -18 -19 19 -21 -22
leaf_value=-0.00089069579530541185 6.469307091305261e-05 -0.0004700129358510598 0.0098188804794837048 0 5.720311137581472e-05 0 0.0060890139899621018 0.00053280867106435487 -6.4407947811998695e-05 -0.0042861733433620644 0 -0.0027191349905483562 -0.00038709733878369027 0.0019126900964616697 -0.0057000274199184619 -0.0015601485366633398 -0.0006858827284942703 0.0010083021108894547 0.00058576973305838481 0 -0.0037955067106365107
leaf_weight=19 11.999999999999998 25 11.000000000000002 18 17 15.999999999999998 28 36 14.999999999999998 12.999999999999998 15.999999999999998 13.999999999999998 14.000000000000002 11.999999999999998 13.000000000000002 19 11.999999999999998 10.999999999999998 15.000000000000002 10.999999999999998 17
leaf_count=19 12 25 11 18 17 16 28 36 15 13 16 14 14 12 13 19 12 11 15 11 17
internal_value=-1.36908e-06 0.000262892 0.000884412 0.00429973 0.000287301 0.00111724 0.0023827 0.0032354 -0.0019214 -0.00112152 -0.00113972 -0.000526783 -0.0019427 0 -0.00295203 -0.000341082 -0.00398892 0 -0.000156215 0 -0.00281726
internal_weight=364 312 224 29 195 131 80 64 52 88 64 51 47 37 40 75 25 56 45 26 31
internal_count=364 312 224 29 195 131 80 64 52 88 64 51 47 37 40 75 25 56 45 26 31
is_linear=0
shrinkage=0.0167493


Tree=57
num_leaves=16
num_cat=0
split_feature=36 61 60 2 48 35 9 36 34 4 56 17 11 37 9
split_gain=0.772872 1.32647 0.934906 1.00535 0.847164 0.717072 1.21231 0.610628 0.532059 0.426949 0.38168 0.305895 0.170201 0.165813 0.0200788
threshold=8.8800000000000008 0.24350000000000002 -0.19499999999999998 219.50000000000003 0.53350000000000009 0.54950000000000021 1.6815000000000002 -3.1499999999999995 10.831097700060171 0.27950000000000008 1.4105000000000001 17.500000000000004 46.655000000000008 852.50000000000011 2.0130000000000003
decision_type=10 10 10 10 10 2 10 8 8 2 8 2 8 10 8
left_child=1 2 3 5 13 7 8 -1 -7 -9 11 -2 14 -5 -4
right_child=10 -3 12 4 -6 6 -8 9 -10 -11 -12 -13 -14 -15 -16
leaf_value=-0.0042844680164627509 -4.9267106601976854e-05 0.00592606160760175 -0.0044846003156864562 0.001881696534962646 0.0070477698090968084 0.0011925438588663865 0.006329269819492527 -0.00096920667723073342 -0.0014535525121209484 0.0012229120495527942 0 -0.0055157731282502028 0 0 -0.00027294569113792122
leaf_weight=13.999999999999998 13.000000000000002 10.999999999999998 14.000000000000002 15.000000000000002 10.999999999999998 64 10.999999999999998 94 29 29 10.999999999999998 12.999999999999998 12.999999999999998 10.999999999999998 10.999999999999998
leaf_count=14 13 11 14 15 11 64 11 94 29 29 11 13 13 11 11
internal_value=-3.06772e-06 0.000208203 0 0.000345973 0.00291925 0 0.000997998 -0.000843968 0.000180405 -0.000310966 -0.0023403 -0.00345145 -0.00245486 0.000503636 -0.00332716
internal_weight=364 327 316 278 37 241 104 137 93 123 37 26 38 26 25
internal_count=364 327 316 278 37 241 104 137 93 123 37 26 38 26 25
is_linear=0
shrinkage=0.0167493


Tree=58
num_leaves=22
num_cat=0
split_feature=33 4 29 25 4 11 27 33 59 10 42 4 4 38 37 39 33 12 39 50 54
split_gain=0.746142 1.244 1.03071 1.01457 0.636855 0.843976 0.838812 0.981371 0.629398 0.889857 0.547472 0.498344 0.381986 0.285781 0.255365 0.415959 0.171623 0.243988 0.150053 0.121999 0.0844087
threshold=8.6962940068836669 0.53450000000000009 0.85250000000000015 57.500000000000007 1.0000000180025095e-35 9.9450000000000021 25.000000000000004 11.715642204090672 -1.0000000180025095e-35 0.33650000000000008 0.88750000000000007 0.26850000000000007 0.13250000000000003 2.6187250000000004 -22.459999999999997 64.535000000000011 8.2527653306246744 2.0770000000000004 40.70000000000001 0.65000000000000002 0.66390000000000005
decision_type=8 2 10 8 2 10 8 10 10 2 8 2 2 8 8 2 10 10 2 8 8
left_child=1 3 4 -1 5 20 7 12 11 -10 -4 13 -6 -8 15 -5 17 -16 -11 -17 -2
right_child=2 -3 10 14 6 -7 8 -9 9 18 -12 -13 -14 -15 16 19 -18 -19 -20 -21 -22
leaf_value=0.0043112733699158879 0.0011533686968168151 0.0050708686422454782 -0.0051720667655313461 0.0033474195623596618 -0.0031089472237004079 0.004815185129959345 -0.0027722668877824658 0.0044775099903846807 0 -0.0058169392068041495 0 0.0017634112425035341 0.00051632379310664423 0 0 0.00028699192313890094 0 -0.0026050984459209791 -0.00096743881099517546 -0.0013504752593770525 -0.00067257134816657647
leaf_weight=14.999999999999998 11.000000000000002 18 20 10.999999999999998 11.000000000000002 14.999999999999998 21 15.999999999999998 10.999999999999998 21 15.999999999999998 19 14.999999999999998 18 18 18 10.999999999999998 28 12.999999999999998 18 20
leaf_count=15 11 18 20 11 11 15 21 16 11 21 16 19 15 18 18 18 11 28 13 18 20
internal_value=-4.03279e-06 0.000922052 -0.000639565 0.000148348 -5.5547e-05 0.00155355 -0.000685966 0.00107587 -0.00157324 -0.00309481 -0.00325499 -9.28446e-05 -0.000348516 -0.00144313 -0.000284842 0.000376147 -0.00113499 -0.00162571 -0.00447425 -4.86265e-05 0
internal_weight=364 137 227 119 191 46 145 42 103 45 36 58 26 39 104 47 57 46 34 36 31
internal_count=364 137 227 119 191 46 145 42 103 45 36 58 26 39 104 47 57 46 34 36 31
is_linear=0
shrinkage=0.0167493


Tree=59
num_leaves=25
num_cat=0
split_feature=36 4 28 53 23 25 2 48 4 10 41 14 41 43 20 0 6 11 11 11 53 36 24 5
split_gain=0.765427 1.10747 1.6166 0.813121 0.821385 0.811427 0.783494 1.31002 0.691297 0.383511 0.360577 0.382692 0.650476 0.286121 0.279034 0.154015 0.181496 0.144297 0.119634 0.0934602 0.0843233 0.0680833 0.0208188 0.000850188
threshold=1.8650000000000002 0.58600000000000008 0.19985000000000003 0.64900000000000013 4.8200000000000012 57.500000000000007 0.52000000000000013 0.53350000000000009 0.028000000000000001 0.54750000000000021 33.95000000000001 -1.0000000180025095e-35 86.155000000000015 1597.0000000000002 1.1379500000000002 102.95000000000002 1.0645000000000002 -0.7649999999999999 -4.3299999999999992 -21.189999999999994 0.060500000000000005 -0.53999999999999992 0.33080000000000004 0.9253880000000001
decision_type=10 2 8 10 8 10 10 10 2 2 10 10 10 2 10 2 8 10 10 10 10 8 10 10
left_child=1 5 -3 4 -2 6 15 8 -8 -10 13 21 17 20 -6 18 -17 -13 19 -1 22 -12 -7 -14
right_child=3 2 -4 -5 14 10 7 -9 9 -11 11 12 23 -15 -16 16 -18 -19 -20 -21 -22 -23 -24 -25
leaf_value=0 -0.0049604638198407934 0.0081562350598258539 0 0.0011299277028010773 -0.00193736887298427 0 0.0037074873338045619 0.0078698619146354374 -0.0022089716255920822 0.0013273011336682463 0.00085513274088009706 -0.0058862370276042903 -0.00014725074277161275 0.002038959663180762 0.00067436210443818615 0 0.0023005693369376719 -0.0010970947036486641 0 -0.0026630330051665564 0 -0.00079973814084708457 -0.0018983929325723959 0
leaf_weight=16.000000000000004 25 12.000000000000002 11.999999999999998 15.999999999999998 20 13.000000000000002 15.999999999999998 10.999999999999998 18.000000000000004 11.999999999999998 12.999999999999998 15.000000000000002 11.000000000000002 15.999999999999998 14.999999999999998 14.000000000000002 12.999999999999998 14.999999999999998 20 11.999999999999998 10.999999999999998 15.000000000000002 11.999999999999998 10.999999999999998
leaf_count=16 25 12 12 16 20 13 16 11 18 12 13 15 11 16 15 14 13 15 20 12 11 15 12 11
internal_value=-1.93659e-06 0.000344012 0.00379018 -0.00154174 -0.00254406 0 0.000958795 0.00244643 0.000771433 -0.000214724 -0.000897348 -0.0016103 -0.00246048 0 -0.000321137 0 0.000813936 -0.0040714 -0.00072629 -0.00145014 -0.000618024 0 -0.00122321 0
internal_weight=364 288 24 76 60 264 132 57 46 30 132 80 52 52 35 75 27 30 48 28 36 28 25 22
internal_count=364 288 24 76 60 264 132 57 46 30 132 80 52 52 35 75 27 30 48 28 36 28 25 22
is_linear=0
shrinkage=0.0167493


Tree=60
num_leaves=25
num_cat=0
split_feature=39 9 11 29 59 4 38 54 56 38 14 9 35 21 11 14 13 6 4 54 10 11 9 31
split_gain=0.708783 1.60469 1.8249 1.00655 0.841452 1.75652 0.851179 1.00922 0.80801 0.685597 0.570156 0.421639 0.437183 0.416573 0.388883 0.277661 0.481446 0.251236 0.174472 0.171953 0.165826 0.0990129 0.0778675 0.0687973
threshold=94.665000000000006 0.41250000000000003 5.4000000000000012 0.85250000000000015 -1.0000000180025095e-35 0.14750000000000002 2.4862895000000003 0.81845000000000012 0.62550000000000006 0.43799850000000007 -1.0000000180025095e-35 0.30100000000000005 0.55650000000000011 0.14865000000000003 9.5950000000000006 0.16200000000000003 7.8148276513861559 1.0875000000000001 0.085000000000000006 0.77770000000000017 0.5335000000000002 -9.1349999999999998 1.2530000000000003 0.52450000000000008
decision_type=2 10 8 10 8 2 10 8 10 10 10 8 2 10 8 8 10 8 2 8 2 10 8 8
left_child=3 15 -3 4 5 -1 7 9 -5 -6 11 -8 -13 -12 23 16 -2 -16 -17 -15 -11 -20 -10 -9
right_child=1 2 -4 8 6 -7 10 14 22 20 13 12 -14 19 17 18 -18 -19 21 -21 -22 -23 -24 -25
leaf_value=-0.0012884714851620432 0 0.0099446945050125028 0 0 0 0.0064411720162153366 0.0024278566268253017 0 -0.0064917659622854848 0.0009910757117879605 0 -0.0035465603142958309 0 -0.0059178741465154465 0 0 0.0031839277792326606 -0.0035426745938864981 0 -0.00056053242942271503 0.0058881683751609119 -0.0026273032789225228 -0.0011225970738641261 0.0013246033471890049
leaf_weight=11.000000000000002 20 10.999999999999998 16.000000000000004 10.999999999999998 10.999999999999998 15.999999999999998 10.999999999999998 29 14.000000000000002 15.000000000000002 15.999999999999998 14.000000000000002 10.999999999999998 17.000000000000004 13.000000000000002 17 17 17 13.000000000000002 10.999999999999998 13.999999999999998 17 10.999999999999998 10.999999999999998
leaf_count=11 20 11 16 11 11 16 11 29 14 15 16 14 11 17 13 17 17 17 13 11 14 17 11 11
internal_value=-1.28819e-06 0.00106431 0.00461845 -0.000537547 -2.53645e-05 0.0026479 -0.000496788 0.000329163 -0.00314175 0.0025557 -0.00184987 0 -0.00146214 -0.0031396 -0.000694684 0 0.00100366 -0.00218234 -0.00092969 -0.00443435 0.00395492 -0.0017279 -0.00482502 0
internal_weight=364 111 27 253 217 27 190 110 36 40 80 36 25 44 70 84 37 30 47 28 29 30 25 40
internal_count=364 111 27 253 217 27 190 110 36 40 80 36 25 44 70 84 37 30 47 28 29 30 25 40
is_linear=0
shrinkage=0.0167493


Tree=61
num_leaves=18
num_cat=0
split_feature=36 61 60 25 36 10 10 44 24 10 4 5 34 12 11 24 17
split_gain=0.73359 1.08935 0.902488 0.9569 1.54845 0.863683 0.921234 0.802528 0.775174 0.704053 0.486352 0.456496 0.388071 0.350685 0.220482 0.1918 0.181319
threshold=1.8650000000000002 0.13950000000000004 -0.19499999999999998 55.500000000000007 -1.0049999999999997 0.5335000000000002 0.60750000000000004 10.500000000000002 3.4303000000000003 0.39550000000000007 0.013000000000000003 0.20202450000000002 8.3064226414894531 7.1860000000000008 -4.4699999999999998 1.7988500000000001 14.500000000000002
decision_type=10 10 10 8 8 2 2 2 10 2 2 8 10 10 8 10 2
left_child=1 2 3 4 -1 9 7 -7 10 12 -2 -10 -5 -4 -11 -8 -12
right_child=8 -3 13 5 -6 6 15 -9 11 14 16 -13 -14 -15 -16 -17 -18
leaf_value=0 0 0.0050940706857312973 0 -0.001300242806370526 0.0082797952293518235 0 0.0008128217656671469 0.0064910295829145063 -0.00078784849942090877 -0.005073471413076085 -0.0010773267478736731 0.0033134610892978393 0.00068539420105797732 -0.0040851434015552138 -0.0004020539969457068 -0.0016498913933480218 -0.0052638699929423976
leaf_weight=10.999999999999998 10.999999999999998 12.999999999999998 14.999999999999998 43 11.000000000000002 11.000000000000002 32 15.999999999999998 15.000000000000002 11.999999999999998 19 10.999999999999998 77 18 17.000000000000004 11.999999999999998 20
leaf_count=11 11 13 15 43 11 11 32 16 15 12 19 11 77 18 17 12 20
internal_value=-2.50466e-06 0.000335115 4.69018e-05 0.000462553 0.0038121 4.85433e-05 0.00163825 0.00407792 -0.00151075 -0.000592241 -0.00278895 0.000278393 0 -0.00247417 -0.00293478 0 -0.00367023
internal_weight=364 288 275 242 22 220 71 27 76 149 50 26 120 33 29 44 39
internal_count=364 288 275 242 22 220 71 27 76 149 50 26 120 33 29 44 39
is_linear=0
shrinkage=0.0167493


Tree=62
num_leaves=18
num_cat=0
split_feature=36 61 60 25 28 10 10 44 53 23 10 34 12 27 17 5 5
split_gain=0.710607 1.05397 0.874107 0.922724 1.67532 0.837566 0.892422 0.772877 0.755693 0.784711 0.685458 0.37518 0.336676 0.220348 0.333721 0.204736 0.184691
threshold=1.8650000000000002 0.13950000000000004 -0.19499999999999998 55.500000000000007 0.20780000000000001 0.5335000000000002 0.60750000000000004 10.500000000000002 0.64900000000000013 4.8200000000000012 0.39550000000000007 8.3064226414894531 7.1860000000000008 25.000000000000004 14.500000000000002 0.24892350000000005 0.23134750000000001
decision_type=10 10 10 8 10 2 2 2 10 8 2 10 10 8 2 10 10
left_child=1 2 3 4 -1 10 7 -7 9 -2 11 -5 -4 -11 -15 -12 -8
right_child=8 -3 12 5 -6 6 16 -9 -10 13 15 -13 -14 14 -16 -17 -18
leaf_value=0.0084108859011171305 -0.0048162217961362722 0.0050087486508745291 0 -0.0012784646364171212 0 0 -0.00067475478548500545 0.0063823095374563816 0.0010592890161209918 0.0008748840534259834 0 0.00067391432204275332 -0.0040167202092503546 0 -0.0036888988947417038 -0.0042050335118307622 0.0015625426599385403
leaf_weight=11.000000000000002 25 12.999999999999998 14.999999999999998 43 10.999999999999998 11.000000000000002 28 15.999999999999998 15.999999999999998 10.999999999999998 12.000000000000002 77 18 13.000000000000002 10.999999999999998 17 15.999999999999998
leaf_count=11 25 13 15 43 11 11 28 16 16 11 12 77 18 13 11 17 16
internal_value=-3.51093e-06 0.000327963 4.34447e-05 0.000453535 0.00374276 4.55577e-05 0.00161228 0.0040135 -0.00148846 -0.00245774 -0.000584276 0 -0.00243685 -0.000276183 -0.00152843 -0.00289567 0
internal_weight=364 288 275 242 22 220 71 27 76 60 149 120 33 35 24 29 44
internal_count=364 288 275 242 22 220 71 27 76 60 149 120 33 35 24 29 44
is_linear=0
shrinkage=0.0167493


Tree=63
num_leaves=21
num_cat=0
split_feature=33 3 29 33 14 23 37 54 39 37 17 3 42 25 33 34 12 35 23 34
split_gain=0.687907 1.14938 0.961432 0.590003 0.879775 1.04748 1.04274 0.816415 0.95879 0.59166 0.547677 0.937284 0.488615 0.412636 0.297906 0.233041 0.354818 0.255712 0.099439 0.0413543
threshold=8.6962940068836669 1.0000000180025095e-35 0.85250000000000015 9.482310661206709 1.0000000180025095e-35 4.6300000000000017 371.50000000000006 0.58770000000000011 38.590000000000011 464.00000000000006 2.5000000000000004 1.5000000000000002 0.88750000000000007 59.500000000000007 8.8266427162330761 8.3064226414894531 31.676500000000001 0.52250000000000008 -6.7649999999999997 9.7047333487737522
decision_type=8 2 10 10 8 8 8 8 2 10 2 2 8 10 10 10 8 2 10 8
left_child=1 -1 3 14 6 9 -5 8 -7 -6 11 -3 -4 -9 19 -12 18 -18 -17 -2
right_child=2 10 12 4 5 7 -8 13 -10 -11 15 -13 -14 -15 -16 16 17 -19 -20 -21
leaf_value=0.0050101441248204068 -0.00076053606231886364 0.0058650268558511423 -0.0049607618092023797 0.0063934674632297739 -0.0044026767839300662 0 0 -0.0016474904616874278 0.0068891876580825595 0 -0.0016034397573751254 0 0 0.0019820108391815313 -0.0032026226808109333 -0.0019160407416791998 0 0.0028302361288863563 0 0
leaf_weight=17 22 12.000000000000002 20 13.999999999999998 20 16.000000000000004 12.000000000000002 27 11.999999999999998 15.999999999999998 28 12.999999999999998 15.999999999999998 10.999999999999998 21 14.999999999999998 15.999999999999998 18 18 20
leaf_count=17 22 12 20 14 20 16 12 27 12 16 28 13 16 11 21 15 16 18 18 20
internal_value=-2.80132e-06 0.000884428 -0.000614883 -4.77512e-05 0.000507846 -2.83044e-05 0.00328014 0.0010463 0.00327629 -0.00248153 0.000155017 0.00244817 -0.00314072 -0.000139157 -0.00145265 -0.000265369 3.42402e-05 0.00145972 -0.000907406 -0.000163565
internal_weight=364 137 227 191 128 102 26 66 28 36 120 25 36 38 63 95 67 34 33 42
internal_count=364 137 227 191 128 102 26 66 28 36 120 25 36 38 63 95 67 34 33 42
is_linear=0
shrinkage=0.0167493


Tree=64
num_leaves=23
num_cat=0
split_feature=39 36 15 4 13 24 49 15 4 13 14 0 43 33 13 24 12 11 22 43 54 11
split_gain=0.677689 2.37552 2.45783 0.702152 0.750798 0.541269 0.522454 0.611565 0.478199 0.467254 0.365304 0.988289 0.375903 0.299895 0.276294 0.476199 0.217962 0.217289 0.155901 0.017879 0.00670095 0.00109614
threshold=94.665000000000006 1.8650000000000002 -0.025499999999999998 0.58600000000000008 9.8552390956888711 0.053300000000000007 0.60000000000000009 0.30400000000000005 0.013000000000000003 12.178374961012752 -1.0000000180025095e-35 8.6000000000000032 7002.0000000000009 5.1460490892472004 12.573392774824816 1.9478000000000002 125.41800000000002 -1.2699999999999998 0.16060000000000002 647.50000000000011 0.99845000000000017 -1.7499999999999998
decision_type=2 8 8 2 8 8 10 10 2 8 10 2 2 8 10 10 8 8 10 2 8 8
left_child=3 2 -2 4 5 -1 7 8 -6 -10 11 -8 17 -7 15 18 -13 -12 19 -3 -20 -15
right_child=1 14 -4 -5 6 13 10 -9 9 -11 12 16 -14 21 -16 -17 -18 -19 20 -21 -22 -23
leaf_value=0 0 0 0.0095931807377965857 0.0023412934097472547 0 0 0.00579490010935047 0.00098747880352549329 -0.0057663704954963877 -0.00027812693266874254 0.0019577100289004273 -0.00030453695441236755 -0.0034099752278222099 -0.0056020737042616411 -0.0024871693683085044 0.0032309585971706392 0.001577358873005369 -0.00093828227064488771 -0.001781262295166497 0.00062114957626480973 0 -0.0015658030265058361
leaf_weight=10.999999999999998 11.999999999999998 17.000000000000004 16.000000000000004 19 12.999999999999998 11.999999999999998 10.999999999999998 10.999999999999998 17 15.999999999999998 11.999999999999998 46 10.999999999999998 18 12.999999999999998 11.999999999999998 23 17.000000000000004 17.000000000000004 12.999999999999998 10.999999999999998 15.999999999999998
leaf_count=11 12 17 16 19 13 12 11 11 17 16 12 46 11 18 13 12 23 17 17 13 11 16
internal_value=-3.31221e-06 0.00103728 0.00528795 -0.000528599 -0.00083595 -0.00254034 -0.000188818 -0.0015696 -0.00255917 -0.00363244 0.000322119 0.00107518 -0.0007492 -0.00336118 -0.000187143 0 7.07016e-05 0 -0.000378814 0 -0.00136355 -0.00421419
internal_weight=364 111 28 253 234 57 177 57 46 33 120 80 40 46 83 70 69 29 58 30 28 34
internal_count=364 111 28 253 234 57 177 57 46 33 120 80 40 46 83 70 69 29 58 30 28 34
is_linear=0
shrinkage=0.0167493


Tree=65
num_leaves=22
num_cat=0
split_feature=33 4 25 34 23 33 32 9 30 12 23 23 38 37 39 39 34 50 35 35 32
split_gain=0.660061 1.1086 0.906914 0.836111 1.23651 1.38552 0.98863 0.921518 0.737388 0.64545 0.529908 0.53472 0.319678 0.243849 0.391982 0.243176 0.196038 0.116066 0.0534714 0.0108038 0.000204915
threshold=8.6962940068836669 0.53450000000000009 57.500000000000007 10.027699024572376 11.055000000000001 10.312254024731422 13.168117619391753 0.017000000000000005 0.06950000000000002 55.351000000000006 4.8200000000000012 8.3900000000000023 0.18703950000000003 -22.459999999999997 64.535000000000011 99.850000000000009 9.5398062071283984 0.65000000000000002 0.49800000000000005 0.5525000000000001 11.733601312142612
decision_type=8 2 8 10 8 10 2 10 10 10 8 10 10 8 2 2 10 8 2 2 2
left_child=1 2 -1 4 7 15 9 -2 12 -5 -10 -12 -8 14 -4 -6 18 -16 -15 -14 -18
right_child=3 -3 13 6 5 -7 8 -9 10 -11 11 -13 19 16 17 -17 20 -19 -20 -21 -22
leaf_value=0.0040688285403900765 -0.00014865576536761684 0.0047803120516734876 0.0032491986140072266 0 -0.0032513533569780311 0.0054810284987562722 0 -0.0053618237202751329 -0.001513759206090636 0.0045798604337854969 0.0040659439157190377 0 -0.0002843034447571665 0 0.00027986300731542993 0 -5.5005578937933847e-05 -0.0013164737937447571 -0.0030567066109277534 -0.0042985037266814376 0
leaf_weight=14.999999999999998 24 18 10.999999999999998 19 12 10.999999999999998 11.999999999999998 32 18 20 15.999999999999998 20 11.000000000000002 11.000000000000002 18 14 19.000000000000004 18 14.999999999999998 18 11.999999999999998
leaf_count=15 24 18 11 19 12 11 12 32 18 20 16 20 11 11 18 14 19 18 15 18 12
internal_value=-4.26689e-06 0.000863622 0.000125029 -0.000604676 -0.00184185 0.000104164 0.000124167 -0.00343818 -0.000656835 0.00247256 0.000362281 0.00178342 -0.00242329 -0.000276557 0.000363451 -0.00150174 -0.00110941 -3.51902e-05 -0.00219397 -0.00337561 0
internal_weight=364 137 119 227 93 37 134 56 95 39 54 36 41 104 47 26 57 36 26 29 31
internal_count=364 137 119 227 93 37 134 56 95 39 54 36 41 104 47 26 57 36 26 29 31
is_linear=0
shrinkage=0.0167493


Tree=66
num_leaves=20
num_cat=0
split_feature=39 36 11 29 59 53 20 36 54 0 10 55 5 35 24 37 37 11 32
split_gain=0.654226 2.27249 2.0278 0.916292 0.783814 0.936161 0.679994 0.650128 1.09217 0.611157 0.677087 0.264163 0.247807 0.20733 0.192766 0.174585 0.122448 0.0972548 0.0673952
threshold=94.665000000000006 1.8650000000000002 -0.7649999999999999 0.85250000000000015 -1.0000000180025095e-35 -0.092499999999999985 1.3064000000000002 -3.6999999999999997 0.58770000000000011 60.70000000000001 0.55650000000000011 1.5000000000000002 0.20202450000000002 0.54950000000000021 2.6393500000000008 -20.244999999999997 713.50000000000011 1.2950000000000002 10.570275984581695
decision_type=2 8 8 10 8 10 8 8 8 2 2 8 10 2 8 10 10 10 2
left_child=3 2 -2 4 5 -1 -5 8 -6 10 16 13 -13 18 -12 -11 -9 -17 -3
right_child=1 11 -4 6 7 -7 -8 9 -10 15 14 12 -14 -15 -16 17 -18 -19 -20
leaf_value=0 0.01048141913048003 0 0.00010678409370196429 -0.0045452759395519177 0.005196372328285315 0.0058026329958392776 0 -0.003479321521053362 -0.00071977766962415116 0.0019482857139727823 0.0018918088983286929 -6.9516296336511444e-05 0.0020584823848000772 0 -0.00093021396479893046 0 0 -0.0011555521053724254 -0.0028540065910806316
leaf_weight=14.000000000000002 11.999999999999998 18 16.000000000000004 25 14.000000000000002 12.999999999999998 10.999999999999998 45 12.999999999999998 11.999999999999998 11.000000000000002 13.999999999999998 20 13.999999999999998 17 44 10.999999999999998 23 17
leaf_count=14 12 18 16 25 14 13 11 45 13 12 11 14 20 14 17 44 11 23 17
internal_value=-4.83276e-06 0.0010165 0.00517421 -0.00052167 -2.90486e-05 0.00254651 -0.00300797 -0.000486587 0.0017037 -0.000956096 -0.00195319 -0.000176558 0.000670714 -0.0011194 0 0 -0.003019 -0.0002262 -0.00184827
internal_weight=364 111 28 253 217 27 36 190 27 163 84 83 34 49 28 79 56 67 35
internal_count=364 111 28 253 217 27 36 190 27 163 84 83 34 49 28 79 56 67 35
is_linear=0
shrinkage=0.0167493


Tree=67
num_leaves=16
num_cat=0
split_feature=36 61 25 28 22 22 60 35 41 35 9 12 0 33 38
split_gain=0.639108 0.986422 0.802192 2.3516 0.781974 0.85607 0.571634 0.416785 0.844524 1.09911 0.358808 0.270846 0.262662 0.20369 0.179327
threshold=1.8650000000000002 0.13950000000000004 55.500000000000007 0.26860000000000006 0.19500000000000003 0.15160000000000004 -0.19499999999999998 0.54950000000000021 53.170000000000009 0.58650000000000013 0.57100000000000006 7.1860000000000008 3.4000000000000004 9.9349042139535477 6.8525460000000011
decision_type=10 10 8 10 8 10 10 2 8 2 10 10 2 10 8
left_child=1 2 3 -1 5 -2 7 10 -9 -10 12 -8 -4 -6 -15
right_child=4 -3 6 -5 13 -7 11 8 9 -11 -12 -13 -14 14 -16
leaf_value=0.0077760551136439593 -0.0014567155118473448 0.0048333345356567628 0.0016649361454466867 -0.0016328945836942119 -0.00012478381597512563 0.0044660100271793016 0 -0.001728839600986619 0.0032863118023639588 -0.00076777078477948757 -0.0025151430387332563 -0.0037987930194051606 -0.00048596796234991332 -0.0046308817377516626 0
leaf_weight=14.000000000000002 13.000000000000002 12.999999999999998 19 10.999999999999998 19 10.999999999999998 13.000000000000002 19 52 20 21 17 89 22 10.999999999999998
leaf_count=14 13 13 19 11 19 11 13 19 52 20 21 17 89 22 11
internal_value=-4.35362e-06 0.000307408 3.02111e-05 0.00294043 -0.00141461 0.000533195 -0.000191242 2.76046e-05 0.00096594 0.00191862 -0.000499499 -0.00237586 0 -0.00264806 -0.00357382
internal_weight=364 288 275 25 76 24 250 220 91 72 129 30 108 52 33
internal_count=364 288 275 25 76 24 250 220 91 72 129 30 108 52 33
is_linear=0
shrinkage=0.0167493


Tree=68
num_leaves=16
num_cat=0
split_feature=28 25 48 38 1 60 0 11 39 4 44 38 35 42 38
split_gain=0.63055 1.05128 1.41519 0.649587 1.16302 0.960562 0.593282 0.732152 0.490148 0.396086 0.342347 0.448088 0.269408 0.201162 0.193847
threshold=0.31745000000000007 55.500000000000007 0.4835000000000001 16.475172000000004 0.82950000000000002 -0.19499999999999998 2.1500000000000008 5.7250000000000005 26.140000000000004 0.085000000000000006 20.500000000000004 3.3069645000000008 0.55150000000000021 0.87950000000000006 1.8278515000000002
decision_type=10 8 10 10 8 10 2 10 2 2 2 10 2 8 10
left_child=1 2 -1 5 -5 6 7 -3 -2 -6 11 -8 -12 -10 -7
right_child=8 3 -4 4 9 14 10 -9 13 -11 12 -13 -14 -15 -16
leaf_value=0 3.4296304934059853e-05 0 0.0076813736378933267 0.0046798267891754773 0.0014557779003016823 -2.1405882849667242e-05 -3.1245973891068359e-05 0.0044997696591128674 0 -0.0022562043406907021 0 -0.0023127384488569108 0.0031751147194592649 -0.0037661270471118784 -0.0043161589985675815
leaf_weight=17.000000000000004 11.999999999999998 14.000000000000002 11.999999999999998 21 14.000000000000002 13.999999999999998 105 17 14.999999999999998 15.999999999999998 11.000000000000002 40 10.999999999999998 25 20
leaf_count=17 12 14 12 21 14 14 105 17 15 16 11 40 11 25 20
internal_value=-7.72853e-06 0.000228201 0.00327492 -2.25499e-05 0.00161878 -0.000458327 0 0.00211613 -0.00175777 0 -0.000406687 -0.000780569 0.00126699 -0.0027302 -0.00305927
internal_weight=364 312 29 283 51 232 198 31 52 30 167 145 22 40 34
internal_count=364 312 29 283 51 232 198 31 52 30 167 145 22 40 34
is_linear=0
shrinkage=0.0167493


Tree=69
num_leaves=24
num_cat=0
split_feature=33 4 29 48 4 11 27 33 36 28 33 42 33 34 48 4 4 38 59 9 2 22 11
split_gain=0.621279 1.05415 0.851939 0.58398 0.539934 0.743216 0.733204 0.818434 0.811684 0.498304 0.60673 0.46031 0.421725 0.350951 0.369302 0.304108 0.303037 0.127664 0.102193 0.0556064 0.045931 0.0287456 0.0393175
threshold=8.6962940068836669 0.53450000000000009 0.85250000000000015 0.68350000000000011 1.0000000180025095e-35 9.9450000000000021 25.000000000000004 11.715642204090672 -3.6999999999999997 0.10800000000000001 14.012388083871043 0.88750000000000007 12.045484553873868 9.2928375967990817 0.26650000000000007 0.13250000000000003 0.060500000000000005 16.475172000000004 -1.0000000180025095e-35 0.96300000000000008 -0.45499999999999996 0.16425000000000003 0.49000000000000005
decision_type=8 2 10 10 2 10 8 10 10 8 10 8 8 10 10 2 2 10 10 8 10 10 10
left_child=1 3 4 13 5 19 7 15 12 20 -11 -4 -8 14 17 -6 -15 -1 -14 -2 -10 22 -18
right_child=2 -3 11 -5 6 -7 8 -9 9 10 -12 -13 18 16 -16 -17 21 -19 -20 -21 -22 -23 -24
leaf_value=-0.00078716888882787988 0.00071747787690636458 0.0046496449623412593 -0.0047282327541848723 0.0038594708463097816 -0.0027664258889936754 0.0044815473971480382 0.0032084350578653388 0.0041026332139196386 0 -0.0048743409691192506 0 0 0 0.0028138449224053112 -0.0025647009383576061 0.00043125809572516722 0 0.0013773211137380586 -0.0016342888648263427 -0.00070263863521417998 -0.0010362362529695169 0.00060278327618336629 -0.0010776577462177344
leaf_weight=18.000000000000004 14.000000000000002 18 20 10.999999999999998 11.000000000000002 14.999999999999998 10.999999999999998 15.999999999999998 12.000000000000002 32 11.999999999999998 15.999999999999998 10.999999999999998 13.999999999999998 27 14.999999999999998 12.000000000000002 12.999999999999998 13.000000000000002 17 11.999999999999998 10.999999999999998 12.999999999999998
leaf_count=18 14 18 20 11 11 15 11 16 12 32 12 16 11 14 27 15 12 13 13 17 12 11 13
internal_value=-8.18879e-06 0.000831896 -0.000591818 0.000108268 -5.21306e-05 0.00142007 -0.000639118 0.000992389 -0.00147325 -0.00257331 -0.0036621 -0.00297204 0.000167086 -0.00011276 -0.0011295 -0.00025268 0.000718811 0 -0.000502193 0 0 0 -0.000403357
internal_weight=364 137 227 119 191 46 145 42 103 68 44 36 35 108 58 26 50 31 24 31 24 36 25
internal_count=364 137 227 119 191 46 145 42 103 68 44 36 35 108 58 26 50 31 24 31 24 36 25
is_linear=0
shrinkage=0.0167493


Tree=70
num_leaves=21
num_cat=0
split_feature=39 36 15 4 13 11 20 9 36 36 59 55 5 35 8 4 5 9 43 35
split_gain=0.627138 2.1482 2.32149 0.627027 0.667634 0.592252 0.468892 1.13707 0.610597 0.491394 0.416731 0.250297 0.23419 0.195861 0.133334 0.168484 0.12621 0.112373 0.074292 0.0143891
threshold=94.665000000000006 1.8650000000000002 -0.025499999999999998 0.58600000000000008 9.741237550703298 -4.3299999999999992 1.0364500000000003 0.34000000000000008 -0.53999999999999992 -3.4649999999999994 -1.0000000180025095e-35 1.5000000000000002 0.20202450000000002 0.54950000000000021 0.8620000000000001 0.20750000000000002 0.74061250000000012 0.54600000000000015 280.00000000000006 0.56150000000000022
decision_type=2 8 8 2 8 8 10 10 8 8 10 8 10 2 2 2 10 10 2 2
left_child=3 2 -2 4 5 -1 9 8 -8 -6 -9 13 -13 18 -11 -16 -7 -12 -3 -10
right_child=1 11 -4 -5 6 16 7 10 19 14 17 12 -14 -15 15 -17 -18 -19 -20 -21
leaf_value=-0.0049514852650469126 0 0 0.0092235023126214111 0.0021818038085205035 0.0032077506672306883 -0.001850712303254447 0.0040644185153248108 0 0 0.0010489659300915418 0 -2.4313084311537494e-05 0.0020051007817258795 0 -0.0013412314444370896 0.00017586034672084839 0 -0.0040997370157320016 -0.0024629068019346263 -0.00060578218138032615
leaf_weight=20 11.999999999999998 12.999999999999998 16.000000000000004 19 15.999999999999998 12.000000000000002 11.999999999999998 15.999999999999998 16.000000000000004 21 10.999999999999998 13.999999999999998 20 13.999999999999998 34 12.999999999999998 19 33 22 10.999999999999998
leaf_count=20 12 13 16 19 16 12 12 16 16 21 11 14 20 14 34 13 19 33 22 11
internal_value=-5.92136e-06 0.000992806 0.00503523 -0.000512842 -0.000805963 -0.00254331 -0.000226746 -0.00107389 0.000831092 0.000564628 -0.002602 -0.000161361 0.000657926 -0.00108479 0 -0.000551565 -0.000428609 -0.0034481 -0.00179371 0
internal_weight=364 111 28 253 234 51 183 99 39 84 60 83 34 49 68 47 31 44 35 27
internal_count=364 111 28 253 234 51 183 99 39 84 60 83 34 49 68 47 31 44 35 27
is_linear=0
shrinkage=0.0167493


Tree=71
num_leaves=21
num_cat=0
split_feature=39 36 15 29 59 4 56 36 0 10 24 55 5 35 24 5 22 4 17 32
split_gain=0.602847 2.0756 2.24827 0.838106 0.722489 1.56096 0.680457 0.57282 0.553181 0.635603 0.500048 0.240536 0.227745 0.191299 0.178232 0.150987 0.258701 0.110967 0.106515 0.0594711
threshold=94.665000000000006 1.8650000000000002 -0.025499999999999998 0.85250000000000015 -1.0000000180025095e-35 0.14750000000000002 0.62550000000000006 -3.6999999999999997 60.70000000000001 0.55650000000000011 1.1069000000000002 1.5000000000000002 0.20202450000000002 0.54950000000000021 2.6393500000000008 0.17398650000000002 0.36035 0.26850000000000007 2.5000000000000004 10.570275984581695
decision_type=2 8 8 10 8 2 10 8 2 2 10 8 10 2 8 10 8 2 2 2
left_child=3 2 -2 4 5 -1 -5 10 9 17 -6 13 -13 19 -11 18 -17 -9 -10 -3
right_child=1 11 -4 6 7 -7 -8 8 15 14 -12 12 -14 -15 -16 16 -18 -19 -20 -21
leaf_value=-0.0012073056195092166 0 0 0.0090690154075377723 0 0.003841401836736761 0.0060343097571254074 -0.0044269464586972635 -0.0035371233867673405 0 0.0018454796382349127 0 -2.3905835130369514e-05 0.0019715167672538 0 -0.000858764318458847 -6.2469538000457702e-05 0.0019492242332231065 -0.00021010715814742751 -0.0014796101595743124 -0.0027231036106509063
leaf_weight=11.000000000000002 11.999999999999998 18 16.000000000000004 10.999999999999998 14.000000000000002 15.999999999999998 25 40 18 11.000000000000002 12.999999999999998 13.999999999999998 20 13.999999999999998 17 13.999999999999998 26 15.999999999999998 21 17
leaf_count=11 12 18 16 11 14 16 25 40 18 11 13 14 20 14 17 14 26 16 21 17
internal_value=-5.47154e-06 0.000972714 0.00494696 -0.000503379 -2.85906e-05 0.00243987 -0.00288219 -0.000470909 -0.000915194 -0.00186354 0.0015671 -0.000158451 0.000638339 -0.00106627 0 0 0.000810328 -0.00289712 -0.000642363 -0.00176778
internal_weight=364 111 28 253 217 27 36 190 163 84 27 83 34 49 28 79 40 56 39 35
internal_count=364 111 28 253 217 27 36 190 163 84 27 83 34 49 28 79 40 56 39 35
is_linear=0
shrinkage=0.0167493


Tree=72
num_leaves=23
num_cat=0
split_feature=33 25 38 56 29 33 14 23 56 28 0 1 42 13 33 34 11 0 32 32 34 0
split_gain=0.596958 1.01412 1.36947 1.243 0.784669 0.51238 0.78975 0.904435 0.797255 0.794532 0.58688 0.45484 0.42904 0.373725 0.278981 0.154408 0.0984805 0.135554 0.129472 0.0499485 0.0316344 0.00144221
threshold=8.6962940068836669 55.500000000000007 16.475172000000004 0.10150000000000002 0.85250000000000015 9.482310661206709 1.0000000180025095e-35 4.6300000000000017 1.9735000000000003 0.86670000000000014 8.6000000000000032 1.3015000000000001 0.88750000000000007 9.8178939403189229 8.8266427162330761 10.768853749712006 8.3500000000000014 3737.0000000000005 11.49316327978528 9.4133894843266273 9.7047333487737522 36.500000000000007
decision_type=8 8 10 10 10 10 8 8 8 8 2 10 8 10 10 8 10 2 2 2 8 2
left_child=1 -1 13 -4 5 14 8 11 -7 10 -9 -8 -6 19 20 -13 17 18 -15 -3 21 -2
right_child=4 2 3 -5 12 6 7 9 -10 -11 -12 15 -14 16 -16 -17 -18 -19 -20 -21 -22 -23
leaf_value=0.0053386427812589874 -0.00094500216959942848 -8.5315697849848836e-06 0 0.0073452691384047674 -0.0045625305751779699 0 0 0.003993689752309227 0.0056038945659038749 -0.0021901586913619302 0 -0.0057692609880788904 0 0.0027542900404427884 -0.0030552789636568078 -0.00032448999317355204 -0.00088416452455496945 0 0 -0.002787016598352769 0 0
leaf_weight=12.999999999999998 11.000000000000002 18 16.000000000000004 12.999999999999998 20 11.000000000000002 13.999999999999998 24 14.999999999999998 12.999999999999998 29 11.000000000000002 15.999999999999998 12.000000000000002 21 10.999999999999998 13.999999999999998 15.999999999999998 14.999999999999998 20 20 10.999999999999998
leaf_count=13 11 18 16 13 20 11 14 24 15 13 29 11 16 12 21 11 14 16 15 20 20 11
internal_value=-7.49019e-06 0.000814992 0.000200478 0.00348731 -0.000580495 -5.84153e-05 0.000451436 -4.92675e-05 0.00308466 0.000934265 0.00202879 -0.00233553 -0.0028673 -0.000619795 -0.00137037 -0.00383743 0 0.00062288 0.0014235 -0.00192858 -0.000113815 -0.000654312
internal_weight=364 137 124 29 227 191 128 102 26 66 53 36 36 95 63 22 57 43 27 38 42 22
internal_count=364 137 124 29 227 191 128 102 26 66 53 36 36 95 63 22 57 43 27 38 42 22
is_linear=0
shrinkage=0.0167493


Tree=73
num_leaves=22
num_cat=0
split_feature=36 4 43 22 22 25 9 39 9 36 2 4 33 4 0 2 33 17 25 20 50
split_gain=0.585402 0.883612 1.11084 0.732164 0.78334 0.636299 0.871065 2.1239 0.665688 0.618749 0.363879 0.754625 0.2514 0.228904 0.216088 0.165984 0.137501 0.127879 0.0667173 0.0608889 0.053674
threshold=1.8650000000000002 0.58600000000000008 694.50000000000011 0.19500000000000003 0.15160000000000004 57.500000000000007 0.26750000000000007 38.590000000000011 0.33300000000000007 -0.39999999999999997 0.89500000000000013 0.060500000000000005 10.013538750626793 0.27950000000000008 417.15000000000003 -2.9199999999999995 10.013538750626793 6.5000000000000009 55.500000000000007 1.3340500000000002 0.85000000000000009
decision_type=10 2 2 8 10 10 10 2 8 8 10 2 10 2 2 8 10 2 10 10 10
left_child=1 5 -3 4 -2 6 10 20 12 16 14 -12 -7 18 15 -1 -10 -11 -5 -19 -8
right_child=3 2 -4 13 -6 8 7 -9 9 17 11 -13 -14 -15 -16 -17 -18 19 -20 -21 -22
leaf_value=-0.0023160379069005143 -0.00135352602263717 0 0.0069709600675493828 -0.0013239816942151226 0.0042863841234417038 0 0.00036264251643394773 0.0069994967148702229 -0.00066957393466747311 0.00028267066736426444 0.0048623822232011739 0 0.0027930098758554792 -9.3020105969249598e-05 0 0 -0.0050374898996148236 -0.001195351252210148 -0.005472605640504463 0 -0.0010685142414492697
leaf_weight=30 13.000000000000002 12.000000000000002 11.999999999999998 19 10.999999999999998 13.000000000000002 19 19 14.999999999999998 18 11.000000000000002 15.999999999999998 13.999999999999998 20 10.999999999999998 14.999999999999998 17 43 12.999999999999998 11.999999999999998 11.000000000000002
leaf_count=30 13 12 12 19 11 13 19 19 15 18 11 16 14 20 11 15 17 43 13 12 11
internal_value=-9.71118e-06 0.000286329 0.0033634 -0.00136039 0.00050676 0 0.000828859 0.00261484 -0.000815668 -0.00149885 -1.59695e-05 0.00133845 0.00119699 -0.00255662 -0.000979565 -0.00159413 -0.00353353 -0.000368682 -0.00355287 -0.000898073 0
internal_weight=364 288 24 76 24 264 132 49 132 105 83 27 27 52 56 45 32 73 32 55 30
internal_count=364 288 24 76 24 264 132 49 132 105 83 27 27 52 56 45 32 73 32 55 30
is_linear=0
shrinkage=0.0167493


Tree=74
num_leaves=19
num_cat=0
split_feature=39 9 15 56 6 49 0 9 23 39 54 13 4 13 35 5 40 11
split_gain=0.575179 1.34365 2.45329 0.595133 0.573815 0.643965 0.939714 0.939127 0.550322 0.527826 0.529553 0.274375 0.230597 0.307111 0.221892 0.207724 0.187925 0.0363034
threshold=94.665000000000006 0.41250000000000003 -0.42249999999999993 1.002 1.2865000000000002 0.60000000000000009 8.6000000000000032 0.37400000000000005 4.6300000000000017 29.175000000000004 0.73460000000000003 11.977810041686306 0.085000000000000006 7.9185428352572993 0.58650000000000013 0.14711350000000004 6561.5000000000009 0.14500000000000005
decision_type=2 10 8 10 10 10 2 10 10 2 10 8 2 10 2 10 2 8
left_child=3 12 -3 4 5 8 7 -7 11 -5 -11 -1 13 -2 15 -8 -14 -18
right_child=1 2 -4 9 -6 6 14 -9 -10 10 -12 -13 16 -15 -16 -17 17 -19
leaf_value=-0.0040656484376956634 0 -0.00011717818549653492 0.008807906633152493 0 -0.002873170108346619 0.0075486864933779338 -0.00013358394874463659 0 0.00037496612738168681 -0.0050048246756134 0 0 0 0.0027141124889703094 -0.0014839897332095868 0.0011973698629690823 0 -0.0023749948477639529
leaf_weight=19 17 11.999999999999998 15.000000000000002 10.999999999999998 19 11.000000000000002 34 14.999999999999998 19 21 11.999999999999998 18 23 15.999999999999998 18 56 10.999999999999998 17.000000000000004
leaf_count=19 17 12 15 11 19 11 34 15 19 21 12 18 23 16 18 56 11 17
internal_value=-1.08287e-05 0.000942807 0.00419705 -0.000497966 -3.89051e-05 0.000152984 0.000862708 0.00373831 -0.00123471 -0.00228323 -0.00338201 -0.00253136 0 0.000980198 9.3957e-06 0.000501319 -0.000804222 -0.00174955
internal_weight=364 111 27 253 209 190 134 26 56 44 33 37 84 33 108 90 51 28
internal_count=364 111 27 253 209 190 134 26 56 44 33 37 84 33 108 90 51 28
is_linear=0
shrinkage=0.0167493


Tree=75
num_leaves=18
num_cat=0
split_feature=36 61 60 55 15 36 56 23 22 0 44 4 16 37 33 54 13
split_gain=0.574419 1.02209 0.69313 0.804141 1.3123 0.843753 0.827057 0.485116 0.493524 0.437138 0.411808 0.611668 0.400214 0.299647 0.392387 0.240198 0.178873
threshold=8.8800000000000008 0.24350000000000002 -0.19499999999999998 1.0000000180025095e-35 0.033000000000000008 1.0000000180025095e-35 1.002 6.0000000000000009 0.23625000000000004 26.450000000000006 14.500000000000002 0.013000000000000003 5.5000000000000009 45.480000000000011 13.05135625666574 0.81845000000000012 8.2344734349410071
decision_type=10 10 10 10 10 10 10 10 10 2 2 2 2 10 10 8 10
left_child=1 2 3 6 7 -6 10 15 -9 -8 12 -12 -1 -2 -15 -5 -4
right_child=13 -3 16 4 5 -7 9 8 -10 -11 11 -13 -14 14 -16 -17 -18
leaf_value=-0.0011322903194502761 0 0.0051826230656132517 0 0.00044194988072216617 9.6374771128489319e-05 0.0086521955350489475 -0.0050069426319044952 0 0.0045956267624621292 0 0.0038024883070554749 0 0.0018075790671046141 -0.0049758096737374975 0 -0.0014531340680388894 -0.0028742772333441905
leaf_weight=78 10.999999999999998 10.999999999999998 10.999999999999998 24 11.000000000000002 10.999999999999998 15.000000000000002 15.000000000000002 12.999999999999998 10.999999999999998 18 37 11.999999999999998 14.000000000000002 11.999999999999998 33 27
leaf_count=78 11 11 11 24 11 11 15 15 13 11 18 37 12 14 12 33 27
internal_value=-1.18771e-05 0.000163291 0 0.000278557 0.00145238 0.00516484 -0.000354232 0.000286895 0.00220474 -0.00312193 2.20996e-05 0.00126968 -0.000547062 -0.00203004 -0.00301625 -0.000350079 -0.00213294
internal_weight=364 327 316 278 107 22 171 85 28 26 145 55 90 37 26 57 38
internal_count=364 327 316 278 107 22 171 85 28 26 145 55 90 37 26 57 38
is_linear=0
shrinkage=0.0167493


Tree=76
num_leaves=25
num_cat=0
split_feature=33 3 34 23 33 32 9 30 12 22 48 28 59 5 48 3 32 14 39 9 33 35 6 28
split_gain=0.568088 1.01373 0.705658 1.06893 1.19081 0.881169 0.798571 0.637879 0.581092 0.540889 0.807579 0.467446 0.48759 0.239312 0.199677 0.288437 0.235892 0.214223 0.198275 0.161618 0.0525856 0.0126599 0.0116113 0.00496941
threshold=8.6962940068836669 1.0000000180025095e-35 10.027699024572376 11.055000000000001 10.312254024731422 13.168117619391753 0.017000000000000005 0.06950000000000002 55.351000000000006 0.35790000000000005 0.38350000000000006 0.29230000000000006 -0.091499999999999984 0.080073000000000019 0.31650000000000006 1.5000000000000002 10.785705242133151 0.40450000000000003 99.850000000000009 0.76550000000000018 7.4499270015084438 0.5525000000000001 1.0645000000000002 0.024550000000000002
decision_type=8 2 10 8 10 2 10 10 10 10 10 10 10 10 10 2 2 8 2 10 10 2 10 8
left_child=1 -1 3 6 18 8 22 13 -4 14 -11 -9 -13 -7 15 16 -3 -16 -5 -14 -18 -15 -2 -17
right_child=2 9 5 4 -6 7 -8 11 -10 10 -12 12 19 21 17 23 20 -19 -20 -21 -22 -23 -24 -25
leaf_value=0.0046586735531400116 0 0 0 -0.0029604957868108947 0.0050875261459998721 0 -0.0049816925237253923 0.0026745056848041862 0.0043134199508552519 0 0.0057964002226900809 0.0014467411654329693 0 -0.00016294715841699142 -0.0023930582092486084 -0.0016450437091379774 0.0034833776962745629 0 0 -0.0036697087993518454 0 -0.0040888214018727905 -0.00055657495396291203 0
leaf_weight=17 13.000000000000002 12.999999999999998 19 12 10.999999999999998 12.999999999999998 32 18 20 14.000000000000002 10.999999999999998 12.999999999999998 11.000000000000002 11.000000000000002 22 11.000000000000002 11.000000000000002 12.999999999999998 14 11.999999999999998 11.999999999999998 17 10.999999999999998 12.999999999999998
leaf_count=17 13 13 19 12 11 13 32 18 20 14 11 13 11 11 22 11 11 13 14 12 12 17 11 13
internal_value=-9.8104e-06 0.000791009 -0.000569742 -0.00170575 7.23659e-05 8.88892e-05 -0.00319115 -0.000642102 0.00231546 9.81553e-05 0.00239185 0.000282185 -0.000430861 -0.00228365 -0.000322373 8.00907e-08 0.00120812 -0.00137207 -0.0013805 -0.00224829 0.00227195 -0.00316766 -7.90859e-05 -0.00108731
internal_weight=364 137 227 93 37 134 56 95 39 120 25 54 36 41 95 60 36 35 26 23 23 28 24 24
internal_count=364 137 227 93 37 134 56 95 39 120 25 54 36 41 95 60 36 35 26 23 23 28 24 24
is_linear=0
shrinkage=0.0167493


Tree=77
num_leaves=21
num_cat=0
split_feature=33 3 29 22 48 4 11 26 34 35 59 39 4 20 0 48 3 43 4 9
split_gain=0.55049 0.980036 0.715116 0.521963 0.781866 0.482821 0.664423 0.590096 0.600231 0.764203 0.448383 0.633056 0.393964 0.391455 0.20843 0.192368 0.280615 0.218114 0.190361 0.0442324
threshold=8.6962940068836669 1.0000000180025095e-35 0.85250000000000015 0.35790000000000005 0.38350000000000006 1.0000000180025095e-35 9.9450000000000021 inf 10.045166314946391 0.5635 -1.0000000180025095e-35 40.70000000000001 0.26850000000000007 1.2986500000000003 24.300000000000001 0.31650000000000006 1.5000000000000002 647.50000000000011 0.26850000000000007 0.96300000000000008
decision_type=8 2 10 10 10 2 10 8 10 2 10 2 2 8 2 10 2 2 2 8
left_child=1 -1 5 15 -5 6 19 8 -7 -10 12 -12 14 -4 -9 16 17 -3 -17 -2
right_child=2 3 13 4 -6 7 -8 10 9 -11 11 -13 -14 -15 -16 18 -18 -19 -20 -21
leaf_value=0.0045806441027165965 0.00061613258021131793 0 -0.0039865687700875426 0 0.0056993145515069621 -0.00079354362229537459 0.004220152376406495 0 0.0055288255472203517 0 -0.0046500505714886266 0 0.0015215140959904143 0 -0.0025040522753469654 -0.0023593398859377891 -0.0010746799395620591 0.0024966007497018356 0 -0.00064599319083327483
leaf_weight=17 14.000000000000002 18 24 14.000000000000002 10.999999999999998 19 14.999999999999998 19 13.000000000000002 10.999999999999998 23 21 19 11.999999999999998 20 21 24 18 13.999999999999998 17
leaf_count=17 14 18 24 14 11 19 15 19 13 11 23 21 19 12 20 21 24 18 14 17
internal_value=-9.96275e-06 0.000777496 -0.000561831 9.37817e-05 0.00234913 -5.89543e-05 0.00132492 -0.000617922 0.000786086 0.0027613 -0.00138032 -0.00269567 -8.26032e-05 -0.00274675 -0.00131005 -0.000316656 0 0.00119029 -0.00134687 0
internal_weight=364 137 227 120 25 191 46 145 43 24 102 44 58 36 39 95 60 36 35 31
internal_count=364 137 227 120 25 191 46 145 43 24 102 44 58 36 39 95 60 36 35 31
is_linear=0
shrinkage=0.0167493


Tree=78
num_leaves=23
num_cat=0
split_feature=33 3 29 22 48 4 11 27 56 4 42 4 17 11 33 38 39 38 25 6 9 38
split_gain=0.53328 0.947586 0.690983 0.503748 0.756986 0.468105 0.642352 0.630062 0.686102 0.385988 0.385668 0.371145 0.311882 0.311705 0.300309 0.20212 0.265931 0.167941 0.15944 0.0458312 0.0427631 0.0037571
threshold=8.6962940068836669 1.0000000180025095e-35 0.85250000000000015 0.35790000000000005 0.38350000000000006 1.0000000180025095e-35 9.9450000000000021 25.000000000000004 1.4105000000000001 0.13250000000000003 0.88750000000000007 0.26850000000000007 21.500000000000004 6.1900000000000013 12.602558364610148 16.475172000000004 49.685000000000009 1.8278515000000002 55.500000000000007 0.98750000000000016 0.96300000000000008 0.34281500000000004
decision_type=8 2 10 10 10 2 10 8 10 2 8 2 2 8 8 10 2 10 10 10 8 10
left_child=1 -1 5 15 -5 6 20 8 9 -7 -4 12 18 -13 -15 16 19 21 -9 -3 -2 -18
right_child=2 3 10 4 -6 7 -8 11 -10 -11 -12 13 -14 14 -16 -17 17 -19 -20 -21 -22 -23
leaf_value=0.0045039215658796913 0.00060581279016602306 0.0011015814090248838 -0.0043073772952246965 0 0.005603855066084764 -0.0027051720919035981 0.0041494680462937899 -0.0010810152099859564 0.0045237638979681964 0.0010379394219615476 0 0.0017937879768223474 0 -0.0030813117259454697 0 0.00094153245456346805 -0.00024198403068571779 -0.0025725288116743203 -0.0043542116778062055 0 -0.00063517325132660075 0
leaf_weight=17 14.000000000000002 11.000000000000002 20 14.000000000000002 10.999999999999998 12.000000000000002 14.999999999999998 31 10.999999999999998 19 15.999999999999998 14.999999999999998 11.999999999999998 13.000000000000002 10.999999999999998 17 18.000000000000004 26 21 10.999999999999998 17 11.999999999999998
leaf_count=17 14 11 20 14 11 12 15 31 11 19 16 15 12 13 11 17 18 26 21 11 17 12
internal_value=-1.01517e-05 0.000764027 -0.000554005 8.92743e-05 0.00230713 -5.8044e-05 0.00130273 -0.000609683 0.000881433 0 -0.00270224 -0.00138657 -0.00217279 0 -0.0012777 -0.000311297 -0.000807325 -0.00149375 -0.00273735 0.000149373 0 0
internal_weight=364 137 227 120 25 191 46 145 42 31 36 103 64 39 24 95 78 56 52 22 31 30
internal_count=364 137 227 120 25 191 46 145 42 31 36 103 64 39 24 95 78 56 52 22 31 30
is_linear=0
shrinkage=0.0167493


Tree=79
num_leaves=21
num_cat=0
split_feature=39 9 57 56 38 6 44 53 35 35 39 9 12 14 33 3 4 13 9 13
split_gain=0.528923 1.24435 1.3398 0.53512 0.714131 0.539817 0.649847 0.906557 0.549863 0.854452 0.432884 0.347116 0.233803 0.225794 0.378264 0.187343 0.137265 0.0784372 0.0475096 0.0273397
threshold=94.665000000000006 0.41250000000000003 2.5000000000000004 1.002 3.2089015000000005 1.2865000000000002 6.5000000000000009 -0.071999999999999995 0.54350000000000021 0.57550000000000001 43.955000000000005 0.57100000000000006 9.1050000000000022 0.16200000000000003 0.97077174309390213 1.5000000000000002 0.085000000000000006 11.559781814953796 0.23250000000000001 9.741237550703298
decision_type=2 10 10 10 10 10 2 10 2 2 2 8 8 8 10 2 2 10 10 8
left_child=3 13 -3 5 -5 6 11 8 10 -10 -8 18 -13 14 -2 -6 -15 -14 -1 -18
right_child=1 2 -4 4 15 -7 7 -9 9 -11 -12 12 17 16 -16 -17 19 -19 -20 -21
leaf_value=0 0 0 0.0071397727335937846 0 -0.0059285560458703186 -0.00278820902527234 -0.0032255189848792555 0.0057488628807059964 0.0030151313344952287 -0.0006352940627208371 0 0 -0.0039183496665581644 0 0.0027289875948879423 -0.00054334521557253799 0 -0.00043148858599588978 0.00095376573338429521 -0.0027234142020552414
leaf_weight=12.000000000000002 19 11.000000000000002 15.999999999999998 19 13.000000000000002 19 14.999999999999998 10.999999999999998 40 21 24 18 15.999999999999998 17 18 11.999999999999998 19.000000000000004 18 14.999999999999998 10.999999999999998
leaf_count=12 19 11 16 19 13 19 15 11 40 21 24 18 16 17 18 12 19 18 15 11
internal_value=-8.66953e-06 0.000903784 0.00403575 -0.000477739 -0.00217196 -3.78447e-05 0.000145654 0.00104834 0.000357356 0.00147331 -0.000942159 -0.000902517 -0.00176183 0 0.000868908 -0.00403934 -0.000867976 -0.0025839 0.000108312 -0.00156968
internal_weight=364 111 27 253 44 209 190 111 100 61 39 79 52 84 37 25 47 34 27 30
internal_count=364 111 27 253 44 209 190 111 100 61 39 79 52 84 37 25 47 34 27 30
is_linear=0
shrinkage=0.0167493


Tree=80
num_leaves=21
num_cat=0
split_feature=36 9 50 22 22 22 41 0 9 24 6 9 15 43 39 41 11 11 43 2
split_gain=0.550927 0.858422 1.71561 0.657075 0.690148 0.481201 0.706984 0.564467 0.677215 0.449749 0.366746 0.409719 0.22105 0.272676 0.169974 0.158129 0.163964 0.290115 0.0443705 0.0321979
threshold=1.8650000000000002 1.6815000000000002 0.55000000000000016 0.19500000000000003 0.15160000000000004 0.32950000000000007 31.175000000000004 13.750000000000002 0.39550000000000007 6.928700000000001 1.2415000000000003 0.57100000000000006 -0.70949999999999991 2562.0000000000005 91.805000000000021 53.170000000000009 -4.4699999999999998 1.2950000000000002 1597.0000000000002 -58.864999999999995
decision_type=10 10 10 8 10 8 10 2 10 8 10 8 8 2 2 10 10 10 2 10
left_child=1 5 -3 4 -2 6 -1 8 9 -7 11 18 -5 -14 -13 16 19 -18 -8 -9
right_child=3 2 -4 12 -6 7 10 15 -10 -11 -12 14 13 -15 -16 -17 17 -19 -20 -21
leaf_value=0.0014102669309182419 -0.0012956854243448739 0.0082227393550357228 0 0 0.0039969776404442789 0.0066164145269931281 0 0 0 9.1564815765672752e-05 -0.0042283308062027684 -0.0028608041865725519 0 -0.0039473816957804123 0 0.0015916981408829914 0.0012705530687677062 -0.0007287214826056965 0.0012881924980100879 -0.001597848512805658
leaf_weight=21 13.000000000000002 11 14 10.999999999999998 10.999999999999998 12.000000000000002 11.000000000000002 10.999999999999998 10.999999999999998 11.999999999999998 17 24 11.999999999999998 29 18 15.999999999999998 38 38 10.999999999999998 23
leaf_count=21 13 11 14 11 11 12 11 11 11 12 17 24 12 29 18 16 38 38 11 23
internal_value=-1.15591e-05 0.000274059 0.00324007 -0.00132275 0.000405446 0 -0.000907935 0.000562339 0.00244521 0.00407866 -0.00172367 -0.000786615 -0.00245484 -0.00302581 -0.00188185 0 -0.000186482 4.20717e-05 0.00051373 -0.0012089
internal_weight=364 288 25 76 24 263 102 161 35 24 81 64 52 41 42 126 110 76 22 34
internal_count=364 288 25 76 24 263 102 161 35 24 81 64 52 41 42 126 110 76 22 34
is_linear=0
shrinkage=0.0167493


Tree=81
num_leaves=15
num_cat=0
split_feature=28 25 48 20 23 23 1 53 39 9 2 42 9 39
split_gain=0.511323 0.90278 1.24003 0.91103 0.568901 0.849325 0.620492 0.414289 0.413432 0.386683 0.333277 0.211002 0.207067 0.0332803
threshold=0.31745000000000007 55.500000000000007 0.4835000000000001 1.0323500000000003 6.0000000000000009 8.3900000000000023 2.1740000000000008 1.7075000000000002 26.140000000000004 0.54600000000000015 -31.334999999999997 0.87950000000000006 0.25500000000000006 38.590000000000011
decision_type=10 8 10 8 8 8 10 10 2 10 8 8 8 2
left_child=1 2 -1 -3 7 -6 9 10 -2 -7 -5 -10 -12 -8
right_child=8 3 -4 4 5 6 13 -9 11 -11 12 -13 -14 -15
leaf_value=0 0 0.004611697973180319 0.0071463048178732726 -0.005024452928877975 0.0042065262856204235 0 0 0.00080805352858647449 0 -0.0022419155056822163 0 -0.0035024706695405876 -0.0014848126482076686 0.0034293057716889902
leaf_weight=17.000000000000004 11.999999999999998 10.999999999999998 11.999999999999998 10.999999999999998 14.000000000000002 100 11.000000000000002 11.999999999999998 14.999999999999998 30 11.999999999999998 25 70 11.999999999999998
leaf_count=17 12 11 12 11 14 100 11 12 15 30 12 25 70 12
internal_value=-1.13818e-05 0.000196021 0.00302267 -3.21796e-05 -0.000283925 0.00023824 -1.11973e-05 -0.00128006 -0.00159026 -0.000570465 -0.0017365 -0.00248741 -0.00108334 0.0023937
internal_weight=364 312 29 283 272 167 153 105 52 130 93 40 82 23
internal_count=364 312 29 283 272 167 153 105 52 130 93 40 82 23
is_linear=0
shrinkage=0.0167493


Tree=82
num_leaves=15
num_cat=0
split_feature=36 9 39 59 44 2 61 21 2 54 12 8 37 22
split_gain=0.53013 1.07296 1.49968 0.514933 0.738991 0.63499 0.496323 0.466105 0.397571 0.618341 0.290417 0.275393 0.274481 0.161613
threshold=8.8800000000000008 1.6815000000000002 40.70000000000001 -0.44449999999999995 9.5000000000000018 -50.874999999999993 2.5485000000000002 0.12570000000000003 219.50000000000003 0.64505000000000012 2.0770000000000004 0.79800000000000015 45.480000000000011 0.17255000000000001
decision_type=10 10 2 8 2 8 8 10 10 8 10 2 10 8
left_child=1 3 -3 4 -1 7 10 -5 11 -10 -7 -8 -2 -14
right_child=12 2 -4 5 -6 6 8 -9 9 -11 -12 -13 13 -15
leaf_value=0 0 0 0.006356052286408299 0 0.0054021805293004077 0 -0.0014345308977677114 -0.0053391119475261059 0.005168434681919909 0 -0.0028566549134733032 0.00021973088178623955 0 -0.0041865543420949768
leaf_weight=11.000000000000002 10.999999999999998 13.000000000000002 18 11.000000000000002 10.999999999999998 10.999999999999998 34 11.999999999999998 11.000000000000002 18 26 151 11.000000000000002 14.999999999999998
leaf_count=11 11 13 18 11 11 11 34 12 11 18 26 151 11 15
internal_value=-8.26198e-06 0.00015816 0.00314423 -9.58125e-05 0.0022734 -0.000349516 -3.45027e-05 -0.00303109 0.000203215 0.00203734 -0.00187947 0 -0.00194913 -0.00289276
internal_weight=364 327 31 296 22 274 251 23 214 29 37 185 37 26
internal_count=364 327 31 296 22 274 251 23 214 29 37 185 37 26
is_linear=0
shrinkage=0.0167493


Tree=83
num_leaves=19
num_cat=0
split_feature=36 61 22 22 22 22 10 40 10 54 41 33 5 33 38 39 40 9
split_gain=0.524024 0.837323 0.626874 0.655624 0.523369 0.978719 0.503705 1.15621 0.626814 0.512034 0.431451 0.200681 0.176458 0.168906 0.151739 0.149563 0.0499839 0.0315747
threshold=1.8650000000000002 0.13950000000000004 0.19500000000000003 0.15160000000000004 0.22250000000000003 0.25050000000000006 0.5335000000000002 151.00000000000003 0.39550000000000007 0.65105000000000013 85.105000000000004 4.4562478440039781 0.19635600000000003 9.9349042139535477 6.8525460000000011 31.025000000000002 1491.0000000000002 0.54600000000000015
decision_type=10 10 8 10 8 8 2 2 2 10 8 10 8 10 8 2 2 10
left_child=1 4 3 -2 10 -6 8 15 11 -9 17 -7 -10 -4 -15 -8 -12 -1
right_child=2 -3 13 -5 5 6 7 9 12 -11 16 -13 -14 14 -16 -17 -18 -19
leaf_value=-0.00058894846512339417 -0.001249641236169252 0.0044345341542188247 -1.9105382959916384e-05 0.0038985986460039158 0.0044637508126948687 -0.00052603212539950269 -0.0016750119328332747 0.0055097486886882385 0 0 0.00061560594936249668 0.00087226001384707748 -0.0037249073765967043 -0.0042023793162278564 0 0 -0.00066495168324088596 -0.0045415523559949114
leaf_weight=15.000000000000002 13.000000000000002 12.999999999999998 19 10.999999999999998 15.999999999999998 55 18.000000000000004 19 11.000000000000002 12.999999999999998 15.999999999999998 54 18 22 10.999999999999998 10.999999999999998 18 10.999999999999998
leaf_count=15 13 13 19 11 16 55 18 19 11 13 16 54 18 22 11 11 18 11
internal_value=-8.90389e-06 0.000268508 -0.00128899 0.000385296 8.32409e-06 0.00045574 4.60905e-05 0.00138686 -0.000420538 0.0036791 -0.00130505 7.13875e-06 -0.00262774 -0.00239621 -0.0032378 -0.000542778 0 -0.00293013
internal_weight=364 288 76 24 275 215 199 61 138 32 60 109 29 52 33 29 34 26
internal_count=364 288 76 24 275 215 199 61 138 32 60 109 29 52 33 29 34 26
is_linear=0
shrinkage=0.0167493


Tree=84
num_leaves=22
num_cat=0
split_feature=36 61 24 36 44 24 31 8 34 30 38 9 4 5 13 32 17 17 28 34 17
split_gain=0.510887 0.809999 0.566749 0.445185 0.944083 0.62787 1.05114 0.496443 0.623172 0.701395 0.577458 0.52152 0.399876 0.310904 0.214138 0.336241 0.1536 0.141408 0.135066 0.106601 0.00330961
threshold=1.8650000000000002 0.13950000000000004 3.4303000000000003 -0.87999999999999989 17.500000000000004 1.7988500000000001 0.44950000000000007 0.79800000000000015 9.3640118467683013 0.14400000000000002 0.40585600000000005 0.23250000000000001 0.013000000000000003 0.16582200000000002 8.3385069938656091 9.9855268877726129 3.5000000000000004 14.500000000000002 0.20780000000000001 8.3064226414894531 16.500000000000004
decision_type=10 10 10 10 2 8 10 2 10 8 10 10 2 10 10 2 2 2 10 8 2
left_child=1 3 12 7 5 6 -5 11 14 10 -10 20 -2 -4 19 -16 -7 -14 -11 -9 -1
right_child=2 -3 13 4 -6 16 -8 8 9 18 -12 -13 17 -15 15 -17 -18 -19 -20 -21 -22
leaf_value=-0.00027815986995012506 0 0.0043602587221600606 -0.00092880347418776703 0.0061297358918227414 0.0043774464083697479 0 0 -0.0010670360705414292 0 5.4941442196408465e-05 0.0037565442856118199 -0.0045552395916478227 -0.00077106647889632694 0.0023546687721528038 0 -0.0033449373458721465 -0.0021406056160066266 -0.0045947179413926339 -0.0015203064357131682 0.00062765975682099978 0
leaf_weight=12.000000000000002 10.999999999999998 12.999999999999998 12.000000000000002 11.000000000000002 19 15.999999999999998 12.999999999999998 19 10.999999999999998 20 32 14.999999999999998 19 13.999999999999998 14.999999999999998 21 22 20 17 21 10.999999999999998
leaf_count=12 11 13 12 11 19 16 13 19 11 20 32 15 19 14 15 21 22 20 17 21 11
internal_value=-1.01757e-05 0.000263052 -0.00127441 6.12133e-06 0.00110681 0 0.00222134 -0.000363793 0 0.00108551 0.00259504 -0.00208343 -0.00237349 0.000170291 -0.00102955 -0.00197647 -0.00123243 -0.00317787 -0.000198763 0 0
internal_weight=364 288 76 275 81 62 24 194 156 80 43 38 50 26 76 36 38 39 37 40 23
internal_count=364 288 76 275 81 62 24 194 156 80 43 38 50 26 76 36 38 39 37 40 23
is_linear=0
shrinkage=0.0167493


Tree=85
num_leaves=25
num_cat=0
split_feature=35 11 4 56 1 15 24 23 41 44 30 43 38 30 31 1 54 20 30 17 33 34 31 30
split_gain=0.49683 0.842335 1.57518 1.9004 0.935736 0.579555 0.633055 0.504696 0.504186 0.573529 1.08053 0.471512 0.314807 0.297298 0.273208 0.251481 0.238344 0.193504 0.175312 0.145419 0.122179 0.0718312 0.105352 0.00664365
threshold=0.50550000000000017 11.640000000000002 0.25050000000000006 1.0005000000000002 1.1315000000000002 0.1145 13.084150000000003 4.8200000000000012 71.890000000000001 18.500000000000004 0.085500000000000007 972.00000000000011 1.2086970000000001 0.20750000000000005 0.52450000000000008 1.3015000000000001 0.79120000000000001 1.3284500000000004 0.12750000000000003 6.5000000000000009 13.05135625666574 8.3586734665452003 0.44950000000000007 0.0075000000000000006
decision_type=2 8 2 8 8 10 8 8 10 2 8 2 8 8 10 10 8 8 10 2 8 10 10 8
left_child=11 2 8 -4 -3 7 -7 15 9 17 -11 21 -13 16 -5 -6 -9 18 -2 -19 -15 23 -23 -1
right_child=1 4 3 14 5 6 -8 13 -10 10 -12 12 -14 20 -16 -17 -18 19 -20 -21 -22 22 -24 -25
leaf_value=0 0.0015215325534391618 -0.0036811612213780271 0.0080957594942259268 -1.3991267647894782e-05 0 0.0053206825431592929 0 0.0036264129985793159 -0.0030792765428799725 0 0.0066158542844741066 0 -0.0044452804559401817 -0.0019576713786096994 0.0026318119819123383 -0.0032935348198624378 0 0 -0.0003269179882165189 -0.0026381000163182822 0 0.0012274098752998001 -0.00015665586673792393 -0.0010562463445828254
leaf_weight=12.000000000000002 23 23 18 18.000000000000004 11.999999999999998 11.000000000000002 10.999999999999998 11.000000000000002 12.999999999999998 12.000000000000002 10.999999999999998 11.000000000000002 17 11.000000000000002 11.999999999999998 22 10.999999999999998 16.000000000000004 11.999999999999998 12.999999999999998 12.999999999999998 20 11.999999999999998 19
leaf_count=12 23 23 18 18 12 11 11 11 13 12 11 11 17 11 12 22 11 16 12 13 13 20 12 19
internal_value=-1.11845e-05 0.000296732 0.00119454 0.00368862 -0.000627131 0 0.00246622 -0.00059977 0 0.000457106 0.00278454 -0.00112606 -0.00297377 0.000222276 0.000464592 -0.00222348 0.00188046 -0.000107565 0.00039086 -0.00130884 -0.000573054 -2.87805e-05 0.000164881 -0.000789726
internal_weight=364 273 148 48 125 102 22 80 100 87 23 91 28 46 30 34 22 64 35 29 24 63 32 31
internal_count=364 273 148 48 125 102 22 80 100 87 23 91 28 46 30 34 22 64 35 29 24 63 32 31
is_linear=0
shrinkage=0.0167493


Tree=86
num_leaves=25
num_cat=0
split_feature=39 9 32 29 59 4 38 54 56 38 14 33 37 9 35 4 13 9 40 28 37 14 9 9
split_gain=0.492884 1.14339 1.27921 0.662527 0.587666 1.29314 0.570218 0.720011 0.5431 0.533448 0.418499 0.452144 0.308187 0.287495 0.333353 0.226998 0.216894 0.169051 0.165713 0.154443 0.106469 0.0864131 0.0784312 0.04347
threshold=94.665000000000006 6.2905000000000006 12.084569536874485 0.85250000000000015 -1.0000000180025095e-35 0.14750000000000002 2.4862895000000003 0.81845000000000012 0.62550000000000006 0.43799850000000007 -1.0000000180025095e-35 11.224539866842131 34.920000000000009 0.30100000000000005 0.55650000000000011 0.085000000000000006 7.9185428352572993 0.37400000000000005 6561.5000000000009 0.20780000000000001 -68.064999999999984 1.3940000000000003 0.89850000000000019 1.2530000000000003
decision_type=2 8 2 10 8 2 10 8 10 10 10 10 10 8 2 2 10 10 2 10 10 8 10 8
left_child=3 2 -2 4 5 -1 7 9 -5 -6 13 20 21 -8 -15 16 -3 -14 -17 -11 -12 -9 -4 -10
right_child=1 15 22 8 6 -7 10 12 23 19 11 -13 17 14 -16 18 -18 -19 -20 -21 -22 -23 -24 -25
leaf_value=-0.0010332491065792569 0.0076530353374477944 0 0.0013711419814464579 0 0 0.005471777313139102 0.0020324502902241684 -0.00074559382097437129 -0.0053536847865010154 0.00071469467733957363 0 -0.0060626673149768986 0 -0.0030323565106161118 0 0 0.0023347196297247193 -0.0035308381407896734 -0.0020363595591228879 0.0052863516858645578 -0.0017213606005789736 0.00071418494086156897 0 -0.00061949278958727384
leaf_weight=11.000000000000002 12.999999999999998 17.000000000000004 12.000000000000002 10.999999999999998 10.999999999999998 15.999999999999998 10.999999999999998 17 14.000000000000002 16.000000000000004 11.999999999999998 10.999999999999998 11.000000000000002 14.000000000000002 10.999999999999998 21 13.999999999999998 12.999999999999998 23 12.999999999999998 21 29 10.999999999999998 10.999999999999998
leaf_count=11 13 17 12 11 11 16 11 17 14 16 12 11 11 14 11 21 14 13 23 13 21 29 11 11
internal_value=-1.364e-05 0.000864678 0.00334617 -0.000467733 -3.60002e-05 0.00217743 -0.000442078 0.000206225 -0.002587 0.00211237 -0.0015509 -0.00265359 -0.000634541 0 -0.00118683 -9.45431e-05 0.000706325 -0.00218559 -0.00105407 0.00336379 -0.000990193 0 0.000155671 -0.00396633
internal_weight=364 111 36 253 217 27 190 110 36 40 80 44 70 36 25 75 31 24 44 29 33 46 23 25
internal_count=364 111 36 253 217 27 190 110 36 40 80 44 70 36 25 75 31 24 44 29 33 46 23 25
is_linear=0
shrinkage=0.0167493


Tree=87
num_leaves=22
num_cat=0
split_feature=35 44 33 14 31 37 41 28 37 5 36 56 33 23 31 6 35 20 33 30 28
split_gain=0.483022 0.656542 1.32323 2.01881 0.418978 0.58944 0.376372 0.562857 0.546041 0.651244 0.384417 0.33666 0.270504 0.166633 0.244575 0.155907 0.117375 0.0785177 0.0655287 0.0595521 0.0335103
threshold=0.50550000000000017 9.5000000000000018 7.6722301274304732 0.20650000000000002 0.42200000000000004 34.920000000000009 48.350000000000009 0.31075000000000003 -5.0649999999999986 0.14711350000000004 6.3550000000000013 1.0005000000000002 8.6147180483068286 6.0000000000000009 0.46700000000000003 1.1825000000000003 0.56050000000000011 1.3064000000000002 6.9390703133635263 0.051500000000000011 0.036400000000000009
decision_type=2 2 8 8 8 10 8 10 10 10 8 10 10 10 8 10 2 8 8 10 10
left_child=11 4 3 -3 5 -2 7 -4 12 19 -11 15 -8 14 20 17 -16 -1 -19 -10 -6
right_child=1 2 6 -5 13 -7 8 -9 9 10 -12 -13 -14 -15 16 -17 -18 18 -20 -21 -22
leaf_value=0.00094723995450508175 0 0 0.00013421365573807666 0.0088594318414573266 0 -0.0040297924118313129 0.00014730353268965272 -0.0034710533375618895 -0.00094864493390715236 0.0041311180683943991 0 -0.003724181415619135 -0.0021913438194672281 0.0015894986110332721 0 -0.0016865089787031606 -0.0027452153614417963 0 -0.0010270231066119629 0.00054001277900674884 0.0012346410152665646
leaf_weight=18 21 15 15.999999999999998 14 11.000000000000002 20 17 17 15.000000000000002 29 10.999999999999998 13.999999999999998 18 17 17.000000000000004 20 12.999999999999998 15.999999999999998 23 10.999999999999998 10.999999999999998
leaf_count=18 21 15 16 14 11 20 17 17 15 29 11 14 18 17 17 20 13 16 23 11 11
internal_value=-1.43564e-05 0.000288394 0.00100614 0.0042851 -0.000617062 -0.0019719 0.00016672 -0.00119601 0.000784168 0.00175971 0.00311076 -0.00111373 -0.000558511 0 -0.000270201 -0.00041323 -0.00147244 0 -0.000388175 0 0.000578666
internal_weight=364 273 163 29 110 41 134 33 101 66 40 91 35 69 52 77 30 57 39 26 22
internal_count=364 273 163 29 110 41 134 33 101 66 40 91 35 69 52 77 30 57 39 26 22
is_linear=0
shrinkage=0.0167493


Tree=88
num_leaves=23
num_cat=0
split_feature=36 9 50 22 22 22 36 0 9 32 9 8 24 38 11 11 43 31 43 21 2 12
split_gain=0.473494 0.76133 1.58551 0.576295 0.604784 0.42942 0.617953 0.510373 0.61169 0.570713 0.382104 0.194087 0.181126 0.159573 0.11472 0.19208 0.193401 0.125796 0.0875519 0.0864628 0.088007 0.0339408
threshold=1.8650000000000002 1.6815000000000002 0.55000000000000016 0.19500000000000003 0.15160000000000004 0.32950000000000007 1.0000000180025095e-35 13.750000000000002 0.39550000000000007 12.861849994867987 0.54600000000000015 0.87350000000000005 0.75740000000000007 1.8278515000000002 -4.4699999999999998 1.0000000180025095e-35 454.00000000000006 0.49150000000000005 280.00000000000006 1.2801000000000002 -30.069999999999997 28.997500000000006
decision_type=10 10 10 8 10 8 10 2 10 2 10 2 10 10 10 10 2 10 2 8 10 10
left_child=1 5 -3 4 -2 6 10 8 9 -7 12 -5 18 -13 19 16 -16 -17 -1 -9 -21 -14
right_child=3 2 -4 11 -6 7 -8 14 -10 -11 -12 13 21 -15 15 17 -18 -19 -20 20 -22 -23
leaf_value=0 -0.0011859512240508423 0.0078397483306443753 0 0 0.0037454758567953225 0.0063158258161345546 0.0014123142609317912 0 0 0 -0.004223456362631205 0 0 -0.0035268186621011436 0 0.00027995235043648813 0.0025853764606624304 -0.0014193761535012375 -0.0021811691301705191 0 -0.0020759947100414083 0.00093038168265476213
leaf_weight=22 13.000000000000002 11 14 10.999999999999998 10.999999999999998 13.000000000000002 19 14.999999999999998 10.999999999999998 10.999999999999998 15.999999999999998 10.999999999999998 11.000000000000002 30 11.000000000000002 39 18 15.999999999999998 23 10.999999999999998 16.000000000000004 10.999999999999998
leaf_count=22 13 11 14 11 11 13 19 15 11 11 16 11 11 30 11 39 18 16 23 11 16 11
internal_value=-1.31426e-05 0.000247891 0.00304158 -0.00123117 0.000349614 0 -0.00086768 0.000520848 0.00231057 0.00386468 -0.00159915 -0.00229522 -0.000712866 -0.0028301 0 0.000380677 0.00150927 0 -0.00137324 -0.000690247 -0.00128043 0
internal_weight=364 288 25 76 24 263 102 161 35 24 83 52 67 41 126 84 29 55 45 42 27 22
internal_count=364 288 25 76 24 263 102 161 35 24 83 52 67 41 126 84 29 55 45 42 27 22
is_linear=0
shrinkage=0.0167493


end of trees

feature_importances:
volume_1h_log=93
price_change_5m=87
ultra_short_heat=82
buy_sell_ratio_24h=67
sentiment=63
top10_holder_pct=60
liquidity_usd_log=54
market_heat_24h=53
consensus_val=53
win_rate_7d=47
volume_mcap_ratio=46
price_change_1h=45
hour_paris=42
kol_saturation=42
token_age_hours=38
market_cap_log=38
buys_24h=37
buy_sell_ratio_5m=36
price_change_6h=35
volatility_proxy=35
price_drift_from_first_seen=35
onchain_multiplier=34
median_peak_return=34
relative_volume=30
price_change_24h=30
liq_mcap_ratio=29
ath_ratio=28
helius_onchain_bsr=27
breadth_val=26
mention_velocity=24
volume_24h_log=24
entry_timing_quality=24
volume_velocity=23
pvp_same_name_count=22
volume_acceleration_v2=22
short_term_heat=21
price_action_val=19
gate_mult=19
sentiment_consistency=18
price_velocity=18
conviction_val=16
call_type_score=16
helius_top20_pct=13
mention_acceleration_v2=13
entry_vs_median_peak=11
momentum_direction=10
mentions=8
mention_heat_ratio=6
risk_score=6
kol_freshness=3
new_kol_ratio=2
pump_momentum_pen=2
safety_penalty=1
day_of_week=1
is_prime_time=1
mentions_delta=1
lifecycle_phase_num=1
price_acceleration=1

parameters:
[boosting: gbdt]
[objective: regression]
[metric: l2]
[tree_learner: serial]
[device_type: cpu]
[data_sample_strategy: bagging]
[data: ]
[valid: ]
[num_iterations: 89]
[learning_rate: 0.0167493]
[num_leaves: 63]
[num_threads: 2]
[seed: 0]
[deterministic: 0]
[force_col_wise: 0]
[force_row_wise: 0]
[histogram_pool_size: -1]
[max_depth: 7]
[min_data_in_leaf: 11]
[min_sum_hessian_in_leaf: 0.001]
[bagging_fraction: 0.822282]
[pos_bagging_fraction: 1]
[neg_bagging_fraction: 1]
[bagging_freq: 0]
[bagging_seed: 3]
[bagging_by_query: 0]
[feature_fraction: 0.768943]
[feature_fraction_bynode: 1]
[feature_fraction_seed: 2]
[extra_trees: 0]
[extra_seed: 6]
[early_stopping_round: 0]
[early_stopping_min_delta: 0]
[first_metric_only: 0]
[max_delta_step: 0]
[lambda_l1: 1.03838]
[lambda_l2: 6.58086e-06]
[linear_lambda: 0]
[min_gain_to_split: 0]
[drop_rate: 0.1]
[max_drop: 50]
[skip_drop: 0.5]
[xgboost_dart_mode: 0]
[uniform_drop: 0]
[drop_seed: 4]
[top_rate: 0.2]
[other_rate: 0.1]
[min_data_per_group: 100]
[max_cat_threshold: 32]
[cat_l2: 10]
[cat_smooth: 10]
[max_cat_to_onehot: 4]
[top_k: 20]
[monotone_constraints: ]
[monotone_constraints_method: basic]
[monotone_penalty: 0]
[feature_contri: ]
[forcedsplits_filename: ]
[refit_decay_rate: 0.9]
[cegb_tradeoff: 1]
[cegb_penalty_split: 0]
[cegb_penalty_feature_lazy: ]
[cegb_penalty_feature_coupled: ]
[path_smooth: 0]
[interaction_constraints: ]
[verbosity: -1]
[saved_feature_importance_type: 0]
[use_quantized_grad: 0]
[num_grad_quant_bins: 4]
[quant_train_renew_leaf: 0]
[stochastic_rounding: 1]
[linear_tree: 0]
[max_bin: 255]
[max_bin_by_feature: ]
[min_data_in_bin: 3]
[bin_construct_sample_cnt: 200000]
[data_random_seed: 1]
[is_enable_sparse: 1]
[enable_bundle: 1]
[use_missing: 1]
[zero_as_missing: 0]
[feature_pre_filter: 1]
[pre_partition: 0]
[two_round: 0]
[header: 0]
[label_column: ]
[weight_column: ]
[group_column: ]
[ignore_column: ]
[categorical_feature: ]
[forcedbins_filename: ]
[precise_float_parser: 0]
[parser_config_file: ]
[objective_seed: 5]
[num_class: 1]
[is_unbalance: 0]
[scale_pos_weight: 1]
[sigmoid: 1]
[boost_from_average: 1]
[reg_sqrt: 0]
[alpha: 0.9]
[fair_c: 1]
[poisson_max_delta_step: 0.7]
[tweedie_variance_power: 1.5]
[lambdarank_truncation_level: 30]
[lambdarank_norm: 1]
[label_gain: ]
[lambdarank_position_bias_regularization: 0]
[eval_at: ]
[multi_error_top_k: 1]
[auc_mu_weights: ]
[num_machines: 1]
[local_listen_port: 12400]
[time_out: 120]
[machine_list_filename: ]
[machines: ]
[gpu_platform_id: -1]
[gpu_device_id: -1]
[gpu_use_dp: 0]
[num_gpu: 1]

end of parameters

pandas_categorical:[]
